:1000000055AA55AA010000003648000056460000D7
:100010005002000019000000340000001D01010121
:10002000000000003010000010050000D4CF0100D7
:100030009C0D0000000000000000000048E7BF84A5
:1000400092BB80EDF47300006D447F120B8CFFFFB8
:1000500000041000E101000039020000530200001A
:100060006D02000087020000A102000000000000F5
:1000700000000000000000000000000067760100A2
:100080006F76010000000000BB02000077760100DF
:100090007F7601008B76010097760100A376010040
:1000A000AF760100BB760100C7760100D376010070
:1000B000DF760100C9020000EB760100F77601004F
:1000C000037701000B770100137701001B77010014
:1000D000277701002F77010037770100000000002B
:1000E0000000000000000000000000003F77010059
:1000F0004777010000000000000000000000000041
:1001000000000000000000000000000000000000EF
:10011000500256463000FFFF1D01010100000000A3
:1001200000000000000000000000000000000000CF
:1001300000F002F800F068F80AA090E8000C824491
:100140008344AAF10107DA4501D100F05DF8AFF26E
:10015000090EBAE80F0013F0010F18BFFB1A43F0A5
:100160000103184708A5010058A501000A444FF0F3
:10017000000C10F8013B13F0070408BF10F8014B06
:100180001D1108BF10F8015B641E05D010F8016B4B
:10019000641E01F8016BF9D113F0080F1EBF10F8AF
:1001A000014BAD1C0C1B09D16D1E58BF01F801CBD2
:1001B000FAD505E014F8016B01F8016B6D1EF9D555
:1001C0009142D6D370470000103A24BF78C878C156
:1001D000FAD8520724BF30C830C144BF04680C604D
:1001E000704700000023002400250026103A28BF95
:1001F00078C1FBD8520728BF30C148BF0B60704799
:100200001FB51FBD10B510BDDFF80CD0FFF7F8FF0C
:1002100017F0C8FA19F092FB0004100003B4FFF7BE
:10022000F1FF03BC19F094FB40BA7047C0BA7047A5
:1002300012481349A1EB00014FF0200391FBF3F2A8
:1002400002FB13114FF0CC334FF0CC344FF0CC35D0
:100250004FF0CC364FF0CC374FF0CC384FF0CC3994
:100260004FF0CC3AA0E8F807013AFBD119B140F8B9
:1002700004AB0439FBD10348004700000000100024
:1002800000041000E10000001EF0040F0CBFEFF3AB
:100290000880EFF309804FF001014FF0000212F0E7
:1002A00028BB1EF0040F0CBFEFF30880EFF30980AA
:1002B0004FF002014FF0000212F01BBB1EF0040FC2
:1002C0000CBFEFF30880EFF309804FF003014FF00C
:1002D000000212F00EBB1EF0040F0CBFEFF30880FB
:1002E000EFF309804FF004014FF0000212F001BB60
:1002F0001EF0040F0CBFEFF30880EFF309804FF0FE
:1003000005014FF0000212F0F4BA00B517F0CCF975
:100310005DF804EB00F032B81EF0040F0CBFEFF3F1
:100320000880EFF309804FF006014FF0000212F051
:10033000E0BA00000A484FF0FF0101704FF00000E2
:1003400080F311884FF0000080F3098805484FF0D2
:100350000201017062B604484FF08051016070479D
:1003600022ED00E0F808100004ED00E002484FF034
:10037000805101607047000004ED00E04FF0200064
:1003800080F31188EFF3098098B112480068124990
:100390000968884217D0EFF309800E49096820E9FF
:1003A000F00F886000B50B48006817F097FA5DF809
:1003B00004EB084808490A68026000688168B1E8EF
:1003C000F00F81F309884EF0040E4FF0000080F327
:1003D00011887047FC08100000091000EFF311802D
:1003E0004FF0200181F31188704700004FF00000AA
:1003F00080F311887047000062B6704772B670478C
:10040000401EFDD17047000010B501464C22BA488D
:1004100019F011FA0121BDE81040002017F097BA39
:1004200038B50446B548B44D2060204616F0D2FFDA
:1004300000226B460121104617F0D2FA012100205C
:1004400017F0B1FA2878002802D012F0B0FAECE7E1
:1004500038BD2DE9F04788460127A94D81464FF464
:10046000087407FA08F7A100284619F040FA002698
:10047000DFF884A211E0A0484C30FFF7D1FFDAF892
:100480000810002055F8202031F910301A4445F8A2
:100490002020401CA042F5DB761CBE42EBDB641E34
:1004A00055F8240040FA08F029F81400641EF7D229
:1004B000BDE8F087904810B54C3016F055FF8E49D6
:1004C0000C204C3108718F48006890F88200BDE81C
:1004D000104000F003018C48BBE72DE9F04F834644
:1004E0008848874C9DB0006804F14005C82190F809
:1004F0008200C0F38106012000FA06F8204619F0B8
:10050000F6F97D484C3016F02FFF7B4902204C3124
:10051000002788714FF021092AE077484C30FFF717
:100520007FFFDFF8D4A1202211A8DAF81C1019F0FF
:100530003DF944226846DAF8201019F037F90F2007
:100540000DF1440154F8202031F910301A4444F8D8
:100550002020401EF6D248464FEA0D0155F82020D3
:1005600031F910301A4445F82020401EF6D27F1C85
:100570004745D2DB5FEA0B7013D5644A0F2000BFFA
:1005800054F82010314122F81010401EF8D2604A71
:10059000484600BF55F82010314122F81010401E87
:1005A000F8D244225A495B4819F000F920225749F1
:1005B000594819F0FBF81DB0BDE8F08F10B504469E
:1005C0004D484C3016F0D0FE4B4901204C3108719B
:1005D0004C485249006890F8EB0000F003000870A6
:1005E0000FF0FBFE2146BDE81040474831E72DE9FA
:1005F000F0410646002017F04AFA022017F047FAA9
:10060000032017F044FADFF818813B48002788F8E8
:1006100000704C3016F0A8FE30074FF0010504D5ED
:100620003046FFF75AFF3F480570364CF0050AD5B3
:1006300020683D4990F87C0D08803C4807703C4894
:1006400005703C4807702C4FB00707F14C071FD5C9
:1006500098F80000B8BB384616F086FE3D71384663
:1006600000F03CF8206890F8820000F00301264872
:10067000FFF7EFFE206890F89F00800705D52E4811
:100680004FF4BB61006819F010F92C4805701AE0AE
:10069000700718D518484C3016F066FE206890F8A0
:1006A0008700C00605D514483D714C3000F016F89F
:1006B00001E007203871206890F8820000F0030103
:1006C0001148FFF7C6FE032017F0FCF9022017F0CF
:1006D000F9F9BDE8F041002017F0F4B909490968BB
:1006E00091F8E710090604D50C49497811B10321A6
:1006F000017170470221FBE71C091000B9030000DB
:100700007C42100060071000346F01200C7501203E
:1007100038750120721C0120461C0120B80710000A
:1007200000041000BF07100014051000050510009C
:10073000C007100006051000F4061000BE071000E8
:1007400010B50124C00702D0012001F01EFC204694
:1007500010BD000070B5804C4FF6FF7140F2673558
:1007600020684182294617F09DFE00211F2007F1D5
:100770006FFA2A462168BDE870401F23774817F0BA
:10078000B8BE70B57448764E4FF400740068417D71
:1007900030684174214617F085FE1D25002128464A
:1007A00007F156FA2B4622463168BDE870406D4885
:1007B00017F09FBE2DE9F041001D88466A4D0E6876
:1007C00004460146284617F06DFE00270CE000BFE6
:1007D00006F11000C0F3073301222946304617F016
:1007E00088FE2D1D361D7F1CA742F1D3D8F80000CE
:1007F00000EB8401C8F80010BDE8F0812DE9FC4150
:10080000594C5A4801901034022017F040F91E202C
:10081000002107F11DFA1021204619F046F80020AA
:100820002080A07001254C4EE5704FF6FF72A2802B
:1008300030684F4B018AE180417D2172E788A3F83F
:100840004C7CA3F84E2C83F8501C042001A9FFF720
:10085000B1FF0123002221461020009514F0EAFC8C
:1008600001A9FFF7A7FF01230022214611200095CF
:1008700014F0E0FC01A9FFF79DFF306890F87C02BE
:10088000C00709D00123002221461220009514F050
:10089000D1FC01A9FFF78EFF01230022214613207E
:1008A000009514F0C7FC01A9FFF784FF306890F8A9
:1008B0007F0CC00709D00123002221461820009593
:1008C00014F0B8FC01A9FFF775FF022017F0FAF841
:1008D000BDE8FC8110B50024E0B2012107F1B8F9B0
:1008E000641C032CF8D310BD2DE9F84F1E4A00926A
:1008F0000E6884000146DFF87CA0104617F0D2FD98
:100900004FF4802BA6F58020C0F307380BEB083797
:10091000A6EB0709C9F58055A54200D925464FF435
:1009200080523946504618F041FF0AEB09002A462A
:10093000009918F03BFF0121404607F189F9434631
:100940004FF480625146384617F0D3FD2E44641BA5
:10095000D8D1BDE8F88F000060071000F0EF01006B
:1009600064071000F0CF01007C421000F0DF0100AE
:1009700090770120B806012010B518F085FB002102
:10098000912012F005F8F94801210170C17010BDE5
:1009900010B519F041F8F54C2078B8B9A0880028B6
:1009A000A08806D0E189884209D8A088401CA08090
:1009B0000CE0401CA08018F062FBE08006E018F01C
:1009C0005EFB208118F060FB01202070BDE8104024
:1009D00018F0C6BF70B50B2000F0DCF94FF0E02630
:1009E0004FF400650020C6F88052E04C2070A080D3
:1009F000E0802081DE494FF4C850843618F010FBA7
:100A0000F56720780028FCD0E0882189401A84B25C
:100A10000B2000F0BFF9204670BD704738B5D548AF
:100A20000A24006890F8D80C00F00F05D24817F09F
:100A300033FB0021284618F050F8002003460146F9
:100A400000900122284618F020F8CC48002300909E
:100A500001221946284618F08CF80A2000F0A5F962
:100A6000FFF7B8FFC14D6881E878012801D1322035
:100A700038BD6889A989884209D20A34FF2C00D977
:100A8000FF24E0B200F091F9FFF7A4FF6881A98983
:100A900080B2884201D2FE2CEBD90004B0EB014FAA
:100AA00003D20021922011F073FF6889A98988423E
:100AB00007D304B1641EE0B200F077F9FFF78AFFB4
:100AC0006881A98980B2884201D3002CEDD100044D
:100AD000B0EB014F03D30021922011F059FF17F022
:100AE000E7FAE0B238BD2DE9F843A24F4FF0000815
:100AF000444638684FF6FF7690F8D80C00F00F05A2
:100B000017F0D6FA0021284617F0E7FF0020034629
:100B1000014600900122284617F0B7FF97480023AE
:100B2000009001221946284618F023F838688F4DA6
:100B300090F8CF0CC00702D000F03BF9E8B1FFF706
:100B400049FF688121460722322017F0FBFBFFF79F
:100B500041FF6881E978012915D0A989401A00D59B
:100B6000404280B2864201D90646A046641CE4B2E7
:100B7000102CE7D34046BDE8F8830521922011F000
:100B800007FF0120E8700720F5E710B501464C2269
:100B90007B4818F050FE0121BDE81040002016F0FF
:100BA000D6BE70B5044617F056F8704D286917F098
:100BB00057F8A4F84C0004206070208C6FF30800F4
:100BC000801C20842820A06394F8350020F00100C8
:100BD00084F8350094F8360020F0010084F83600DF
:100BE00094F8260040F0010084F82600A97831B17D
:100BF000012908D0022918D0032909D119E020F0D1
:100C00007000403002E020F07000503084F8260080
:100C1000687888B1012813D0022816D0032803D1A0
:100C2000207B40F00300207370BD20F07000603026
:100C3000ECE740F07000E9E7207B20F00300F2E7EA
:100C4000207B20F00300401CEDE7207B20F0030018
:100C5000801CE8E7F8B54A4E07460324384616F0EC
:100C6000B9FB00226B460121104616F0B9FE0121A6
:100C7000002016F098FE307838B1002511F097FE6C
:100C8000641E002CEADC2846F8BD0125FBE72DE9AF
:100C9000F0438BB0064602A816F066FB334D394888
:100CA00000272861384802900F208DF80C006E70E4
:100CB000AF7002A8FFF7CEFF4FF0FF39F0B3442228
:100CC0003248296918F072FD0124E846AC7002A888
:100CD000FFF7C0FF90B344222D48296918F066FD44
:100CE0002A4A414628F81470002000BF02EB400356
:100CF00032F810C0B3F8C036401CA3EB0C0331F837
:100D000014C02228634421F81430EFDB641CE4B2E1
:100D1000042CDBD3BDF80600032E16D05FF088024A
:100D2000B0FBF2F1BDF80400BDF80230B0FBF2F008
:100D3000B3FBF2F2120642EA004000E003E008438F
:100D40000BB0BDE8F0834846FAE74422E8E710B567
:100D500000F09AF800F0010400F059F8204203D0A6
:100D6000BDE81040FFF70DBD10BD000004041000E9
:100D70002909000060071000CB09000041090000AC
:100D800080091000000001203B0B00007C42100095
:100D90003C49100000F01F020121914040098000F1
:100DA00000F1E020C0F8801170470722114617F0CB
:100DB000C9BA70B50025642007212A4617F0C2FA87
:100DC0005FF00004FFF706FE641C0544052CF9D310
:100DD0000520B5FBF0F081B2002043F2B063434A36
:100DE000994203D9012044F21A1106E042F6F82391
:100DF000994204D9022042F66731918170BD41F6D3
:100E000058339942FAD9032042F28D01F5E770B5C3
:100E1000002016F03CFE354C354D0020E07028686F
:100E200090F8D80C000918F0E9FD0028286812D0C5
:100E3000B0F8D41CE181B0F8D60CA081FFF753FEC6
:100E40000546FFF7EBFD06460722294617F07AFA1A
:100E5000E07830B10EE0B0F8D01CE181B0F8D20CEF
:100E6000EBE724485A21006880F82D6080F82E5066
:100E700080F82C10002016F025FEE078012801D023
:100E8000012070BD002070BD70B50125002016F056
:100E9000FEFD022016F0FBFD174E0024E0B2FFF726
:100EA000F6FE46F82400002801DA002515E0641C4F
:100EB000022CF3D30F49104A4C3A0868D36CC0F89F
:100EC000E137136DC0F8E5370C48D2E91332C0E9B9
:100ED000013209685A2081F8E007002016F0F2FD7F
:100EE000022016F0EFFD284670BD0000040410003B
:100EF0006007100064071000CC0910004873100050
:100F000010B501464C22F74818F095FC0121BDE8C8
:100F10001040002016F01BBD2DE9F041F24C0125D8
:100F20006038D4E91023A66909286FD2DFE800F001
:100F3000050F1E283741505A6A00324600230846E2
:100F400000F0F1FA85406068054365605EE00846A0
:100F500000F0E9FA02460120002118F0BEFBD4E9B6
:100F6000082310431943C4E908014FE03246002327
:100F7000084600F0D8FA8540E0680543E56045E0A2
:100F8000084600F0D0FA02460120002118F0A5FB27
:100F9000D4E90C2310431943C4E90C0136E032466E
:100FA0000023084600F0BFFA8540A0680543A5600D
:100FB0002CE0084600F0B7FA02460120002118F0A4
:100FC0008CFBD4E90A2310431943C4E90A011DE04C
:100FD00032460023084600F0A6FA85402069054302
:100FE000256113E0084600F09EFA01230246002125
:100FF000184618F072FBD4E90E2310431943C4E9D4
:101000000E0103E060698D40054365612068401C66
:101010002060BDE8F0812DE9F041174604460D46F9
:10102000002609E0E00703D03146384611F0B0FC55
:10103000761C6D084FEA340454EA0500F2D1E8E763
:1010400070B5A94CE1686068D4E90C6540EA010319
:10105000D4E908212943256932439D432561D4E918
:101060000E3593438D43C4E90E35216800292CD0F9
:1010700060220021FFF7CFFFD4E908016122FFF7CA
:10108000CAFF62220021E068FFF7C5FFD4E90C0126
:101090006322FFF7C0FF64220021A068FFF7BBFFB7
:1010A000D4E90A016522FFF7B6FF66220021206914
:1010B000FFF7B1FFD4E90E016722FFF7ACFF6069CB
:1010C000BDE8704068220021A5E770BD2DE9F05F02
:1010D00083464FF0000816F0F4F9074616F0F3F9CE
:1010E0000D46814904464FF016098F61C1E910058C
:1010F0004FF0220A16F0BDFE00260120B040384213
:1011000021D0F0B2002116F0BCFE410705D55FEA00
:10111000CB6102D5414662200FE0C10705D05FEAEE
:101120004B7102D54146602007E01BF0C00F06D08E
:1011300010F00A0F03D041466420FFF7EDFE08F1DE
:10114000010000F0FF08761C4E45D6DB16F091FE3C
:1011500000273E4632460120002118F0BEFA20400A
:10116000294008431FD0F0B2012116F08AFE410742
:1011700005D55FEA8B6102D5394663200FE0C107D0
:1011800005D05FEA0B7102D53946612007E01BF4F8
:10119000C07F06D010F00A0F03D039466520FFF754
:1011A000BBFE7F1CFFB2761C5645D3DDBDE8F05F69
:1011B00016F05FBE2DE9FF4F83B000200E46DFF82A
:1011C0002CB101900546009076E000BF03984FF0E7
:1011D00000094C46A0F101086BE000BF04FB06507B
:1011E0001FFA80FA601C00FB065087B22146284691
:1011F00013F0ECFA28B13E48006890F82501C007CA
:1012000017D115B1212D02D008E094B104E084B1CA
:10121000042C0ED0052C0CD00E2C0AD0059830F8DA
:101220001A1030F81700081A00B2002804DB014633
:1012300003E04FF000093BE0414259450ADD002838
:1012400001DB014600E041420FFA81FB29B2019126
:1012500021B200910699884202DDB9F1000F0DD04C
:1012600006994942884216DAB9F1000F09D04FF0C9
:10127000000921466620FFF74FFE19E04FF00109F3
:1012800014E0002704E039466620FFF745FE7F1C86
:10129000A742F8D90CE0B9F1000F09D02146662029
:1012A000FFF73AFE0398801E844201D1611CE1E7FA
:1012B000641C444592D36D1CB54287D3DDE900120E
:1012C00007B05846BDE8F04F11F050BE2DE9FF4F72
:1012D00083B082460548009000200E4602900546E5
:1012E000019079E0DC091000180410000080FFFF75
:1012F000600710004FF000094C46A6F1010868E0B5
:1013000005FB06401FFA80FB601C05FB060087B248
:101310002946204613F05AFA28B1D148006890F8BF
:101320002501C00715D114B1202C02D006E085B1EB
:1013300002E075B1052D0CD00F2D0AD0059830F8BC
:101340001B1030F81700081A00B2002804DB014611
:1013500003E04FF000093BE04142009A91420ADD70
:10136000002801DB014600E0414209B2009121B2B0
:10137000029129B201910699884202DDB9F1000F6C
:101380000DD006994942884216DAB9F1000F09D00A
:101390004FF0000921466720FFF7BEFD18E04FF02F
:1013A000010913E0002704E039466720FFF7B4FD88
:1013B0007F1CA742F8D90BE0B9F1000F08D02146F5
:1013C0006720FFF7A9FDB01E844201D1611CE2E74E
:1013D000641C444594D36D1C55458BD39DE8070090
:1013E00007B0BDE8F04F11F0C6BD10B504460020AF
:1013F00016F04DFB9B49002014F00C0F086148606B
:101400008860C860C1E90E00C1E90800C1E90A00AE
:1014100048610860C1E90C0009D1E00607D4A006C4
:1014200005D4600603D4E00501D4200602D5204689
:10143000FFF74CFEA00702D0204600F08FF8FFF720
:10144000FFFDBDE81040002016F03CBB2DE9FC5F1D
:101450000446002016F01BFB022016F018FB0320A8
:1014600016F015FBE00753D0FFF724F84FF488621D
:101470007D497E4818F09AF9DFF8E4B100277C4DE9
:101480007A4807EB07116E0C00EB8108E8138146E0
:101490008246202438F91400A84200DD0546B042F7
:1014A00000DA0646012C15D408EB440131F9021C80
:1014B000401A00D54042DBF80010B1F81011884204
:1014C00008DB22460120002118F007F929EA00096B
:1014D0002AEA010A641EDDD2A81B00D54042DBF8CF
:1014E0000010B1F80E2190420FDAB1F80C01A842B9
:1014F0000BDD8119002908DD0021CDE900014A46F4
:101500005346222140460DF091FE7F1C102FB6DB82
:10151000032016F0D7FA022016F0D4FABDE8FC5FDB
:10152000002016F0CFBA2DE9F04116461F4680463E
:101530004FF0FF35002422460120002118F0CDF89D
:1015400030403940084304D06D1C454501D1204648
:101550005FE5641C402CEED300205AE52DE9FE43E4
:101560000546012000F035F8804615F0AAFF0290EC
:1015700015F0A9FFCDE90001042102A816F058FFDB
:1015800006460821684616F053FF0446720062437F
:1015900017464146354818F009F93A46414635485C
:1015A00018F004F92E4FE80707D038684246214664
:1015B000B0F8DE303046FFF7FDFDA80707D53868E4
:1015C00042462146B0F8DE303046FFF77FFEBDE8E8
:1015D000FE8370B588B00646684615F0C5FE2648FD
:1015E0000090022E19D0042E1BD0052E1BD00A20ED
:1015F0008DF80400214C684615F0ECFE002206AB85
:101600000121104616F0ECF90121002016F0CBF96B
:10161000207860B111F0CBF9EDE703208DF80900D7
:10162000E8E7082000E009208DF80600E2E7012E37
:101630000AD0032E08D0042E02D0052E0DD101E0D1
:10164000256A0AE0E56908E015F03BFF054DA86151
:1016500015F039FFC5E91001A56808B0284670BD2E
:101660006007100018041000346F0120BC880120AE
:101670000080FFFF803D0120B10E0000DC0910005A
:10168000144908604FF40051002016F060B938B5D5
:10169000002016F0FCF9AFF2170017F0ADFE0022A3
:1016A0004FF400546B462146104616F099F9214636
:1016B000002016F078F9002016F004FA0648A5225A
:1016C000016804480A74006820F07F424A6117F0FC
:1016D000B7FE38BD6004100064071000020004D09B
:1016E000012A04D0022805D002E0012000E00720F2
:1016F00015F0E6BD0020704710B501464C22FD48AC
:1017000018F099F80121BDE81040002016F01FB92B
:1017100030B587B00446684615F026FEF6480090BE
:101720000CB3012C21D0022C21D0032C19D10B2079
:101730008DF80400EF4D0324684615F04BFE00229F
:1017400006AB0121104616F04BF90121002016F0DE
:101750002AF92878002804D011F029F9641E002CF9
:10176000EADC07B030BD0820E2E70920E0E702200C
:101770008DF80900DEE72DE9F14F94B015F0A1FED8
:10178000109015F0A0FE8146DC4C14988A46002883
:10179000206807D0B0F886111498FFF79FFF1190CA
:1017A000D74810E090F8E70010F0600F03D01098D1
:1017B00013F064F910902068B0F87D111498FFF7C9
:1017C0008DFF1190CF48069020200590C9484FF01A
:1017D000400BC021C03818F08AF8002003901498FC
:1017E000FFF796FFC34800273D4680680B90012015
:1017F0003E460F9001201099B040084240D000248E
:1018000022460120002117F068FF02460B4600EA3D
:10181000090001EA0A01084320D0B648C03800EBAD
:10182000C5018E4603C900EA020C01EA03085CEA1E
:10183000080C12D1DDF82CC03CF91780DDF844C04B
:10184000E04504DC10431943CEE9000105E02246DF
:101850002946039B069816F06AFA7F1C641C5C45B7
:10186000CEDBA448C03800EBC501D1E9000180EA15
:10187000090081EA0A01084301D000200F906D1C85
:101880000598761C8642B5DB0F98012804D0039892
:10189000401C03907F28A2DD0F9815B0BDE8F08FA3
:1018A0002DE9FF5FDFF854B282460F99DBF80000A4
:1018B000109F90F8780100F003068E48C03800EBC6
:1018C000C10980E0019810F806800298424630F97C
:1018D0001650039830F91640DDE90E0116F01CFA97
:1018E000BD4201DABC4203DCBD4208DDBC4206DA7F
:1018F000A4F5FE41FF3902D0129901228A551299AE
:101900008B5733B3EA1BA4EB070100D552420029E1
:1019100000DA49428A421CDC002D01DB2A4600E045
:101920006A42DBF8001091F87F1139448A4210DCDA
:10193000002C01DB224600E062428A4209DCD9E940
:10194000004542460120002117F0C7FE04430D4325
:1019500012E0E91BA4EB070200D54942002A00DA95
:10196000524291420BDDD9E9004542460120002157
:1019700017F0B3FE84438D43C9E9004522E00BB361
:10198000119A12F90810814205D1139911F8082013
:10199000521C01F80820119901F80800139911F957
:1019A0000800DBF8001091F8801188420ADDD9E9BF
:1019B000005442460120002117F08FFE05430C43DE
:1019C000C9E90054761C5645FFF67CAFBDE8FF9F81
:1019D00070B500252C4609E0C60702D054556D1C91
:1019E000EDB249084FEA300004F101049C42F3DBF8
:1019F000284670BD2DE9F14FA8B015F062FD0446F0
:101A000015F061FD83462191202117A817F06FFF83
:101A100024210EA817F06BFF289848B137480068BA
:101A2000B0F886112898FFF759FE0646344812E0B0
:101A3000324D286890F8E70010F0600F03D0204680
:101A400013F01CF804462868B0F87D112898FFF7B9
:101A500045FE06462B48FF2282461D2117A817F097
:101A60001CFFFF2222210EA817F017FF1D2317AA23
:101A700020460021FFF7ACFF804622230EAA5846DD
:101A80002199FFF7A5FF04461F48089000F55870FC
:101A90000A9000F558700990A0F558601F9000203A
:101AA00023E000BF0022134900FB04F9C03901EB19
:101AB000C0014FF07F0EC1E9002247F6FF751346C3
:101AC00010E000BF09EB0201521C0AF80130DDF8FA
:101AD00028C00CF801E0099F7B541F9F27F8115084
:101AE000089F7B54A242EDDB401C4045DADB00201E
:101AF00026900BE0E80A1000A9160000600710000D
:101B00003C7B0120907701203C4910004FF00009F8
:101B10004F462898FFF7FCFDFE4800258068279077
:101B20003FE000BF279905FB04F001EB4001249141
:101B30001F99089A01EB400023900A9805FB0422A4
:101B400005FB04010998CDE9026105FB0400CDE91C
:101B50000420CDE900A5DDE923320EA92046FFF7D8
:101B60009FFEEC48C03800EBC501D1E90001219A85
:101B700080EA0B00514008430AD0CDF800A0CDE91F
:101B80000156DDE923320EA9204600F03FF907E0B7
:101B900009F1010000F0FF09C14501D301275EE012
:101BA0006D1C4545BEDB2698401C2690FF28A0DD15
:101BB000F7BB0120239000204DE0D648219AC03881
:101BC00000EBC901D1E9000380EA0B005340184340
:101BD0003FD0089809FB04000B900EA80A90CE484D
:101BE000006890F8780100F003052BE00A98494658
:101BF000425D5046029216F08FF826900B98405D99
:101C00002590C448C03800EBC9012491D1E90001F6
:101C100006460F46029A17F073FDC00711D12698A9
:101C20007E30FD281ED22598E0B10120002100E081
:101C300015E0029A17F051FD064324980F43C0E9BE
:101C400000676D1CA542D1DB012023990840239039
:101C500004D009F1010081464045AEDB239F29B045
:101C600038461BE60020F0E72DE9FF47814615F0D6
:101C700028FC009015F027FCA74CCDE90201B9F132
:101C8000000F206818D0B0F88471A44D0421684674
:101C900016F0CEFB0446082102A816F0C9FB04FB8F
:101CA00000F6DFF8708200242C704846FFF730FD04
:101CB0000020D8F8081019E090F8E70010F0600F45
:101CC00003D0009812F0DAFE00902068944DB0F82E
:101CD0007B71DBE731F91020BA4206DA0CB1641EE1
:101CE0002C70012004B0BDE8F087401CB042F1DB4D
:101CF000641CE4B2032CD7D90020F3E72DE9F041AE
:101D0000012515F0DEFB804615F0DDFB824C064612
:101D10000F46206890F8E70010F0600F03D04046AF
:101D200012F0ACFE8046206890F879114A077D4990
:101D300001D5002201E090F87A2181F8A82390F8DB
:101D40007901C00705D032463B464146754815F03B
:101D5000FDFF206890F87901400708D50020FFF7C3
:101D600083FF050003D10121732010F011FE2068CC
:101D700090F87901C1070ED000074FF0000002D59E
:101D8000FFF738FE01E0FFF7F6FC050003D1012163
:101D9000742010F0FDFD0020FFF7BAFC2846BDE8D6
:101DA000F0812DE9F04105460124002015F06FFE79
:101DB000022015F06CFE5C4EE8074FF000074FF074
:101DC000A50808D0FFF79AFF10F0010403D030688F
:101DD000C77680F81A80A80708D500F05BF8204085
:101DE000040003D03068477780F81C80002015F08D
:101DF00069FE022015F066FEE80705D04B48007822
:101E000010B1012000F0C1F82046C8E72DE9FF5FBE
:101E1000814641489846109F00684FF0FF3A90F87D
:101E2000780100F0030432E0019838F9146010F8EA
:101E300004B002985A4630F91450DDE90E0115F04D
:101E40006BFF0021EB1BA6EB070200D55B42002ACB
:101E500000DA5242934209DCBD4202DD7F2807DBF3
:101E60000BE00ADA10F17F0F06DC06E0B54202DD76
:101E70004FF0010101E000DA514628F8145000EB60
:101E80000103DDE90E015A4615F051FF641C4C4573
:101E9000CADB9BE52DE9F041012415F012FB064653
:101EA00015F011FB1C4D2A6892F881319F071D4BDC
:101EB00001D5002701E092F8837183F8547792F8F6
:101EC0008121D20706D0024615480B463146001D37
:101ED00015F03CFF28684FF4807690F88101800768
:101EE00008D50120FFF7C0FE040003D1314673205E
:101EF00010F04EFD286890F88101C00708D001203D
:101F0000FFF739FC040003D13146742010F040FD86
:101F100001200DE0E80A100060071000E47E0120B7
:101F2000387B01209077012064071000F60710002D
:101F3000FFF7EEFB204632E710B5FFF7A8FB532072
:101F4000FFF72FFF00F001044FF4D67000F0E0FE21
:101F5000214A4FF000012042117005D0FEF74EFCDF
:101F6000BDE81040FEF70DBC10BD10B512F012F91F
:101F7000FFF78DFB40F2FF10FEF7E2FB002803D0D5
:101F8000BDE81040FEF7FDBB10BD2DE9F04113493F
:101F9000096891F8E911C9071BD0012819D1114E20
:101FA00002200F4D34684FF4087704F25224FEF7F4
:101FB0001EFB032015F06BFD30687A002946A0F85F
:101FC0005072204617F0F2FBBDE8F041032015F0F7
:101FD00079BDBDE8F0810000F60710006007100031
:101FE000346F01206407100010B501464C22FD48F3
:101FF00017F021FC0121BDE81040002015F0A7BC1E
:1020000030B587B0684615F0AFF9F748042100787D
:10201000B0B1012817D00322032816D002230228CA
:1020200016D0052817D0042818D0072819D006285C
:102030001AD008281BD009281DD00A281ED01FE05E
:102040008DF806101CE0052012E08DF8082017E03E
:102050008DF8083014E08DF80A1011E08DF80A2090
:102060000EE08DF80B200BE08DF80B3008E0062019
:102070008DF8060004E08DF8081001E08DF80B10D3
:10208000DA48D84D03240090684615F0A3F90022E1
:1020900006AB0121104615F0A3FC0121002015F02C
:1020A00082FC2878002804D010F081FC641E002CEB
:1020B000EADC07B030BD2DE9F047CB4900242546C6
:1020C0008E6B0B692046012707FA00F21A4203D0F3
:1020D000325CA24200D91446401C2028F4D3D1E936
:1020E0001478D1F83C9000268A463246012000211F
:1020F00017F0F3FA384001EA0801084304D019F850
:102100000600A84200D90546761C402EEDD3DAF829
:10211000481050460C70DAF84C201570DAF8303060
:10212000DAF810701B781E19DAF834301B782B445B
:102130006FB1D0E9147C57EA0C070BD0FF279E4201
:1021400013D29B1B2344FF2B07D80B700BE00D70A1
:10215000BDE8F0870C701470FAE70F70C16941F4A4
:102160000071CAF81C101570F2E7B3420DD2F31AD1
:102170002B44FF2B01D8137005E01770C26942F49D
:102180000072CAF81C200C70E2E70C70EBE72DE936
:10219000F0411F460D46002A1FDD934C77B1B4F97C
:1021A0000860114613F044FBB042287812DAFF2889
:1021B00007D2401C28700020BDE8F081B4F9066009
:1021C000EFE7E0691FB140F00200E06105E040F494
:1021D0000060FAE708B1401E28700120ECE72DE905
:1021E000F0411E460D46002A1ADD7F4C66B1B4F957
:1021F0000870114613F01CFBB84211DD287850B16D
:10220000102804D3103803E0B4F90670F1E7002079
:1022100028700020D0E7E06926B140F00100E061BD
:102220000120C9E740F48060F9E72DE9F14F82B061
:1022300000256D4C02992E46FF20D9B1D4F830A06C
:1022400002278AF80000D4F8349089F80000B4F925
:102250000880182000906069002800DC0125A06932
:10226000002800DC01260020FFF725FFFFF7C8FE4D
:102270006DB11DE0D4F828A04FF400678AF8000083
:10228000D4F82C9089F80000B4F90680E1E7206AC0
:1022900042466169006800F099FD012808D1E069B3
:1022A00001253843E0612178032901D1B843E06179
:1022B0005EB9606A4246A169006800F087FD0128A6
:1022C00003D1E06938430126E0610DB1002E66D1EB
:1022D0002F46B0464FF0170B97B9206A029B514624
:1022E00000686269FFF77BFF07462078032807D163
:1022F00002980028E06907D020F001000127E06182
:10230000B8F1000F03D00AE020F48060F6E7606ABD
:10231000029B49460068A269FFF761FF80460020E2
:10232000FFF7C9FEFFF76CFE17B1B8F1000F02D13D
:10233000BBF1010BD0D2009F7F1E95B9206A029B92
:10234000514600686269FFF722FF0546207803289E
:1023500007D102980028E06905D020F0020001258D
:10236000E0611EB10AE020F40060F8E7606A029BB9
:1023700049460068A269FFF70AFF06460020FFF7FA
:102380009AFEFFF73DFE05B10EB97F1ED5D2012D95
:1023900005D1012E03D1E06920F40070E061BDE8B1
:1023A000FE8F2DE9F04F9A46914600220E4B834650
:1023B0001446B3F90A701046012390461CE000BF92
:1023C00009EBE40504F0070C2E7803FA0CF535420E
:1023D00011D03BF91250BD420ADC0AF8023001204C
:1023E00008E00000340B100068041000991F000082
:1023F0000AF80280521C641C8A42E1DBBDE8F08FBF
:102400002DE9FF5F00244FF001089A461746254644
:10241000DFF8C8944646DDF83CB02CE00AEBE50056
:1024200005F00702017806FA02F0084222D01BF8F4
:10243000040001281DD0009830F91420B9F90A00D1
:1024400082421EDA2946019815F0D6FCFF280EDAE2
:10245000401CC2B24FF000082946019815F0CEFC8E
:10246000009830F814100E9820F8141001E00BF8C2
:102470000460641C6D1CBC42D0DB404604B0BDE867
:10248000F09F0E9931F91410091AA2EB000000D543
:102490004942002800DA40428142E8DC294601989E
:1024A00015F0AAFC401EC2B22946019815F0A6FC00
:1024B000DDE72DE9FF5F00244FF0010B9146254633
:1024C000DFF818A45E463AE0039805F0070800EB31
:1024D000E50007789AF8000007280AD1DAF8180012
:1024E0000F9942004143FE4800EB8100009917F02C
:1024F0005DF906FA08F0384220D00E98005D0128F8
:102500001BD0009830F91410BAF90A00814214DD8A
:102510002946019815F070FC00280CDD4FF0000BE7
:10252000102801DB103800E00020C2B229460198D3
:1025300015F064FC01E00E980655641C6D1C4C45BA
:10254000C2DB58469AE72DE9F047002591460F4631
:1025500082462C46DFF88C83E04E33E009EBE40042
:1025600004F00701007801228A40024229D0307825
:10257000072815D1B069401E854205D1D8F8000062
:1025800090F83600400706D555B9D8F8000090F805
:102590003600400704D501222146504615F02EFC96
:1025A0002146504615F028FC012803DAF06940F076
:1025B000040004E0FE2803DDF06940F00800F0614B
:1025C0006D1C641CBD42C9DBC2E52DE9F04F93B020
:1025D0000024254618210CA817F089F9242103A806
:1025E00017F085F9BD484169002900DC01248269A2
:1025F000002A00DC0125B94A81460646FF23103235
:10260000806B00F0EDFBB54AFF235032B169F06BEF
:1026100000F0E6FB0120FFF74EFDFFF7F1FCBCB137
:10262000D9F82000AD4A4E4600680CAB1032D9F8FC
:102630001410FFF7B6FE01280AD1F069012440F01A
:102640000800F0613178032902D120F00800F06120
:102650008DB1D9F82400A14A4E46006803AB503230
:10266000D9F81810FFF79DFE012804D1F069012563
:1026700040F00800F0610CB1002D7DD12646A8463F
:1026800000270DF1300B96B9CDE900B7D9F820003D
:10269000924BD9F8142000681033D9F83810FFF79E
:1026A00008FF064699F80000032800D10126B8F17A
:1026B000000F0ED103A8CDE90007D9F82410874BED
:1026C000D9F8182008685033D9F83C10FFF7F1FE0C
:1026D00080460120FFF7EFFCFFF792FC16B1B8F13E
:1026E000000F02D17F1C602FCDDBDFF8FCA1D9F8F1
:1026F0001400264641000AF5D8684C46504617F0AB
:10270000D4F8A0694100404617F0CFF85FF0000709
:10271000FFF776FC86B9CDF800A0CDE901B7206AB5
:102720006E4B626900681033A16BFFF769FE0646C5
:102730002078032800D101266DB903A8CDF80080C8
:10274000CDE90107606A654BA26900685033E16B0F
:10275000FFF756FE05460120FFF7ADFCFFF750FCE2
:1027600006B115B97F1C602FD2DBE06920F00C00A8
:10277000E0612078032800E016E006D0574A0023E5
:1027800010326169A06BFFF7DEFE544A012350321C
:10279000A169E06BFFF7D7FE012E05D1012D03D112
:1027A000E06920F40070E06113B027E62DE9FF5FD7
:1027B0004FF00108DDE90EBA0025994617462C4670
:1027C000464632E009EBE40004F00702017806FA1D
:1027D00002F0084228D01AF8040020BB21460198D4
:1027E00015F0DDFA00993D4A31F91510B2F90C20C7
:1027F00091420CDDABF17F01884214DBA0EB0B02B0
:102800002146019815F0D2FA4FF000080BE0CBF109
:102810007F010AF80460814205DB00EB0B022146D0
:10282000019815F0C3FA6D1C641CBD42CADB40461A
:1028300024E62DE9F05F002592460F4683462C469C
:10284000DFF8988001266FF07D091DE00AEBE400B7
:1028500004F00701007806FA01F2024213D0214683
:10286000584615F09CFA484504DAD8F81C1041F097
:10287000400105E07E2805DDD8F81C1041F08001FC
:10288000C8F81C106D1C641CBD42DFDBF7E52DE9A8
:10289000F04F124C9BB06169F9B100208346A069EA
:1028A00030B300208246BBF1000F02D0BAF1000F16
:1028B0007ED10E4B04AD0DCB85E80D00074A7F237A
:1028C0001032206C00F08CFA044A7F235032A16948
:1028D000606C00F085FA01200BE027E0680410002E
:1028E000AC5D0120600710007C421000B89A010026
:1028F0001EE0FFF7E0FB0026A14604A85C4650F866
:1029000026805546182110A816F0F1FF242107A8AB
:1029100016F0EDFFD9F81C10002721F04001C9F88E
:102920001C1000BFFFF76CFB24B116E00120B5E7D7
:102930000120B7E710A9CDE90081D9F82000FF4BAD
:10294000D9F814200068D9F84010FFF72FFF04468B
:1029500099F80000022800D1012475B907A9CDE932
:102960000081D9F82410F54BD9F8182008684033B5
:10297000D9F84410FFF71AFF054604B115B97F1CBA
:10298000182FCFDB761C032EB7D3D9F81C004C468A
:1029900020F0C000C9F81C0099F80000022805D0FA
:1029A0000023E64A6169206CFFF743FF012300E042
:1029B00005E0E24AA1694032606CFFF73AFF1BB0C4
:1029C0001CE570B5DD4C0026103C0546E66101288B
:1029D0005BD0022D5BD0032D5BD0012020702079CD
:1029E00060B10023D54A6169A06B00F0F9F9D34AC0
:1029F00000234032A169E06B00F0F2F9607950B138
:102A0000CE496269206C15F0DCF9CC49A2694031ED
:102A1000606C15F0D6F9E07860B10120FFF705FC95
:102A2000E07838B16178206B00F0C8F96178606BAC
:102A300000F0C4F9207908B1FFF7C7FD012D2AD0B5
:102A4000022D2AD0032D2AD084F80060FFF7D8FA8F
:102A5000607908B1FFF71BFFB948006890F8C8011A
:102A6000800602D5E069012D1CD0FFF7C9FA012DBF
:102A70002FD0022D2FD0032D30D01021E06900F08F
:102A8000C5F9E06960B3002070BD0320A6E705200A
:102A9000A4E70720A2E7022002E0042000E00620CD
:102AA0002070D3E798B9A748014690F8F72890F826
:102AB0006F3890F871081D1891F8F93801F6F9018E
:102AC0001A44A81A00D54042C0B218440870FFF753
:102AD00097FA4021D2E74FF40071CFE70821CDE704
:102AE000012070BD70B5954D0C46103D032827D0D0
:102AF00014F0E7FC286114F0E6FC00BFC5E91401FE
:102B000004218E4815F094FC68618C4808214030FF
:102B100015F08EFCA86104F18000A862401CE862F8
:102B2000401C2863401C68634338A8631C30C5E917
:102B30000F044038686468308534C5E9120470BDFC
:102B400014F0C3FC286114F0C2FCD7E710B57E492D
:102B50000020FFF7C7FF79487C4910380162091D42
:102B6000416277490A6892F89731C3F34003C37012
:102B70001BB1036B00221A7006E0036B92F8A421CC
:102B80001A700A6892F8A521436B1A70096891F8C7
:102B90009721C2F380030371C2F3C0024271B1F8FE
:102BA0009A21C280B1F89C210281B1F89E21428114
:102BB000B1F8A021828191F8A7114170BDE81040C1
:102BC0000020FEE610B562490320FFF78BFF5B484B
:102BD0005E49103810310162594A091D416213687B
:102BE00093F8601D11F0010484704FF0000104D0CF
:102BF000836A1970C36A197008E0846A93F86B3DA0
:102C000023701368C46A93F86C3D2370136893F8BB
:102C1000604DC4F34004C47014B1036B197006E036
:102C200093F86D1D036B1970116891F86E1D436B5D
:102C30001970116891F8602DC2F380030371C2F31B
:102C4000C0024271B1F8632DC280B1F8652D0281D6
:102C5000B1F8672D4281B1F8692D828191F8701D1C
:102C60004170BDE810400320ABE6374910B588310C
:102C70000120FFF737FF3549304820311038304AFE
:102C80004162002101614161136893F8C84114F069
:102C90000104847004D0836A1970C36A197008E053
:102CA000846A93F8D13123701368C46A93F8D231DF
:102CB0002370136893F8C841C4F34004C47014B17E
:102CC000036B197006E093F8D311036B1970116848
:102CD00091F8D411436B1970116891F8C821C2F3AF
:102CE00080030371C2F3C0024271B1F8C921C280EE
:102CF000B1F8CB210281B1F8CD214281B1F8CF21C9
:102D0000828191F8D6114170BDE81040012058E64B
:102D10002DE9F04180460124002014F0B8FE022085
:102D200014F0B5FE0B4E5FEA48704FF000054FF00F
:102D3000A50719D5FFF70AFF0EE000007804100080
:102D400060071000907701207C7F0120500B10005D
:102D5000148101206407100010F0010404D03068D1
:102D6000C57780F8205087775FEA08700BD5FFF7AA
:102D70007CFF2040040006D0306880F8225080F8A4
:102D8000235080F821703C48006890F87F0CC00701
:102D90000BD0FFF717FF2040040006D0306880F802
:102DA0002A5080F82B5080F82970022014F08AFEF7
:102DB000002014F087FE2046BDE8F08102788A42A8
:102DC00001D9511A00E000210170704710B5144676
:102DD00012F02EFDA04201DC012010BD002010BD2C
:102DE000F0B500252C4601260DE000BF02EBE407FC
:102DF00004F0070C3F7806FA0CFE1EEA070F01D01C
:102E000003556D1C641C8D42F0DBF0BD70B50446AB
:102E10000D46C00702D083200FF0BAFDA00703D5EE
:102E2000294684200FF0B4FD600703D5294685208C
:102E30000FF0AEFD200703D5294686200FF0A8FD30
:102E4000E00503D5294687200FF0A2FDA00503D594
:102E5000294688200FF09CFD600603D529468B206B
:102E60000FF096FD200605D52946BDE870408C2060
:102E70000FF08EBD70BD0000600710006449002097
:102E800008606449086064490860644908606449EE
:102E9000086064490860704708B5FFF7EFFF624EAD
:102EA000002400226B463146104614F099FD00982C
:102EB000810714D5FDF7A2FA564805680460FDF7AE
:102EC0009BFA15F0530F02D02846FEF76AFF15F45F
:102ED000D67F02D02846FFF71BFF022194E000288E
:102EE00007DA4FF00041002014F05DFD01F019FBFE
:102EF000D7E7810504D5FEF7CAFB4FF4007183E0E4
:102F0000410515D5FDF77AFA444805680460FDF7D8
:102F100073FAE80701D0FDF71DFCA80701D5FDF7FE
:102F20006DFC680701D5FDF72CFC4FF480616BE068
:102F300001060AD5FDF762FA39480568FDF75CFA23
:102F40002846FEF752FA80215EE0C10404D5FEF760
:102F5000F3FF4FF4805157E0010504D5FFF705F862
:102F60004FF4006150E041020DD5FDF747FA2D48BE
:102F700005780460FDF740FAE80701D0FEF787FB0B
:102F80004FF4800140E0C1050CD5FDF737FA204928
:102F90000D680C60FDF730FA2846FDF728FB4FF46A
:102FA000807131E081000CD5FDF728FA1F480568D3
:102FB0000460FDF721FA2846FEF748FA4FF0005169
:102FC00022E041000BD5FDF719FA19480568FDF715
:102FD00013FA284610F094FB4FF0804114E00101F1
:102FE00004D5FDF7B4FE4FF000610DE040017FF520
:102FF0007FAFFDF703FA0F480578FDF7FDF9E8B25A
:1030000010F0D2FA4FF08061002014F0CCFC48E7B9
:103010008C0710009007100094071000980710000C
:103020009C071000A0071000839FF0FCA40710006D
:10303000F00710002808100030B5424801684248E7
:10304000026892EA01037BD0404C8D07246811D5B9
:1030500094F8AA53ED0702D042F002020260CA05BA
:103060000BD594F87F2CD20710D0026842F48072FE
:1030700002600BE022F00202F0E7026822F48072A4
:103080000260DA0502D5324B01221A70CA030268C7
:1030900002D542F4803201E022F4803202604A0319
:1030A000026802D542F4802201E022F4802202600C
:1030B0004A07026802D542F0040201E022F004024D
:1030C00002604A04026802D542F4804201E022F420
:1030D000804202608A04026802D542F4005201E094
:1030E00022F4005202600A04026802D542F400424F
:1030F00001E022F4004202608A03026802D542F431
:10310000003201E022F4003202600A03026802D5B4
:1031100042F4002201E022F4002202608A020268E6
:1031200003D542F4001202E00AE022F40012026029
:10313000C90202D542F4801101E022F4801101603D
:1031400030BD0000B0071000EC0410006007100054
:103150007D0710002DE9F041F44D10202226F44C9B
:10316000E969012741B184F83000F248202220614A
:1031700016F01CFB84F83870296A002909D0ED4844
:1031800084F831602C304422606116F00FFB84F823
:103190003770BDE8F0812DE9F041E54C1020E34D9A
:1031A00084F83000222084F83100E3484FF4087698
:1031B0000027007884F83300E0482060E87B84F83A
:1031C0002D00A87B84F8390095F8270084F83A0090
:1031D000DB484FEA4608E0630EE03A463146A8680D
:1031E00011F0DFF90146226806FB07F002EB400010
:1031F000424616F0DBFA7F1C94F82D00B842ECDC56
:1032000094F83A00012808D194F83030EA7B9B1CEE
:10321000CB485A43A96A16F0C9FACA48CA49007885
:10322000097808434007B4D5C949C84860600968AF
:1032300091F8191289074A0F94F83110921C4A43E9
:103240006969BDE8F04116F0B1BAA2E72DE9F0478F
:10325000BC48DFF8F48200270568D8F80000054371
:10326000012014F014FC4C21B14816F040FBDFF8AB
:10327000E092AE4EAE4CE80717D0FFF78CFFE806A1
:1032800001D5FFF767FF28050ED5D9F80000316B8F
:1032900090F85E2D41B1A74852007030606496F8F6
:1032A00035305A4316F082FA0127AA480078800682
:1032B00012D5E80610D5FFF74DFF1023A64A9D4909
:1032C000A64812F05EFA9B492223A54A2C31A54854
:1032D00012F057FA0DF040FCA3480068C4E9070556
:1032E000D8F8001061627168A162A049097884F879
:1032F0002C10E9070AD0E90608D5D9F8001091F892
:103300007C12C90702D040F01000E061012014F0E7
:10331000D9FB002F05D0BDE8F0470121022014F0B1
:1033200016BBBDE8F0872DE9FE4F894F386890F84D
:103330008E1DC9077ED090F87F0CC0077AD08A48CE
:103340000088C00576D5DFF824A29AF80000062888
:1033500070D18848864D884E0078DFF8D0912C4691
:1033600058B1D9E9070101F01DFB00BFB6F9000013
:10337000002805DD401E30806EE000203080F5E73B
:1033800002217E480CF010FF02217D480CF00CFF5A
:10339000DFF8E8812021D8F8000016F086FADFF87F
:1033A000E0B14421DBF8000016F07FFA6A4BD8F850
:1033B000002000204E4633F810C0F16931F810109B
:1033C000ACEB010109B222F81010A94200DD0D4654
:1033D000401C1028EFDBDFF88891DBF8002000208C
:1033E000316A31F810C039F81010A1EB0C0109B2A4
:1033F00022F81010A14200DD0C46401C2228EFDB11
:1034000039686048B1F89A1D0078A14202DDA942EE
:1034100000DD0020CDE900205D46306B54469AF86F
:1034200000205949D8F8003001F028FE316A2A6896
:10343000009200E030E0CDE9011000220121207867
:10344000D8F8003002F0EAFA02214C480CF00FFFE5
:1034500002214B480CF00BFF3B48008800051BD5B0
:103460004A494B4A002009781278114300D00120C4
:103470004849B1F90030396891F8752D0092CDE9CD
:103480000130454891F8763D3F49B0F90020434866
:10349000B0F900000BF0B7FDBDE8FE8F2DE9F0415B
:1034A0002B4F3F4C4FF00005386890F88A01C00759
:1034B00023D03C4E307800B300F092FC01462068E7
:1034C00008442060327812B13A68D2F88B71A04675
:1034D000B84211D315200FF075FD4FF0005414F8C9
:1034E000247F207840F0020020700A20FCF788FF3B
:1034F00027703570C8F800504BE6256049E62A4829
:1035000010B50078002810D11848007808280CD091
:10351000FFF7C4FF054890F84010C06B01F0BDFAFA
:10352000FFF794FEBDE81040FDE610BD800B1000D3
:103530005C531000B8160120FC041000B8060120EE
:1035400000190120F4041000F8041000F017012005
:1035500060071000B40710000C750120B61C012094
:1035600038750120E21C0120EC041000E404100076
:103570000080FFFF8607100082071000440610003D
:103580004C061000DD0610007C7501202B05100094
:103590002A051000021A0120061A0120FE19012036
:1035A000F8071000FC071000E504100070B546484D
:1035B000464D0478286890F87F1CC90707D0444915
:1035C0000988C90503D5434A90F8A11C517090F8A9
:1035D0000707C00703D100F0ABF801F062F8052C33
:1035E0005FD0062C5DD0286890F8B000800603D527
:1035F00000F064FE00F077FF286890F80707C00726
:1036000002D000F0DAFC01E000F092F801F049F895
:10361000286890F80717490707D490F8EB002E495F
:10362000C0F3810008700CF0D8FE2C4C00262660F8
:1036300006F020FE286890F88710CA0601D50222FD
:1036400000E00422226090F87C22D20703D0226896
:1036500042F00802226090F80707820708D5C906E1
:10366000216802D521F0020101E021F0040121606E
:10367000800603D5206820F00800206018480178F3
:10368000012902D1067017480670012105200FF0AC
:1036900099FC206898B14FF48071002014F057F91C
:1036A0000DE0286890F80707C00708D000F0F9FF80
:1036B00006F0ADFD08B900F0D7FF00F07EFCBDE8D4
:1036C0007040002000F05BBCE404100060071000B4
:1036D000EC0410000A1A0120B80710008C07100033
:1036E000400510004105100001460020C90707D021
:1036F00082490320096891F87C12C90700D00B2089
:10370000704710B5040012D0012105200FF05AFCBB
:10371000FCF774FE7A48016821430160FCF76CFEF7
:10372000BDE810404FF48071002014F010B910BDB6
:10373000724810B5006890F8B000800601D500F01E
:10374000D2FE01F038FB0221012014F02CF90120F7
:1037500014F09DF96B49012081F82C0014F0B2F9A6
:10376000BDE8104000F0B6BF70B5644D286890F811
:103770000707C00702D000F020FC01E0FFF7D8FFE8
:1037800000F080FF6048017809B9032101702868C2
:1037900090F8B000800601D500F08EFE5B4800680E
:1037A000FFF7A2FF044606F065FD5948016848038B
:1037B00016D52868574A594BB0F85B071080564811
:1037C0000122027000201870554B1870554B18607C
:1037D000554B1860554802705548007800B10024D8
:1037E000480700D50024C80500D500242046FFF76F
:1037F00088FFBDE87040002000F0C1BB10B5C007D5
:103800001AD03E480324006890F87C02C00700D01C
:103810000B24FCF7F3FD3A48016821430160FCF7F3
:10382000EBFD012105200FF0CDFBBDE810404FF46A
:103830008071002014F08BB810BD10B5C00717D0F0
:103840002E48006890F8E901010601D440060FD522
:10385000FCF7D4FD3748016841F008010160FCF72E
:10386000CBFDBDE810404FF48001002014F06FB88C
:1038700010BD70B53048254E0568306890EA0504E3
:1038800030D055B160B104EA05000446FFF7D5FF1A
:103890002046FFF7B3FF356070BDFFF749FFFAE739
:1038A00001F089FA0221012014F07DF81348006824
:1038B00090F8B000800605D500F000FD00F013FE82
:1038C00000F0FAFD00F084FA00F0FCFE2C402046E7
:1038D000FFF7B3FF2046FFF791FF00F0D3FE00F0A3
:1038E00057FAD8E7002DD7D114480078052801D021
:1038F0000628D1D13560BDE8704019E76007100097
:103900008C0710005C5310007F071000E8041000C3
:10391000EC0410006A0710006D0710006E0710001D
:103920006F07100074071000780710006807100078
:103930006C071000A0071000AC071000E404100092
:10394000FE4A30B413684FF0000413F43C6F42D0C9
:103950000C60012101601368F948FA495C0605D53D
:10396000006890F81A02487130BC70471C060AD5EE
:10397000006890F81B424C7190F81942A407F3D1EB
:1039800023F080031CE0DC050CD5006890F81C4295
:103990004C7190F8194204F00304022CE4D223F491
:1039A00080730DE09C05DFD5006890F81D424C71D6
:1039B00090F8194204F00304032CD5D223F40073C9
:1039C00043F04003136090F81A024871002130BCA4
:1039D00038200EF0DDBF9A06C6D50C6010210160BC
:1039E000C2E72DE9F041D64800242246006890F84D
:1039F0004410C90748D0D4490B78022B25D0042B9A
:103A000003D0052B1ED0062B1CD090F84550CF4874
:103A100000210768CE480668761CF7B1CD4F3F8875
:103A2000FF051AD5052B18D00E460160AE422BDDDE
:103A3000C94D2E789EB101602970052B15D0062B3B
:103A40001CD013E090F84750E1E790F8465090F80A
:103A50009300C006DBD50122D9E70660E6E712B184
:103A600001202870E9E70160E7E7112400F0BBFAC4
:103A700040EA040500F0BDFA40EA050401F0C4FF85
:103A800010B900F0C4FA04432046BDE8F0812DE9E6
:103A9000F0470446002713F067FCFFF7A2FFA84B8E
:103AA0000546DFF8B0C21968B9464FF0010691F833
:103AB0008E0DC00718D091F87F0CC00714D0BCF849
:103AC0000000C00510D5A548DFF89482A54A80F80B
:103AD000009088F800901278920600D50670A24AED
:103AE000128812B1007800B1012791F87F0C47F0DD
:103AF00010079A46C00705D0BCF80000C00501D5E4
:103B000047F4006745EA07085FEAC87008D091F8F3
:103B10008700C00602D500F097FA00E00720207168
:103B2000F80610D5A67184F80E90DAF8000090F827
:103B30003401B6EB901F01D1A67304E00221B1EB72
:103B4000901F00D1A1735FEA085000D5E672874844
:103B5000056087480760BDE8F0872DE9FC41002734
:103B600004460197009713F0FFFB754E794D3068BE
:103B700090F87F0CC00702D02888C00502D42878AE
:103B8000400702D5FFF72DFF019000F02CFA0099B5
:103B90000843009000F02DFA00990843009000F0CF
:103BA00045FA009908430090316891F87F1CC907D5
:103BB00005D02988C90502D540F40060009001A90C
:103BC0006846FFF7BDFEDDE900050543E80702D0C2
:103BD00000F03AFA207169074FF0010000D56071DA
:103BE000E9061DD5316891F8372192060AD591F87A
:103BF000492112F00C0F05D0524A527812B10A2214
:103C0000A27100E0A071A77391F83411B0EB911F7D
:103C100001D1A07304E00222B2EB911F00D1A27384
:103C2000290500D5E0725149019808605049009873
:103C30000860BDE8FC8110B501464C224D4815F0E6
:103C4000FAFD0121BDE81040084613F080BE38B5EA
:103C500000240EF021FA00B101246946042013F07B
:103C6000B0FE009800B10124204638BD70B5344D37
:103C7000801E072829681DD2DFE800F004070A1417
:103C8000171C1A0091F88D4015E091F88C4012E055
:103C900091F8884001F096F803280CD1286890F834
:103CA0008B4008E091F88E4005E091F88F4002E0EB
:103CB0000A2400E001242868012690F88700000704
:103CC00000D50A26FFF7C3FF012809D1296814206F
:103CD00091F88710090700D5C820844200D2044615
:103CE000B44200D23446204670BD70B5224D2878CB
:103CF0000A280DD9214E224C30782178884202D0F2
:103D000011200FF05FF920783070002020702870AB
:103D1000C0B2401C287070BD0949024600200B68E3
:103D200093F84410C90732D00749097802292ED1E7
:103D3000074993F84630012A096823E0B4071000C8
:103D400060071000B8071000E40410001C05100004
:103D5000C0041000EC041000E504100086071000F9
:103D60008507100070DB012082071000F8041000A6
:103D7000F4041000800B10007C0710007D07100079
:103D80007E07100000D1491C994200D101207047E4
:103D900010B501F010F8FE48006890F8B0008106F8
:103DA00012D5000601D5FFF7A0FF00F002FC00F0DD
:103DB00024FC012802D1C107002001E002210120DA
:103DC000BDE8104013F0C3BDF24900200870F5E7CC
:103DD000F149002008607047EF49002008607047F3
:103DE00010B500F00AFCED49012804D10878042838
:103DF00007D0022805D00878FFF738FF0446204690
:103E000010BDE748007802280BD001280BD04924C8
:103E100000F0D8FF0328F2D1DD48006890F88B400D
:103E2000EDE75024EBE73224E9E72DE9F047DFF82E
:103E30007493DFF85C83DC4DD9F80000DB4E40035F
:103E40004FF0000435D5FFF7CBFFD9490978052994
:103E500005D0062903D02978012903D02BE00120C1
:103E6000287028E0D8F80020D24BB2F85F1701EB99
:103E700081071968B1EB470F04DA01441960317802
:103E800011B118E02C703470CB49CC4F0B68B7F8E7
:103E900000C0634502DA184408600CE0C8480378A3
:103EA0002BB1B2F85D273A8004700C6003E02C70EF
:103EB00001E02C703470D8F8000090F87F0CC00737
:103EC00006D0C049D9F80000084201D02C703470E7
:103ED00041E638B5FFF7A9FFAD4C206890F8B00077
:103EE00080060ED500F089FB01280AD1062013F0C8
:103EF000CEFD00F054FB0546062013F0E3FD002D37
:103F00003CD0002013F0C3FDA94DAF4928780870BC
:103F1000AE48006810B100F058FC01E000F0E1FB91
:103F20002878FFF7A3FE0546206890F8B0008006C9
:103F300003D500F062FB012804D0AFF2AB11284694
:103F400000F01FFF284600F08DF801280ED1012156
:103F50006B460022084613F043FD0121084613F08A
:103F600022FD9B48007830B10EF021FDBDE83840BD
:103F7000002013F0A7BDFFF7C2FAF7E738BD10B570
:103F8000044600F018FF8248006890F8B0008006F0
:103F900003D500F032FB012802D00221012008E005
:103FA000012C03D10221012013F0D1FC4FF000417C
:103FB0000020BDE8104013F0CABC10B500F0FBFEB5
:103FC0007348006890F8B000800609D500F015FB32
:103FD00030B14FF000410020BDE8104013F0E3BCC9
:103FE00002210120F8E77B480078C00700D00120BB
:103FF000704778480078C00707D06548006890F897
:104000007C02C00701D01020704700207047604834
:10401000006890F87F0CC00706D062480088C00591
:1040200002D54FF40060704700207047694800785F
:10403000C00707D05648006890F81802C00701D0A2
:10404000042070470020704751490120096891F809
:10405000E710090603D56048407808B1032070478F
:1040600002207047524810B5007886B0801E07289D
:1040700022D2DFE800F00804210C10211400684669
:1040800000F0DDF81BE0684600F065F817E06846D0
:1040900000F020F813E06846FFF7F9FC0FE06846EF
:1040A000002413F061F901200D218DF804104B4913
:1040B0000C604B49086002E06846FFF74EFD494836
:1040C0000090684613F086F94349474A49791170D0
:1040D00006B010BD2DE9F0410446002513F044F967
:1040E000FFF77FFC060000D14025294F386890F883
:1040F0007F1CC90707D02B490988C90503D5F106DC
:1041000001D545F40065F10708D090F88700C00696
:1041100002D5FFF799FF00E007202071F1064FF06C
:1041200001000DD5A071396891F83411B0EB911FE1
:1041300001D1A07304E00222B2EB911F00D1A2735F
:10414000690600D52072290500D5E0722348066073
:104150002348056099E42DE9F0410646002513F057
:1041600003F9FFF73EFC04461A480178A143C8074B
:1041700002D0E00600D44025DFF81480012734B1D6
:10418000D8F8000090F89300000732D52EE031E017
:10419000600710007D071000C0041000D00610005A
:1041A000C4041000EC041000680710006C07100035
:1041B000E404100078071000740710006A0710006C
:1041C0006D07100000010100F0041000B40710009A
:1041D000800B1000E8041000B8071000F80410006D
:1041E000F4041000E73B0000FC041000FFF71EFF82
:1041F0000543B77444EA0500C00702D0FFF724FF67
:104200003071680700D57771E00610D50220B071D3
:104210000021B173D8F8001091F83411B7EB911F59
:1042200001D1B77303E0B0EB911F00D1B073680602
:1042300000D537721D4804601D48056025E42DE94E
:10424000F041074613F090F8FFF7CBFB0546FFF768
:10425000CAFE0446FFF7CDFE40EA0406FFF7E6FE7D
:1042600040EA06041348006890F87F0CC00705D0A8
:1042700011480088C00501D544F4006445EA0406ED
:10428000F00702D0FFF7E0FE387161074FF0010040
:1042900000D57871F10600D5B871310500D5F872F6
:1042A000024805600248046054E70000F80410006A
:1042B000F404100060071000EC04100070B5062034
:1042C00013F0E5FBD44C00250620657013F0FAFBD3
:1042D000A560E570A570BDE8704014F069BF70B5C9
:1042E000CE4E0D4601463068CB4A90F8B240D278A7
:1042F000012A2BD1042902D002290FD026E0012D5A
:1043000002D0022D05D021E090F8B50003E004466C
:104310001CE090F8BA000028F9D117E0012D02D076
:10432000022D03D004E090F8B74001E090F8BC40C3
:104330000120FFF7F1FC012808D1012D08D03068D9
:10434000022D09D090F8B400201AC4B2204670BDE6
:10435000306890F8B900F7E790F8BE00F4E770B560
:10436000AE4E0246AC4D3068042A90F8B34005D0FA
:104370002978022918D0012919D01AE0A1F10A02DE
:10438000022A05D890F8B62012B11446012009E09F
:10439000C91F022905D890F8BB0010B104460220BD
:1043A00000E00020287013E090F8BD4001E090F894
:1043B000B8400020FFF7B0FC012809D12878022876
:1043C00008D00128306809D090F8B400201AC4B28F
:1043D000204670BD306890F8BE00F7E790F8B9004D
:1043E000F4E770B58D4E306890F8B24014F0E0FEFE
:1043F000894DE878012817D1306890F8B000400660
:1044000005D5874829780078FFF769FF04462878A2
:10441000022803D183480088000405D50220E870F3
:104420008149204614F0A1FEBDE870400221012020
:1044300013F08DBA2DE9F04178484FF0010700687C
:1044400090F8B38090F8B000810601D577490F70DD
:10445000714EB17800292DD0810622D5704D4006CD
:104460001DD52878042801D0002115E014F007FE9E
:10447000044614F009FE0021C82014F0E3FD44F6C0
:104480002060001B4FF47A7190FBF1F081B2A4F52B
:104490007F40FF3803D02878FFF761FF80462878F7
:1044A000307114F085FEF7704046BDE8F0415E497A
:1044B00014F05BBEBDE8F08110B514F079FE0B205E
:1044C00000F09EF84FF0E0214FF400600024C1F8A6
:1044D0000001062013F0DBFA4F484470BDE810409D
:1044E000062013F0EFBA70B54FF0E0214FF40060F2
:1044F0000025C1F880010B2000F082F814F058FE6E
:10450000062013F0C4FA444C06206570A57013F021
:10451000D9FAA560BDE870404FF00041002013F0CB
:1045200042BA2DE9F0413D484149006890F88800C1
:1045300000F027FC062013F0AAFA374C0620657815
:1045400013F0C0FA002645B1FFF781FB28B1062021
:1045500013F09DFA0320A06013E0A0680028A9D101
:10456000062013F094FA01276770062013F0AAFAC8
:10457000A06840B1401EA060012D9BD1062013F021
:1045800086FA667005E0002D94D1062013F07FFABC
:104590006770BDE8F041062013F094BA8AE71E491F
:1045A000886820B1401E886001D101204870487899
:1045B000704770B5194D0024286890F8B000810646
:1045C0001748007807D51B49097821B1042801D084
:1045D000022800D1012408280BD000F0F3FB0328A7
:1045E00007D01548407828B1286890F8E700000601
:1045F00000D500240848847070BD07488078704753
:1046000000F01F02012191404009800000F1E020EC
:10461000C0F8801270470000C4041000600710004A
:10462000E4041000EC041000934300007E07100027
:10463000413D00007D071000B807100070B500F084
:10464000D6FA05460CF0A3FA40EA050400F0BAFBDE
:1046500010B96E48007800B101246D480078400719
:1046600000D50124204670BD6A49002008707047BB
:1046700010B500F0C2FA6749002048606649022080
:10468000087010BD10B500F0B8FA6249002048600B
:104690006149042008706149012008706049087070
:1046A00010BD10B500F0A3FA5A49087000F0A5FA41
:1046B000594C0520207000F085FB032801D106200D
:1046C000207010BD534900204860704751490020B8
:1046D000486070474F49002048604F4901200870EA
:1046E00070472DE9F0414C4E4A4C3078022820D0DA
:1046F00000274C4D042804D0052828D0062859D17D
:104700003BE0FFF79BFF012846D06068401C6060DB
:1047100000F074F801284DD12868616890F8910084
:10472000401C00EB8000B1EB400F43D9FFF7A0FF26
:1047300040E0FFF783FF012806D06068401C6060FE
:1047400000F05CF8012835D0FFF79CFF32E000F064
:104750004EFA05460CF01BFA054300F033FB032824
:1047600004D00DB1207818B1257023E00125F9E7B8
:1047700025700620676030701CE00CF008FA58B90C
:1047800000F020FB032807D06068401C606000F048
:1047900035F8012802D00DE067600BE028686168F9
:1047A00090F89200401C00EB8000B1EB400F01D963
:1047B000FFF777FF16480088C00404D53078BDE8BD
:1047C000F0410DF0C7BBBDE8F08100F4787151EA0B
:1047D000C072114901D0042002E0420702D5022034
:1047E00008707047020701D50520F9E7C20601D518
:1047F0000620F5E70005F4D50820F1E70948006830
:1048000090F88700C00700D0012070476C071000A7
:10481000EC041000D0041000E4041000BE071000E7
:10482000BF0710006007100070B500240476012354
:1048300003704470FF4A8370C4701268B2F82B533F
:104840008580B2F82B53C580B2F82F534581FA4DBD
:104850002D784DB1B2F82D538580B2F82D53C58017
:10486000B2F83B53458109E0F44D2D7E35B1B2F8E5
:104870008D538580B2F88F5345810376B2F82D535E
:104880000581B2F83B538581ED4D2D78052D09D179
:10489000B2F828534581B2F82853B2F83B63B542C9
:1048A00000D9858192F833538573C37392F83453DA
:1048B000057492F83453C57492F81753057592F83D
:1048C00041534575847592F83223C27543748174DF
:1048D00070BD2DE9F04F1746924683460E460A46B4
:1048E00093B00120002114F0F8FEB0F1010841F16D
:1048F000FF39314602A8FFF797FFD24C00252079F7
:1049000040B97F2332465946CF48009710F060FFE8
:10491000AA466570CC4A3346594602F1880010F029
:1049200030FFC448006890F82A03000600D5C7B1DC
:104930006570C749A570E5700978C4488E4200D1FA
:10494000C448C14974002246883114F02FFFBE4884
:1049500022465946443014F029FF13B05046BDE8B2
:10496000F08F6078CDE90C05A078CDE90E05E078F0
:10497000CDE910050CA80B900EA8099010A8B2491B
:104980000A90883102AA0846CDE900890AF0E0FDC4
:104990000B980078607009980078A0700A980078E9
:1049A000E070DAE72DE9F05F002974D0002872D0BA
:1049B0000025A94AAA46A946AB462226127801F04C
:1049C0009DFE9C4AAE46DFF894821368714661F3FF
:1049D0000704B3F88FCDA24A404661F30F2400BF0D
:1049E00032F91170674506DD874204DD384661F310
:1049F00007044FF00109491CB142F1DB994F102621
:104A0000584600BF37F91010614508DD32F9101023
:104A1000414504DD884660F30F244FF0010A401C35
:104A2000B042EFDBBAF1000F11D0B9F1000F0ED098
:104A300093F8910D0125E1B2814207D3202905D8D1
:104A4000C4F30721814201D30E2900D90025864AEB
:104A50008648874E117801708648012435B114705C
:104A600071B9B3F8921D0180347009E082F800E05A
:104A700061B1317821B1018811B1B3F8941D018081
:104A800000F099F90221012012F061FF72480470D0
:104A9000794880F84840BDE8F09F2DE9F05F0600B6
:104AA00073D0684C0025664FE571AA463878A94650
:104AB0004FF00108022803D0032801D005287CD13B
:104AC000DFF870B1DBF8001091F80717C90708D0BC
:104AD000052806D1A07920B105F0C4FB08B184F8FF
:104AE0000480B4F908503046A2792946FFF7F1FE58
:104AF000A071DBF8000090F89300800704D53046E1
:104B0000294600F084F88246DBF800304B484E4ED0
:104B1000B3F995208836007E002108B1B3F91A2137
:104B200000200CE036F910C0944506DD93F894C0DF
:104B3000491C8C4501DC454604E0401CC0B2A8423B
:104B4000F0DB4D46387805280BD13DB905F08AFBDE
:104B500020B105F087FBFFF787FD2EE06079012883
:104B600009D055B33878022810D003280ED025B3C9
:104B7000052815D028E084F8059084F80490FFF704
:104B800073FD05F073FB0125ECE72FE03B48257131
:104B900084F807800068C0B90120FFF7F0F914E03D
:104BA000207968B9BAF1000F0AD1257100F003F934
:104BB0000221012012F0CBFE07E03878052803D14E
:104BC00014F064FF01280ED025712D480088C00420
:104BD0000CD53878052809D12079002806D1BDE800
:104BE000F05F0DF0BCB884F80480D5E753E71548B2
:104BF000007970471349487170471248002101221B
:104C0000017082712222028101717047F5E72DE95E
:104C1000F041084C07460E462068002590F89B207E
:104C20000948883010F08FFD02000648294658D008
:104C3000012527E060071000730610006838100097
:104C4000E4041000D804100030190120B62C012013
:104C5000D10610008A2C0120850710000080FFFF7C
:104C6000521D0120261D0120870710008807100013
:104C700084071000820710005C531000B407100076
:104C8000EC0410000278521CD2B20270236893F830
:104C90009C30934226D20170760032463946134842
:104CA00014F084FD114832463946443014F07EFD3C
:104CB0002068032690F87C02C00700D00B26FBF783
:104CC0009DFB0B48016831430160FBF795FB2021F8
:104CD00005200EF077F94FF48071002012F037FEB6
:104CE00000E001702846BDE8F08100003019012085
:104CF0008C071000314C08B5002060600121A060D5
:104D000021706070FFF782FFFFF766F8FFF7DEFCA7
:104D10002B48006890F80807C00703D0A06840F44B
:104D20008050A0606B460022DE21012012F058FE68
:104D30000098410703D5FEF79CFD04211DE0010703
:104D400003D5FEF779F9082117E0C10603D5FEF770
:104D50002DFC102111E0410601D540210DE0810715
:104D600006D50221012012F01EFEFFF7B2F8D9E7A6
:104D70000006D7D5FEF7F8FC8021012012F013FEC3
:104D8000D0E702460E4830B400684FF6FF7390F843
:104D90008700040702EB820003EA400008D5074BB6
:104DA0001B78052B04D0062B02D00A2A00DB90B218
:104DB00030BC14F025BA14F046BA0000E404100028
:104DC00060071000FE4800787047FD49012801D0B7
:104DD000032800D1087070472DE9F04F0646F948C6
:104DE00099B0002500680C464FF0010890F8530D6B
:104DF000A946401CC7B24FF6FF7017904FF0004B0A
:104E00006FF0004A1695159550211495684614F0D8
:104E10006EFD00206A46A4EB080310E004FB00F1DD
:104E200006EB410E169907E052F820803EF911C0BA
:104E3000491CC44442F820C08B42F5DC401CB842F7
:104E4000ECDB00200DE000BF5DF82010594502DDCD
:104E5000C2B28B461592514502DA8A46C1B214910C
:104E6000401CB842F0DB15984FF0010B0BFA00F232
:104E700017989043149A0BFA02F120EA010A502184
:104E8000684614F034FD47F6FF7800226FEA080EFA
:104E900023E000BF0BFA02F010EA0A0F1CD000203A
:104EA000694613E004FB020C51F8203036F91CC0AF
:104EB000634441F82030B3F5004F02DB41F8208015
:104EC00003E0734501DA41F820E0401CA042E9DB31
:104ED00009F1010000F0FF09521CBA42DADB0020A0
:104EE000694606E051F8203093FBF9F226F81020CD
:104EF000401CA042F6DBB3480023002C006890F869
:104F0000932C184616DD4FF40047714690420EDC94
:104F100036F910C06544BD4204DB454607E09842BF
:104F2000F4DA04E08D4201DA0D4600E02DB2401CB7
:104F3000A042F4DB19B02846BDE8F08FF0B54B1E57
:104F4000A14C10E000220BE004EB420734F91250B0
:104F5000B7F90260B54202DD24F812607D80521C70
:104F60009A42F1DB5B1E8342ECDC01EBD170411015
:104F70009448006890F8712DA1EB5200C0B211184E
:104F8000CBB2002104E000BF34F91050401C29448A
:104F90009842F9DB91FBF2F000B2F0BD10B5282188
:104FA0008A4814F082FC864800218181C1810182F7
:104FB000417010BDF0B5824A4FF0000C6546B2F961
:104FC0000C606446674620F816109189491C09B2A6
:104FD0009181142900DB97815178DFF8E8E111B164
:104FE00001291CD048E0D169012945D95FF00001B1
:104FF00030F911301D4400EB4103491CB3F9143062
:105000000A291C44F4D3281B00D54042DEF80010C6
:10501000B1F8281D88422FDD012050702CE047F6A2
:10502000FF76F4435FF0000530F91510B14200DA65
:105030000E46A14200DD0C466D1C142DF4D3DEF8A3
:105040000000A11BB0F82A5DA94214DAB0F8301DA7
:10505000A14210DDB0F8321D99420CDDD189491C06
:1050600009B2D18190F82C0D884205DAD7815770AA
:105070004FF0010C00E0D7816046F0BD2DE9FF4FF5
:1050800091B09B4617460E460320DDF87C8012F057
:10509000FEFC4C484FF0000AADF834A00168DFF880
:1050A0002091554691F8730D020900F00F040C92FF
:1050B00091F85E0D0690B9F91400002816DC99F8F5
:1050C00006204846002A79D1B8F1000F77D191F82F
:1050D0007C1D8182A6F800A080F805A03C49C18211
:1050E000490C0183B9F91400002875DDB8F1000FEF
:1050F00012D0344899F805300268484692F88D1D60
:10510000994209D8417192F87C2D511A8182304917
:10511000C182490CA9F81810042F01D0022F5BD1CD
:1051200006991198FFF758FE274B99F80520494634
:1051300023F81200B9F91630984200DDC882B1F99F
:105140001830984200DA0883DFF878C0DCF80000F5
:1051500090F87C3DA3F10108904551D190F88D0D58
:105160001946FFF7EBFEB6F90010091A00D54942BF
:10517000154A283A5183B6F90010091A00D5494258
:10518000104A1268B2F8962C914236DD3080002227
:10519000C84699F80510A2200EF0D9F80D480A4922
:1051A00001223C390270A1F802A0A1F80AA0A1F8DE
:1051B00006A0A1F804A0A1F808A00EE047E085E051
:1051C00000051000600710003A1A0120661B01203C
:1051D0000080FFFFC007100036E0FE48006890F82E
:1051E000730D00F00F03A8F808300109A8F80A10A1
:1051F00098F8060008B188F8062089F805A016E09E
:105200008C46897999B990F88D1D481E90420ED12F
:105210000020FFF793FEF0493080012008708CF8E1
:10522000060000229CF80510A1200EF090F8B9F8B5
:105230001410EA48491EA9F8141099F80510491CE1
:10524000C9B289F80510018399F80600F0B3E24964
:105250000020DFF888A30A7805920870DD49AAF1DA
:10526000140A0968B1F87D2DBAF906108A4202DAEB
:10527000042401210C91B9F908204946A24205DA1B
:10528000B1F90A300C9A934200DA0120059A0C8198
:105290000C99A9F80A1040EA020806991198FFF73C
:1052A0009BFDADF83400CD48234601220DA91438EA
:1052B000CDF8008010F072FAC848B6F90010143822
:1052C000B0F90000081AB0F5004F00E005E01FDB60
:1052D000C24947F6FF70143921E0BF49BD4881F843
:1052E00000A0BE491439A1F802A0A1F80AA0A1F8B3
:1052F00006A0A1F804A0A1F808A0006890F8731D0A
:1053000001F00F02A9F808200909A9F80A10EAE03B
:10531000B249B34A1439904201DA4A8000E0488029
:10532000AC48016891F8720D80077CD5AD48DFF874
:10533000B8A2026802929AF80000C0EB001302EBD8
:1053400043020B92B1F9853D0993FF230893002393
:10535000ADF818301C46430884460A9311E01E9AA3
:10536000B1F8873D32F910209A420ADDAA4200DDE9
:105370001546224447F6FF739A4200DA14B2C2B2CD
:105380000892401EEBD291F836006146400713D4D4
:10539000029810F036FA8246934801780B9810F084
:1053A00030FA062F03D1BBF900A0BBF91E000A9A00
:1053B0000899914213D343E00B9810F022FA8246E9
:1053C00089480178029810F01CFA062F03D1BBF926
:1053D0001EA0BBF900000A9A0899914230D97D4974
:1053E0000968B1F8872DAA420DDAB1F8892D524526
:1053F00001DB824207DA91F88B0D6043642290FB57
:10540000F2F0ADF81800B1F9770D0990BDF9181058
:105410000998814201DDADF8180070480F23012280
:1054200006A90A3800E01EE0CDF8008010F0B6F9B9
:105430006A48143842884189521A4280818016E0B5
:1054400064480068B0F8871DA942DFDAB0F8892DFA
:105450005245DBDAB0F8790D6043642190FBF1F03E
:10546000ADF81800D2E75D490020143988805B4C04
:10547000DFF860A1143CB4F90210E180DAF8000012
:1054800090F88E0D800712D52B46B4F9042004F550
:10549000B470FFF78FFD50B10025E5802088308083
:1054A000282104F5B47014F000FAA9F80C50062F66
:1054B0000AD1B4F90200002806DDDAF8001091F8EC
:1054C0002F1D401A6080E080059818B1FFF766FD37
:1054D0000020E0804149CDF800800E390122881C6F
:1054E0000C9B10F05BF93D48BDF834104C46018030
:1054F000A0F114010A884280328882804A88C280E2
:105500008A880281B9F81420428199F805208281A5
:105510000989C181032012F0D5FAA07915B00BE5F5
:1055200000233AB102788A4202D2521C027003E090
:10553000012301E000210170184670470843274B02
:1055400030B41043A3F105032849A3F1030218D096
:10555000204C1879246894F8A25CA84203D2401C1D
:10556000187130BC7047C86940F00800C86194F8F1
:10557000A30C507088780428F3D00420887001466A
:1055800013E000241C7150780028EAD08B78052B9A
:10559000E7D0002BE5D0401E10F0FF005070E0D1A6
:1055A00005208870CC610C71014630BC6A200DF07A
:1055B0000FBD2DE9F05F9346064A8A460025116823
:1055C00040EA0A032E4691F89FCC91F8A07C53EA5A
:1055D0000B030DE060071000C0071000121A012035
:1055E0000080FFFFF4061000D20610000005100036
:1055F000DFF8F483FD4C29D023792BB10CF10A0C90
:105600007F1D0CF0FF0CFFB291460246F64891F860
:105610009E1CC01CFFF784FF08B101252E46614681
:10562000DFF8C4C352460CF1030C0CF10100FFF784
:1056300077FF08B102252E465A4639460CF1020082
:10564000FFF76EFF10B30325042621E0E6480C386F
:105650000021C0F80F10C17498F801205AB1A37846
:10566000002B27D0521E12F0FF0288F8012021D112
:10567000A570E16108E0A278052A1BD1E269002A41
:1056800018D188F80110A17021710EE0002D11D001
:10569000D9F8000090F8A11C88F80110E0693042A8
:1056A00008D1A57030432946E061BDE8F05F6A206B
:1056B0000DF08EBCBDE8F09F2DE9F043CE4ECC4BF3
:1056C00081460025367801202C461B68C94F761E7E
:1056D0000CE000BF37F910C032F91080ACEB080CB9
:1056E000B3F8B18CC44500DD6D1C401CB042F1DB49
:1056F000B3F8B42C012000BF31F91060964200DDF0
:10570000641C401C0F28F7DB93F8B30CA84206DAA0
:1057100093F8B60CA04202DA012189F80010BDE826
:10572000F0832DE9FF4F99B00E46DDF8988004F024
:105730000EFA15900020AE4D109011902868AE4FD3
:10574000B0F8B90C0F9000200D90179004900390C2
:105750000E9008900C9009900B908DF848008246AE
:10576000044683463978404610F062F829680246BC
:10577000B1F8BB0C824202DAB1F8BD0C0F909E4D1D
:1057800041469E482A7800F08CFA9D4A29789B4829
:1057900000F00AFB9A491022087698481C9918389C
:1057A00000F07FFA9548974A1021183800F0FCFA6B
:1057B000944900270876159800F580587EE001206E
:1057C000D8F8F41AB840014277D07320159978437D
:1057D00001EB800999F87901001F05286DD2844DED
:1057E00099F85C00296891F8921C884217D8D9F87A
:1057F000C401401CC9F8C4010C99491C0C91B9F8AA
:1058000044200D9911440D914FF4FA61884201D959
:10581000C9F8C41199F87A01042804D005E00020E1
:10582000C9F8C401F6E7012011902968D9F8C4012C
:1058300091F8BF1C884201D901200990494609F519
:10584000E0700FF014F801462868B0F8C00C40432F
:10585000814201DD01200E90B9F844001799884279
:1058600000D9179004990AF1010A08440490012311
:10587000002214A909F118000FF035F82A68B9F9C7
:105880001A10B2F8C30C814208DDB2F83720101AA2
:10589000884203DD0B98401C00B20B9099F85C50D5
:1058A00099F85D9007E02A460120002113F015FFCA
:1058B00004436D1CEDB2A945F5D27F1C98F9000B8D
:1058C000B842BFF67CAF4C4800254FF0010890F875
:1058D0000090474807681EE04648279930F91500B0
:1058E00031F91510401AB7F8C81C884212DD2A4653
:1058F0000120002113F0F1FE039A40EA0B0B114343
:1059000008FA05F020400391000003D10898401CDC
:1059100000B208906D1C4D45DEDBB7F89C1C049866
:10592000334C324D814234DB1B990C98884230DC79
:10593000119801282DD03248007E012803D031492A
:10594000097E012905D12F49097E00FB01F252454C
:105950001FDBB5F912200F998A4201DD012818D00A
:105960001998002800DA4042B7F8C61C884216DDB4
:1059700012AB4A465846039904F0FEF901462068E6
:1059800090F8CA2C91420AD990F8CB1C0898814211
:1059900005DA86F80080287F400714D420E0287FAD
:1059A000400710D4BAF1010F1AD120680D9990F870
:1059B000B80C884214DD0E98012801D0099878B9F6
:1059C000012010900CE03046279A1C99FFF774FED6
:1059D000206890F8C21C0B98814201DA86F800809A
:1059E00010981DB0BDE8F08F0A1A012000051000C4
:1059F0006007100038750120D2061000B01B01208E
:105A0000100C1000D00B10008848C0787047084375
:105A10008649104300D00120C87070472DE9FF4F20
:105A200085B00024824F06468DF810408DF808405E
:105A30008DF80C403868DFF8FCA1DDF850C090F814
:105A4000B02CAAF81010794DAAF812C0AAF1140BC4
:105A50004FF0010901B3BCF1000F24D095F802808A
:105A6000BBF90810B0F996CCB0F9983CB8F1000F2A
:105A700009D090F89A8C90F89B0CACEB080C181A93
:105A80000FFA8CFC03B2614501DD8DF80C90994250
:105A900009DD8DF8089006E002A903A800F07CF863
:105AA000386890F8A82C9DF80C10AAF814109DF8EE
:105AB0000810AAF81610386890F88E0DC00701D0AB
:105AC000062E27D0DDE91201CDE9000104A9BBF9BA
:105AD0000800089BFFF725FE297F890704D418B129
:105AE00085F804908DF808409DF810209DF8081066
:105AF0009DF80C00FFF78BFF052E11D0062E0FD05E
:105B00009DF810209DF808109DF80C00FFF751FD3E
:105B100009B067E704A8139A0899FFF7CDFDE3E7FA
:105B20009DF810209DF808109DF80C00FFF706FD69
:105B300007980028ECD1A8780528E9D104F007F8E7
:105B4000024600F58050FF2180F8001BC0F8F44A9F
:105B500041F60831104613F0CAFED9E770B5354852
:105B600000250838314C058085700C38C0F80F507E
:105B7000C5742570E5612571A07848B12E4800787C
:105B8000052807D0062805D000216A200DF020FA4C
:105B9000A57070BD0521F8E72DE9F35F834603F09A
:105BA000D6FF0024DFF8889000F580552346214673
:105BB000012295F9007BD9F8006020E0D5F8F4CAFD
:105BC00002FA01F81CEA080F18D04FF0730C01FB21
:105BD0000CFC00EB8C0A9AF879C1ACF1040CBCF116
:105BE000050F0BD29AF85CC096F8928CC44502D887
:105BF000BAF844C06344BAF844C06444491C8F42B4
:105C0000DCDA96F8A51C994201DA8BF80020D9F865
:105C1000000090F8A61C994203DB90F8A70CA04264
:105C200001DA01980270BDE8FC9F00000005100039
:105C300060071000121A0120D006100010B5402194
:105C4000FE4813F054FEFD484021403013F04FFE53
:105C5000FA4800218030C0E90011C0E9021110307B
:105C6000C0E90011C0E902111030C0E90011C0E91B
:105C700002110846F24908601021F24813F015FE9F
:105C8000F0482221163013F010FEEE481021383073
:105C900013F00BFEEB482221BDE810404E3013F00C
:105CA00004BE2DE9F74F94B00C46154624216846F2
:105CB00013F01DFE242109A813F019FEE248E34960
:105CC0004FF0000A00680978B0F8B262B0F8AE721E
:105CD00019B1B0F89662B0F892722946149813F090
:105CE000E4FD00204FF0CF0E4FF0010BE8460DF120
:105CF000240947E034F91010B94236DD4FF0010AAB
:105D000008F800B0411C0EE034F9103034F91120CD
:105D10005AB1B3EB020C08D5D21AB24202DD08F830
:105D200000E002E0491CA942EEDB09F800B0CDF822
:105D300048B0411E14D434F9102000BF34F911309A
:105D400058B153B1B2EB030C07D59B1AB34202DD35
:105D500009F800E01CE0491EF0D51299CF2917D0B0
:105D600018F80010CF2917D004E0002108F800101F
:105D700009F8001019F8002018F800100A431499C7
:105D80000A54401CA842B5DB17B05046BDE8F08F5E
:105D900018F80010CF2903D0149A02F800B0F0E7E9
:105DA000149A02F800E0ECE72DE9F04706460020DF
:105DB000034604468D1EDFF8909267E0375D012FA1
:105DC00002D0012B34D060E03BBBE3B202F81030CC
:105DD000002719E088B102EB400CA3F101081CF880
:105DE00001CC0CF1010CC4450DDA06EB030C1CF8D8
:105DF00001CCBCF1CF0F02D105E0012B03D45B1E17
:105E0000DBB202F810307F1CD9F800C09CF8ADC29C
:105E1000CCF3410CBC45DDDC01234F1EBC4234D128
:105E2000012B32D102EB4007401C7C70C0B22CE049
:105E3000631E02EB400ADBB28AF80130002717E04C
:105E400006EB030C9CF80180B8F1000F06D19CF81A
:105E500002C0BCF1000F01D1AB4204DBAB4206D162
:105E6000B8F1000F03D15B1CDBB28AF801307F1C54
:105E7000D9F800C09CF8ADC2CCF3410CBC45DFDCC6
:105E8000401C0023C0B2052802D8641C8C4295DB5C
:105E9000BDE8F0872DE9FE4F06460F46D2E9001017
:105EA000CDE900109B469146DDF834A03446B84653
:105EB00000253BE02A460120002113F00EFC864617
:105EC0000A463040394002908C4608430BD1DDE948
:105ED00000130EEA010002EA0301084303D00C9804
:105EE000012141550BE0029850EA0C0004D00C99B6
:105EF000002048550BF805000C98405DA8B11BF830
:105F000005005149401CC0B20BF80500096891F822
:105F10007712884204D24EEA040442EA080804E0F8
:105F200000200BF805000C9948556D1C5545C1DB48
:105F3000C9E900672046414603B027E72DE9F04153
:105F4000414F3E4D86B0386805F1A005A5F120040B
:105F500090F8561204F1100609074CD53C490A780E
:105F60000AB94A78F2B33B4A1278012A02D0B0F853
:105F7000682201E0B0F86E2289780FFA82F831B118
:105F8000B0F96C122D480122A03000F0BDF80122BA
:105F9000414602A800F0B8F8386890F85602C006EA
:105FA00002D52A48007830B10DF1080898E80F00B2
:105FB00084E80F002DE0234810213830CDE900019E
:105FC0001E4ADDE902011F4BB032FFF763FFC4E94F
:105FD00000011C4822214E30CDE90001A0F1380318
:105FE000164A00E007E0DDE90401B832FFF752FF8E
:105FF000C4E902010DE04FF0FF30C6E90000C6E938
:106000000200C4E90000C4E90200C5E90000C5E9D6
:10601000020011480078002824D0386890F845071D
:1060200040071FD54FF0FF30C6E90000C6E9020067
:10603000C4E90000C4E9020010E00000D00B100029
:1060400020051000D61B012060071000400510003D
:10605000683810002E05100074061000C5E9000015
:10606000C5E9020006B0BDE8F0812DE9FF5F1546E5
:10607000039991F85A10012909D022494FF0000ADA
:106080008B46A97813F035FD8146A87828E01D4994
:106090002031F3E72C781CE019F8041001988142B4
:1060A00016D10122DBF8000002FA08F210400000CD
:1060B00024D0DBE9026722460120002113F00DFB0A
:1060C00006400F403E4319D00AF101001FFA80FA42
:1060D000641C6878A042DFDA09F1240908F10100A4
:1060E000E97880464145D5DA03995FEA0A00A1F8CC
:1060F0003AA000D0012004B0BDE8F09F002009F8CC
:106100000400E5E7500C10002DE9F0410446FF487B
:10611000FF4E174600788846012817D04FF0FF3011
:10612000C4E90000FB4804F108050078012815D0F7
:106130004FF0FF30C4E90200002F18D0204613F0C2
:10614000B1FC2846BDE8F04113F0ACBC0A4623463A
:106150001021F14800F05BFBF071E3E7EE482B46BD
:10616000424622212C3000F052FBB071E4E7BDE83A
:10617000F08110B500230376012202704370E749D5
:106180008270C3700968B1F835438480B1F8354333
:10619000C480B1F839434481E14C247844B1B1F86A
:1061A00037438480B1F83743C480B1F83B4344811E
:1061B000B1F837430481B1F83B43848191F83F4300
:1061C0008473C27391F84043047491F84043C474DB
:1061D00091F81743047591F841434475837591F81C
:1061E0003E13C17542742221817410BDF0B5CB4AB3
:1061F00000252B4612682C4692F8466331F914208C
:10620000002A01DB174600E05742B74203DA2A446E
:106210005B1C15B21BB2641C102CEFDB002B0BD0E7
:1062200095FBF3F213B2002231F81240E41A20F881
:106230001240521C102AF7DBF0BD2DE9F041B74B9C
:10624000002790461B680C46064693F846C33A461C
:1062500038460125394600BF34F911309C4505DD2B
:106260003B4400F101001FB200B203E002DA02F188
:10627000010212B201F101011029EDDB11460EF00D
:10628000F3F800B240450DD197FBF0F0002500B2C5
:106290004FEA050234F81210091A26F81210521C9F
:1062A000102AF7DB284662E72DE9F00F9B4982466A
:1062B000DDE909400968089E914691F889174FF079
:1062C000000B01F0030C012801D0002237E0002070
:1062D0000CE000BF04FB00F103EB4102DAF80050D0
:1062E0001560BAF80410401C918000B26045F1DBE3
:1062F000A6F800B0BDE8F00F704700BF3AF91200F1
:10630000B6F900500146002712E000BF04FB052843
:1063100033F91880884500DA4146804500DD404663
:10632000002D02DD6D1E2DB200E002257F1C3FB264
:106330006745EBDB401A29F81200521C12B2A24248
:10634000DCDB47F6FF71002007E000BF39F91020C1
:106350008A4200DA1146401C00B2A042F6DB00205F
:1063600007E000BF39F81020521A29F81020401C0D
:1063700000B2A042F6DBB6F90000022802DA401CA7
:10638000308001E0A6F800B0B6F90000620060437A
:106390005146BDE8F00F03EB400013F007BA70B5AB
:1063A000002B13D15D4B5F4D1C686D79B4F88737B6
:1063B000012D01D1B4F88A3794F8865703FB03F313
:1063C000AE07594D2D6802D5AB420DDC70BDAB4216
:1063D000FCDD564B5B783BB9554B1B78002BF5D059
:1063E00094F845375B07F1D5002309E030F91350E5
:1063F00031F91340A54201DA20F813405B1C1BB2AF
:106400009342F3DB70BD2DE9FF4F95B0404C4FF048
:106410000008DDF890C0E17A22989B464FF6FF769F
:106420004746012571B10121E172217B01B10120B3
:10643000207303A8FFF79DFE3E48DFF8F0A0007828
:1064400010B104E00146EFE79AF8010008B9E07ADC
:1064500000B101274FF00009BCF1000F70D0207B84
:10646000009035482222169903682B48B4380FF063
:1064700095F9207B08B184F80190274984F80C90A5
:10648000B43922235A4601F170000FF07AF9DFF88F
:106490008CB0DBF8000090F82A03000720D5617863
:1064A000CDE90E19E178CDE9101961790EA80C90AB
:1064B00010A8CDE912190A9012A80B901649CDE93F
:1064C0000068443903AA084609F042F80C9800789D
:1064D00060700A980078E0700B980078607105E0B1
:1064E0000D4944224439154813F060F9DBF80010D7
:1064F00091F88607C2073CD09AF8012012BB0C4ADB
:106500001278EAB191F8451749071AE0D806100049
:1065100024051000D7061000261D0120600710007A
:1065200073061000683810000C071000B807100040
:1065300074061000F70710009C061000B62C01200E
:1065400017E016D5400701D5C84800E0169822216B
:10655000C74ACDE90021C74B029703F1F802C649AB
:10656000FFF7A2FEC349237B2222F831BF48FFF781
:1065700016FF239800287DD0E07A0090BF481022B3
:1065800015990368B9489C380FF008F9E07A08B10A
:1065900084F80090B54984F80B909C39CB461023C1
:1065A00001F17000179A0FF0ECF8DFF8D492D9F8E7
:1065B000000090F82A03C00718D0B248AB494FF04A
:1065C00010020078A1F12C010028084603D0FFF743
:1065D0000DFE00250AE0FFF730FE0546012805D133
:1065E000A24920222C39A84813F0E0F8D9F800007D
:1065F00090F82A03000701D5012D0FD09B492022D6
:106600002C39A14813F0D2F8D9F8001091F8860778
:10661000C20756D09AF801206ABB30E02178CDE954
:106620000E1BA178CDE9101B21790EA80C9010A8A3
:106630000A9012A8CDE9121B0B9010208DF81E00B5
:10664000D9F8000003AA90F844138DF81C1090F8B4
:1066500045038649CDE900688DF821002C390846AC
:1066600008F076FF0C98007820700A980078A070E7
:106670000B9801E025E009E000782071C4E7834A27
:106680001278F2B191F8451749071AD5400702D59B
:1066900076482C3800E01598754A1021921ECDE9F5
:1066A0000021744B0297843B03F5A8727849FFF7E9
:1066B000FBFD70496D48E37A1022CC312C38FFF78E
:1066C0006EFE74489AF80110017019B0BDE8F08FA1
:1066D00070B5674C7049103C0025A5720120087008
:1066E0006748257265720068B0F860026082E572E2
:1066F000257300F0ADF86561A56170BD2DE9F74F18
:1067000065495B4C84B091F800900020103C087003
:10671000DFF888A1DFF888B160729AF800709BF802
:106720000060E0719046A07100F092F8544DB8F10D
:10673000000F3BD1032011F0AAF9CDF80090CDE96C
:106740000176DDE904014C4B514AFFF75CFE4FF046
:1067500001083FB1454920222C3901F1700013F0A6
:1067600025F801E084F80780DEB1286890F8470337
:10677000C00702D04B48007E38B13C49442201F1A9
:10678000700000BF13F012F80DE038492223464A8A
:1067900001F1700000F043FA34494422703133486B
:1067A000F0E784F80680032011F08CF93F48407828
:1067B000C8B1A07A012816D02868B0F962126182A7
:1067C0009AF800009BF8002056465F4610431AD006
:1067D000284D0122943D2846FFF796FCD5E900019B
:1067E000084307D103E02868B0F96012E7E7307882
:1067F000012806D1D5E90201084306D138780128DD
:1068000003D00020207207B060E70120FAE72DE9ED
:10681000F0471D464FF00008C5E9008891468246C2
:106820000C4610E03AF9141049450CDDD5E9006733
:106830004FF0010822464046002112F04EFF064369
:106840000F43C5E90067641EECD24046BDE8F087FF
:10685000084800219438C0E90011C0E90211084637
:10686000134908761349087670470000E21C01209E
:1068700034051000240D1000387501209C0610000E
:1068800060071000810710008A2C01207406100098
:106890000C750120F7071000BF071000D806100084
:1068A000D706100068381000AA230120B80710008E
:1068B000D00B1000100C10007B480021C170027832
:1068C000002A0ED18278794B521CD2B282701B689A
:1068D00093F88E3203F00F03934202D2012202702A
:1068E000817070477048002181700278002A0CD0B6
:1068F000C2786E4B521CD2B2C2701B6893F88E32B3
:10690000B2EB131F01D90170C170704710B5664C0E
:1069100020786178884202D000210CF09EFC20781B
:10692000607010BD2DE9F0479946614B1B68B3F8C4
:106930005032B3F5087F44D15C4B5E4E00241B6897
:1069400096F811C0584DB3F97E7293F88282BCF16B
:10695000010F0BD0F67C012E08D02D781DB1B3F9B4
:10696000807293F8A1824FF0000C1EE00020287086
:10697000E87026E0002510E030F9153031F9156097
:10698000002B00DA5B42BB4206DD002E00DA7642C5
:10699000BE4201DD641CA4B26D1C9542ECDB00EB31
:1069A000420001EB42010CF1010CCC45E2DB424814
:1069B000444580F8284002DDFFF77EFF01E0FFF745
:1069C00091FFBDE8F047A1E72DE9F047374CDFF82C
:1069D000D8809A4627689146DDE90832002598F864
:1069E0000080B7F97E4297F882C22E46B8F1000FB8
:1069F00003D0B7F9804297F8A1C22D4F3F68B7F88E
:106A00005072B7F5087F11D030E000BF30F9137035
:106A1000002F00DA7F42A74208DD31F91370002F02
:106A200000DA7F42A74201DD761CB6B25B1EEDD2D2
:106A3000664500DD0125002010E000BF39F9121085
:106A4000002900DA4942A14208DD3AF91210002972
:106A500000DA4942A14201DD401C80B2521EEDD253
:106A600015B1FFF729FF01E0FFF73CFFBDE8F04754
:106A70004CE70D4810B54178017000218170C1705C
:106A8000FFF726FEBDE81040FFF7D8B80648002102
:106A9000064A01704170126892F87C22920700D574
:106AA000012141710171704740051000600710001D
:106AB0006407100068381000A45101202DE9F04F40
:106AC0002220102102018023F94C01E024F8123029
:106AD000521EFBD2DFF8DCE34FF0640BDEF800203F
:106AE00092F8E4321B0731D5DFF8C4A302F2FA4969
:106AF000A1F1010808FB00F8B0F1010208EB020463
:106B000019F802300AEB4405DC01B4FBFBF34C1E20
:106B1000802B05DDC3F18006664396FBF1F606E0A7
:106B2000A3F1800606FB04F797FBF1F7F61BB5F916
:106B3000007080367743FE1707EB5666F6112E80FD
:106B4000A5EB4005641EE3D2521ED7D2DEF80050FA
:106B5000F14695F8E422D2062FD54B1ED44A434382
:106B600002EB43064F1E05F21E55EA5DD301B3FB4F
:106B7000FBF3421E802B05DDC3F18004544394FBDC
:106B8000F0F407E0A3F1800404FB02FC9CFBF0FCA2
:106B9000A4EB0C0436F912C080340CFB04FC4FEA61
:106BA000EC740CEB5464E41126F81240521EE1D24E
:106BB0007F1EA6EB40067A1CD7D1D9F8003093F897
:106BC000E52292061FD5BA4F002203F28F7300BF51
:106BD00002FB00F407EB44059C5CE601B6FBFBFC02
:106BE0005FF0000435F9146006FB0CF64FEAE67816
:106BF00006EB5866F61125F81460641C8442F1D344
:106C0000521C8A42E4D3BDE8F08F22208021AA4A98
:106C100002E000BF22F81010401EFBD2704730B5D2
:106C200008E000BF31F9134032F913506C43E4110E
:106C300020F813405B1EF5D230BD08B50093134613
:106C40004FF408720EF0AAFD08BD2DE9F041994DF0
:106C50009A4C286894F818E0B0F96A13B0F9AC635C
:106C6000BEF1000F01D0B0F98A63A7782FB1944A22
:106C70001278012A01D1B0F9BA13924A5278012A46
:106C800007D190F86D23114490F8AF2309B2324434
:106C900016B28D4BDFF834C21980ACF8006090F862
:106CA0006C23891A8A4ABEF1000F1180894902D0EB
:106CB00090F88CE301E090F8AEE3A6EB0E060E80B0
:106CC00094F800E0844EBEF1000F0DD096F800E07D
:106CD000BEF1000F08D0B0F898E2A3F800E090F8F9
:106CE0009A02AEEB0000108027B91888ACF80000BB
:106CF00010880880B1F90010B2F900000DF0B4FB63
:106D0000764908803178764819B12968B1F8F812C7
:106D100008E0217E0029296802D0B1F8FC1201E0C8
:106D2000B1F8F6120180BDE8F0812DE9FC5F4FF06B
:106D30000009DFF880B10D46CDF80090CDF8049041
:106D4000DBF8001092464F46B1F963834B461FE0D3
:106D500003FB0AF10FFA81FC01215446994014E02B
:106D60000CEB040230F9126000EB420232F9022C03
:106D7000B61A00D5764232B2424502DD009E0E437D
:106D80000096BA4201DD17460191641EE8D15B1CF2
:106D9000AB42DDDBDBF800005E4690F8672322B1F2
:106DA000002100980DF03BFC0090306890F86203E1
:106DB00080074FD50098B8B30421684611F038FB1E
:106DC000C1B2306890F86803884243D9401E40F34E
:106DD0004702002101980DF022FC012404FA05F17C
:106DE000491E01400191042101A811F021FB3168E5
:106DF000C0B291F86813814228D9691E04FA01F0E3
:106E00000199084211D0681E06E000BF019A04FAF9
:106E100000F11143401E0191316891F86813691A1D
:106E2000491E8142F2DB11E014E0C8070ED00020B9
:106E300007E000BF019A04FA00F11143401CC0B200
:106E40000191316891F868138142F3D8DDE90001BE
:106E50000843009000984FF6FF7480B200903168AC
:106E600091F869231F49DAB10B7873B15B1CDBB26F
:106E70000B709A4206D310B181F8009013E0486875
:106E800000900DE081F800900AE0174A12783AB1BC
:106E900030B9486820B10090D8B2401C087002E0B8
:106EA000009800B9009400984860BDE8FC9F00007D
:106EB000D21D012060071000AA23012068381000AD
:106EC000DC061000B80710009006100092061000B3
:106ED0009406100096061000400510009806100059
:106EE0009A06100048051000DD061000002101760A
:106EF0000170FE490A6892F80823C2F380124270BA
:106F00000A6892F80823D20982700A6892F8082366
:106F1000C2F38002C2700968B1F80C238280B1F814
:106F20002423C280B1F810234281F14A127842B181
:106F3000B1F80E238280B1F80E23C280B1F812237B
:106F40004281B1F80E230281B1F81223828191F8B7
:106F50001923827391F82323C27391F818230274C2
:106F600091F81623C27491F81723027591F81B2328
:106F7000427591F81A23827591F80823D20602D43B
:106F800091F8141301E091F81513C17510214174A3
:106F900022218174D74941620831C16108310162FF
:106FA000704770B5D14947F6FF750A6892F82821F5
:106FB00011E000BF02EB021400EB840493F82631C9
:106FC00003E000BF24F813505B1C0E6896F827619D
:106FD0009E42F7DA521C0B6893F829419442E9DA91
:106FE00070BDF0B4C14B0024196891F8282110E05D
:106FF00002EB021500EB850591F8261103E000BFB6
:1070000025F81140491C1E6896F827618E42F7DA70
:10701000521C196891F829519542E9DA91F8250135
:10702000800708D5B34891F82A2110388168F0BC50
:10703000084607F094B9F0BC7047F0B50646AE4874
:10704000AE4D13460268687B8DB04FF6FF7400B1F9
:107050000722AB4F3868FFF7F0FD032010F017FD53
:10706000A8484FF408733968026830460EF089FB6F
:10707000032010F027FD9D4F386890F86203C00789
:1070800016D0A879A0B9E87990B9A87880B99848BD
:10709000007868B99C48007850B99C48007838B9A5
:1070A000E87C28B1222210213046FFF73EFE04463C
:1070B00002A8FFF71BFF396891F80803800611D575
:1070C0002A7E00203AB1924A1268D20303D591F881
:1070D0001911890706D5CDE90040314602AA0846B4
:1070E00008F036FA0DB02046F0BD2DE9F74F064600
:1070F000884884B0002405780470FFF7A6FD7D4819
:107100000221083809F050F8784F4FF48869386840
:1071100090F84007C00705D079484A4601687E4884
:1071200012F044FB3146734E2A46103EB068FFF71A
:1071300084FF39688446714D91F8E402020707D450
:10714000C00605D491F8E502C10701D1800608D533
:10715000287E30B9B1684FF40873704A0846FFF7CB
:107160005EFD3868DFF8B8B1B84690F808138907B3
:1071700017D55F49097819B19BF80010012905D18D
:1071800090F86213C90701D0E97C51B9B0F90A033C
:107190000090CDE9010CB16822231022084607F0C7
:1071A000AFFF2878DFF87CA108B9687830B15E4875
:1071B0000278DDE90501FFF7A1FA01E08AF8004055
:1071C0004F464A46B146B168584E306812F0EEFA62
:1071D00048480221083809F04AF8A87B012860D005
:1071E0004A48007870B13A46514F3168386812F019
:1071F000DDFAD8F800004F4A3968B0F9FA32306841
:1072000007F0A4F89AF8000028B1287818B19BF884
:107210000000012850D000270121474808F0C4FF92
:107220004648D8F80010DFF8E8A0B0F9000091F85F
:1072300019110246C90709D0297E39B1DAF80010C0
:10724000C90303D5316800F059F902463C48DFF81C
:10725000E8B03C4B0280DBF80010306800F0B1F879
:10726000DFF8E480C8F8000058B1287E012740B15B
:10727000DAF80000C00304D53168DBF8000000F044
:1072800023F9687A38B131480078800703D50421A2
:10729000032010F05CFB2E4887B10121017002250C
:1072A0006FE02C483A460168306801F2522112F032
:1072B0007DFA012007B0A6E40320FBE72649C8F8C1
:1072C000004001250C601F490C60047048460021F5
:1072D000C0E90411C0E906112048C9F82010C9F816
:1072E000241004701E4804701E483DE06007100022
:1072F00073061000580510009C0610006838100036
:107300000007100004071000680710004005100077
:1073100070051000BE071000EE230120D21D0120D1
:107320002E0510002C051000E1061000F4061000D8
:10733000F8061000809B01003C0610009A06100021
:10734000A006100088061000800610001807100024
:10735000D9061000640710008406100024051000F0
:10736000260510002805100004704648012104700D
:10737000454804704548047045480480454808F075
:1073800076FF284696E744490020464A88604349EC
:10739000454B087042480068B0F86A131180B0F895
:1073A000AC231A80414B198041490A804149B0F809
:1073B000F6020880704700B5FFF780FB5DF804EB2C
:1073C00023E42DE9FF5F0C463B490026DFF8ECA0E3
:1073D0000E60834617463546AAF800604FF4587190
:1073E000204612F062FA0021204612F082FB044689
:1073F0000021584612F078FBDFF8C4C00146002295
:1074000000204FF0010900BF31F91030BB4205DD0B
:1074100004F8009031F91030761C1D449CF80F30B0
:1074200063B131F91030002B00DA5B42BB4205DD5D
:10743000BAF8008008F10108AAF80080401C222850
:10744000E2DB4431521C2434102AD9DB1D48007879
:10745000800710D5124940F21F200968B1F8BF23F8
:10746000154900BF3BF910309A4202DA0B685B1CE9
:107470000B60401EF6D20398056004B03046BDE8AC
:10748000F09F0000250510002705100029051000B9
:10749000F40710003C06100048051000D906100043
:1074A000600710009006100092061000940610006D
:1074B000960610009A0610008406100012051000AF
:1074C00068381000B00710002DE9F041244900256C
:1074D0001027096891F81C4191F81D61294612F0A6
:1074E00008FB0022214601E04254491CB142FBDB6B
:1074F00024306D1CBD42F5DBBDE8F0812DE9F04381
:10750000174A0026174C15684FF0220C334695F8A1
:1075100036204FF01009520702D595F81D6101E0A1
:1075200095F81CC1324603EB031807E002EB48074D
:1075300031F91770A74200DD3C46521C6245F5DB6D
:107540005B1C4B45EEDB95F81E116422614391FBF9
:10755000F2F109B2884200DD01460846BDE8F08339
:10756000600710000080FFFFF74800787047F0B513
:10757000F54A0020111D107050709060D0601061AD
:1075800050619061D061106250620860EF4902F171
:10759000080302F11807096891F81B5D1D805D80E2
:1075A00091F81C4D9C80DC8091F81F3D3B807B80D6
:1075B00091F8206DBE80FE80083F3D807D80BC80BC
:1075C000FC8002F1200423806380A680E68002F123
:1075D0002803B1F8214D1C8091F8234D5C8091F86F
:1075E000254D9C8091F8261DD9805080F0BDD64A4B
:1075F0001278002A03D1D44A083210805180704793
:10760000D14B10B51C78002C04D103F11804208054
:1076100061805A8010BDF0B5CB4CDDF814C0083441
:1076200004F1100504F1080604F1180750B1A18017
:10763000E280AB80A5F806C0B180F280BB80A7F8DD
:1076400006C0F0BD0020A080E080A880E880B08067
:10765000F080B880F880F0BD10B5012B0AD8BA4C84
:10766000237007D104F11003188003F11000598032
:107670000280428010BDB44B283318805980DA80D4
:107680007047B14B5870181D0180428070472DE93A
:10769000FC47AD4D89468046002628350DF0D0F9CF
:1076A00000240746B8F1080F00D1EC8801236A4690
:1076B00001A948460DF017F9A348007868B1A988D8
:1076C000BDF900002144884203DB3AB2511A8142DD
:1076D00000DA01263046BDE8FC87A988BDF9020022
:1076E00021448842F5DB3A14F0E72DE9FC41964F3E
:1076F000954C002538788846083400B108340DF0E0
:107700009FF9064601236A4601A940460DF0EBF8B1
:10771000BDF902102288914210DB6388C3EB26403A
:1077200088420BDBBDF90000A388984206DBB4F861
:1077300006C033B2A3EB0C03834200DA0125824872
:107740007B78001D012B02D0022B17D032E03B7852
:107750004BB1028891422DDD408881422ADABDF981
:107760000000A18823E0BDF900300488A34221DD98
:10777000408883421EDA91421BDB1BE03A785AB103
:107780000288914216DD4088814213DAE18830B2E6
:10779000401ABDF900100AE0BDF9002003889A42A2
:1077A00008DD4088824205DA6288C2EB26408842C2
:1077B00000DA00252846BDE8FC812DE9FC47624C33
:1077C0000746614D4FF0000920784E46183500B14C
:1077D00008350DF035F9804601236A4601A938467F
:1077E0000DF081F8BDF900306088834200DB01268E
:1077F000554835F81610AE886778ED88001D0A46A2
:10780000022F02D0012F1BD031E024785CB1BDF9EA
:1078100002400788BC422ADD4088844227DA0A2DCC
:1078200025D90A2523E00488A34220DD408883422D
:107830001DDA08460A2901D90A2218E0024616E094
:1078400024785CB1BDF902400788BC420FDD408856
:1078500084420CDA0A2E0AD90A2608E00488A342D8
:1078600005DD4088834202DA0A2900D90A21BDF9E0
:10787000020088420ADBC2EB2841884206DCB342A0
:1078800004DB0FFA88F0401B834201DD4FF0010951
:10789000484620E72DE9F0470746DFF8AC90002086
:1078A000294C09F1280992462478B9F800608446E9
:1078B0000546034602462CB10C7814B34A78212AB7
:1078C0001FD02FE08C7824B191F80380B8F10F0F0E
:1078D00028D11CB1CC780F2C00D1224602EB021229
:1078E00007EB82040A78497808E000BF34F9127087
:1078F000B74201DB5B1C9BB2521C12B29142F5DA1B
:1079000010E08C78C9780BE004EB041807EB8808CA
:1079100038F91280B04501DB5B1C9BB2641C24B2B9
:10792000A142F1DA0949096891F81A2D920703D5A5
:1079300091F8242D524500D80125B9F8021099423A
:1079400006D855B9BDE8F087C629012060071000A8
:10795000002DF7D0BCF1000FF4D00120F2E72DE9A3
:10796000F04104467C480F46A0F118060025317806
:1079700001B10830018829B9418819B9818809B94C
:10798000C08858B13846FFF718FF38B1B4F89C01E9
:107990003946FFF7AAFE08B1012536E0B4F84000E9
:1079A000000505D5B4F89C013946FFF770FE48BBC9
:1079B00069483178103801B10830018829B9418807
:1079C00019B9818809B9C088F8B1B4F89C01394661
:1079D000FFF78BFEC8B16148E16A006890F81D0DA1
:1079E000884204D9B4F89C0130B1022804D0B4F81C
:1079F0009C01082802D007E0022506E03946FFF77F
:107A000046FE08B1082500E004252846BDE8F081BF
:107A10002DE9F047044690F879010E4692464FF062
:107A20000009042807D000274FF00408052818D0C3
:107A3000092815D17BE011462046FFF790FF05008D
:107A40000ED094F99901203402F0E5FBA4F87C51A2
:107A500030682060608C4FF0010940F480606084E1
:107A600077E094F9990102F0F0FB002871D05146BB
:107A70002046FFF774FF0546B4F89C0104F120028C
:107A800004280DD002280BD0082809D05DB3114678
:107A90002046FFF764FFB4F89C11012936D058E066
:107AA0008DB1514610460CF0E2FE2C49096891F860
:107AB0001E1D494381420DDA082D11D0B4F89C01F6
:107AC000082841D106E008283ED15146FFF7DFFDE6
:107AD00060BB39E0042D03D0022D01D0082D38D130
:107AE000A4F89C5135E084F87981012807D111462A
:107AF0002046FFF734FF042801D1206A3060A4F843
:107B00009C7194F9990102F095FB22E0012D20D09F
:107B100004281ED002281CD030682062042D01D019
:107B2000022DDBD10220A4F89C01E76211E094F958
:107B3000990102F08AFB60B151462046FFF70FFF22
:107B4000B4F89C010228DAD1206A306084F8798187
:107B5000D5E74846F6E60000DE2901206007100060
:107B60002DE9F047D0F810C00568046A85FB0C12B7
:107B7000A1FB041242694368914683FB0262826959
:107B8000E246A6FB02677618D0E9021781FB07C818
:107B9000C069ACFB00C81CEB060682FB0A2CA2FBEA
:107BA000011280FB0902A0FB0502401884FB0712AA
:107BB000A1FB03120818301A4FEAE071BDE8F08704
:107BC0002DE9FF4F83B01D4612AB002493E88009D6
:107BD000D2E90001014490683A4682460844C11740
:107BE000434611F0A0FD0646D5E900010144A8680E
:107BF0003A4681460844C117434611F094FD0546B4
:107C000050464FEAEA713A46434611F08CFD8246EF
:107C100048464FEAE9713A46434611F084FD024670
:107C2000BAEB0601A1FB0B014FF00A03521BA2FBAA
:107C30000B2190FBF3F092FBF3F2FD4B30444FF03D
:107C4000000C67464FEAE0712A441B68BCEB000C4D
:107C50004FEAE27842F210798F4107DA5F8E7F1E99
:107C60004FEAE77CC71B71EB0C0713DB4FF0000CEE
:107C70006746BCEB000C8F4101DA5C8E641ECDE9D7
:107C8000002902462B46314620460CF0B7FC02463E
:107C900020461CE000273946BF1A71EB080106DABE
:107CA000998E491ECF17511A78EB07010FDB002779
:107CB0003946BF1A71EB080101DA9C8E641ECDE9CA
:107CC00000093346294620460CF098FC22460399C9
:107CD00048600398026007B0BDE8F08F2DE9FF4FC0
:107CE00089B09246DDE91647CDE9021203EBC701E0
:107CF000D1E90201CDE9000104EB8700B0F90210DF
:107D0000059134F927100491B0F906100791B0F9E4
:107D10000400069006A904A8DDF8089000F01EFAF9
:107D200080468B46694602A800F018FA05460E46C2
:107D3000694604A800F012FA0446401BB1412CDA4F
:107D400028460CF09DFB814620460CF099FB04462A
:107D500007B94410B8EB05017BEB060005DA404695
:107D60000CF08EFBA04200DA0446B9F1000F0CD0F3
:107D700001990398009A401A6043029990FBF9F028
:107D8000891A614391FBF9F101E000200146019A53
:107D900002EB000A009800EB01090998C0E9009A7B
:107DA0000DB099E72DE9FF4F00278BB03E463D46C9
:107DB0003946199C0CE018B103EBC102526801E08E
:107DC00053F8312017444A4302FB01551644491C1D
:107DD000A142F0DB974C206800906068CDE9010774
:107DE000E06803902069CDE90406A0690690E06987
:107DF000CDE907056846FFF7B3FE81462068CDE967
:107E00000007A0680290E068CDE90306606905906C
:107E1000A069CDE90605206A08908A466846FFF702
:107E20009FFE8046009760680190A068CDE9020639
:107E3000206904906069CDE90505E0690790206A32
:107E400008908B466846FFF78BFE0D9B0991A9FBB6
:107E500003260AFB03610C9B0024A8FB037C09FB9F
:107E600004160BFB03C1054608FB0410D21946415A
:107E70000999501971414FF47562234611F053FC72
:107E80000C99C1BB6A49096891F84024920632D521
:107E9000694891F84324007808B191F84424A9FB7B
:107EA00002360AFB026109FB0410A3FB0261A8FB76
:107EB000027C00FB021003FB04010BFB02C208FB67
:107EC00004236424A7FB042C03FB04C3002007FB4A
:107ED0000030B21842F21076A5FB064741410998DE
:107EE000002300FB067005FB030310195941534A98
:107EF000002311F018FC189AC2F80090189AC2F8E2
:107F0000048018998D600FB0E6E62DE9F04F0D461C
:107F100001F1300B01F13C0401F1440901F1500879
:107F20004349174685B0096891F8402402F01F06BE
:107F3000414A12781AB191F8412402F01F0690F8D4
:107F40004000C00603D591F8420400F01F06B3B309
:107F500085F85C60BE4201D9781EC6B285F85C60C7
:107F6000CDE9009706FB06FA2B4652463146012022
:107F7000FFF718FF6060CDE900872B465246314677
:107F80000020FFF70FFF2A492060096891F8881444
:107F9000C90712D062680146CDF800B02B4603A88D
:107FA000CDE90167FFF79AFEDDE9030105EBC602A3
:107FB0005160616045F83600206005B08CE6FFE74F
:107FC00095F85C10012230460CF074FCC6B2C1E793
:107FD0002DE9F0410D46064600F18C04174660215C
:107FE000204611F084FC0520D5E9002304EBC001F4
:107FF000401EC1E90023F7D2022004EB8001AA88C9
:108000004A862A880A86401EF7D200206064A0644F
:10801000E06420656065A065D5E90001C4E90F0151
:108020003A4621463046BDE8F04101236DE70000A5
:10803000600710007405100073061000002556023A
:10804000F0B5059C06E000BF01EBC40575E90267C9
:10805000C5E90267641EF7D15FF0020400EB8405F6
:10806000641E55F8046C2E60F8D1D2E90042C1E9D3
:1080700000420360F0BDF8B50D460646D2E90001A6
:10808000C5E90F011C460093294605F1300033680D
:10809000FFF7D6FF01B0224629463046BDE8F04042
:1080A000002332E7334900B5096885B0002291F812
:1080B000D01304914FF47561CDE90212009200F1E2
:1080C000DC0300F1D00200F18C01C830FFF778FD2D
:1080D00005B000BD7CB5054600F18C04B1F9020085
:1080E0000190B1F90000009095F879210E46042A1C
:1080F00010D0052A14D0072A12D00B2A10D00E2A2D
:108100000ED0102A0CD0082A11D0092A0FD00C2A20
:108110000DD011E0062269462846FFF759FF0BE013
:1081200006236A4621462846FFF7A5FF04E00622FB
:1081300069462846FFF7B6FF0E48006890F8D90355
:10814000800605D595F87901082801D00C2804D1BE
:10815000B4F840007080A08F30807CBD4A684368CE
:1081600009680068D21A081A404302FB0200C117CE
:1081700070470000600710007047000070B50446AB
:10818000002084F87D01FF48FF4D0E4601782868E5
:1081900031B194F9991190F88F02B1421ED028E0C4
:1081A00094F87A1101290BD011F054FC002894F9AD
:1081B000990127D0B042286890F8F50319D10DE055
:1081C000F249097869B111F045FC002894F9990148
:1081D0000AD0B042286890F8B7030AD100F00F0027
:1081E00008E090F8B503F9E7B042286890F8B603C4
:1081F000F4D0000984F87D01204600F0DAF9012866
:1082000006D00FE0B042286890F8F403F1D1E5E71A
:10821000296894F87D0191F8F61301F00F010844E4
:1082200084F87D01DA480078002807D0296894F89E
:108230007D0191F8F713084484F87D0170BDD3499E
:1082400010B50C78D04990F87D21096891F8F43385
:1082500003F00F0364B191F8B61300BF01F00F01F2
:10826000C91A511A002900DC002180F87D1110BDC7
:1082700091F8B513F2E72DE9FC41DFF80C830546D0
:10828000D8F8000090F8D903C00743D0C148007A5D
:1082900000283FD1002405F18C07012607EBC6001A
:1082A00030F8041CADF8021030F8081DADF80010CD
:1082B0008089ADF8060037F83600ADF8040001A952
:1082C00068460CF0D4FA844200DA0446761C052E87
:1082D000E4DB294605F120000CF0C9FA064611F04E
:1082E000B9FB0028D8F8000005D0B0F8ED13B0F8BD
:1082F000E903494304E0B0F8EB13B0F8E70349435E
:108300004043864206DD8C4204DD35F8420F40F0E2
:1083100002002880BDE8FC819F49002008709F4929
:1083200008709A49087070472DE9F04F04468BB0E9
:10833000002004F580558DF810008DF81400B5F874
:10834000F41A0A049449120C0CD008708A46461E8E
:10835000834631464FF000484FF001092A4695F90F
:10836000007B23E008708D491FE100BFD2F8F4CAFA
:1083700009FA00F31CEA030F16D07323434304EBFE
:10838000830393F879C1BCF1020F01D031460FE0AD
:10839000B3F844C0BCF1000F06D05B6B93FBFCF359
:1083A000984501DA98460146401C40B28742DDDA22
:1083B0000027DFF8D4810091D4E000BFD5F8F41A8B
:1083C00009FA07F0014271D07320784304EB80066C
:1083D00096F87901022806D006280CD00A280FD07A
:1083E0000F282AD01AE030460099FFF7C7FE032075
:1083F00086F879012FE0304600F0F7F8072008E012
:10840000D8F8000090F8D10400F00F0086F87D0144
:108410000B2086F879013046FFF72DFF96F8790199
:10842000032818D0072843D008284CD00C2855D052
:108430000B284AD010280AD057E0D8F8000090F84E
:10844000D104000986F87E01102086F8790196F89B
:108450007E0160B363E096F84200C00713D0304657
:1084600000F0A7F878B9D8F8001096F87D0191F8D7
:10847000F61301F00F01884203D9401A86F87D01F6
:1084800001E086F87DB14248007840B196F87D0160
:1084900058BBD8F8000090F8F70386F87D0196F8ED
:1084A0007D0120E0042086F8790142E052E017E0E7
:1084B00096F87E0178BB96F84200800703D5082025
:1084C00086F879014CE00920FAE796F87D0170BB47
:1084D00096F84200800701D50C20F1E70D20EFE768
:1084E000304601F0C8FF0028DCD096F87901032857
:1084F0000AD0072810D00B2816D010280CD004283A
:1085000017D0052815D02BE096F87D0110B3401E3A
:1085100086F87D0124E002E096F87E01D0B1C0B279
:10852000401E86F87E011BE096F87D0190B1C0B236
:10853000EDE79AF80010491C8AF8001096F87A01C5
:10854000012802D0032806D00AE09DF81400401C40
:108550008DF8140004E09DF81000401C8DF8100008
:108560007F1C7FB295F9000BB842BFF627AF05AA72
:1085700004A9204600F078F809499DF81000087019
:1085800010E000004005100060071000DC0610003D
:108590007206100068381000DD0610000807100091
:1085A000DE0610009DF81400494908700BB0BDE8C4
:1085B000F08F90F85D1090F85C208A1AB0F84210A5
:1085C000521C022A0BD990F85F2090F85E309A4234
:1085D00005D141F00101A0F842100120704721F0BF
:1085E0000101A0F842100020704770B50026044633
:1085F00080F87E613748384D007818B1286890F8C7
:10860000900211E011F026FA58B12868012690F87E
:10861000F803000984F87E0194F87A01012806D055
:108620000EE0286890F8F80300F00F00F2E72968E0
:1086300094F87E0191F8B51300EB111084F87E01D7
:108640001EB994F8420080070DD42868A16A90F8FA
:10865000F90300F00F02914205D994F87E1101EB65
:10866000101084F87E0170BDF0B50C781B4B01250D
:108670001CB914780CB11D70F0BD00241C70097871
:108680000029F9D011780029F6D0002100F5805496
:10869000032618E0D4F8F43A05FA01F73B4210D06B
:1086A00073234B4300EB830393F87971042F08D1B4
:1086B00093F87A71012F04D183F8796113785B1EE6
:1086C0001370491C49B294F9003B8B42E2DAF0BDC9
:1086D000DF0610004005100060071000DC061000E7
:1086E0002DE9F8431746884606460025FE4C2068CB
:1086F000B0F8363443B9B0F8381429B9B0F83A14A0
:1087000011B9B0F83C14B9B1B6F90E20B6F90C1095
:10871000934210DC438EB0F838C4A3EB0C039342B1
:1087200009DBB0F83A248A4205DC828EB0F83C348A
:10873000D21A8A4200DA0125EC49097851B190F841
:108740001814B0F8232401F00F030C09B0F8211419
:10875000494338E011F07EF988B1206890F80E1492
:1087600001F00F030C0925B190F8351401F00F0347
:108770000C09B0F80F14B0F81124494323E096F81F
:108780007A01012820680ED090F81314B0F81B2449
:1087900001F00F030C09B0F8191449435243A5B175
:1087A00090F834042AE090F8151401F00F030C0936
:1087B00025B190F8331401F00F030C09B0F81D1423
:1087C000B0F81F24494352431BE096F84050ED0691
:1087D00008D5B0F89C14B0F89E244943524390F851
:1087E0002F040BE0C24D2D78012D0AD9B0F89C144E
:1087F000B0F89E24494390F83204524300F00F032E
:108800000409404600940CF040F83C60BDE8F88351
:108810002DE9F041044690F87901B34E0F4604F17A
:10882000EC05042810D0052814D0072812D00828F9
:1088300010D00B280ED00D280CD00E280AD01028EE
:1088400008D00C2806D03BE004F10C01284600F0CB
:108850008DFF35E0316891F8D813C90622D594F818
:108860005D1094F85C20891AC4F85C1194F85F10CC
:1088700094F85E20891AC4F86011A16BC4F85811ED
:108880009C4908280988C4F8641101D00C2803D138
:1088900094F86901032813D894F86901401C84F8FE
:1088A000690103E094F86911032904D9394628467F
:1088B00000F0C8FF04E005280FD0002084F869010B
:1088C000306890F88804C0070FD094F879013A46D0
:1088D0002946BDE8F04100F0A2BA491C84F86911AC
:1088E0003946284600F091FFEAE7BDE8F0812DE91E
:1088F000F0477D4C05461F46206891460E4690F88D
:10890000D8034FF00108000710D595F84200000683
:1089100002D57648007818B12846FFF779FF05E0C0
:1089200005F10C0105F1EC0000F020FF206890F843
:10893000D903400703D531462846FFF7CBFB206813
:1089400090F8D803400604D53146284601F03BF89C
:108950008046206890F8D803800603D53146284623
:1089600000F013FA3168C9F800102068B0F932102D
:10897000B6F902000BF044FF70802068B0F93410A3
:10898000B6F900000BF03CFF3080206890F88804B6
:10899000800706D55848807C18B9306800F0A6FAE0
:1089A000306095F87901042808D005280AD00828F5
:1089B00018D0092816D00C2814D016E03888A5F84D
:1089C000540012E0206835F8542F90F8160400F097
:1089D0000F01C1F110004A43398801FB0020000952
:1089E000288001E0B5F8540038804046BDE8F087A3
:1089F0002DE9F34F4149074685B000200860404902
:108A0000DFF800810546086088F80000DFF8D8A08C
:108A1000DFF8F4B04FF0010907F58056B5E000BF6C
:108A2000D6F8F41A09FA05F0014273D073206843AE
:108A300007EB800494F87901042813D0052811D09D
:108A400008280FD009280DD00A280BD00B2809D0F0
:108A50000D2807D00C2805D007285BD12B480078BB
:108A6000062857D1E0680190B4F85200ADF8000034
:108A700004F10C01214A081D00F07EF96B4603AA9F
:108A800001A92046FFF733FF02901D4A01A904F116
:108A9000240000F071F994F87A01032802D0042828
:108AA00006D008E098F80010491C88F8001002E091
:108AB000174981F8009001986062BDF80000A4F8A1
:108AC0005400DAF80000BDF8002090F8AF105143D0
:108AD0004FF47A72B1FBF2F18BB2ADF80030B0F81E
:108AE000AB20B0F8A91016E0600710004005100098
:108AF000DD06100076061000683810000C07100024
:108B00001007100008071000ED071000E404100023
:108B10008007100038E018460BF07FFFADF800002A
:108B2000DAF80010B1F8A910814201D9ADF80010AF
:108B3000FF49BDF80000A1F84500A4F85400DAF898
:108B4000000090F81A0DC0070CD0FA48807C48B994
:108B500003AA01A92046FEF75BFF8BF800000299EB
:108B600091B188B9029801280ED10198A061BDF891
:108B70000000A4F85600069894F89921016809FAB3
:108B800002F00143069801606D1C96F9000BA842A3
:108B9000BFF646AF07B0BDE8F08F2DE9F05FDFF814
:108BA000949307468B4699F8090008B110F08AFFA4
:108BB0000026DFF884A34FF0010807F580555DE03B
:108BC000D5F8F40A08FA06F2104256D07320704322
:108BD00007EB800494F87901042813D0052811D0FC
:108BE00008280FD009280DD00A280BD00B2809D04F
:108BF0000D2807D00C2805D007283ED1CF4A12787F
:108C0000062A3AD194F99921DBF8003008FA02F1EA
:108C10000B4232D004280BD19AF80000052807D067
:108C2000104601F012FB18B92146384601F0C2FA8D
:108C300094F87A0104280CD194F87901082805D019
:108C4000092803D00D2801D00C2802D1032084F874
:108C50007A0194F99A0100280FDB94F87A01002137
:108C6000012802D0042802D002E0032100E00521FF
:108C700084F87B1120460AF091F9761C95F9000BD7
:108C8000B0429DDA00243AE0D5F8F41A08FA04F26A
:108C9000114233D07321614307EB810696F87911B5
:108CA000092902D00D2915D028E096F89921DBF882
:108CB000001008FA02F0014207D096F99A01002844
:108CC00003DB3146384601F090FA3146384601F070
:108CD00053FA0FE096F89921DBF8001008FA02F039
:108CE00001420BD096F99A01002807DB314638463D
:108CF00001F07BFA96F9990101F09CFA641C95F950
:108D0000000BA042C0DA99F8090000280ED08C4868
:108D1000007840070AD58B4C8B490025206838B174
:108D2000088009F00CF809F01AF82560BDE8F09FFA
:108D30009AF800000628F9D10D8009F000F8BDE886
:108D4000F05F09F00CB8814910B500200860804937
:108D5000086000F0ECFCBDE8104000F002B938B546
:108D600004460020009069462046FFF741FE694610
:108D70002046FFF712FF38BD10B514460BF077FD03
:108D80002168814200DA206010BDF8B5044690F8F1
:108D900079010F4604F17C0604280CD005280FD079
:108DA000082836D00C2834D0092831D13046BDE807
:108DB000F84000F00BB93046BDE8F84000F0D2B8FA
:108DC000204610F05FFE18B1204610F059FE17E063
:108DD00004F10C01081D0BF04AFD01466A462046CD
:108DE000FFF77EFC054694F87C0150B95948D4F849
:108DF0008410006890F81604020928460BF05AFD0A
:108E000005462A463946304600F0B0F8C4F884508A
:108E1000F8BD3046BDE8F840002200F0BFB82DE9AB
:108E2000F84381460C4610684831009017460E46BC
:108E300068460BF01CFD0BF023FB054604F14C01CA
:108E400030460BF014FD0BF01BFB8046211D204625
:108E50000BF00DFD0BF014FB064604F10801201D7C
:108E60000BF005FD0BF00CFB01460020B9F1040FDF
:108E70000BD100BF4FF00005C4F88000C4F8840097
:108E800084F88800A8462E462946D4F8802002EBB4
:108E90000503C4F88030D4F884203244C4F8842018
:108EA00009D0934207D9B54208DC884503DD94F820
:108EB0008810012902D084F88800A7E4012084F8F2
:108EC0008800BDF90210B4F94A00091A714391FBF8
:108ED000F5F108447880BDF90010B4F94800091A8A
:108EE000714391FBF5F1084438808FE430B519499E
:108EF0000514096891F8C646B1F93220B1F9343049
:108F0000A54201DC64F31F4091F8C746121B04140C
:108F1000A24201DC62F31F4091F8C82604B29442D9
:108F200001DC62F30F0091F8C91602B2591A13E07E
:108F3000A451012068381000D0061000E40410008D
:108F40001807100038071000340710000C07100035
:108F50001007100060071000914201DC61F30F0060
:108F600030BD70470022C26000F035B87CB50446C1
:108F700015460E46684600F02EF801992A466068AC
:108F800000F03BF8606000992A46206800F035F850
:108F900020602146304600F027F87CBD7CB50446B1
:108FA00015460E46684600F016F801992A46606894
:108FB00000F023F8606000992A46206800F01DF850
:108FC00020602146304600F00FF87CBD0A4601467D
:108FD000104600F009B8B1F9022012024260B1F95E
:108FE00000100902016070474A6880321212428004
:108FF00009688031091201807047C2F110035043A3
:1090000001FB0300001170472DE9F041FE4A126890
:1090100049B3518E426F2223C46E806F6426400094
:1090200000FB02404843A0FB0025002101FB005546
:1090300000FB0151A2FB0607002501FB067102FBA4
:1090400005115C4322462B4610F0D0FA224600233D
:1090500010F0CCFAED4B00221B1A8A4101D2EB48EA
:109060000021BDE8F081918E1023026FD4E77CB51A
:109070000446E748B4F902100078012830D0B4F96A
:109080000600B4F90A20091A801A081A0190B4F9E6
:109090000010B4F90400B4F90820091A801A081A5B
:1090A000D9490090206C0968019B91F80D24504328
:1090B000C2F180025343C21700EB526003EBE01091
:1090C000206491F80D14E06B009A4843C1F18001CF
:1090D0004A43C11700EB516002EBE010E0637CBD36
:1090E000B4F94600B4F94A20091A801A081A019006
:1090F000B4F90010B4F94400B4F94820091A801AF0
:10910000081A009004F150000322694605460BF04E
:1091100094FB94F87C00032802D2401C84F87C0065
:10912000C3B200221146184607E000BF05EBC00697
:109130007668324455F830603144401EF6D292FBD6
:10914000F3F091FBF3F16A68101A2A684043511A50
:1091500001FB010142F21070814200DD01466420F2
:10916000414391FBF3F0A0667CBD2DE9F04F04462E
:10917000B0F90200B4F90610B4F90420401AB4F9A9
:1091800000104043891A01FB01082769A66907FB03
:1091900007F006FB060089B04FF00009404515D9DD
:1091A0000BF06EF905000DD040460BF069F97843DD
:1091B00090FBF5F0206140460BF062F9704390FBA4
:1091C000F5F002E04846C4F81090A0614E46CDF894
:1091D0001490CDF81890CDF81C90CDF82090012572
:1091E0000DF114090227CDE90159CDE9037588482D
:1091F00004F10C039B463A463946203000970BF0A9
:109200008DF9DFF80C824FF4807A98F8000001287D
:1092100048D0206C00900123022207A908F1080021
:109220000BF053F907A9012302220846CDF800A04C
:109230000BF03DF902235A4607A905A800950BF04B
:1092400051F90596069607960896CDE90159CDE99C
:1092500003756F4804F1140302221E4611462030A4
:1092600000970BF05BF998F8000001281FD0E06B25
:10927000009067480123022207A908300BF025F966
:1092800007A9012302220846CDF800A00BF00FF930
:109290000223324607A905A800950BF023F909B06F
:1092A000BDE8F08FDDE90501C4E90301C9E7DDE9A7
:1092B0000501C4E90501F2E72DE9F04F8DB0002664
:1092C0000224059606960796089609960A960B9626
:1092D00005AF0C96CDE9014705464D4805F11C0345
:1092E000039404949B4622462146203000940BF0C0
:1092F00015F90DF1240ACDE9014A454B02220394E8
:1093000004943033114605A800940BF007F9DFF8F8
:109310000081DFF8F49098F80000012815D1A86EBC
:10932000022308F1600100901A46A1F110000BF031
:10933000CCF8D9F80000022308F1600190F80D0480
:1093400000901A4608460BF0B2F8314902235A46FB
:10935000603109A800940BF0C5F8059606960796AB
:10936000089609960A960B960C96CDE9014728486F
:1093700005F12C030222039404941E46114620306A
:1093800000940BF0CBF8CDE9014A214B0222039463
:1093900004943033114605A800940BF0BFF898F8F8
:1093A0000000012815D11A49A86E022360310090EF
:1093B0001A46A1F110000BF088F8D9F80000144902
:1093C000022390F80D04603100901A4608460BF015
:1093D0006EF80F4902233246603109A800940BF061
:1093E00081F80DB05CE72DE9F04F0F4609498BB0CD
:1093F0000546D1E90001002693460596069601240C
:109400000DF1140A079607E06007100040420F00B4
:1094100098051000C49A0100CDE90801CDE9014A80
:109420004FF0020905F10C03039498464A46214681
:10943000FE48CDF8009004940BF070F8B5F90200E6
:1094400005990123401A05900090022206A938468A
:109450000BF03BF86427414601230222084600979F
:109460000BF033F84246022306A9104600940BF095
:1094700039F84246022308A9104600940BF032F84E
:10948000414601230222084600970BF010F805968A
:1094900006960796CDE9014A05F1140303941E468A
:1094A00002220121E148CDF8009004940BF036F837
:1094B000B5F9000005990123401A05900090022299
:1094C00006A958460BF001F831460123022208464E
:1094D00000970AF0FAFF3246022306A910460094CC
:1094E0000BF000F83246022308A9104600940AF057
:1094F000F9FF314601230222084600970AF0D7FF00
:109500000BB0CDE62DE9F74F8AB0002605960696FA
:109510000796089601244FF002090DF1140A0996E6
:10952000CDE9014ACDE903940746C04B07F11C0081
:109530004D4608334A4649468046CDF800900AF029
:10954000EDFF07A8CDE90150CDE9034543460222CE
:109550000121B64800950AF0E1FF0DF1240BCDE999
:10956000014BB24B039408330222012107A8009556
:1095700004940AF0D3FFAD4D103D2878012804D1A2
:1095800001213846FFF740FD6860099869684FF08F
:109590006408084405A9099001230222CDF800803F
:1095A00008460AF092FF099800900123022205A8BC
:1095B0000B990AF07CFF0796089605960696099681
:1095C000CDE9014ACDE90394984B4E46022207F1BA
:1095D0002C00CDF800900833114681460AF09EFF1A
:1095E00007A8CDE90160CDE903464B4602220121DF
:1095F0008E4800960AF092FFCDE9014B8B4B039405
:1096000008330222012107A8009604940AF086FF7D
:109610002878012804D100213846FFF7F5FC68605E
:10962000099869680123084405A909900222CDF828
:10963000008008460AF049FF0998009001230222A1
:1096400005A80C990AF033FFCBE62DE9F74F8EB051
:1096500000250595069507950224089509950A9514
:109660000B9505AF0C95CDE901478C464FF0010AEB
:10967000064603946D4B524621466046CDF800A045
:1096800004940AF04BFF694805AA022311463030C2
:1096900000940AF035FF0DF12408CDE9014806F1E8
:1096A0001C030222039404949B46114605A80094CF
:1096B0000AF034FF4FF0640902231A46594609A8FC
:1096C000CDF800900AF0F3FE0595069507950895EC
:1096D00009950A950B950C95CDE901470394534BD9
:1096E00001220221CDF800A0049410980AF016FF80
:1096F0004E4805AA02231146303000940AF000FFBC
:10970000CDE901480394049406F12C03009402224D
:109710001C46114605A80AF001FF02231A462146FD
:1097200009A8CDF800900AF0C2FE11B0B8E538B52E
:109730003F483E4C0168103C91F8D803C0F300123A
:109740002270B1F80B041AB1642148430D4601E0C0
:10975000D1F80754354980080223503100901A4649
:10976000A1F110000AF0B1FE656038BDF8B50446FD
:1097700008682060486860608868A06000252564EB
:10978000E563B1F90200C4E90305B1F90000C4E9D9
:10979000050526481038017801290AD060301C34AC
:1097A0000FC80FC484E80F00B4F12C0484F87D5076
:1097B000F8BD50301C340FC80FC41D4E0FC43068A4
:1097C00064210223B0F80B041A4648438008A4F130
:1097D0002001009008463C3C0AF077FE3068642186
:1097E0000223B0F80B041A464843800804F12C0108
:1097F000009008460AF069FE94E8070004F144036B
:1098000083E8070084F87C50D0E710B504460322B3
:109810000AF0FEFF2046FFF72AFCB4F90200E060E0
:10982000B4F90610401A206104E00000A8051000F9
:1098300060071000B4F900006061B4F90410401A28
:10984000A06110BD7FB50D46044603220AF0E0FF7B
:109850002046FFF70CFC2046FFF787FC2046FFF769
:109860002BFD0020009001900290039002AA69460F
:109870002046FFF747FE02AA69462046FFF7B3FDE0
:1098800002AA69462046FFF7E0FEA0896880A08A08
:10989000288005480078012805D10322294604F1D3
:1098A00044000AF0B5FF7FBD980510007047000026
:1098B000F0B544884E880125A41B24B2002C01DB9E
:1098C000264600E066425E805642944202DD4488AD
:1098D000A41A03E0B44203DA448814444C800025FF
:1098E00004880F88E41B24B2002C01DB274600E02B
:1098F00067421F80944202DD0088801A03E0B44270
:1099000003DA00881044088000252846F0BD2DE9C0
:10991000F0478C4F894604468189DFF824823868F5
:10992000924659B190F8265410F094F810B1386866
:1099300090F82854A089401EA08107E098F80010F4
:1099400090F82A54012901D990F83154386898F8D0
:10995000001090F82964012901D990F83064DFF8EB
:10996000E88198F81310A1B1617E11B1E17D59B180
:1099700005E090F8965490F89564E17DB1B190F8C7
:109980009A5490F8996411E090F8985490F897647C
:109990000CE010F05FF848B9E07D38B198F8180095
:1099A00020B9386890F8935490F89264E08938B1FF
:1099B000401EE081A9F80060AAF80050BDE8F087D9
:1099C00001206076F6E72DE9F04786B04FF00009F8
:1099D000054600F1600480F8789090F879010E4611
:1099E0004FF0010804280BD0217D012908D005285B
:1099F0000CD008280AD00C2808D0092864D065E0CB
:109A000032462146284600F066F85FE002AA01A926
:109A10002046FFF77CFF03ABBDF908202146304606
:109A2000FFF746FF824604ABBDF90420211D3046F6
:109A3000FFF73EFF0746BAF1010F03D0A07D0128D2
:109A400036D03AE0BDF90CC0BDF90E00604500DD2E
:109A50008446DFF8F090D9F8000090F82B0400F06D
:109A60000F030009012F0BD00090BDF90820BDF9AC
:109A7000041060460AF009FFA17D01290BD015E012
:109A8000A1683160D9F8001091F8D8130906F3D411
:109A90004FF00008F0E795F87C1139B9D9F80010BB
:109AA00091F816140A0921690AF004FF206104E004
:109AB0000120E0756076A4F80E9084F816A0677512
:109AC000B8F1000F02D103E0A06830603068A060F8
:109AD000404606B072E72DE9F0471A4E8046DFF89F
:109AE000689030680C4699F8191090F8255417467C
:109AF00009B190F858540FF0ADFF10B1306890F8EC
:109B0000275498F87901042800D00025A5813868E9
:109B10002060386860600120A075607500202075A5
:109B20006076E075E08198F87901042807D199F80A
:109B30001300002803D0306890F89404E0813DE7DA
:109B4000DD06100060071000683810007047FD48FF
:109B5000704710B541F60831FA480FF0C8FE4FF4CF
:109B6000CB61F9480FF0C3FEF848FF2180F8001BD5
:109B700001F0C8FAFFF79AFE00F07CFCFEF7CCFB80
:109B8000FFF7E1F8BDE81040FEF7F6BA2DE9F04F17
:109B900007468DB080684FF408710BF03DFE824699
:109BA0002221EB480BF02DFE1021EA480BF029FE94
:109BB00097F85446DFF8A08347F6FF750DF1180BB0
:109BC0008CE000BFD8F80000B0F81E2712EB0A0F97
:109BD0000FD404EBC40101EB410107EB8106318F87
:109BE0000A0706D4C90704D1718F90F82007814273
:109BF0000AD904EBC40000EB400007EB8000A0F89A
:109C00006450A0F8625069E096F8590096F85890B0
:109C10000290002862D00F2860D0B9F1000F5DD00B
:109C2000B9F1210F5AD0B06802990FF05DFF019091
:109C30000298401EC1B2B0680FF056FF059002981E
:109C4000401CC1B2B0680FF04FFF0199059A31F97D
:109C500019C001EB49010C9131F8021C019132F855
:109C600019E002EB4902714432F8023C63441944A2
:109C7000ADF818100C9949880591528871446244D6
:109C80001144ADF81A1030F8192000EB4900019981
:109C900030F8023C114463441944ADF81C10059996
:109CA0004088114460440844ADF81E002846002155
:109CB0004FEA0B0333F91120824200DA1046491CA7
:109CC0000429F7DB002800DA0120A6F864C064212B
:109CD0000CFB01FC9CFBF0F0A6F86200641EBFF4D4
:109CE00071AF0DB0BDE8F08F2DE9F04300239A4E1F
:109CF00099461C461D461A46D6F8008037E0022ACF
:109D000008DA00EB420730F812C0BF880026A7EB44
:109D10000C0718E0CE1EB24209DD00EB420630F817
:109D2000127036F8046CF61B36B200270CE000EB1C
:109D3000420C30F812703CF8046CBCF804C0F61BFE
:109D400036B2ACEB07073FB298F87CC7B44501DCEC
:109D5000BC4506DD5B1CDBB245B9641CE4B20125E1
:109D600004E04B4500D9994600252B46521C8A42F7
:109D7000C5DB2046BDE8F0832DE9F0438046002096
:109D80009946014605460646044607464FF0010C33
:109D900013E000BF0CFA04F303EA08033B4306D0C8
:109DA000401CC0B246B96D1CEDB2012604E08842E9
:109DB00000D9014600263046641C9442EADB89F84B
:109DC00000508842D6D80846D4E72DE9F74F84B032
:109DD00061484FF0FF3ACDF808A000680024A04683
:109DE00090F87D07039006988DF80040264690F87D
:109DF0005406254600287DD0814629E009EBC9009C
:109E000000EB4001069800EB8100019010F8567FAE
:109E100090F801B009E03A46012000210FF05DFC06
:109E200004437F1C41EA0808FFB2BB45F3D2019806
:109E300010F8547F90F801B008E03A460120002164
:109E40000FF04BFC06430D437F1CFFB2BB45F4D221
:109E5000B9F10109D2D225F0020526F00106FDF77D
:109E600083FB012816D03C48DDF8109010270068CD
:109E70004FF0220C90F884070390002083460121C4
:109E800001FA00F35A462340134315D0BAF1FF3FBD
:109E90000CD00DE0404621463446A84622274FF01C
:109EA000100C0E460546DDF81490E6E70FFA80FA2E
:109EB000791E884207D008E0002806DD431E99403D
:109EC0002140114301D001B20291401CB842D6DBBF
:109ED0006B46624630462946FFF74EFF05468DF831
:109EE00000B06B463A4620464146FFF745FF3946EB
:109EF000484600E023E0FFF7F7FEBAF1000F1EDD51
:109F00009DF8001001291AD1012818D11249029890
:109F10000968A0EB0A0091F87F2790420FDD91F8C5
:109F20007E1788420BDA0398854208D90B49012035
:109F300008700B4908700698042180F85A1007B081
:109F4000D0E60000200F1000282A1000201F10006B
:109F5000E21C0120B61C01206007100080071000E1
:109F6000810710002DE9F04190F854460646012C77
:109F700062D9F948F94B002102681B7892F89F03D7
:109F8000052B01D0062B01D192F8A203F44B5D788A
:109F90000DB99B780BB192F8A103F24B1F780FB16A
:109FA00092F8A00323460AE003EBC30505EB450541
:109FB00006EB8505B5F94A508D4200DD29465B1E4A
:109FC000F2D24143642091FBF0F0E74900B2B1F9CD
:109FD0000050E6498B780BB9097E11B1E449B1F91B
:109FE00000502FB1B2F8981292F89A22891A0DB245
:109FF000A84200DB054627461CE000BF07EBC70070
:10A0000000EB400006EB8000B0F94A10A94210DADC
:10A0100096F85416491EB94209D004EBC40101EB6D
:10A02000410106EB81016C226C390FF004FC641EC7
:10A03000E4B20CB17F1EE1D286F85446BDE8F0814F
:10A0400010B5C54C206890F87407C00707D0C44805
:10A05000407820B9C74AC849C848FFF7B6FE20680B
:10A0600090F84D0CC00706D0C249C54803F00CF863
:10A07000C44900200870206890F81507C00702D076
:10A08000BC48FFF783FD206890F89E03C00702D00C
:10A09000B848FFF767FF206890F87407800702D57B
:10A0A000B44800F092F9B348B74990F85406887163
:10A0B00010BDB54910B500208871B14801F026F8EF
:10A0C000AF48FEF731F9BDE81040AD48FEF747BE96
:10A0D000A84810B590F8540650B1A649A84801F018
:10A0E0004BF8A74800F036FCA048007E18B105E008
:10A0F000BDE81040DDE7A24800F082FCA048FEF772
:10A1000013F9BDE810409E48FEF729BE02F008BAD8
:10A1100010B5984C014694F854060F280DD200EB68
:10A12000C00000EB400004EB80006C220FF083FBCA
:10A1300094F85406401C84F8540610BD10B500F580
:10A1400080500021D0F8F43A012200BF02FA01F455
:10A1500023420BD18A401343C0F8F43A90F9002B04
:10A160008A4201DA80F8001B48B210BD491C0F2951
:10A17000ECDB4FF0FF3010BD10B500F5805091F8CA
:10A1800099410123D0F8F42AA3409A43C0F8F42A55
:10A19000002281F8792190F9002B91F999118A42D6
:10A1A00007D1D0F8F41AB1FA81F1C1F11F0180F89A
:10A1B000001B10BD30B500F580500022D0F8F84AE1
:10A1C000012300BF03FA02F52C4206D193401C4341
:10A1D000C0F8F84A81F89A2130BD521C52B20A2ABE
:10A1E000F0DBFF2081F89A0130BD10B500F58050FA
:10A1F00091F89A410123D0F8F82AA3409A43C0F875
:10A20000F82AFF2081F89A0110BD5A487047594832
:10A2100090F85406704701218140002809DB5B4813
:10A22000D0F8F42A0A4204D0D0F8FC2A0A43C0F835
:10A23000FC2A7047002807DB012181405348D0F8F1
:10A24000FC2A8A43C0F8FC2A7047002808DB4F49E3
:10A2500001228240D1F8FC1A114201D0012070473E
:10A26000002070474A48B0F9000070474849002074
:10A27000088070472DE9F041414C002504F58057D6
:10A280005FF00106D7F8F40A06FA05F1084210D08B
:10A290007320684304EB800191F99A01002808DBE0
:10A2A000D7F8F83A06FA00F2134202D02046FFF738
:10A2B0009CFF6D1C6DB20F2DE4DB41F6F4200421F0
:10A2C00020440EF0B5F832490880B7E62DE9F04198
:10A2D000214C0026354620683146B0F841872D488C
:10A2E00000680FF001FC024620680023B0F84347E5
:10A2F0005FF0000032F91010E14203D5002900DAC6
:10A3000049420D44401C2228F4DB44325B1C102BD4
:10A31000EEDB21481D4C00270078E0B1A8453EDA6D
:10A32000042104F6F4200EF083F8024694F8031B8F
:10A33000104899B390F8542694F8023B9A422ED9CB
:10A34000491C11F0FF0184F8031B84F8022B80F8EC
:10A35000547632D132E022E060071000D0061000BF
:10A36000B80710004005100094061000683810006F
:10A3700096061000282A1000E21C0120B61C0120BD
:10A38000200F10001C061000A4510120201F1000F7
:10A3900008061000F4061000DD06100002E084F844
:10A3A000037B0BE090F85416914207D9012284F800
:10A3B000032B84F8021B80F85476012630463DE6D4
:10A3C0002749002081F8540670472DE9F0410746DF
:10A3D00090F85456234E3FE02348407CE0BB05EB09
:10A3E000C50000EB400007EB800494F85A000328F6
:10A3F00032D13168B4F9600091F87113884221DCE0
:10A40000FDF7B2F850B994F84D0094F84C10401A8A
:10A410003168401C91F8771788420EDCFDF7A4F8EC
:10A42000012819D194F84F0094F84E10401A316861
:10A43000401C91F8761788420EDD306890F874075A
:10A44000800709D509480078012805D0084901206E
:10A450000870042084F85A006D1EBDD2EEE500009D
:10A46000282A100060071000683810002E05100020
:10A47000800710007047FF4910B5B1F90020FE4970
:10A4800000230C7EFD49B1F9001004B10A46B0F971
:10A49000584094420ADAB0F84220D20505D58C42E1
:10A4A00003DD012180F87A1100E00123184610BD78
:10A4B0002DE9F043DFF8C09399F802400CB1012573
:10A4C00000E00025EE4C112894F800C0ED4C2778F0
:10A4D000ED4C266871D2DFE800F0700909093232CC
:10A4E000707070703232707272707200002018805A
:10A4F000C807206807D0B0F8B90410809DB1206863
:10A50000B0F8A8040EE0B0F8B10410801DB12068C6
:10A51000B0F8AC0406E0052F01D0062F03D1206867
:10A52000B0F8CF04108099F80000002845D000BF93
:10A53000BCF1010F41D12068B0F8C1043CE0C8076C
:10A5400011D0B6F8B904B6F8BB14401A108035B172
:10A550002068B0F8A814B0F8AA04081A108020687F
:10A56000B0F8BD041AE0B6F8B104B6F8B314401A56
:10A5700010802DB12068B0F8AC14B0F8AE0408E03B
:10A58000052F01D0062F06D12068B0F8CF14B0F8FF
:10A59000CD04081A10802068B0F8B504188099F826
:10A5A0000000002809D0BCF1010F06D12068B0F8E6
:10A5B000C114B0F8C304081A1080BDE8F083C807BE
:10A5C0000BD0B6F8B90410801DB12068B0F8A8040B
:10A5D00010802068B0F8BD140AE0B6F8B10410800D
:10A5E0001DB12068B0F8AC0410802068B0F8B51434
:10A5F000B0F8C504002D0844188099D1DDE74AB1B0
:10A60000521E002A06DD00EB420333F8023C20F81C
:10A610001230F5E7018070470AB1002305E00122FE
:10A620005FF0000320F813105B1C9342FADB7047C5
:10A630000021C0F8881180F88D1180F88C11816B91
:10A64000C0F891117047134670B50A468E490968E3
:10A6500091F8C75405B9012590F84010CE0603EBD8
:10A66000430101EBC301894B03EB810407D5FFF7DD
:10A67000DFFF91B220462A46FFF7CEFF04E091B2F9
:10A6800020462A46FFF7BBFF20462946BDE870401A
:10A690000BF0DAB82DE9F34F85B004467A4D00206F
:10A6A0000490286890F81517CA07B4F9B21108D0B9
:10A6B000A1F5FE42FF3A04D06F4A92780AB901220E
:10A6C000049294F879C1B4F9B021A76BCDE90012D6
:10A6D0000026B0F91AB7B0F916A7B0463146ADF862
:10A6E0000860ADF80C603246B146BCF1110F4ED295
:10A6F000DFE80CF04D0909094E4E4D4D4D4D4E4EC3
:10A700004DDEDE4DDE0084F88E112046FFF790FF0F
:10A710000698B9B200EB400202EBC0005B4A02EBC4
:10A7200080001622FFF778FFB4F8401003AB02AAAE
:10A730006046FFF7BDFEBDF80800874201DA01263A
:10A7400000E0002684F88D612146201D0AF08FF874
:10A75000A4F88F010498002819D0B6B994F88C0198
:10A7600020B12868B0F918A7B0F91CB7019858456E
:10A770000BDA0098504508DA286890F8210718B1DC
:10A7800094F8BF11814200D3012684F88C61DDE08A
:10A7900094F88E1131B9B0F8C9148F4202DD01214D
:10A7A00084F88E113A4990F8C804097888421DD37C
:10A7B00094F88E01D0B1B4F8401003AB02AA604601
:10A7C000FFF776FE39462046069AFFF73CFF8046A3
:10A7D0002146201D0AF04BF8B4F98F210146801A5A
:10A7E0000028286806DC90F8D20405E02046FFF730
:10A7F0001FFF54E090F8D304C0F18003424301FBF3
:10A8000003204FEAE0192868224A90F8D63490F8DD
:10A81000D714527822B1184A527C0AB9012319463A
:10A820000122CDE9001290F8D52490F8D4145243B7
:10A830004943484609F0C4FEC2B208FB02F0642155
:10A8400090FBF1F0BDF80C1080B2884203D2BDF845
:10A850000810884200D8084694F84010C90705D06F
:10A8600094F8C811C90701D1BDF80800874213DA6E
:10A87000012612E0900610006838100092061000C1
:10A880002E051000D006100060071000F6290120E8
:10A89000DE061000B8071000002684F88D611FFA4C
:10A8A00088F0C4F88891C4F8910184F895214DE0AE
:10A8B00094F88D01E8B3B4F8401003AB02AA6046E7
:10A8C000FFF7F6FD2146201D09F0D1FFB4F98F21D5
:10A8D0000146801A0028286802DC90F8D20401E0C2
:10A8E00090F8D304C0F58073424301FB03200612A5
:10A8F0002868012290F8D914CDE9001290F8D524E7
:10A9000090F8D41490F8D83452434943304609F0B3
:10A9100057FE94F89521C0B2D4F8911110444143E8
:10A920006420B1FBF0F0BDF80C1080B2884205D273
:10A9300000E00BE0BDF80810884200D808468742C6
:10A9400001DA012600E0002684F88D6107B0304668
:10A95000BDE8F08F2DE9F041074600244FF00108D3
:10A9600000F5805646E000BFD6F8F41A08FA04F065
:10A9700001423DD07320604307EB800595F87901D3
:10A98000022803D0032801D0012831D195F87A019B
:10A99000032804D0042802D0012810D021E0484820
:10A9A000006890F8B004C00704D0E1B22846FFF771
:10A9B00071FE58B92846FFF75EFD38B911E04149EC
:10A9C000B5F95800B1F9001088420ADA95F8790112
:10A9D000022803D0032801D0012809D185F8798104
:10A9E00006E095F87901012802D1022085F8790165
:10A9F000641C64B296F9000BA042B5DABDE8F081A0
:10AA00002DE9F0410746002400F5805652E001216F
:10AA1000D6F8F40AA14008424AD07320604307EBFD
:10AA200080054FF0000895F87901022840D00328EE
:10AA30003ED001283CD095F99901FFF706FC01288A
:10AA400036D095F87A01032803D0042801D00128D4
:10AA50000BD11B48006890F8B004C00705D0214610
:10AA60002846FFF717FE01280AD095F879010A2831
:10AA700017D00B2815D00D2815D00E2813D015E0AF
:10AA800095F879014FF00108042806D0052804D074
:10AA90000F2804D0102802D008E00A2004E00E207D
:10AAA00002E0052000E00F2085F87901C5F88481D7
:10AAB000641CE4B296F9000BA042A8DA9EE70000FD
:10AAC00060071000920610002DE9F05FDFF8F4A592
:10AAD000012715460C4601F10C094FF0FF3B0026FB
:10AAE00002F10C08EBB384F8797195F85A0084F8F8
:10AAF0007A0184F89AB184F87D6184F87E61A4F8C3
:10AB00004260A662C4F8C4612663E66284F87C6190
:10AB100084F87F6195F85C0084F88201B5F84A00FA
:10AB2000A4F85A0095F85F0084F8A801E86820624C
:10AB3000E868C4F8C00103224146204609F074FECB
:10AB400003224146484609F06FFEDAF8000090F80B
:10AB5000750784F8BE01288FA4F8C80184F87561D0
:10AB600047E0FFE72946204600F079FBA06A401C39
:10AB7000A06294F87901042801D0052804D1206B43
:10AB8000411C01D0401C2063E06A411C01D0401CE4
:10AB9000E06203224146204609F03AFE0322414684
:10ABA000484609F035FE94F8810184F8820194F852
:10ABB0007A0104280DD195F85A00042809D094F898
:10ABC000BE0160B1401E84F8BE01042085F85A0021
:10ABD00005E0DAF8000090F8750784F8BE0194F8F3
:10ABE0004000C00705D1B4F8C80120F00100A4F866
:10ABF000C80195F85A0084F87A0195F85C0084F849
:10AC0000810195F85B0084F883016A8FA4F84420E1
:10AC1000A88FA4F84600E88FA4F84800B5F84200D1
:10AC2000A4F84A00B5F84400A4F84C00B5F8460072
:10AC3000A4F84E00B5F84800A4F85000B5F8580044
:10AC4000A4F8A401B5F86600A4F8CA01A86AB0F592
:10AC5000803F02DB4FF6FF7000E080B2A4F85200A4
:10AC6000B5F94A10A4F85810A86A6063E86AA063AE
:10AC700094F99A31002B05DB84F8A961D4F8AC3142
:10AC8000834203D2C4F8AC0184F8A971686BE06315
:10AC9000288FA4F84000E86CE0656869E061B4F9C9
:10ACA0005A00884201DAA4F85A10C4F8A06184F866
:10ACB00098B1288F8005B4F8420002D540F4807026
:10ACC00001E020F48070A4F8420035F8620FA4F887
:10ACD000B0016888A4F8B201E87984F8BF01FA48A5
:10ACE000A0F80920BDE8F09FF0B5B1F90260B2F913
:10ACF0000250782406FB05F7002F2ADDB1F9007019
:10AD0000B2F900C007FB0CF7002F22DD76435D434C
:10AD100096FBF5F52DB24580B1F90010B2F900208F
:10AD200049435A4391FBF2F10AB20280782D00DDCB
:10AD30004480B0F902306FF077018B4200DA418035
:10AD4000782A00DD0480B0F900208A4200DA018010
:10AD5000F0BD00214180FAE710B5046804EB44041B
:10AD600000EB44046360627221720168491C016057
:10AD700010BD7CB500211CE001EB41034A1C00EB37
:10AD8000430312E002EB420400EB44045E68656892
:10AD9000AE4209DD00961E89ADF804605D6025892C
:10ADA0001D81009D65602681521C04689442E9DC87
:10ADB000491C02688A42DFDC7CBD2DE9FF4FDFF8C9
:10ADC0000C930D468346D9F800108DB00020BD4E7F
:10ADD0000860BF493068497CB0F8DC4309B1B0F97C
:10ADE00028470EF047FE012812D13068B0F8DE0384
:10ADF00070B104460EF02EFE80B13068B549B0F84F
:10AE0000E42309688A4209DAB0F8E203044405E061
:10AE10000EF020FE10B13068B0F8E043A94864435A
:10AE20000894006800260BF5805790F8E6034FF071
:10AE3000010A0A90F9E000BFD7F8F40A0AFA06F10D
:10AE400008427DD0732106FB01F00BEB800494F8DF
:10AE500079010828F5D02146201D09F008FD0A993E
:10AE6000484300FB01F89C480078012803D194F87E
:10AE70007901042805D094F87A01042801D00898B3
:10AE800005E090480068B0F8DA0340430890804538
:10AE900000DA80468B48006890F8D903000725D473
:10AEA0002246211D05A809F0D8FC221D111D0BA862
:10AEB00009F0D3FCBDF914006430C82804D8BDF9EA
:10AEC00016006430C82801D9012300E003230BAA2F
:10AED00005A901A8FFF708FF6088BDF8061008441F
:10AEE000ADF826002088BDF8041031E094F879010F
:10AEF00005282FD007282DD00B282BD00E2829D09D
:10AF0000102827D0A06AE8B30128224604F10401E2
:10AF100001A86CD009F0A1FC221D111D05A809F0A3
:10AF20009CFCBDF90600BDF91610BDF914200844BB
:10AF30004010ADF82E00BDF904101144491000E096
:10AF400071E0ADF82C1062881044ADF8260020881E
:10AF5000084443E02246211D01A809F07EFC221D81
:10AF6000111D05A809F079FCBDF90600BDF9161000
:10AF70004843002836DDBDF90400BDF914104843EC
:10AF8000002800E02EE02DDD4E48002104F1DC0316
:10AF9000006804F1D00290F8D10304904FF475607A
:10AFA000CDE90201009104F18C0106A8FCF708FE2E
:10AFB000E1880798A288401A01B20698801ABDF964
:10AFC000062000B24A43002A04DDBDF904104143C3
:10AFD000002907DC0798ADF826000698ADF8240094
:10AFE00000241CE06088ADF826002088F6E709F010
:10AFF00034FC71E704EBC40000EB400005EB80017A
:10B0000009A80C3109F033FC0346404505DA62B269
:10B010003146D9F80000FFF79FFE641CE4B295F8B2
:10B020005406A042E6D8761C76B297F9000BB042DF
:10B03000BFF602AFD9F800004C46016800295ED087
:10B04000FFF797FE00264FF0050954E006EB460196
:10B0500000EB410090F9082090F909C00F980AFA16
:10B0600002F1036898460B4244D1109B0AFA0CF097
:10B070001F68534607423DD147460F430F999846F4
:10B0800000230F6010990968014310980160732034
:10B0900042430BEB82070CEBCC0000EB400005EBCE
:10B0A000800239465846FFF70FFD97F879010428CA
:10B0B00014D0052815D0072816D00D2817D00E2833
:10B0C00015D017E060071000A45101200C061000F5
:10B0D000683810000C071000DD06100087F87C812E
:10B0E00002E0002087F87C0187F8799102E00E20C9
:10B0F00087F87901761C20680168B142A6DC11B09E
:10B10000BDE8F08F8A490020086070472DE9F041C2
:10B1100000240646062700F5805520E00121D5F8D9
:10B12000F40AA140084219D07320604306EB800165
:10B1300091F87901042818D0052816D0012817D0D5
:10B14000032815D00A2810D00B280ED00D280FD0B8
:10B150000E280DD00F280BD0102809D0641C95F9AB
:10B16000000BA042DADABDE8F08181F87971F5E7E9
:10B170003046FFF701F8F1E72DE9FC478046002053
:10B180000E46009001900121694804F0C3FF08F5C4
:10B1900080570124D7F8F40A90B36B4601AA3146D0
:10B1A0004046FFF70AFE00254FF0060924E000BFE5
:10B1B000D7F8F41A04FA05F001421CD001990842AC
:10B1C00019D17320684308EB800191F879010428B4
:10B1D00018D0052816D0012817D0032815D00A2822
:10B1E00010D00B280ED00D280FD00E280DD00F2810
:10B1F0000BD0102809D06D1C97F9000BA842D7DAA4
:10B20000002522E081F87991F5E74046FEF7B4FF8A
:10B21000F1E700BF009904FA05F0084214D1404656
:10B22000FEF78CFF00280FDB7321414308EB8101FF
:10B2300005EBC50202EB420281F8990106EB82029E
:10B2400001234046FFF740FC6D1C96F85406A842C7
:10B25000E0D80121364804F075FFBDE8FC872DE9F0
:10B26000F041044691F85A0000260D46012801D10C
:10B2700084F87F6194F87A012E4FDFF8BC800128B2
:10B280001FD195F85A0003284DD194F8790103286D
:10B2900004D0042806D0052804D01EE02046FCF780
:10B2A000CEFF0EE0D8F8001094F87F0191F8B513A6
:10B2B00001F00F01884202D83978012906D084F8BC
:10B2C0007F6195F85A00032807D008E0401C84F8F5
:10B2D0007F01012085F85A0001E084F8806194F82C
:10B2E0007A0103281FD195F85A0001281BD194F840
:10B2F0007901052817D13878B0B9D8F80000B4F929
:10B300005A10B0F8BC2391420EDA94F8801190F8EC
:10B31000BE03814207D2032085F85A0094F88001C9
:10B32000401C84F880011EE784F880611BE7000060
:10B330000C061000DC061000600710002DE9FF4F1E
:10B34000DFF80C940020DFF804C4D9F8001083461D
:10B350008246B1F94C7402460646FE4BDB7D0BB1CA
:10B36000B1F9527400993EE0019B33F91140002C71
:10B3700001DB234600E063420FFA83F8029B33F9B6
:10B380001150B5F1000E01DACEF100052BB2BEEB83
:10B39000040400D564420FFA84FEA3EB0804BC4207
:10B3A00002DD521C92B217E0D9F80040A8EB030569
:10B3B000B4F84E8445450FDD94F85644761C651E5E
:10B3C000B6B28D4206DA009D2C1B8C4202DD4FF096
:10B3D000010B01E04FF0010A634504DDBE4502DDCB
:10B3E0009C46039B1980491EBED2BBF1000F0AD1B7
:10B3F000BAF1000F0CD0D9F80010931B91F8551436
:10B400008B4200DD0120D449CA7604B0BDE8F08F3C
:10B41000D9F8001091F850149142F3D3F3E72DE9D5
:10B42000FF4FCB4C8BB0CD4D21688046002091F86A
:10B430005414089129689A46B1F85012B1F5087F62
:10B440007ED10221C64804F0AFFEC54E4FF4886796
:10B45000394630680EF029FA0221C24804F0A4FEF1
:10B460003946C04F38680EF020FA4FF0000BCDF887
:10B4700010B02068002290F82811019190F82691D0
:10B4800090F82911009190F827E1B0F84C14079139
:10B49000B0F84E140A9136683968039129680C9DFA
:10B4A000029206920592AB4A474601F25221D27DA2
:10B4B00012B1B0F85224079290F82501C0071BD0B2
:10B4C000019810B1401EC0B20190B9F1000F03D035
:10B4D000A9F1010000F0FF090D98009A401E824278
:10B4E00002DA501CC0B20090AAF10100864503DACE
:10B4F0000EF1010000F0FF0E002280E0089B00200A
:10B50000AAEB030309936BE0914B1B6893F8253179
:10B51000DB0709D0484507DB704505DC019B9A42F3
:10B5200002DB009B9A4259DD31F8103037F81040A9
:10B530001C1B089B034431F813C037F8138000E04C
:10B540008AE0ACEB080CA4EB0C0426F8104031F8B0
:10B55000104035F810C0A4EB0C0431F813C035F8D6
:10B560001330ACEB0303E31A039C1BB224F8103036
:10B5700036F91040002C00DA644224B2002B00DAC5
:10B580005B420FFA83FC079BACEB0408984504DD93
:10B590000BF101031FFA83FB20E00A9BA4EB0C04D0
:10B5A0009C421BDD049B5B1C9BB20493684B1B6895
:10B5B00093F85644631E93420EDADDF834C0ACEBC8
:10B5C000040C944508DD834206DAAAEB04038342A7
:10B5D00002DD0123069301E001230593099B401C32
:10B5E000834291DC039806EB4A0600EB4A0001EB2C
:10B5F0004A0107EB4A0705EB4A05521C03900D98D8
:10B600008242FFF67BAF069860B90598E8B15048D2
:10B6100004990068ABEB010190F85504814201DD0B
:10B620000120029002214E4804F021FE02214D48E3
:10B6300004F01DFE4648029A006890F851140FB0BD
:10B640004948BDE8F04F08F09CBF4148006890F8B9
:10B6500050145945E4D3E5E70FB0D7E62DE9FF4F85
:10B66000DFF8F8A083460020DAF80010374D9BB0D1
:10B67000B1F850121C46B1F5087F77D10221384845
:10B6800004F092FD0221374804F08EFD344E4FF451
:10B690008867394630680EF008F9DFF8C880394607
:10B6A000D8F800000EF001F929490020069008683A
:10B6B0001C9B90F82821099290F8269190F8292156
:10B6C000049290F827210792B0F84C74B0F84E24F9
:10B6D0001992D6F800E0D8F800200192DAF800209C
:10B6E000DA464FF0000B1B4ECDF82CB0CDF85CB015
:10B6F000CDF858B0CDF838B0CDF850B0F67D02F2A4
:10B7000052220EB1B0F8527490F82501C1071D986D
:10B71000A0F1010012902BD0099810B1401EC0B2C8
:10B720000990B9F1000F03D0A9F1010000F0FF0961
:10B7300012990498884202DA401CC0B2049007981B
:10B74000611E884214DA401CC0B210E00080FFFF86
:10B750006007100068381000A45101206407100031
:10B76000440610004C0610001A061000A7E10790CE
:10B770000021BAE02046A8E0FE4E366896F8256122
:10B78000F6070AD0484508DB079EB04205DC099E53
:10B79000B14202DB049EB1427DDD32F810C03AF8BE
:10B7A0001060ACEB060C02EB4006059636F8028CF6
:10B7B0000AEB400636F8026CA8EB0606ACEB060C6A
:10B7C0002EF810C032F8106033F810C003EB4008B8
:10B7D000A6EB0C0C059E38F8028C36F8026CA6EB32
:10B7E0000806ACEB0606DDF804C036B22CF8106093
:10B7F000B4463EF91060B6F1000801DAC8F100065F
:10B8000036B20A965FEA0C0601D5CCF1000636B2D4
:10B81000BCEB080C01D5CCF1000C0FFA8CFCCDF878
:10B820004CC0DDF828C0A6EB0C0CBC4508DDDDF8EB
:10B8300018C00CF1010C1FFA8CFCCDF818C03AE0CE
:10B84000DDF828C0ACEB0608DDF864C0E04532DD69
:10B85000DDF838C00CF1010C0FFA8CFCCDF838C0C3
:10B86000DFF810C3DCF800C09CF856C4CDF854C013
:10B87000ACF1010CCDF828C08C4518DADDF854C0C5
:10B88000DDF87480A8EB0C0C8C4510DDDDF828C0C9
:10B8900084450CDA00E018E0DDF854C0A4EB0C0C91
:10B8A000844504DD4FF0010CCDF85CC003E04FF09F
:10B8B000010CCDF858C0AE4207DDDDF84CC0BC45E8
:10B8C00003DD3546AC4E70803180401E7FF454AFAE
:10B8D00001980EEB440E00EB440002EB44020AEB2D
:10B8E000440A03EB4403491C01901D988142FFF672
:10B8F00041AF179860B9169898B10E990698411AF9
:10B900009C48006890F85504814201DD4FF0010B1E
:10B910009A4800263146D0F800C09948D0F800A0D7
:10B920007DE09448006890F8501406988142EDD369
:10B93000EEE700206FE000BF421C02FB041E8D4AB0
:10B9400000FB0413126892F82521D2070AD049455A
:10B9500008DB079A914205DC099A904202DB049ABF
:10B96000904257DD3CF81E203CF81380A2EB080201
:10B970002CF813203AF81E803AF81320A8EB0202A4
:10B9800012B22AF813203CF91380B2EB080300D559
:10B990005B420FFA83FE5FEA080301D5C8F100039A
:10B9A0000FFA83F8002A00DA524212B2A2EB08031F
:10B9B000BB4202DD761CB6B224E0199BA8EB02085C
:10B9C00098451FDD149B5B1C1BB21493694B1B68CD
:10B9D00093F856340E935B1E0A93834210DADDF817
:10B9E00074800E9BA8EB0303834209DD0A9B8B4204
:10B9F00006DA0E9BE31A8B4202DD0123179301E066
:10BA000001231693AA4205DDBE4503DD15465A4AB9
:10BA100051801080401C129A90428DDB491CA1423B
:10BA200087DB56486700C4F50874D0F80080544896
:10BA30003946056808EB44000DF037FF05EB44007C
:10BA400039460DF032FF4B4C206890F87D0200071C
:10BA500008D54C48007A28B91023222229464046AE
:10BA6000FAF760FF0221454804F001FC0221444836
:10BA700004F0FDFB179850B9169880B1216814980E
:10BA800091F85514301A884201DD01200B903E4890
:10BA9000007800280B9808D00BEA000207E0206825
:10BAA00090F85004B042F0D3F1E74BEA000220686E
:10BAB00090F85114354808F064FD3549CE761FB032
:10BAC000A4E42DE9F74F92B00022324E0446ADF8BF
:10BAD0003020ADF8342030688946B0F85002B0F517
:10BAE000087F7CD10221254804F05EFB234D4FF4F2
:10BAF0008867394628680DF0D8FE0221204804F0F6
:10BB000053FB39461E4F38680DF0CFFE194A3046B8
:10BB10001168036891F828010A9091F826010290B3
:10BB200091F829010B9091F827010590149891F84C
:10BB30002511C0F3072E0EEB0E102D683F68400054
:10BB400003F25223C90728D00A9911B1491EC9B27C
:10BB50000A91029911B1491EC9B202910B990F299C
:10BB600002D2491CC9B20B910599212915D2491C51
:10BB7000C9B211E060071000C607100044061000AB
:10BB80004C06100068381000400510001806100020
:10BB9000A451012064071000059103EB400104EB60
:10BBA000400309EB400605EB400B07EB400A212060
:10BBB0004FEA0208D8F8002092F82521D2070BD0CE
:10BBC000029A904208DB059A904205DC0A9DAE4538
:10BBD00002D30B9DAE4521D931F8102000E001E1E0
:10BBE00033F8105003EB400C551B01EB40023CF8BE
:10BBF00002CC32F8027DA7EB0C07EF1B2BF810707C
:10BC000031F8105036F810701288ED1B06EB400723
:10BC100037F8027CD21BAA1A2AF81020401EC9D17C
:10BC2000FB480EEB0E1644220568FA4805F2522531
:10BC30000768F94807EB8601D0F800A0F7480DF037
:10BC4000B5FDF6480AEB8601442270300DF0AEFDDA
:10BC5000149810F0FF02934604EB4B0609EB4203E5
:10BC600005D005EB4201B41E981E891E03E0A91CF5
:10BC700009F10200A41C0AEB4B0905EB420507EB96
:10BC800042074FF00F0AC646DEF8002092F8252141
:10BC9000D2070FD0DDF828C0E2450BDBDDF82CC061
:10BCA000E24507DCDDF808C0E34503D3DDF814C046
:10BCB000E3451BD92A88B6F800C0B4F80080A2EB8F
:10BCC0000C02B1F800C0ACEB080CA2EB0C023A80FD
:10BCD0002A88B3F800C0B0F80080A2EB0C0C0A88E8
:10BCE000A2EB0802ACEB0202A9F8002009F144091A
:10BCF000BAF1010A00F1440001F1440103F14403E7
:10BD000004F1440405F1440506F1440607F1440733
:10BD1000BAD2C048C049C14E0068096800222C3E12
:10BD200000EB4B0001EB4B0106F1700700F14404FE
:10BD3000B0F844C0008801F14403ACEB000006EB0E
:10BD4000420CACF8020018880988401A07EB42013F
:10BD5000521C4880204619460F2AE7DBAF490020D5
:10BD600008807031088030803880DEF8000090F85C
:10BD70007D0200070FD5AA48007A60B9A74B1021B1
:10BD800022204433CDE90001A3F1700202F19C01AD
:10BD9000A248FAF719FE02219E4804F068FA02212F
:10BDA0009D4804F064FA9D4A0DAB4432A2F1700143
:10BDB0001020FFF7C3FA994A05460CAB7032974939
:10BDC0002220FFF7BBFA9749BDF830204A80BDF822
:10BDD00034200A809449097811B105EA000201E093
:10BDE00045EA00029148006890F85114904808F024
:10BDF000C8FB15B0BDE8F08F10B50C4601462022F7
:10BE00008C480DF0D3FC442221468B480DF0CEFC2B
:10BE10008A490120087010BD0146894810B54FF4C9
:10BE2000886200680DF0C2FC86490120087010BDD0
:10BE300018B5002190F854260DE000BF02EBC203B4
:10BE400003EB430300EB8303B3F94A408C4202DD6A
:10BE50009B6D21460093521EF0D27B480180BDF8B5
:10BE6000000018BD2DE9FF4F714981B00839002449
:10BE7000DDF83CA04C600C706C490127A0460868B6
:10BE80002546264690F89F20A146920702D500201D
:10BE900005B0AFE76D4A6E4B12781B781A4300D09D
:10BEA000012690F84A04DFF888B1C00742D0032089
:10BEB0000BF0EDFD1098022812D15B48007878B99C
:10BEC000FEF7A5F960B1ABF10800B0F80100ADF8DC
:10BED00000005B48009A01680198FFF7F2FD06E058
:10BEE00057482223102201680198FFF7B7FB044648
:10BEF0004E481125006890F84A04400715D5A4B9AA
:10BF00004748017E21B94849097809B9C07D18B16F
:10BF100003200BF0D7FD0FE04948222310220168CF
:10BF20000198FFF77CFA0446142503200BF0CAFDA4
:10BF300014B155E08BF800903948017809B941787F
:10BF4000F1B3EEB3007ED8BB384E306890F84B1496
:10BF5000C9070AD190F84A04000713D52C48006895
:10BF6000B0F85002B0F5087F0CD03C48394A3A4945
:10BF7000006800F0C4F804004FF030054FF00108ED
:10BF800002D02BE08BF80190306890F84A14C90673
:10BF900024D5314BB0F960142E4D002410221846E0
:10BFA00000F0A0F8102808D030682222B0F9601400
:10BFB000284600F097F8222800D10124306800E0DC
:10BFC0000EE090F8621422460BF1030008F0D9FA53
:10BFD000352504464FF00108002701E08BF8039057
:10BFE0000DF054FD01461E480170DCB3B8F1000F9E
:10BFF00039D08AF800902946052006F0E3FF17B1F2
:10C000000198FFF709FFDDE90201FFF7F5FE42E0C5
:10C0100064071000440610004C061000FE32012098
:10C0200068381000C60710004005100060071000B7
:10C03000180610000C75012038750120BF0710008C
:10C0400004071000BE071000F4071000D806100007
:10C05000D7061000521D0120261D0120F4061000F5
:10C060007206100019E0524801218AF8001005708C
:10C070001FB1416841F0020141604E49096891F8E1
:10C080007C22D20703D191F8AC12C90703D04168D2
:10C0900041F0080141600120FAE68AF8009000783A
:10C0A000F6E6434910B500204860087088602021FA
:10C0B00041480DF0FAFB404844212C300DF0F5FBCF
:10C0C0003E48006800F25221B0F85002B0F5087FF7
:10C0D00007D13948BDE810404FF4886270300DF048
:10C0E00065BB10BD10B50346002005E033F91240D2
:10C0F000CC4201D5401C00B2521EF7D210BD2DE932
:10C10000F74FDFF8B0A0834682B0DAF800000B46A4
:10C110004FF0000890F85E94B0F95A140091B0F90D
:10C120005C542748012644460078374620B1102247
:10C13000184600F02DF806462248007828B1222241
:10C140000099049800F024F8074606B19FB95946B3
:10C15000002440F21F2200BF31F91200002800DA4B
:10C160004042A84201DD641CE4B2521EF4D24C45A8
:10C1700001D94FF00108DAF80000424690F85F1448
:10C180000B48093008F0FDF90F4981F824407FE69B
:10C1900009E000BF30F91230002B00DA5B428B421D
:10C1A00001DD01207047521EF4D2002070470000CC
:10C1B00010061000600710008A2C01206407100090
:10C1C000D8061000D7061000A45101202DE9FF4F1A
:10C1D0008046002097B083461290824604900590D6
:10C1E00008900C90CD480C46B1F94A10006890F8C0
:10C1F0005C0C4143642091FBF0F098F802106068F9
:10C200000DF072FC0B9098F802101A980DF071FC6A
:10C210000D9098F8027091E098F8005082E0BF48C5
:10C220000068B0F8F4120A91B4F94A2090F85C1C46
:10C230004A43642192FBF1F189B209910D994A5D5B
:10C2400024998A4203D10B9830F915004BE0CF2A8C
:10C2500048D190F84B03400744D50B9830F91500AE
:10C26000009000201390461ECDF83C0007EB060915
:10C2700009F0FF011A980DF03CFC149009F0FF0141
:10C2800060680DF031FC4FF0FF31149A6B18D25CEE
:10C290007AB1CF2A0DD0DDF890C0624504D130F9D3
:10C2A00013C00F9A62440F9230F91330139A1A4454
:10C2B0001392491C49B20129E7DD761C76B2012EA2
:10C2C000D4DD0F98002805DD00994843139990FBB1
:10C2D000F1F000E000200A9949080A9109994908FB
:10C2E000099100E000200A9988420DDD049A411A64
:10C2F00005FB01220492059A8B4407FB012105915D
:10C300001299491C89B212910999884209DD401A93
:10C310000899824405FB001108910C9907FB001055
:10C320000C906D1C98F80100A842BFF678AF0B98EE
:10C3300044300B900D9824307F1C0D9098F803002A
:10C34000B842BFF669AF754805990025D0F800904E
:10C35000CA17B9F83400A0FB013605FB016100FBE8
:10C3600002164FF6FF72A3FB020706FB027203FBE5
:10C3700005210F238BFB03230DF0D5F947F6FF7240
:10C38000801841F100014FF6FF7200230DF0CBF948
:10C390008046B9F8320004994FF02109A0FB01361C
:10C3A000CA1705FB016100FB02114FF6FF76A3FBE4
:10C3B000060701FB0671002203FB02118BFB092318
:10C3C0000DF0B1F97210801841F1000132460023DE
:10C3D0000DF0A9F90499A1610599C4F82CB0E161A7
:10C3E0001299A1871999486019994C48C1F80080A1
:10C3F000D0F800800C98B8F83410C217A1FB0036B2
:10C4000005FB006001FB02014FF6FF76A3FB060768
:10C4100001FB0671002203FB02110F238AFB032399
:10C420000DF081F97210801841F1000132460023AD
:10C430000DF079F907460898B8F83210C217A1FB39
:10C44000003605FB006001FB02054FF6FF72A3FBFF
:10C45000020605FB0262002103FB01218AFB09237E
:10C460000DF061F947F6FF72801841F100014FF6B7
:10C47000FF7200230DF057F9089921620C99C4F856
:10C4800030A06162608227821BB0BDE8F08F10B5DA
:10C490002249436800220968002B01DA426003E068
:10C4A0004C8EA34200DD44600368002B01DA026079
:10C4B00010BD898E8B42FBDD016010BD3EB5084684
:10C4C000144606990091002501AA2146FFF77EFE39
:10C4D00094F85A001149032802D0012807D00FE030
:10C4E000086890F86105C0070AD0294605E0086889
:10C4F00090F86105400703D5022101A801F05CFD19
:10C5000001A8FFF7C4FF0298E0810198A08194F888
:10C510003800C00601D4E06860613EBD60071000CD
:10C52000B821FE480DF0E3B910B50214B2EB214278
:10C5300000D5524200B209B292B2401A00D5404230
:10C540000004000C0FD064214A43B2FBF0F0F44B1E
:10C5500082B20021C8B233F81140944202D2491C81
:10C560005A29F7DB10BD5A2010BD30B5EB4A90F8C0
:10C5700054161170002112E001EBC10303EB4303D9
:10C5800000EB830301EB410402EB840493F8685051
:10C5900025711D69C4F806501B6B491CE3601378B4
:10C5A0008B42E9DC30BD0246DE4810B5DB4B01684A
:10C5B000B833B1F84E0C1B78A3B191F84D3C9B07F2
:10C5C00010D592F8543691F8632C934209D8D64A84
:10C5D00091F8644C1278944203D3934201D0B1F89D
:10C5E000500C10BDD14A527C32B1D14A1278012A86
:10C5F000F7D0B1F8320710BDCE4A527812B1B1F877
:10C600007F0D10BDCC4A1278002AFAD0B1F880070D
:10C6100010BD2DE9FC5F0746FFF7C5FFDFF8FC8280
:10C620008246002608F1B80B35E000BF06EBC600D5
:10C6300000EB400007EB80006FF0004400694FF012
:10C64000FF090025009011E005EB450108EB810092
:10C650006946D0F80600019001A808F008F9844264
:10C6600002D9044605F0FF096D1C6DB298F8001060
:10C67000A942E9DC0AFB0AF0A04207DDAF480078D6
:10C6800020B10BEB060181F8029003E00BEB0600F2
:10C69000FF218170761C97F85406B042C6DCBDE8D5
:10C6A000FC9F2DE9FC410746FFF77DFF80460025F2
:10C6B0009A4E34E005EB450006EB80000024D0F8EC
:10C6C0000600009025E09548B830204490F902001B
:10C6D000A8421DD104EBC40000EB400007EB800032
:10C6E00001A900690190684608F0C1F808FB08F14B
:10C6F00081420DDD924905EB850201EB8200037951
:10C700001944052303EB82028C540179491C017101
:10C71000641C97F85406A042D5DC6D1C6DB23078CD
:10C72000A842C7DCBDE8FC812DE9FC410646FFF7C5
:10C730003AFF7A4F00258046B83737E0781990F9EC
:10C740000200401C31D17878401C787005EBC500A0
:10C7500000EB400006EB800000240069009020E020
:10C76000381990F90200401C1AD1A54218D004EBE8
:10C77000C40000EB400006EB800001A900690190B5
:10C78000684608F074F808FB08F1814208DD07EB01
:10C79000051010F8112F411C54540178491C0170E8
:10C7A000641C96F85406A042DADC6D1C96F8540618
:10C7B000A842C3DCB6E72DE9FC4706465948DFF836
:10C7C0005C910021006809F1B8090C46B0F85E7C64
:10C7D000B0F8608C89F8001038E000BF04EBC400AA
:10C7E00000EB400006EB8000651C0069009028E02B
:10C7F00005EBC50000EB400006EB800000690190EE
:10C80000BDF90200BDF90610401A00D5404281B2C0
:10C81000BDF90000BDF90420801A00D5404280B265
:10C82000B94201D3B8420BD201A9684608F01FF8FB
:10C8300008FB08F1814203DA012189F8001004E0C5
:10C840006D1C96F85406A842D2DC641C96F8540677
:10C85000401EA042C2DCBDE8FC87324910B5096821
:10C86000044691F84D1C880702D52046FFF7A3FF28
:10C870002046FFF7CEFE2046BDE8104054E7F0B555
:10C88000054600202F4E02462CB2642182FB013760
:10C89000E31A00D55B421BB2642B0ADA36F9127038
:10C8A000C3F164035F4397FBF1F303EB204363F3AE
:10C8B0001F40521C102AE9DB00222C14224D00BF1D
:10C8C00082FB0136E31A00D55B421BB2642B09DA06
:10C8D00035F91260C3F164035E4396FBF1F3034440
:10C8E00063F30F00521C222AEADBF0BD2DE9B043AE
:10C8F00001EBC10101EB410100EB81004FF0640944
:10C90000056BD0E9088181FB0901EF172A463B46F8
:10C910000CF009FF044688FB090117E0B43301203D
:10C92000CC9A01006007100026061000683810003D
:10C930001C061000B807100080071000DD0610006C
:10C9400070350120B61C0120E21C01202A463B461E
:10C950000CF0E9FE0146304661F31F4064F30F001E
:10C96000BDE8B0832DE9F04F9FB00D4606469146D5
:10C970004FF0000B142112A80CF0B9FF09EBC9000D
:10C9800000EB4000002706EB800105EBC50000EB43
:10C9900040080297039706EB880404970969206909
:10C9A000FFF7C2FD82461797189729463046199718
:10C9B000FFF79CFF1A9049463046FFF797FF1B9000
:10C9C000BDF96A20BDF96E50BDF9683050194110AB
:10C9D000BDF96C700A44D81940100344C0EB6303DE
:10C9E000CB1AADF87630C1EB62020244ADF8742088
:10C9F000ADF872106A183B18C1EB6202C0EB63031A
:10CA0000ADF87000C91AADF87A101044ADF878008E
:10CA1000676D6068C7F3074529460DF065F800901B
:10CA200056F8280029460DF064F88146FE48007843
:10CA3000012811D1FD48007801280DD100240DF105
:10CA40005C0C1AAE56F82400FFF719FF0CEB8401BA
:10CA5000641C0860032CF5DB380E08903BE0FEB246
:10CA6000C7F307282EE000BF19F8060048B3009866
:10CA70006421002430F916000C9006FB01F0ADF89B
:10CA80002E0005FB01F0ADF82C001AA800EB840085
:10CA90000BA907F0ECFE42F2107188420EDA12AADE
:10CAA000091A52F824300C9801FB003042F8240097
:10CAB00002A830F81420114420F81410641C052C2E
:10CAC000E3DB761CB045CFDA009809F12409443045
:10CAD000009008986D1CA842C1DA002412AD02AF84
:10CAE00042F2107637F81400314607F0C1FC55F8D1
:10CAF0002410B1FBF0F045F82400641C052CF1DB98
:10CB0000DDE9120107F0B4FC14AB07B293E80700AB
:10CB100007F09CFC04B2BDF96210BDF95E0007F09D
:10CB2000A7FC06B2BDF96650BDF96010BDF95C0006
:10CB300007F09EFC64214C4302B2BDF964006423FB
:10CB40004D43584394FBF7F495FBF6F190FBF2F05C
:10CB500007F08AFC01B2B6484C4322B2006890F854
:10CB60004D3C9B0704D5B34B1B780BB149430AB22C
:10CB70002D23BAF12D0F0AD8B0F8561CB0F8580C76
:10CB8000081A00FB0AF090FBF3F0081A0AE0B0F86C
:10CB90005A1CB0F8580C0C1AAAF12D014C4394FB06
:10CBA000F3F10844904201DA4FF0010B1FB05846F0
:10CBB000BDE8F08F2DE9F8430646009100250421D9
:10CBC00068460BF035FCDDF8002000204FF001092D
:10CBD00022FA00F1C90709D0C5B205EBC50101EB86
:10CBE000410106EB810181F8689002E0401C0F28AA
:10CBF000EEDB914F05EBC50000EB40007A68DDF8F5
:10CC0000003006EB8004002123FA01F0C0077CD03D
:10CC10008D427AD009FA01F0024301EBC10000EB2A
:10CC2000400006EB8000B4F842C0B0F84280C44433
:10CC3000A4F842C0B4F844C0B0F84480C444A4F896
:10CC400044C0B4F860C0B0F86080C444A4F860C0C8
:10CC5000B4F94AC0B0F94A80C44509DAA4F84A8058
:10CC600090F858C084F858C090F859C084F859C05A
:10CC7000B4F83AC0B0F83A80C444A4F83AC0B4F862
:10CC80003CC0B0F83C80C444A4F83CC0B4F83EC0FA
:10CC9000B0F83E80C444A4F83EC0D4F828C0D0F810
:10CCA0002880C444C4F828C0D4F818C0D0F818802C
:10CCB000C444C4F818C0D4F81CC0D0F81C80C444C4
:10CCC000C4F81CC0D4F82CC0D0F82C80C444C4F8DC
:10CCD0002CC0D4F820C0D0F82080C444C4F820C0B0
:10CCE000D4F824C0D0F82480C444C4F824C0D4F8B4
:10CCF00030C0D0F83080C444C4F830C0B4F866C046
:10CD0000B0F866006044A4F86600491C0F29FFF6DD
:10CD10007BAF7A60D4E906120123E06A01F0F0FEED
:10CD2000E060D4E908120023206B01F0E9FE2061E5
:10CD3000608FA4F866003E48006890F81A0DC1079D
:10CD400018D03E49897C002914D1000704D504F18C
:10CD50004C01204600F03AFA3948B4F8662004F154
:10CD60004C010068FAF796FD002803D0208F40F4AC
:10CD700000602087BDE8F88370B504460F252E4E6D
:10CD80001AE07068E840C00716D094F854066C2288
:10CD900000EBC00000EB400004EB800105EBC50098
:10CDA00000EB400004EB80006C390CF044FD94F87B
:10CDB0005406401E84F854066D1EE2D270BD2DE963
:10CDC000F0470F460024DFF86C904FF0010A3CE07A
:10CDD00009EB040009EB041590F9020015F8116F36
:10CDE000C846401C30D1F6B1012E06D195F901207C
:10CDF00061B23846FFF7B6FDA8B100200AFA04F187
:10CE0000844643460BE02A1892F901200AFA02F8F8
:10CE100003EB021248EA010182F811C0401CB04243
:10CE2000F1DB38460EE00FE0D8061000D706100000
:10CE3000600710006C3401201C06100068381000D8
:10CE4000F4061000FFF7B6FE641C97F85406A042E3
:10CE5000BEDCBDE8F0870FB4BB482DE9F04F006899
:10CE600091B014462099B0F8526C90F85D2C07925E
:10CE7000B64A01EB410102EB81014FF0000BD1F802
:10CE800006100991B249DA46D94649785D464FF015
:10CE9000FF38764331B9AF4A12784AB190F8452746
:10CEA000520705D5B0F8836D90F8622C764307924F
:10CEB00013F0FF020D9206D011B1B0F8816D01E0C0
:10CEC000B0F8546C7643A449097811B1B0F8826780
:10CED00076430020237912E021184A7901219140FC
:10CEE0000D4302EBC20101EB41021B99401C01EB17
:10CEF00082010F6A0A6BBA444F6A9344B944834271
:10CF0000EADC00234A465146584601F0F9FD0890F4
:10CF100008A909A807F0ABFC0027109027E0E0194A
:10CF200040790F9000EBC00000EB40031B9800EB32
:10CF30008300036AAAEB0301436AA9EB0302036BB4
:10CF4000ABEB0300002301F0DBFD089008A909A862
:10CF500007F08DFC81191098814207DA08A909A809
:10CF600007F085FC10900F984FFA80F87F1C20790D
:10CF7000B842D4DC2079B8F1FF3F0FD0022809D1A4
:10CF80000D9838B994F9062094F905101B98FFF70D
:10CF9000E9FCE8BB012000FA08F05DE002285CD162
:10CFA0006E480078012858D16D480078012854D186
:10CFB0006C48007860B36C48007848B394F9051069
:10CFC0001B98FFF793FC0A9094F906101B98FFF743
:10CFD0008DFC0B90BDF92A00BDF92E100AAF084454
:10CFE0004010ADF83200BDF92800BDF92C100DF14C
:10CFF000080C08444010ADF83000002657F8260011
:10D00000FFF73DFC0CEB8601761C0860032E00E068
:10D0100023E0F3DBBDF90E10BDF90A0007F02CFA8E
:10D0200007996427484390FBF7F006B2BDF90C104E
:10D03000BDF9080007F020FA0799484390FBF7F084
:10D04000BDF9121000B2B14203DBBDF910108142EC
:10D0500003DAA179012088408543256011B0BDE83D
:10D06000F00F5DF814FB00210A4608E001EBC10354
:10D0700003EB430300EB8303491C83F8682090F81B
:10D0800054368B42F2DC70472DE9FE4F82462F4822
:10D09000894640F20111B8300CF029FC4FF496712A
:10D0A00032480CF024FC3249002048604846FFF723
:10D0B000DAFF99F85406012841D94846FFF7CDFB1D
:10D0C000224E307878B32B48007860B34846FFF79B
:10D0D000E8FA0024254F23E004EB840807EB8805D9
:10D0E000287901281AD9E0B2029004EB440006EB3B
:10D0F0008000D0E90212CDE9001243682A46494671
:10D100005046FFF7A8FE284604210BF091F90128AC
:10D1100004DD57F828104846FFF74CFD641C64B244
:10D120003078A042D8DC0948B8304078012803D9CB
:10D1300049465046FFF743FE4846FFF71DFE484666
:10D14000BDE8FE4FFFF711BA60071000B4330120AD
:10D15000B80710007406100080071000D8061000F1
:10D16000D70610002B0510002A051000703501208D
:10D170001C061000DD06100070B5FE4C00EB4305E8
:10D18000049E00EB830386B18E6AA6604E8FA68054
:10D1900009686161B5F8B410E1801968E16090F840
:10D1A0000E0120701068206170BDA6688E62A6888E
:10D1B0004E8766690E60E188A5F8B410E1681960D1
:10D1C000217880F80E112069106070BD2DE9F047BC
:10D1D000064608784A7860F307048B7862F30F24D8
:10D1E000C97863F31744002561F31F6410B1401E32
:10D1F00060F30704212A02D2521C62F30F2413B1F8
:10D200005B1E63F317440F2902D2491C61F31F64AC
:10D21000C4F307410F4670680CF066FC0246D6481E
:10D22000394604F0FF09C4F30723240E07680EE013
:10D23000484608E032F910C097F8278DE04501DC38
:10D240006D1CADB2401C8342F4D2491C44328C4266
:10D25000EED2A6F86650BDE8F0872DE9F843C74F37
:10D260008146C54D38781C461646884608B97878F8
:10D2700018B3387E08BB2A6892F856020307C048E4
:10D280000178C048007807D592F876228A4203D305
:10D2900002280AD0042808D0052801D006280CD17D
:10D2A00019B1B4488078052807D223463246414652
:10D2B0004846F8F7DAFE002875D0B34B32464146AF
:10D2C000484600F03AFC00286DD0787C90BB94F87A
:10D2D0005A0003282ED12968B4F9600091F871131F
:10D2E00088421DDCFAF740F940B970783178401A6D
:10D2F0002968401C91F8771788420CDCFAF734F95A
:10D30000012817D1F078B178401A2968401C91F8AB
:10D31000761788420EDD286890F87407800709D5D3
:10D320009A480078012805D00420994984F85A00C9
:10D3300001200870608FA4F86600286890F81A0D24
:10D34000C10713D0B97C89B9000703D531462046FF
:10D35000FFF73CFF8F48B4F8662031460068FAF7C3
:10D3600099FA18B1208F40F4006020873068E0649B
:10D3700022463146844800F07FFA3146824800F068
:10D3800037FB286890F84B03400706D543464A46CA
:10D3900031467D48009400F08AFB306820652046C5
:10D3A000FCF7B6FE0120BDE8F8832DE9F047894679
:10D3B0001C461646784D03F1580891780CF08EFB08
:10D3C0000746B17860680CF08FFB02460020A0622F
:10D3D000A4F86000B1781CE0307801F0FF0A12E098
:10D3E00017F800C0CC450DD132F91030D4F828C060
:10D3F000AB429C44C4F828C004DD88F800001D46F8
:10D4000088F801A0401C73788342E9D2491C443259
:10D410002437F0788842DFD2A4F84A501BE72DE980
:10D42000F8431C4690460E460546089F00F01EFE37
:10D430005A49B4F84200A1F84900B4F84400A1F8F0
:10D440004B004D48638F026892F8780383423CD8C2
:10D45000032084F85A0092F84A230020930701D44D
:10D46000520700D50120E28F032A00D20020228D2E
:10D47000A1F80B2041494A7D4949012A0AD009787F
:10D4800041B938B12346424631462846009701F05B
:10D4900014FD88E72346424631462846FFF7DDFE65
:10D4A000002880D0FCF7B1FE009690F854162B4669
:10D4B00001EBC10101EB410100EB8101A1F16C0223
:10D4C00031481C39FEF7FAFF6DE731490120087039
:10D4D000042084F85A00DDE72848807858B12648AF
:10D4E000304A0068126890F8C113914205D290F852
:10D4F000AA03800701D5002070470120704791F8EA
:10D5000038101D4ACB0728491268097806D011B196
:10D5100092F8B21305E092F8B31302E059B192F811
:10D52000B013224B5B7813B192F8B42311448842B4
:10D5300004D90120704792F8B113F2E70020704738
:10D540002DE9F04F1A480027EBB0B0F900A00948C8
:10D550003E4601211C3002F027FE064801212430FE
:10D5600002F022FE03480221203002F01DFE0221BB
:10D57000104821E0240610006007100068381000F1
:10D5800008071000D0061000A03601202E0510005C
:10D5900080071000F40610000080FFFFA451012056
:10D5A0008107100084061000DC061000B807100088
:10D5B000940610005006100002F0ACFD0421ED4866
:10D5C00002F0A8FDDFF8B0B34FF4587529465C4669
:10D5D000DBF81C000CF069F92946606A0CF065F96B
:10D5E0004FF48861206A0CF060F92946E3480CF09A
:10D5F0007EF900256570F8F7A1FCE1488DF88E51A1
:10D60000012300682090002220A9A06900F044FBBB
:10D61000DC48649505709DF88E01A0700124D0E06F
:10D6200020A800EB840505A80DF1800801956C2168
:10D63000DDF890910CF05BF900208DF86E00D24877
:10D6400000680690079008EB44008DF87040B0F831
:10D65000B400ADF85200ADF84E0028681A9064206E
:10D660008DF87D004FF00108DBF8180008FA04F58A
:10D6700015EA090F059001D1059802E0DBF82400B6
:10D68000059005AB2146019AFFF78FFE234664AA59
:10D6900005A920A8CDF80080FFF76EFD1BA800F0BB
:10D6A0008DF928B1BDF84C0040F00100ADF84C00F8
:10D6B000019800F08FF928B1BDF84C0040F0080047
:10D6C000ADF84C00BDF95E10514535DDAF48007E28
:10D6D00090BBAF48AF4BBDF84E2001685B7891F826
:10D6E00070034BB1BDF84C301B0702D591F8731392
:10D6F00001E091F872130844824215D905A8009000
:10D70000A5481AAA2146B0F90030DBF8180000F04D
:10D71000ECF89DF88E01009005AB2146019A059822
:10D72000FFF77DFE012747E000200090234664AA12
:10D7300005A920A8FFF720FD9748BDF95E10B0F9B4
:10D740000000814238DDFFF7C7FE60B3BDF84E0030
:10D7500005A9FFF7D4FE38B3019E05980DF1140911
:10D7600003908DF86E804B463246214600F07EFCD9
:10D770004B46324621460398FFF76FFD90B1FCF708
:10D7800044FD009490F85416039B01EBC10101EB9A
:10D79000410100EB81017948A1F16C02B0381C39DC
:10D7A000FEF78CFE012607E000200090234664AAC5
:10D7B00005A920A8FFF7E0FC64980543641CE4B2C7
:10D7C00064959DF88E01A042BFF42AAF7349487159
:10D7D00073480770734806706D48006890F84A04F3
:10D7E000C00708D0FCF711FDFEF722FB00906E4841
:10D7F000BDF80010018002216C4802F0A3FC042156
:10D800005C4802F09FFC5C4801211C3002F02FFDB7
:10D8100059480121243002F02AFD574802212030C6
:10D8200002F025FD6BB0BDE8F08F5D490020087067
:10D830005C4908705E49087070474F4900205B4A98
:10D8400008628861C86110604A4A1060544A1070CA
:10D85000544A107048707047474910B5002048700E
:10D860004FF4587145480CF042F84448B021BDE8E7
:10D870001040B0380CF03BB82DE9F74F3E480D464C
:10D8800041780F2901D2491C417001F0FF09494933
:10D8900082F85B9001EB890029680160A97837481C
:10D8A0000CF027F98246A87819E000982C7800EB54
:10D8B000C80B0DE0DBE900672246012000210BF0D8
:10D8C0000CFF06400F403E4301D00AF80490641C50
:10D8D0006878A042EEDA0AF1240A08F10100E9783A
:10D8E00080464145E1DABDE8FE8F2DE9F05F8A46CA
:10D8F0009B46144691780A9D0CF0F0F80646A178F4
:10D9000068680CF0F1F807464FF00009FFF7E4FDF6
:10D9100000282DD02849B5F94A00B1F900108842F5
:10D9200026DCA178E37817E0207862780EE000BF6B
:10D9300016F80080D04507D137F91080D84503DDAF
:10D9400009F1010C1FFA8CF9401CC0B28242EFD2DF
:10D95000491C2436C9B244378B42E5D22946484691
:10D96000FFF7CDFD002803D0288F40F400702887F2
:10D97000BDE8F09F68061000240610005037012013
:10D980008C0610001C061000F40610006838100009
:10D9900060071000B807100096061000A45101207F
:10D9A000DA061000DB061000110610005006100009
:10D9B00081071000B03A012090061000017839B1BB
:10D9C000212905D0407818B10F2801D000207047D8
:10D9D00001207047017811B14178212904D1817863
:10D9E00021B1C0780F2801D0002070470120704776
:10D9F000F0B5804D002205EBC2030024C3E90044CA
:10DA0000521CD2B2182AF6D38A782CE000EBC2035B
:10DA1000D3E9007657EA060323D073084FEA3704A8
:10DA200017EB070E46EB060C43EA0C03334344EABC
:10DA30000E0405EBC2063C43D6E9007C27434CEAC2
:10DA4000030CC6E9007CD6E9027C27434CEA030CB0
:10DA5000C6E9027CD6E9047C27434CEA030CC6E9FC
:10DA6000047C521CD2B2CB789342CFD25FF000023A
:10DA700005EBC20300EBC206D3E90243C6E900434B
:10DA8000521CD2B2102AF3D3087808B1401E087095
:10DA90004878212801D2401C4870887808B1401E7F
:10DAA0008870C8780F2801D2401CC870F0BD2DE9DD
:10DAB000FF5F0D460E99A87800EBC00302EB8302CE
:10DAC00002F12509496800EB001201EB820AE978AE
:10DAD000804641452FDB00992C7801EBC80B20E0F4
:10DAE000DBE900672246012000210BF0F6FD06402D
:10DAF0000F403E4314D019F804000399884204D023
:10DB000018B1CF2109F804100AE03B483AF9141083
:10DB10000068B0F8F402814202DD039809F80400BD
:10DB2000641C6878A042DBDA0AF1440A09F124098E
:10DB300008F10100CBE7BDE8FF9F2DE9FF5F947876
:10DB4000164604EBC4028B4600EB8200002100F174
:10DB5000250820E0002081468246357877780FE05E
:10DB600018F805205A4509D12A46012000210BF05A
:10DB7000B4FD41EA0A0A40EA090901216D1CEDB22F
:10DB8000AF42EDD2039B08F1240803EBC403641CED
:10DB9000C3E9009AE4B2F078A042DBD204B00846B0
:10DBA000BDE8F09F70B50C788B784D78C9786AB174
:10DBB0000CB1641EE4B2212D01D26D1CEDB20BB18B
:10DBC0005B1EDBB20F2901D2491CC9B203EBC302B1
:10DBD00000EB82020026253209E0204602E01654BE
:10DBE000401CC0B2A842FAD95B1CDBB224328B4283
:10DBF000F3D970BD803010006007100030B5B0B1AF
:10DC0000884214D002D20A4601461046CA4A5368D6
:10DC100003EB40031C788C4209D05C788C4206D020
:10DC200095682A5C022A02D2541C2C549954084646
:10DC300030BDF0B503EB8204A57805EBC50600EB1B
:10DC40008606E0782436A8420FD3207807E03718FC
:10DC500097F801C0944500D17970401CC0B2677834
:10DC60008742F4D26D1CEDB2EBE703EB810025682F
:10DC7000056003EB420003EB410130F8B42FA1F83B
:10DC8000B420AE49096821600021018093F80E019B
:10DC9000401E83F80E01F0BD2DE9FF4F884608466F
:10DCA000097887B0FF2911D08A464178222901D20C
:10DCB000491C00E0222190F80290C078CDB21028D3
:10DCC00001D2401C00E01020C6B204E04FF0000A70
:10DCD0005546D146564609984FF0000B08B198F8C2
:10DCE0000EB1954C206800F15A01C4E901015A2196
:10DCF0000BF0DBFDD4E901312C2000BF03F810004C
:10DD000000220A54401EC0B2F8D20BF10100039069
:10DD1000C0B20090079809EBC90100EB810709F137
:10DD20000100029739E000BF0AF101000197C4B277
:10DD300024372EE039190868E0B1385D38B311F89E
:10DD4000011C002001B108460199095D09B1FFF7E6
:10DD500055FF0A9961B101992144059111F8011CFF
:10DD600009B1FFF74BFF0599497809B1FFF746FF65
:10DD700018B10BE0E41CE4B209E000982D2803D2AE
:10DD8000411CC9B2009101E0401EC0B23855641C6C
:10DD9000E4B2AC42CED90498401CC0B20490B04268
:10DDA000C2D9009800F06FF8009003980021C0B22B
:10DDB000624B09E008EB80021C68146008EB40022B
:10DDC000401CA2F8B410C0B2009A9042F2D302985C
:10DDD0004F462430019039E0544630E001190120CB
:10DDE0004058E8B3487840B3534A526812F81000DC
:10DDF000487008EB400108EB800931F8B42F204649
:10DE0000521C0A8099F8001006F02EFB89F80000D9
:10DE100099F80110204606F02BFB89F8010099F8CB
:10DE20000210384606F020FB89F8020099F803102A
:10DE3000384606F01DFB89F80300641CE4B2019823
:10DE4000AC42CBD324307F1CFFB20190B742C3D386
:10DE50000098401EC2B288F80E210998002800E000
:10DE60000BE00DD0A2EB0B00012809D1099907980E
:10DE70000BB04346BDE8F04FDBE6E41CE4B2DCE760
:10DE80000BB0BDE8F08F2DE9F05F07460025DFF805
:10DE9000A8B02CE0DBF808104E5DDBF8041001EBB5
:10DEA000450A1AE00AEB0600804610F8011C10F83B
:10DEB000029C084600F035F80446484600F031F868
:10DEC000844202D2014620460C46DBF80410761E3E
:10DED000F6B201F8104008F8024C012EE2D804D145
:10DEE000284600F01EF88AF800006D1CEDB2BD4215
:10DEF000D0D300210846DBF804400DE004EB4002DB
:10DF00001378834203D11170491CC9B202E014F89E
:10DF100013301370401CC0B2B842EFD30846BDE8BE
:10DF2000F09F054AD2E9011202E000BF11F810008B
:10DF3000135C002BFAD1704750061000949B01002F
:10DF4000F0B5B2F900400668B44202DDB3F9001042
:10DF500030E002EB410434F9025CB54204DA03EB31
:10DF6000410131F9021C25E000252C464F1E0CE032
:10DF700032F914C0B44507DC02EB440CBCF902C012
:10DF8000B44501DB25460C46641CBC42F0DB32F98B
:10DF9000154003EB450133F91530B1F9021002EBDE
:10DFA0004502361BC91AB2F902207143121B91FBBC
:10DFB000F2F119440160F0BD2DE9F04105461B481E
:10DFC000006800F2695309B3022926D003292BD136
:10DFD00090F8621590F8634590F8670503EB4107E8
:10DFE00003EB40020844204402EB410664281BDC9A
:10DFF000012902DD281DFFF7A3FF012C14DD2846AF
:10E000003B4632462146BDE8F04199E790F862155B
:10E0100090F8634590F86405E0E790F8621590F891
:10E02000634590F86605D9E7BDE8F0816007100008
:10E0300030B5427803784D8FD21AC3788078521C5D
:10E040001B1A5B1C05FB02F0D4185D4340006A00FC
:10E05000B0FBF4F0B2FBF4F2904203D921F8420F86
:10E060004A8030BD21F8422F488030BD2DE9F04173
:10E07000144602461B4888461D460068B0F86A13DD
:10E0800090F87907084407B20020A3F86000A1784F
:10E0900010460BF023FD0646A17868680BF024FDBE
:10E0A0000146A27816E020780EE000BF16F800C006
:10E0B000C44508D131F91030BB4204DDB5F86030F9
:10E0C0005B1CA5F86030401C63788342EEDA443173
:10E0D000521C2436E0789042E5DA29462046BDE815
:10E0E000F041A5E7600710002DE9F05F0024DDF89E
:10E0F00028808A4699461546834626462746414645
:10E100000BF0F2FC30F91900A84229DDA8F101005A
:10E1100045B208F101081FE0102D19D2E9B25846A6
:10E120000BF0E2FCA9F1010149B209F101020CE096
:10E13000222906D23AF9143030F911C01F440CFBE1
:10E140000366641C491CE4B249B29142F0DD01E06F
:10E15000E41CE4B26D1C6DB24545DDDD0FB101E09C
:10E160000646012796FBF7F000B2BDE8F09F2DE9C7
:10E17000FF4F83B09B4610989146017801B1491E2C
:10E18000CCB2817801B1491ECDB24178212901D2AA
:10E19000491C00E02121C078CEB20F2801D2401CDA
:10E1A00000E00F20C7B2CCB9A84612E001460398A0
:10E1B0000BF0A5FC824623465A464946CDF800801E
:10E1C0000498FFF791FF2AF8140008F1010000F00D
:10E1D000FF084046B845E9D9641CE4B2212E19D1A4
:10E1E000A84612E0014603980BF089FC82463346AC
:10E1F0005A464946CDF800800498FFF775FF2AF883
:10E20000160008F1010000F0FF084046B845E9D9C2
:10E21000761EF6B2C5B9294603980BF070FC82460B
:10E22000A0460CE003465A46494600950498FFF77D
:10E230005BFF2AF8180008F1010000F0FF084046D3
:10E24000B045EFD96D1CEDB20F2F18D139460398A8
:10E250000BF055FC8246A0460CE003465A46494660
:10E2600000970498FFF740FF2AF8180008F1010012
:10E2700000F0FF084046B045EFD97F1EFFB2B9F964
:10E2800012005FEA000A5CD14FF0010A59E029460A
:10E2900003980BF034FC0190681EC1B204980BF097
:10E2A00023FC0090294604980BF01EFC224644E013
:10E2B00030F9121059453BDD0099B9F9008001EBA6
:10E2C0004201002331F902CC0CFB0833B1F900C044
:10E2D000B9F902800CFB0833B1F902C0B9F9048026
:10E2E0000CFB0833B1F942C0B9F906800CFB0833C6
:10E2F000B1F944C0B9F908800CFB0833B1F946C044
:10E30000B9F90A800CFB0833B1F986C0B9F90C8061
:10E310000CFB0833B1F988C0B9F90E800CFB083347
:10E32000B1F98AC0B9F910100CFB013191FBFAF177
:10E33000019B23F81210521CD2B2B242B8D96D1C04
:10E34000EDB2BD42A3D907B0BDE8F08F1CB5834C38
:10E350002468019401AC0094FFF709FF1CBD2DE96E
:10E36000F74FDFF8FCB198B01446DBF8000090F8E6
:10E370002611491E4FFA81FA90F82711491C4FB215
:10E3800090F8281190F82901491E401C4EB24FFA0E
:10E3900080F9BAF1000F01DC4FF0000A212F00DBF9
:10E3A0002127002E00DC0026B9F10F0F01DB4FF012
:10E3B0000F096C4D284690F90910179190F90A0041
:10E3C00016902C2168460BF092FA2C210BA80BF02A
:10E3D0008EFA5DE0701EC1B219980BF085FB5346B2
:10E3E00053E00021212B5BD000EB430232F902CD38
:10E3F000A44503DD95F900800CFB0811B2F902C0B9
:10E40000A44503DD95F901800CFB0811B2F904C0A5
:10E41000A44503DD95F902800CFB081132F944CFC5
:10E42000A44503DD95F903800CFB0811B2F902C085
:10E43000A44503DD95F904800CFB0811B2F904C072
:10E44000A44503DD95F905800CFB081132F944CF92
:10E45000A44503DD95F906800CFB0811B2F902C052
:10E46000A44503DD95F907800CFB0811B2F90420DF
:10E47000A24203DD95F908C002FB0C11179A91FB2B
:10E48000F2F16A465B1C22F81610BB42A9D9761C31
:10E490004E459FD9DBF800005C4690F8285155E0C6
:10E4A000B0F940C000F14002A44503DD95F90080B9
:10E4B0000CFB0811B2F902C0A44503DD95F90180F7
:10E4C0000CFB081132F944CFA44503DD95F9038014
:10E4D0000CFB0811B2F902C0A44503DD95F90480D4
:10E4E0000CFB081132F944CFA44503DD95F90680F1
:10E4F0000CFB0811B2F90220A24203DD95F907C016
:10E5000002FB0C11169A91FBF2F10BAABAE7E9B2E1
:10E5100018980BF0F4FA21686B460BAE91F82611AF
:10E520000EE000BF00EB410736F9152037F9027CF9
:10E530007A4333F9157092FBF7F220F81120491C49
:10E54000226892F827218A42ECDA6D1C206890F844
:10E550002901A842DBDA1BB0F6E600008C061000A9
:10E56000600710005C0610002DE9F84F1646DDE943
:10E570000B7A98460A460546FE48DDF828B0006842
:10E580005946B0F9509310460BF0A8FA0446594684
:10E5900028460BF0AEFA05465946DAF808000BF0AB
:10E5A000A3FA014698F8000098F80120012340B929
:10E5B0002078B04204D1B1F90000B84200DD2B70E0
:10E5C0000120212A42D194F82120B24205D1B1F98B
:10E5D0004220BA4201DD85F82130202236E000BF1A
:10E5E00014F800C0B44530D131F910C0BC452CDD61
:10E5F000CC4401EB400B0FFA8CFA3BF902CC4FF004
:10E60000000ECDF800C0D44505DDBBF90280D04531
:10E6100001DD4FF0010E012809D93BF9048CD045EA
:10E6200005DDBBF90280D04501DD4FF0010E202849
:10E6300007D2DDF800C0D44503DDBBF90480D04526
:10E6400003DCBEF1000F00D12B54401C9042C7D90F
:10E65000BDE8F88F2DE9FF4F9FB000202C9F199047
:10E660001890C5481D46C34A0378C448417C1068C9
:10E6700053B190F85D43B0F95E331593B0F9603350
:10E680001793B0F9A3330BE0012914D090F84F434E
:10E69000B0F950331593B0F952331793B0F9A7334B
:10E6A00090F84D2C9B46D20712D090F84B030007F0
:10E6B0000ED559B10CE090F8FF42B0F90033159334
:10E6C000B0F902331793B0F9A533E9E701201990A7
:10E6D000F4B3DDE920010E910BA9079109A90A9174
:10E6E000A9780BF0FBF90690A978B8680BF0FCF953
:10E6F00047F6FF738246DA43AE7895F8039019E047
:10E70000297895F801C00DE010F801800E98804539
:10E7100007D13AF91100984200DA0346904200DD31
:10E720000246491C06988C45EED224300AF1440A70
:10E73000761C0690B145E3D2079803800A980280C0
:10E74000BDF92400BDF92C10401A6043642100E09B
:10E750000AE090FBF1F08A490988084400B2AC78DD
:10E76000EE78824624B10EE08548B0F90000F6E765
:10E77000CDE9004A0DF17C08029798E807002B4686
:10E78000FFF7F2FE01240F2E0AD1CDE9006A0DF148
:10E790007C08029798E807002B46FFF7E5FE0E2657
:10E7A000601EC1B2B8680BF09FF98146012C06D9F2
:10E7B000A01EC1B2B8680BF097F90A9001E0CDF83D
:10E7C00028902146B8680BF08FF90B90601CC1B2FD
:10E7D000B8680BF089F90D90A01CC1B2B8680BF0B5
:10E7E00083F91090214620980BF078F90F9021467C
:10E7F0001F980BF07EF90590002021461A9061E1E8
:10E80000287847E10F9A135C219A93427ED1002227
:10E8100013921B921C920B9A32F91030159A149392
:10E820001A440FFA82FE179A1A445B441BB20193F2
:10E8300039F9103012B2734507DD0D9F37F910C05A
:10E84000F44502DD012713971C9700287BD021286F
:10E8500079D00B9F07EB40071D9737F9027C77456E
:10E860000BDDDDF874C0BCF90280F04505DD4FF02A
:10E87000010CCDF84CC0CDF86CC009EB400C3CF954
:10E88000028CCDF8448090450BDDDDF8348008EB38
:10E890004008B8F90280904503DD4FF00108CDF83B
:10E8A0004C80BCF902C0CDF848C0944509DDDDF8C4
:10E8B00034C00CEB400C3CF902CC944501DD012244
:10E8C0001392199AF2B3019A974209DD0D9A02EB5D
:10E8D0004002B2F902C0019A944501DD012213926F
:10E8E000019A974206DDDDF804C0129A624501DD07
:10E8F000012213921D9ADDF804C0B2F9022062458C
:10E9000011DDDDF834C00CEB400C00E0C1E03CF957
:10E91000028CDDF804C0E04505DD4FF0010CCDF8B8
:10E920004CC0CDF86CC0DDF804C0624504DD119A1E
:10E93000624501DD0122139263450CDD0D9A02EB65
:10E94000400201E036E06EE032F902CC019A9445D3
:10E9500001DD01221392019A934209DD0D9A02EB27
:10E960004002B2F902C0019A944501DD01221392DE
:10E9700008E0000060071000400510006838100033
:10E9800094061000DDF804C0129A624507DD0D9A66
:10E9900032F910C0019A944501DD01221392DDF88D
:10E9A00004C0119A624505DD0D9A32F910C0019A32
:10E9B000944541DC139AAABB01290CD90A9A32F971
:10E9C00010C0F44507DD0D9A32F910C0F44502DDA0
:10E9D000012213921C920E2909D2734507DD109A69
:10E9E00032F91030734502DD012213921C92012886
:10E9F0000CD91D9A32F9043C734507DD1D9AB2F912
:10EA00000230734502DD012213921B9220280AD2A4
:10EA1000774508DD1D9AB2F90430734503DD012204
:10EA20001B920BE008E0139A32B9149A524503DDA9
:10EA3000059B01221A542CE01B9A52B31C9A42B334
:10EA4000FE4A527C2AB3FE4A126892F8F122D2079B
:10EA50001FD0012218921B9A6AB131B1059ACD23B9
:10EA600002440F2902F8223C13D2059BCD22034415
:10EA700083F822200DE01C9A5AB130B1059BCD22BB
:10EA80000344212803F8012C03D2059BCD22034423
:10EA90005A70401C6A788242BFF4B4AE0B98CDF82D
:10EAA000289044300B900D9809F1440944300D90A2
:10EAB0001098443010900F9824300F90059824300F
:10EAC000491C0590B1427FF69BAE1898012813D1DE
:10EAD00021461F980BF00DF800220BE0297804E086
:10EAE000435CCD2B00D14254491C6B788B42F7D24A
:10EAF0002430641CB442F1D91A9823B0BDE8F08FD9
:10EB00002DE9FC470746CE489A4688460668002508
:10EB1000D117B08EA0FB023405FB024200FB01249A
:10EB20004FF6FF72A3FB020C04FB02C203FB05219C
:10EB30000F2287FB02230AF0F6FD47F6FF728018CA
:10EB40004FF6FF7941F100014A4600230AF0EBFD40
:10EB5000718E0446A1FB083C05FB08C04FEAE87231
:10EB600001FB02024D46A3FB050C02FB05C200217E
:10EB700003FB0121212287FB02230AF0D4FD6A1046
:10EB8000801841F100014A4600230AF0CCFDCDE98E
:10EB9000004096F86105C00706D0BAF1000F03D017
:10EBA00000216846FFF708FA0199404661F31F40CB
:10EBB000009961F30F00BDE8FC872DE9FC5F044676
:10EBC00090F8550094F854100025401A401C01900C
:10EBD00094F8570094F856102E46401A401C0090A6
:10EBE00084F869506068A946AB464A340AF07CFF55
:10EBF00082469348217B677B4A3C02681CE000BF49
:10EC000094F8540094F8553013E000BF3AF910C05E
:10EC1000B2F9F482BCF1000F02DD761CB6B207E057
:10EC2000C8F10008C44503DA09F1010C1FFA8CF998
:10EC3000401C8342EADA491C8F42E1DADDE9003008
:10EC4000584300B231B2002808DD814206DC64235B
:10EC5000594391FBF0F005B284F8695092F804032F
:10EC6000A84205DBB9F1000F02D04FF0010B02E022
:10EC7000642084F869005846BDE8FC9F2DE9FF4FE9
:10EC8000704885B0704D04684FF0FF3002909B468D
:10EC900004F5887A012207992868FEF783FF05A802
:10ECA000CDF800B090E80E002868FFF7D3FC0346CB
:10ECB000002084F80E010798002221460068206099
:10ECC0002868FEF7E9FF94F80E010026DFF86C9142
:10ECD000DFF86C81012803D899F8110000287DD055
:10ECE000FBF793FA019005980490DDE906705D4604
:10ECF00000680390554B03AA39460498FEF71DFFA0
:10ED000070B103A95148FEF773FE00972A4603A984
:10ED10004E48049BFDF7D2FBE8686861E86A6863C7
:10ED200099F8110060B1D8F8000090F8F102C0071E
:10ED300006D0474D002028705846FFF73EFF287048
:10ED40004FF0000994F80E7101254BE06C225946F2
:10ED500050460AF070FDD8F8001004EB4500B0F8FA
:10ED6000B42091F856138A423BD90121A940029A56
:10ED70000391114235D094F80E11012905D9BAF842
:10ED8000381041F01002AAF83820B0F8B410AAF8F0
:10ED90003A102D4804EB85020092E9B25346006810
:10EDA000FEF703FB2848E9B25346009A0068FFF7D4
:10EDB0005DF92849BAF84200534621F8490FBAF8DC
:10EDC000440048802048E9B2009A0068FEF745FAFE
:10EDD000012806D1761CF6B2039800E049E040EA2B
:10EDE00009096D1C94F80E01A842AFD2FBF70DFA89
:10EDF000804690F854060025801B00F0FF0A01248D
:10EE000018E000BF29FA04F0C00712D0E0B2009069
:10EE10000AEB050000EBC00000EB40010A4808EBDC
:10EE2000810202F1500103680848FDF747FB6D1CA1
:10EE3000EDB2641CBC42E5D9012E0DE0683810002B
:10EE4000600710006806100040061000A036012080
:10EE50001C061000A451012002D096B109B04DE665
:10EE6000019890F8540600B1401E019981F85406AB
:10EE700007E0D8F8000090F8210710B15846FFF7D6
:10EE80009CFE05AC5B4694E80700FEF7E6F9002817
:10EE9000E4D0FBF7BAF90699009190F85416059B57
:10EEA00001EBC10101EB410100EB8101A1F16C0219
:10EEB00006481C39FDF702FBD0E738B51568049CFD
:10EEC0005D650094FFF7DAFE38BD0000A036012032
:10EED00070472DE9F04F7E4A4FF0000C14787D4AC0
:10EEE000052C126892F8483027D0B2F84A40B2F99F
:10EEF0004C70644226B203F00F0300BF764DC3F19D
:10EF0000100495F81880B8F1000905D032F86B6F3D
:10EF10007642B2F9027036B240F21F2ADFF8BCE145
:10EF20005246AB4630F8128031F81250B9F1000F5A
:10EF3000A5EB08052DB208D00DE0B2F85240B2F9A9
:10EF40005470644226B21B09D8E73EF9128008FBD0
:10EF500005F848F3CF15B54201DBBD4202DD4FF0A5
:10EF6000010C01E0521EDDD25D4A12881AB19BF8F5
:10EF70000F20002A10D1BCF1000F0DD14FEA0A0278
:10EF800031F9125030F912605D4306FB04552D1122
:10EF900021F81250521EF3D2BDE8F08FF0B50125D2
:10EFA0001446DDF814C00DE031F9146030F9147026
:10EFB00006EB030EBE4503DBA6EB0C06BE4201DDED
:10EFC000002501E0641EEFD1454B1B881BB1424B6D
:10EFD000DB7B002B16D1002D14D03E4B1B6893F821
:10EFE00049301B09C3F110040AE000BF31F9125087
:10EFF00030F912605D4306FB04552D1121F81250C3
:10F00000521EF3D2F0BD70B59A42DDE90454069E5B
:10F0100015DA6D42AA4212DD9C4210DAAC420EDDD6
:10F02000002E0CD12B4AB1F90040126892F8742DD1
:10F03000C2F11003544300FB03400011088070BD6F
:10F04000FEB50E46074601F0A2FD23490446002006
:10F05000897E21B923490978012900D10120204363
:10F0600034D1F00704D0204938680968FFF731FF30
:10F07000184DF00615D528681022B0F958100091E7
:10F08000B0F9563019493869FFF788FF28682222FD
:10F09000B0F95C100091B0F95A3015497869FFF762
:10F0A0007DFF300512D50E48B0F90020286890F891
:10F0B000751D8DE8160090F8763D0E480E49B0F9A2
:10F0C00000200E48B0F90000FFF79DFFFEBD0000D4
:10F0D000D00610006007100068381000D21D012013
:10F0E000021A01206C071000040710000C750120A3
:10F0F00038750120061A01207C750120FE190120B7
:10F100002DE9FF4F81B08B46DDE90E6148420FFAD1
:10F1100080F91C46154600204FF6FF7A5B460246F2
:10F120004FF0010C11E021460AE000BF33F91170E5
:10F13000B74201DC4F4503DA0CFA02F1084301E063
:10F14000491EF3D203EB4403521CAA42EBDB01221B
:10F15000002105F064FA00EA0A0AF848006890F80D
:10F160002501C00702D05846F7F71BFF204632E0C2
:10F170004FF0000E0BEB400371465246774600936A
:10F180000FE000BF5FEAC27C07D1B3F900C0B4450D
:10F1900003DACC4501DDE644491C520803EB440385
:10F1A0007F1CAF42EEDB01B901219EFBF1F7019913
:10F1B000002201EB400300990BE000BFB1F800C052
:10F1C00001EB4401ACEB070CA3F800C003EB4403D4
:10F1D000521CAA42F2DB401ECAD2D848006890F8FE
:10F1E0002501C00705D0019805B0BDE8F04FF7F73D
:10F1F000F8BE05B0BDE8F08FF0B50026344609B181
:10F2000000250DE00020F0BDD70704D030F91570BF
:10F21000641C3E44E4B25B084FEA320205F101058A
:10F220008D42F1DB96FBF4F000B2F0BD2DE9F04F1A
:10F230008246DDE9090B0029DCD052EA0304D9D06B
:10F240004FF0000C9946644665466746664663463D
:10F2500013E000BF5FEAC27809D03AF9138003FBDC
:10F26000035503FB08661C4447440CF1010C5FEA9C
:10F2700059094FEA320203F101038B42EADB05FB35
:10F280000CF204FB1428B8F1000FB3D006FB0CF20B
:10F290007D4304FB172C06FB145600245FEA0B0287
:10F2A00007D173004A1E0CFB023292FBF8F242F3C4
:10F2B0004E040022454212E00CFB026393FBF8F37C
:10F2C0001B1B834201DD034602E0AB4200DA2B4602
:10F2D0003AF812703F1BFB1A2AF81230521C8A426D
:10F2E000EADB87E72DE9F04F87B00E468146012122
:10F2F0000020129CCDE903011746A27C084600219C
:10F30000521E0AF0EAF9CDE90110B4F904000590A3
:10F31000607C41008A480AF0C8FA00257FE0DDE9F8
:10F3200010012A460AF0ECF9A27CC00766D0618978
:10F33000384605F087F9A27C82468B46904601202C
:10F3400000210AF0CAF9421E41F1FF338AEA0200A5
:10F350008BEA030108434ED0E27B434650465946B0
:10F3600005F0D6F90B460246A17C3046FFF744FF74
:10F370000146734820F81510217E11B1002120F8B4
:10F38000151030F915000090059AA37C11463046FF
:10F3900005F097F98E46B6F90020E1888A4205DD2E
:10F3A000DDE9033C20EA0C002EEA030EA37C06EB09
:10F3B000430232F9022C8A4207DDDDE901826FEA5D
:10F3C000020C00EA0C002EEA080EDDE90321DDE95B
:10F3D00001C841EA080142EA0C02014002EA0E02B9
:10F3E00041EA0A0142EA0B0208400EEA0201A27B4E
:10F3F00005F08EF909E05046594606E0012000214B
:10F400000AF06BF9401E41F1FF3109EBC5026D1C9A
:10F41000C2E90001A07C06EB400607EB4007607CD8
:10F42000A8423FF77CAF6078444D48B1207838B9A6
:10F43000286890F81D1343480278484605F08FF974
:10F44000286890F82511C9071ED090F8286116E0A9
:10F4500090F8264109EBC6070BE022460120002167
:10F460000AF03BF9D7E9002382438B43C7E9002325
:10F47000641C286890F82701A042EEDA761C286800
:10F4800090F82911B142E3DA07B0B3E62DE9FF475E
:10F490001C46914606460F460025DDF8308047E0C1
:10F4A00028FA05F0C00705D12448006890F86203E7
:10F4B000400732D509EBC500D0E90010CDE90210B4
:10F4C000082102A808F0B4FF217C814213DA002150
:10F4D000A088CDE90001A17CDDE902233046FFF7D9
:10F4E000A5FE2078F0B1A17C1748222900D1174849
:10F4F0004A00314609E0207850B1A07C124B222806
:10F5000000D1124B4200314618460AF04FF909E08B
:10F51000A07C394642003046F7E7A07C41003046E7
:10F520000AF0C3F9A07C6D1C06EB400607EB400710
:10F53000607CA842B4DCBDE8FF87000060071000D3
:10F5400040311000D10610008A2C0120B62C012079
:10F55000FEB50746DDE90840CDE9004016460292B7
:10F560000D460A460548FFF7BDFE3346034A2946C5
:10F5700038460094FFF78AFFFEBD0000600E1000C1
:10F5800030B5FD490446002009780246891CCBB2FB
:10F59000014604E0655C0DB12A44D2B2491C99428F
:10F5A000F8DBF649096891F81712914200D801205A
:10F5B000F34981F84E2030BD10B5F24800241821DF
:10F5C0008470C470F0480AF070F9EF480C38046099
:10F5D0008480C0F80640448110BD10B50446EB4855
:10F5E000002205E034F91230834200DD1846521C37
:10F5F0008A42F7DB10BD10B5044647F6FF700022C3
:10F6000006E000BF34F91230834200DA1846521C7B
:10F610008A42F7DB10BD2DE9F84F8146DC48D74F11
:10F6200088460178DB4E38689346012511B1B0F960
:10F63000CD420CE07178B0F9C742012902D002290D
:10F6400003D004E0B0F9C94201E0B0F9CB42022195
:10F65000684600F0A9FDDFF840A342464946BAF9E2
:10F660000030009806F08DF83B68002147F6FF7CDB
:10F6700093F8E4028846B946020707D4C00605D4C9
:10F6800093F8E502C20701D1800601D54FF00108C9
:10F69000BAF900201DE0009830F91200604501DB46
:10F6A000884216DDB8F1000F05D0BC4F37F9127053
:10F6B000474347F3CF10604500DA8446002801DB5A
:10F6C000074600E047428F4203DD002800DA40424F
:10F6D00001B2521EDFD2B24FA14201DD39800025B6
:10F6E00093F845074C46C0071AD0707860B10C21DA
:10F6F000A548FFF772FF2168B1F84617401A604528
:10F7000002DDA7F800C000259E489F4A817822F8B4
:10F7100011C0491CC9B281700C2901D3002181702C
:10F72000206890F81602800706D5707820B15846F8
:10F73000FFF726FF00B100250221684600F097FD83
:10F740002846BDE8F88F2DE9F04792460A4692B068
:10F75000994647F6FF75014600272C462223684646
:10F7600006F00FF800206E4636F91010A94200DAB4
:10F770000D46401C2228F7DBDFF80882824910235F
:10F7800098F803000C394A4621F81050514630468B
:10F7900005F0F7FF5FF0000036F91010A14200DA23
:10F7A0000C46401C1028F7DB774A98F80300921F9C
:10F7B00022F81040401CC0B288F80300032802D38E
:10F7C000002088F80300704803210C38FFF705FF7C
:10F7D00006466D480321801FFFF7FFFE6749096851
:10F7E000B1F84827B11AA94202DC801AA04200DD14
:10F7F000012712B03846BDE8F08770B56248032192
:10F800000C38FFF7F8FE05465F480321801FFFF71D
:10F81000F2FE5A49634C0B68B3F84A174A42AA42AF
:10F8200001DC824201DD012007E093F84C172278C9
:10F830005D4804F0A6FE08B10020207050482278F0
:10F84000417B62F30711417370BD4C48006890F82A
:10F85000BC02400707D54F4854494079097888428F
:10F8600001D00120704700207047444810B500685F
:10F8700090F8BC12890727D542490A78521CD2B2A7
:10F880000A7090F8BE3293421ED200220A7090F89D
:10F890007C120324C90703D190F8AC02C00700D042
:10F8A0000B24F0F7ABFD4248016821430160F0F7FB
:10F8B000A3FD1021052003F085FBBDE810404FF4A7
:10F8C0008071002008F043B810BD324930484FF035
:10F8D00000024B78007803432A4807D143785B1C29
:10F8E000DBB24370052B02D901234B704270704785
:10F8F0002DE9FF4F2F48DFF884B081B090F80090D9
:10F90000DBF800004FF00008109D90F8BC02444660
:10F91000C246C0071ED00027019E18E030462A4686
:10F920000299FFF778FE38B10120B84040EA08009C
:10F93000641C00F0FF08E4B217487F1C3FB2B0F926
:10F94000000006EB40060C4800780544AD1C4F450E
:10F95000E4DB02E04C464FF0FF08174981F80080D5
:10F960004CB10D48009443460088494682B2019844
:10F9700000F050F82AE021E0D106100060071000E6
:10F98000A45101206C061000FC3A01200080FFFF0A
:10F9900040051000B8071000E2061000D21D01203B
:10F9A0007C06100074061000A2061000D30610009A
:10F9B0008C071000D4061000710610003448B0F90E
:10F9C0000010032003F0FEFA4FF0010ADBF80000FC
:10F9D0005D4690F84507800712D5DDE90301DDE9B2
:10F9E0000E23FFF7B0FE0446286890F8450740074D
:10F9F00001D5FFF702FF2748007808B104B1A246FD
:10FA000005B05046BDE8F08F7047234800210170D3
:10FA1000417070472DE9F003069F002F1AD0012591
:10FA2000012F02D01446A9462FE0002410E000BFA9
:10FA300005FA04F61E420AD0002C0BD05300624394
:10FA4000BDE8F00300EB42011A4609F0AFBE641CAA
:10FA50008C42EDDBBDE8F003704700BF002600EBF1
:10FA6000440C35460BE000BF09FA05F818EA030F0D
:10FA700002D0BCF9008046440CEB420C6D1C8D4258
:10FA8000F2DB96FBF7F520F81450641EE6D2E1E7AE
:10FA90007C061000730610006C061000F6F7E9BF34
:10FAA0002DE9F04FFF4887B0002100680AF01CF8EC
:10FAB0000746FD48002100680AF016F80646FB4894
:10FAC000002100680AF010F84FF0000A0246CDF855
:10FAD00000A008200590F648CDF810A0CDF80CA0A5
:10FAE000CDF808A0CDF804A0B0F90040D4465546A2
:10FAF000D3460CB94FF0010BEE480178EE4831B116
:10FB000001680A25B1F94FC7B1F955170191EA48C3
:10FB10004FF00F0ED0F80090B9F84D07B9F86137E3
:10FB2000A0EB0C0C5FF0210037F8101036F81080B5
:10FB3000A1EB080109B28B420FDAB9F86D8788454D
:10FB40000BDDDDF81480404507DADDF8088008F1A8
:10FB500001080FFA88F8CDF808808B4207DAB9F867
:10FB60006387884503DD0399491C09B2039132F983
:10FB70001010002901DB884601E0C1F10008E045D2
:10FB80000FDDDDF81480404507DADDF8108008F15C
:10FB900001080FFA88F8CDF810800AF101080FFA71
:10FBA00088FABBF1000F02D0A14200DA0C46401ED9
:10FBB000BAD2BEF1010E02F1440206F1440607F189
:10FBC0004407AFD22221BD4805F01BFE0646102196
:10FBD000BB4805F016FE864200DB3046B649019A66
:10FBE0000968B1F853379B1A534526DBB1F85137F2
:10FBF000019A9B1A049A93421FDBB24A927EF2B991
:10FC0000B1F865272A44A2420ADDB1F869375E1BC4
:10FC1000039B9E4204DAB1F867375B1B83420CDB1F
:10FC2000A2420CDDB1F86B27531B029A934206DA0D
:10FC3000B1F86F17491B814201DA0120009000984A
:10FC400007B0BDE8F08F2DE9F0419B4E3168B1F867
:10FC50005757FFF725FF044609F018FF012800D188
:10FC6000002499480178062901D0052902D130687D
:10FC7000B0F85957DFF83CE2944A00209EF800C0E3
:10FC8000BCF1000F00D03CB110600127A44517D093
:10FC900044B18EF8007013E01368AB42F5DA5B1CD8
:10FCA0001360F2E71268AA420ADB894A8EF8000064
:10FCB000894B1070874A10603268B2F85D271A804D
:10FCC000042901D0022918D19EF800208349844CD0
:10FCD000012A05D00A78012A09D022783AB10BE02E
:10FCE000087808B1207838B90F700B2101E008704E
:10FCF0000A216A2003F06CF92770BDE8F081794889
:10FD00000078012810D16F48817D00290CD0017E38
:10FD1000002909D174490978002905D1C07D00283E
:10FD200002D1624800688EE770472DE9FF4F85B029
:10FD3000002691468A468DF80C603746022007F06F
:10FD4000A6FE4A4651460598F7F7CFF9674905469A
:10FD5000DFF87481CA78012865F30302CA7013D0F2
:10FD6000022D25D0032D23D001260221604800F06A
:10FD70001BFADFF87CB12021DBF8000009F095FDCB
:10FD8000504CE07BF0BB51E0FDF74FFDFAF7BEF9B8
:10FD9000FAF78FF998F800000528E6D1FAF762FA29
:10FDA0000028E2D00120F4F725FFFAF75FFADCE73C
:10FDB000FDF7C6FB98F800004446052813D1FAF772
:10FDC00051FA10B1FAF723FA40B1207805280AD188
:10FDD000FAF748FA38B9FAF71AFA20B10120F4F71D
:10FDE00009FFFAF743FA3448006890F84007C00763
:10FDF00007D04048C078012803D1FAF767FA0128F4
:10FE000005D000E014E02078052806D102E00126A4
:10FE1000374606E0FAF726FA18B1FAF711F9FAF7B9
:10FE200057F90121344800F022FA9EE7207D88B37B
:10FE30002F4A32490020136831F810C03AF81020D8
:10FE4000ACEB020223F81020401C1028F4DBE17B0D
:10FE50001A48A1B12A498346194B0978CDE9000116
:10FE600098F8002027491298F5F708F9CDF800B066
:10FE7000CDE901901E4801221146036806E0217D6C
:10FE800041B101220090CDE90192002198F80000D3
:10FE9000F5F7C4FD0221164800F0E9F9FFF72FFF3E
:10FEA00003A931E00407100000071000F406100059
:10FEB000F40710006C07100060071000E21C01201E
:10FEC000B61C012068381000D00610007007100022
:10FED0006D071000740710006A0710006E0710000D
:10FEE0006F0710006807100040051000A4510120A2
:10FEF00044061000700610003C0610000C7501202E
:10FF0000DD0610007C75012000208DE823000346EB
:10FF10004A4651460598FBF7A5FF40EA0605A07A38
:10FF200028B9E07A18B9207B08B9607B28B1694804
:10FF3000664A6749006803F06EFF67B1664800686B
:10FF400090F84007C00706D065484FF488626349BF
:10FF5000006809F02BFC022007F0B4FDFAF730FA34
:10FF60009DF80C0098B1F0F749FA5E485E4A0168C6
:10FF7000126811430160F0F73FFA5C4801780520F0
:10FF800003F020F84FF48071002007F0E0FC2846D1
:10FF900009B056E62DE9FF4F554D83B092466F7874
:10FFA000EC78DDF844B0149E5FEA01094FF00008D8
:10FFB0000CD050480178484600F015FB4E482A788E
:10FFC00033460178204600F0A7FB8046032007F067
:10FFD0005EFD4A4A4B48CDE900A2CDF808B0016861
:10FFE000474B069A0398FFF783FC0446032007F06B
:10FFF00069FD454EACB1FFF768FCFFF736FC49469A
:020000021000EC
:100000000398FFF701FD4148407A38B14048007835
:10001000800703D50421032007F099FC34702046A3
:100020000EE6FFF7F2FCFFF710FC044609F012FDA4
:10003000F070B8F1000F0BD0E87873893289002195
:1000400003F0F3F86878B84202D008B90020308194
:10005000002CD4D1139800905146129B069A039815
:10006000FFF763FE0446CAE710B5F7F78CF9FDF712
:10007000E4FBF9F76EFDF6F7FCFCFFF7C6FCFCF7B6
:1000800010F82149002008704870C8800881488114
:10009000888188700861486188611C3108708870A7
:1000A000222048701020C87010BD10B5F7F783F9F2
:1000B000FDF7D2FBF9F74AFD00F0B5FBF6F7E6FCD9
:1000C0000B4800214170817010BD0000B61C01205A
:1000D000E21C0120F406100060071000EE2301204E
:1000E000000710008C071000140610001006100006
:1000F000B8071000BE071000E00610000C750120C4
:1001000038750120040710007006100068381000D0
:1001100018071000062904D28C4A515C8C4A535CA3
:100120002BB1002101600146482002F02CBC874B16
:10013000083353F821300360864B43F82100012037
:10014000505470470A4630B40021062A11D27F4B22
:100150009A5C72B17D4C0368083454F82240A34283
:1001600007D17B4B99547B4B43F82210016030BC84
:1001700070470160014630BC492002F004BC2DE903
:10018000F0410124724D734F0026285D38B12E5581
:1001900057F824104A2002F0F6FB47F82460641C4C
:1001A000032CF2DBBDE8F0812DE9F041694D684B8D
:1001B00000270A460C350760596805F1140603F15B
:1001C0000804012A38D0022A1CD0032A3FD1002279
:1001D00004EB020CDCF800E0BEF1000F07D0521C6B
:1001E000022AF5DB042930D301464C2031E055F8D2
:1001F0002240046046F822004FF00330091FCCF87B
:10020000000032E05FF0000204EB020CBCF800E0FA
:10021000BEF1000F05D0521C042AF5DB0229E3D2FF
:1002200013E055F82240046046F8220040F2022014
:10023000ACF80000891E18E05FF0040214F802C058
:10024000BCF1000F09D0521EF8D2002FAAD10146EE
:100250004B20BDE8F04102F096BB55F822500560F6
:1002600046F822000120A054491E59609AE7F0B4D4
:10027000384E374C002504220C36D0F800300834B4
:1002800056F822709F4212D1A75C8F420FD1531CA7
:1002900011D0304D00232035036045F82230A3549F
:1002A000012911D0022911D0032904D108E0521EDE
:1002B000E6D2002D08D1F0BC01464D2002F063BB10
:1002C000A01843708370C370F0BC7047A0184370CF
:1002D000FAE770B51E4E1F4D0524083620350BE099
:1002E000305D48B155F824104E2002F04CFB315DD2
:1002F00055F82400FFF7BBFF641EF1D270BD70B546
:100300000121144B124A002043F821005054491C8B
:100310000329F9DB012111700D4A05210D4B5160B4
:100320000C330B4D04210C4A083503F1140400BFB3
:1003300001EBC10606EB460602EB461643F82160C8
:10034000685444F82100491EF2D270BD989B010008
:10035000A4061000343810007C421000F0B5F749B4
:10036000F74B096891F8E422D20734D0F54A577860
:100370004FB191F8EF42B1F8EC5204F00F022609A8
:10038000B1F8EA4208E091F8EE42B1F8E85204F020
:100390000F022609B1F8E642DFF8ACC39CF800C0B2
:1003A000BCF1030F06D191F8F0120FB10A0901E078
:1003B00001F00F02A04201DC1A60F0BDA84201DB8F
:1003C0001E60F0BD001BB11A4843291B90FBF1F0E1
:1003D00010441860F0BD0020FBE7D848D9490068F8
:1003E0000A7800F21A20805C487170472DE9F00FFE
:1003F0008346D248DFF84C93DFF850A3006899F8A1
:1004000000706FF0004190F8366290F835023AF8CB
:1004100017404FEA101802071FD000F00F0CC74B0F
:10042000002002461B680546B44293F8343205DBCF
:10043000A61B06FB08F696FBFCF63344BF4E99F864
:1004400001C03668BCF1010F96F8196208D0BCF102
:10045000020F08D006F0030C12E04FF0010CDEE7AB
:10046000C6F3810C0CE0C6F3011C09E03AF81260F7
:10047000B14201DD3146D5B2B04200DA3046521CFD
:100480006245F3DDABF80000601A984201DC674575
:1004900004DD89F80050BDE8F00F9EE7BDE8F00FDD
:1004A0007047A64A10B512680021B2F8283283427C
:1004B00005D292F818321B0701D5032112E0B2F8D9
:1004C0002632834205D292F818325B0701D5022109
:1004D00008E0B2F82432834204D292F8180280076E
:1004E00000D501219A48974C0378994211D161783F
:1004F00099421AD0974A1278134307D08168491E4F
:100500008160002911DC007860700EE00170816864
:10051000F7E789B1022901D1012B0DD092F82222EF
:1005200082600170002A00DC61708B486278417B38
:1005300062F30301417310BD92F82322F0E7814971
:1005400010B500204870C87084497C4A0870804902
:1005500088600870126892F8E432DB0703D092F8E2
:10056000EF22120900E00022754B4FF488741A60E4
:10057000C86008617549086048602146784809F0FC
:1005800094F921467148BDE81040083009F08DB952
:1005900038B50020ADF800006846FFF727FF674830
:1005A000684D006890F81802400602D5BDF800407A
:1005B00004E067492878143131F810406948048014
:1005C0002046FFF76EFF2046FFF7C8FE6648018809
:1005D000A14200D2048028785C4931F810005E49BD
:1005E000A1F8150038BD2DE9F34F5948222483B0F6
:1005F00046788B46DFF87491761C5EE006FB04F0CB
:10060000C7B2BBF1000F4ED1DFF830810025D8F81A
:10061000000090F8181289060FD5B0F93212CDE912
:100620000014B0F930324E4800EB4702039800EB5B
:100630004701484605F02CF806E00398620000EBFD
:100640004701484609F0B2F8DFF814E1D8F800A0F5
:1006500000217A1839F911003EF91230181A00D524
:1006600040420FFA80FC3948083030F912306345B7
:1006700002DA9AF8388201E09AF8398203FB08F32B
:10068000C8F580780CFB08331B1220F8123030F9C3
:100690001200A84200DD0546491C09B2A142D8DB80
:1006A0002A4820F816502E480F2300EB470022223C
:1006B000CDF800B0039905F071F8761E9ED2BBF11B
:1006C000010F26D02248214B42780833521C1AE0F1
:1006D000002120460DE000BF03EB400633F9105027
:1006E00036F9026CAD1B00D56D422DB28D4200DD96
:1006F0002946401E00B20028EED1154803EB440302
:10070000143020F81210521EE2D205B0BDE8F04FAE
:100710003EE705B0BDE8F08F2DE9F043DFF8249007
:10072000064E002799F80180094C3668BC463D46C4
:10073000B8F1000F1CD002256BE00000600710002C
:100740009C061000B8071000D0061000143B0120D2
:10075000B4061000D9061000A45101207406100040
:100760002C3C012076061000780610003C3D01204C
:1007700013B101284CD04CE0002302280BD00128F3
:100780000ED096F8EB8008F00308884533D19045E9
:1007900031D163801AE06188491C6180A38037E011
:1007A00096F8EB80012508F00308884510D19045A4
:1007B0000ED1638096F88020A1888A4206D9491C10
:1007C00089B2A1808A4224D1002522E0A38020E0C2
:1007D00091421ED0A38096F87F20B4F902108A427D
:1007E00007DD491C09B261808A4212D14FF0010C29
:1007F0000FE063800DE091420BD06188491C09B283
:100800006180A38096F87F208A4202D14FF0010CCC
:10081000012589F80350854200D001274CEA0700E2
:10082000BDE8F0838BE610B50C4C206890F81902F7
:10083000C0F30112C0F3810100F0030003F00DFECC
:10084000074948702068074990F8EB0000F0030062
:100850000870FFF7C2FDBDE8104070E660071000A9
:10086000B4061000B807100070B5FF4D00241B211E
:10087000FE48AC6109F019F82C62EC61FFF715FC39
:10088000FFF73DFDFA48048000F0ADF9F948047027
:10089000F948046070BDF949F34891F8302042707E
:1008A00091F8313083705A43428291F83320C270FC
:1008B00091F82C20027091F82D20027191F82E20D1
:1008C000427191F82F20827191F83820027291F8CC
:1008D0003720C271EA4A426202F5BB62826251F875
:1008E0001A2BC262E74A0263E74A4263C97F017476
:1008F000E649002008707047E04890F82C10DC486A
:100900008170D94902794B7A63F300028B7A63F3E1
:10091000C302CB7A63F34102DD4B5B7903724B7BFD
:10092000C3710B7B63F3041202718B7B827BC97BE7
:1009300063F3030261F30712D64982730988818346
:10094000D5490988C183D54909880184D4490A78E1
:10095000C17B62F30301C173D2490A78017C62F35F
:100960000001D14A127862F34101D04A127862F351
:10097000C3010174CE490A88A0F829204A88A0F84A
:100980002B208A88A0F82D20C988A0F82F10C949EB
:100990000A88A0F84F204A88A0F851208A88A0F839
:1009A0005320C988A0F8551070472DE9F041DFF8B1
:1009B000BC820C46054680EA040698F80270F006F0
:1009C00001D5F6F756F8C4F3001088F80000C4F318
:1009D000C03088F81300C4F3404088F81500B648CA
:1009E0000268062A75D00020A44B88F80E0000216A
:1009F00093F82C0002286ED005286CD088F80610D9
:100A0000042874D0062872D088F80710012305281E
:100A100073D0062871D088F8081000BFC4F3400CCA
:100A200088F802C0C4F3003C88F809C0052A67D0E2
:100A30004FF0000C88F80AC0012A64D04FF0000C77
:100A400088F80BC0022A61D04FF0000C88F80CC067
:100A5000082A5ED0072A5CD088F80D10C4F3403213
:100A600088F81120C4F3803288F8122098F80FC05B
:100A7000C4F30022944501D088F8103088F80F2084
:100A8000C4F3004288F81420C4F3804288F816208A
:100A9000754A022840D004283ED0D18288F8171029
:100AA000C4F3405088F81A00C4F3800088F8180096
:100AB00008B188F8023098F80200B84201D0F5F782
:100AC000FDFFC4F3005088F81900BDE8F08100E094
:100AD00001E0012088E7D3F824C0BCF1000F01D069
:100AE0004FF0010C88F806C08AE700E005E05B6A79
:100AF00003B1012388F8073088E788F808308DE7CC
:100B00004FF0010C96E74FF0010C99E74FF0010C04
:100B10009CE788F80D30A1E7280301D5300307D4FE
:100B2000B2F91600002811DD280306D5300304D5DC
:100B300062480068B0F8D302D082B2F916000028EB
:100B400001DD401ED08288F81730A9E7D182C4F3B6
:100B5000C04088F81700A3E770B5594D2C68002CE9
:100B600014D00022A0B2114602F06EF82868A0430B
:100B7000286001D102F0DAF83C48017C012905D156
:100B800000210174BDE8704002F0DCB870BD364849
:100B9000817A01290BD0C17A012908D0407B30B974
:100BA0004848007818B948480078002800D001204B
:100BB000704708B5FFF758FE6B4600220B21022054
:100BC00006F00EFF0098C00705D00121022006F0B4
:100BD000EAFE00F028F800980007EDD50821022071
:100BE00006F0E1FEE8E7204810B51021417022210F
:100BF00081700901418226494979C1700121017141
:100C0000417181710170002181828173C173FFF78D
:100C10002BFAFEF75DF9F6F7AAFCFEF7CDFCBDE86E
:100C20001040FBF77DBC30B585B0002401F050FECC
:100C3000012006F02CFF00F064F80B4D95F8200021
:100C4000C00710D00D480DF1040C00F13C01EC6917
:100C50000EC98CE81E00C1680091D0E9042303C8C6
:100C6000FFF798F9044631E0D0061000683810000C
:100C7000A4510120FC071000F80710005C5310007D
:100C800058430120803D0120346F0120800710006F
:100C9000B80710007C061000C2071000C40710003F
:100CA0002E0510002C051000400510004505100011
:100CB000143B0120C8061000F00710006007100068
:100CC000A80710007206100070061000E86950B105
:100CD0004CB9032006F0DBFE1F48E969FEF7B0F9C6
:100CE000032006F0EFFEFFF707FEFFF735FFFFF7E3
:100CF000F0FAFFF744FA05B00120BDE8304006F0F5
:100D0000E1BE70B5154E144CD6E907010143D4E994
:100D1000080240EA020081EA000503D110B1FFF7A2
:100D2000A3FD09E0E80703D0FFF79EF9FFF77AFD7E
:100D3000E80601D5FEF7B2FEE169B069FFF735FEBE
:100D4000E069B061206A3062606AF06194F848003E
:100D50007074BDE870409EE55C531000D006100032
:100D60000D4D00200D4C28602868401C2860EFF7CE
:100D700045FB08F098FB0128206809D040F00400EA
:100D8000206007F015FB00BFEFF736FB30BFEBE745
:100D900020F004002060F7E71407100010ED00E0D9
:100DA0002DE9F05F1F4DDFF88090DFF880A0DFF8BD
:100DB00080B0A84620211B4808F077FDD9F8001024
:100DC00018488847471EDAF8000098F8006008F1D4
:100DD000010490F89E00C00705D03A4621463046EF
:100DE00000F028F828B93A462146304600F01AFCAF
:100DF00018B10120296802F0E5F8DBF8000080470F
:100E00000028D7D1BDE8F09F38B50C46054606F05E
:100E10009EFD6946284606F0D4FD00992142F8D18E
:100E200038BD000083381000D8071000600710009C
:100E3000DC0710002DE9F0470025A0F1C00891461D
:100E40008A46B8F1070F08D8FE4C4946504654F878
:100E50003820904704EBC80120E0A0F110010329DD
:100E600002D8F848883805E0A0F130010C2906D8EE
:100E7000F448683850F8317000EBC10029E0A0F167
:100E80004004022C11D8DFF8BC83494608F1400821
:100E9000504658F83420904708EBC40109790129DD
:100EA00020D10546012817D01CE0622802D07828FE
:100EB00006D017E0E349A0F16200A1F1900104E03F
:100EC000E049A0F17800A1F1980151F8307001EBF0
:100ED000C0004FF00105466848464E4502D1014624
:100EE0005046B8472846BDE8F08770B50022002973
:100EF00016DD0378491E142B12D203EB4305D14BA8
:100F0000401C583353F8254003EB85056B68002BD4
:100F100006DB994202D02B7A012B01D1A047024671
:100F2000104670BDC849012008600421FFF76CBF5E
:100F3000C5490020086004210120FFF765BF07F0C4
:100F4000F4B910B5EFF75AFAC0490E200860EFF770
:100F500053FA0221052002F035F8BDE810404FF4A5
:100F600080710020FFF750BF70B5B94902780024A6
:100F70000A7042784A7001784B07B6490A6802D570
:100F800042F0040207E0B44B1D6805B101240025BE
:100F900022F004021D600A60027812070A6802D576
:100FA00042F0020201E022F002020A6000784006EC
:100FB00002D542F0100001E022F010000860082184
:100FC0000120FFF721FF002C0ED0A0494FF48770BD
:100FD00008600321052001F0F5FFBDE870404FF4E3
:100FE00080710020FFF710BF70BD007838B1012874
:100FF00017D19A4900204A7B012A07D00BE092487A
:10100000006808B1802109E0042107E0944A1060DB
:10101000944A107048739449087010210120FFF71A
:10102000F3BE704710B50078C2078A48016802D045
:1010300041F4004101E021F4004101600821012058
:10104000FFF7E2FE012010BD02788248016812B16C
:10105000012A06D102E021F0080101E041F0080177
:10106000016008210120FFF7CFBE704770477F481D
:1010700077490068B0F86A03020ACA7108727047BB
:101080007A4873490068B0F86A03020ACA710872A4
:10109000704730B46F4903780A68112B17D2DFE824
:1010A00003F00909090909090909090909091616B5
:1010B0001609090042F002020A6001780120884006
:1010C00065490860082130BC0120FFF79DBE22F071
:1010D0000200F6E77047704701F09AB910B5044670
:1010E0000078010260780843A1780A02E178114390
:1010F00009B2F6F77CFA5D48006890F81A0D4007CF
:1011000005D5224640F2C171012002F020F90120EC
:1011100010BD10B504468078E278617842EA00227A
:101120002078F6F76DFA5148006890F81A0D4007DC
:1011300005D5224640F6C101012002F008F9012040
:1011400010BD70B504460020237801460246012BED
:101150000BD160780102A0780843E1780A02217976
:10116000114362791502A2792A4312B209B200B280
:10117000F6F772FA3D48006890F81A0D400705D559
:10118000224640F6C111012002F0E1F8012070BDB5
:10119000F8B50446002025780146024603467DB195
:1011A00060780102A0780843E1780A0221791143AE
:1011B00062791302A2791A43E3791E02237A334338
:1011C0001BB2009313B20AB201B22846F6F723FA13
:1011D0002648006890F81A0D400705D5224640F6CB
:1011E000C121012002F0B3F80120F8BD10B504467A
:1011F00000886188A28840BA49BA52BAF6F73BFA29
:101200001A48006890F81A0D400705D5224640F6A6
:10121000C131012002F09BF8012010BD10B5044639
:101220000078A2780101607841EA101100F00F0007
:1012300042EA0022E078F6F724FA0C48006890F8B9
:101240001A0D15E0449C0100AC0710008C0710003B
:10125000443A1000B0071000700510006838100004
:10126000F0071000300810007F0710006007100022
:10127000400705D5224640F6C141012002F067F83B
:10128000012010BD0020704710B50078C207D54876
:10129000016802D041F4805101E021F480510160E5
:1012A00008210120FFF7B0FD012010BD10B508880E
:1012B000CD49088001210320FFF7A6FD002010BDC5
:1012C00002F013BDC94910B500220A600078242835
:1012D00001D1052008601221C54808F0E6FA012076
:1012E00010BD70B5BF4C05460178206871B3032965
:1012F0000ED020F4807040F480302060082101205E
:10130000FFF782FD00F041FD2878F3F75EFD2AE04B
:10131000F3F758FD08B9F4F721FC4FF48076EFF7A6
:101320006DF8B4480660EFF767F82068082120F4EC
:10133000803040F4807020600120FFF765FD314669
:101340000020FFF761FD00F015FDDDE720F480705F
:1013500020F48030206008210120FFF755FDF4F7CC
:10136000FDFB00F012FD012070BD10B502789D4814
:10137000016812B141F4802101E021F48021016073
:1013800008210120FFF740FD012010BD70B50022AB
:10139000002915DD0378491E0B2B11D2964C03EB67
:1013A0004305401C54F8253004EB85056C68002C7F
:1013B00006DB2D7A012D01D0A14201D198470246CA
:1013C000104670BD894910B5032008604FF0804178
:1013D0000020FFF719FD012010BD844900220A609A
:1013E000038833B101230B60844900880880844856
:1013F0000280002070472DE9F0417C4F0025064611
:101400003D6000787F4C012802D0022809D00FE00F
:101410004FF4BB617C4808F048FA2570072038601B
:1014200006E0082038602178092901D2491C217082
:10143000B6F801004FF47A727049904201D90A80DF
:1014400000E008806E4805800020BDE8F081674913
:1014500000220A60038833B102230B606B490088C5
:1014600008806B480280012070476A480178132089
:1014700001F0A8BD01785D48012903D00021016079
:10148000002070470621FAE70A46634910B50B6849
:10149000047803F5A871521ED2B20C44A11803F2CD
:1014A000CF13994206D3191B4A1CD2B2002901D589
:1014B000002010BD411C204608F078F9012010BD25
:1014C00010B5007801F0E1FF544901200860810661
:1014D0000020FFF799FC012010BD491ECAB2037815
:1014E000411C184601F0D8BC007801F0E9BC10B5E9
:1014F0000078C2073B48016802D041F4005101E086
:1015000021F40051016008210120FFF77DFC01203A
:1015100010BD10B502783348016812B141F4804122
:1015200001E021F48041016008210120FFF76CFCFB
:10153000012010BD0078C2072A48016802D041F49A
:10154000003101E021F40031016008210120FFF7A2
:101550005BBC70B590F9002031480023016891F818
:10156000D002C0072AD01F480468250307D591F987
:10157000D252AA420BDB012324F4002406E091F9A5
:10158000D152AA4203DC012344F400240460A502E2
:1015900006D591F9D6128A420ADA24F4001105E040
:1015A00091F9D5128A4203DB44F40011016000E096
:1015B0001BB108210120FFF727FC002070BD10B5EA
:1015C0000078C2070748016802D041F4801101E0A9
:1015D00021F48011016008210120FFF715FC012092
:1015E00010BD0000B00710002C071000F00710001D
:1015F000EE7501208C0710008C9D0100340810004E
:101600003608100030081000FC5101203A08100084
:10161000380810007D07100064071000280810002B
:10162000600710000B4610B50021A038092806D825
:10163000FE4951F8204011461846A0470146084689
:1016400010BD0020704770B5F94C002300292360BD
:1016500011DD0278491E042A0DD2F44D401C2835B4
:1016600055F8324005EBC2025268002A03DB914272
:1016700001D1A0470346184670BD10B5007800217F
:10168000C00700D00121EB48016004210120FFF7D1
:10169000BBFB012010BD10B510210120FFF7B4FBEA
:1016A000E54900200860E5494873E24908600120E7
:1016B00010BD70B50146002409782046254606294C
:1016C00024D006DC06292ED2DFE801F0101217190B
:1016D0001B1E102924D004DC07291AD0082922D186
:1016E0001AE011291ED020291DD128E001242CE068
:1016F0000224012000F03EFA15E004240EE020242C
:1017000000E0402401200EE08024FBE74FF48074C9
:10171000F8E74FF40074F5E74FF480640220E9E73E
:10172000082400E01024C24914F0180F0C60C14CCA
:101730000DD010210120FFF767FB25600FE0C048A6
:101740004FF400640570BF4805700020D2E721689F
:10175000814204D0206004210120FFF755FB0120C5
:1017600070BD70B5002300290FDD0278491E052ADF
:101770000BD2AE4D401C483555F8324005EBC20245
:101780005268914201D1A0470346184670BD10B57A
:101790000078C207AC48016802D041F0020101E0C4
:1017A00021F00201016008210120FFF72DFB01203B
:1017B00010BD10B50078C207A348016802D041F0FF
:1017C000040101E021F00401016008210120FFF77C
:1017D0001BFB012010BD10B50078C2079A480168B4
:1017E00002D041F0080101E021F008010160082168
:1017F0000120FFF709FB012010BD002070470020E9
:10180000704770B50024002913DD0278491E0C2AA8
:101810000FD2864B401C7033062A53F8325003EB2C
:10182000C2035B6801D1002901DC994201D1A847BC
:101830000446204670BD014600200978062906D2DC
:101840007A48D03050F821200021084610477047D0
:1018500010B506F06AFD012010BD7C4810B5006887
:101860008047012010BD10B54FF400610020FFF744
:10187000CBFA012010BD764910B501200870010394
:101880000020FFF7C1FA012010BD10B54FF0006134
:101890000020FFF7B9FA012010BD10B50078C0078D
:1018A00001D06C4800E06C4800688047012010BD02
:1018B00010B500880024C10700D00224810701D59B
:1018C00044F00404400701D544F4847494B1EEF765
:1018D00095FD6248016821430160EEF78DFD02210C
:1018E000052001F06FFB4FF480710020FFF78CFAA8
:1018F000012010BD002010BD10B500880024C107D4
:1019000000D00124810701D544F00204410701D52C
:1019100044F00404000701D544F008046CB1EEF76C
:101920006DFD4F48016821430160EEF765FD02211E
:101930000020FFF769FA012010BD002010BD10B58E
:1019400000880024C10700D00124810701D544F09C
:101950000204410701D544F00404010701D544F015
:101960000804C10601D544F01004810601D544F0F5
:101970002004410601D544F04004010601D544F09D
:101980008004C10501D544F48074810501D544F477
:101990000074410401D544F48044C10401D544F4E9
:1019A0008054800401D544F400546CB1EEF726FD58
:1019B0002C48016821430160EEF71EFD80210020C4
:1019C000FFF722FA012010BD002010BD10B50088DD
:1019D0000024C10700D00124800701D544F002048F
:1019E00074B1EEF70BFD2048016821430160EEF76A
:1019F00003FD4FF480010020FFF706FA012010BD1F
:101A0000002010BD10B500780024C10700D00124CB
:101A1000810701D544F00204400701D544F00404D5
:101A200034B3EEF7EBFC1148016822E0109E010090
:101A3000B4071000AC071000F00710006838100061
:101A40007D0710007E071000B0071000D4071000BB
:101A5000F6071000E0071000E40710008C071000E4
:101A6000900710009C071000A007100098071000B6
:101A70000AE021430160EEF7BFFC4FF480610020D3
:101A8000FFF7C2F9012010BD002010BD10B50146BE
:101A90000078002433283BD01EDC172834D00EDC1D
:101AA000122831D006DC01282BD010282CD0112888
:101AB0003BD129E0132827D0142836D124E0302840
:101AC00026D004DC18281FD019282ED11CE031287C
:101AD0001ED0322829D11BE0902832D009DCA0F199
:101AE0005001072921D2DFE801F022222222202002
:101AF00022009138052818D2DFE800F01C1F2629A3
:101B00002C0000F078FF01E001F01CF801240CE04B
:101B100001F060F81D481E4900680968084304D0B8
:101B20001C48006808B9FFF717F8204610BD01F0FF
:101B300019F8EBE701F028F8E8E7487801F006F932
:101B4000E4E701F00FF9E1E701F01CF9DEE701F04D
:101B500029F9DBE701F08AF9D8E710B500880028F9
:101B600007D00B490420086001070020FFF74CF95B
:101B7000012010BD002128B1012803D0022801D086
:101B8000082800D101210846704700009C0710007A
:101B9000F0071000AC071000284900202A4A0870FE
:101BA000274908602749086010602848006890F8B5
:101BB0000807C00702D04FF480500860704708B58E
:101BC000FFF7EAFF00F017FF2148006880471D4C2F
:101BD0006B4600223921042005F002FF0098C0075F
:101BE00005D00121042005F0DEFEFFF7D9F80098AA
:101BF000800603D52021042005F0D5FE00980007BB
:101C00000BD50821042005F0CEFE2068082140F005
:101C1000080020600120FFF7F7F80098C006D7D52C
:101C20001021042005F0BFFE2068082120F00800E4
:101C300020600120FFF7E8F8CAE70000F60710006F
:101C4000AC071000B0071000B407100060071000C8
:101C5000E8071000AD48704710B513460A46044621
:101C6000194607F01AFE204610BD10B5044607F0CD
:101C70009DFD204610BD07F07ABDA54810B500783F
:101C800006280DD1A348006890F80707C00701D0C7
:101C9000F8F7F0FA1021BDE81040012005F057BE1A
:101CA00010BD01F086BA70B5012404FA00F38C402F
:101CB00099489A49012A06680D6804D09E43A543B5
:101CC00006600D6070BD33432C4303600C6070BD33
:101CD00038B500200090924800231A46046819463F
:101CE0000220A04738BD38B5002000908C48002362
:101CF0001A46046801211846A04738BD38B50020AF
:101D00000090874800231A46046802211846A0471D
:101D100038BD38B500200090814800231A46046879
:101D200004211846A04738BD38B5002000907C48F3
:101D300000231A46046808211846A04738BD38B564
:101D400075480078400709D57648032202210088AB
:101D500000907348744B04680120A04738BD38B523
:101D6000002000906E480023042104681A460120D8
:101D7000A04738BD38B500200090694800230122F3
:101D8000082104680220A04738BD38B50020009023
:101D900063480023082104681A460220A04738BD82
:101DA00038B55D4800255E4C05605C480560E0681C
:101DB00080475E490880206980475D4908806068E7
:101DC00080475C490860A06880475B49088060697B
:101DD00080475A490880A0698047594900231A461C
:101DE00008800095246801210220A04738BD70B505
:101DF00090F99A514C4BB0F8524003EB0515EC802A
:101E000090F99A51B0F8444003EB0515AC8190F875
:101E10005D4090F85C5090F85E60641B641CE5B215
:101E200090F85F40A41B641C90F99A61E4B2A5424B
:101E300003EB061606D9358190F99A5103EB051587
:101E40006C8105E0348190F99A4103EB04146581BB
:101E5000012904D0022902D0032900D0FF2190F9E2
:101E60009A4103EB0414617090F89A114CB203EBA1
:101E70000414217090F87A11042990F99A1103EB57
:101E80000111897B17D021F0010100BF90F99A411F
:101E900003EB0414A17390F99A41110C03EB0414A1
:101EA000618090F99A0103EB001082802548016857
:101EB000491C016070BD41F00101E7E7F8B5164A21
:101EC0001278920720D5154E00FB01F0144D3268B0
:101ED0004FEA4004D30704D000941B4B00222F6824
:101EE00005E0900706D50094184B2F6801220121C8
:101EF0000846B8473078000706D500940322012130
:101F00002C68134B0846A047F8BD0000F89E01005E
:101F1000E404100060071000180710001C071000F0
:101F200020CD010034071000A43810002407100051
:101F300022071000300710002607100028071000A5
:101F40002A07100038071000B8060120803D012044
:101F50005843012070B52F4D04462878A04214D074
:101F6000022C06D0042C07D0052C08D0062C0BD14F
:101F700008E0FFF7B8FE07E0FFF7C0FE04E0FFF758
:101F8000C8FE01E0FFF7D0FE2C7070BD224808B5F6
:101F90000088204CC00402D5FFF702FF06E00020B5
:101FA0006080A0802061E080208160811B4D6B46B5
:101FB00000227F21032005F013FD0098C10704D003
:101FC000A089FFF785FE01211FE0810704D528784D
:101FD000FFF7C0FF022118E041070BD5012005F0F3
:101FE00056FD10212220FFF769FF012005F06AFD50
:101FF00004210AE0C10603D5FFF7A1FE102104E089
:102000004006D4D5FFF7ABFE4021032005F0CBFC02
:10201000CDE7000020071000EC041000E4041000DD
:102020001F480021017041708170704710B51C4C31
:102030000346A078102814D20F2900D90F2119487F
:10204000227800EB02100A4600F8011B194607F03F
:10205000ADFB2078401C00F00F002070A078401CE1
:10206000A07010BD70B50E4C0025A17891B10D493E
:10207000627801EB021111F8015B2A4607F096FB2A
:102080006078401C00F00F00607072B6A078401EAF
:10209000A07062B6284670BD014880787047000085
:1020A0003C0710004439100070B51446002007F0BA
:1020B000A5FC00F00105012007F0A0FC00F00100E4
:1020C00045EA00102070012070BD802010700120B2
:1020D000704710B5144606F00CF9532121705421B5
:1020E0006170010AA170E07006F007F92071052007
:1020F00010BD30B57C48036893F83640598E988EF1
:10210000250702D533F8371F5888E3070AD0030A9A
:10211000137050700C0A9470D170137150719471D7
:10212000D17109E00B0A13705170040A9470D070D9
:10213000137151719471D07110201072222050725D
:102140000B2030BD0220107050205070664801688E
:10215000498A090A91700168897CD1700068017E02
:102160001171417E5171017F9171417FD171807FE9
:1021700010720920704708B5022300935B4B00F0F2
:102180009FF8022008BD08B501230093574B9B1C04
:1021900000F096F8012008BD08B501230093534BC9
:1021A000DB1C00F08DF8012008BD08B50123009369
:1021B0004E4B1B1D00F084F8012008BD08B501231B
:1021C00000934A4B5B1D00F07BF8012008BD08B569
:1021D00001230093454B9B1D00F072F8012008BDC0
:1021E00008B502230093414BDB1D00F069F8022083
:1021F00008BD08B5022300933C4B093300F060F89A
:10220000022008BD08B501230093384B0B3300F0C2
:1022100057F8012008BD08B501230093334B0C3358
:1022200000F04EF8012008BD08B5012300932F4BA4
:102230000D3300F045F8012008BD08B501230093D7
:102240002A4B0E3300F03CF8012008BD08B50123ED
:102250000093264B0F3300F033F8012008BD2DE921
:10226000F0410F4604460078491ECEB20025631C9B
:10227000A0F12001042909D81D4901EB8000314655
:1022800050F8804C1846A047054616E0A0F13001F2
:102290000A2912D81649143101EB8000314650F852
:1022A000C05C1846A84705463EB139462046FFF7B0
:1022B000BDFE0121042005F04AFB2846BDE8F0815F
:1022C00070B51D46049C164639B1A14200D921467D
:1022D0000A460146184607F069FA22462946304662
:1022E000BDE8704007F062BA60071000443A100081
:1022F000109F010010B54FF403714E4807F0F7FA34
:102300004C490120C1F804024B4800214160017092
:1023100007F026FB0021BDE81040012006F0A8BB15
:1023200010B572B600204449087007F019FB62B678
:1023300010BD10B572B601203F4908703D48D0F875
:10234000080208B107F068FB62B610BD70B572B63E
:10235000384C394D2146D4F80832D1F80022521CAD
:10236000202B07D25B1C22F02001C4F80832C4F8ED
:1023700000120CE0D4F8041222F02002491C21F0D3
:102380002001C4E980216968491C6960114604EB99
:10239000011301461022184607F008FA2878012890
:1023A00005D1D4F80802012801D107F035FB62B647
:1023B00070BD204AD2F8080200280ED0D2F80402DC
:1023C00002EB0010C37923F01F03C37192F80822B7
:1023D000521E02F01F021343C371704710B572B64C
:1023E0001448D0F8081259B1491EC0F80812D0F8A4
:1023F000042202F1010222F02002C0F8042205D1D9
:102400000D480078012801D107F0AAFA62B610BD84
:1024100010B572B6002007490122C1F80802C1E9CF
:102420008002054948600878012801D107F098FA30
:1024300062B610BD084F012040071000134910B5C7
:1024400000220A804FF470434B80114B8B80114B5C
:10245000CB804DF670330B810F4B4B810F4BC0E996
:10246000003106210172427210BD30B403460B4A9E
:10247000002014789C4202D130BC06F0A4BC401C61
:10248000C0B2521D0628F4D330BC7047543A100035
:10249000BC88012070860120803D0120589F0100EA
:1024A000F3480178C72918D141781038022912D091
:1024B000032913D0EF4A0A29126811D00B2912D030
:1024C000ED4B0C291B6814D00D2917D0072904D116
:1024D000EA49097800E0012101707047E849F8E70E
:1024E000B2F89F1801E0B2F8A1180A0A0270417010
:1024F0007047D905FCD5B2F8961C07E0D905F7D589
:10250000E049B1F90010002900DA00210A0A02703E
:1025100041708270C17070472DE9F04100285ED093
:10252000D34DD94B95F800E0BEF1370F31D012DC16
:10253000AEF1200EBEF1170F71D2DFE80EF0B4B489
:10254000B4B4B49E9E9E9E9E9E9E9E9E9E9EB4B43D
:10255000B4B4B4B4B400CD49CD4A002402EB010CAC
:10256000CC4A5718CC4A5618CC4ABEF1710F1144C8
:10257000BF4A527854D014DCBEF1600F22D009DC7F
:10258000BEF1380F05D0BEF1390F02D0BEF13A0FBF
:1025900073D188E0BEF1610F14D0BEF1700F6CD121
:1025A00013E0BEF1750F73D006DCBEF1720F39D0A7
:1025B000BEF1730F61D147E0BEF17D0F5CD0BEF17B
:1025C000860F5AD10220BDE8F0819A70012A32D0DC
:1025D00032B1242A15D0FF2A13D0252A32D054E054
:1025E000B9B27220FFF741FFAD48017809294CD3F9
:1025F000AC494A7B012A48D1AB4A146004704C7341
:1026000043E0B1B27220FFF730FF0222691CC620FE
:10261000FEF710FC39E07220FFF727FF35E02CE0D1
:10262000DA7032E09878012805D038B1242807D034
:10263000252807D029E01FFA8CF1ECE7B9B2EAE7C8
:10264000B1B2E8E789B2E6E7D878012801D078B1DD
:102650001BE0874820229549103007F0A7F88448EE
:1026600044229349303007F0A1F88148103000E04F
:10267000904881B27320CFE71A71C1B27C48FFF74E
:10268000D5FC0121042005F062F900209BE7FFE75B
:102690001979894829B14FF0FF31018081B2752045
:1026A000BAE70480F1E7C1B271489A68FFF7D7FD35
:1026B00082490870012086E72DE9F05F724E724D65
:1026C000894607464FF0030B4FF0010A0C36287875
:1026D000A8460446072809D2DFE800F00423274271
:1026E0006C8A9C00012F02D0022F0CD07DE048465E
:1026F000FFF712FF022802D0012802D075E0032460
:1027000073E0022471E06878012806D0584810214F
:10271000103807F0CAF8FFF7C3FE544686F800A049
:1027200063E0022F5FD0002447E0022F1AD1634CF0
:102730004F48D8F808102278103807F037F886F894
:1027400000B02078B08098F80000042488F80100D8
:1027500088F8004035E0002488F801002C70B6E7C6
:10276000022F02D0012FF6D03FE0FFF722FE01003A
:102770004FF0100411D0524A00201070514A1060DE
:102780003B481022103807F011F80220307038480A
:1027900010387080B480052427E06878062804D0BB
:1027A00033481021103807F080F886F800B0B48064
:1027B00006241AE0022F08D00224C0B288F80100D3
:1027C0002C7031480C30BDE8F09F687804280AD09E
:1027D0002749103901EB0900494610F8012C24481B
:1027E000103807F05AF886F800A0A8462878E5E7E0
:1027F000022F05D0B9F1100F81D1FFF7EFFD7EE771
:10280000FFF7ECFD98F80000032488F8010088F831
:1028100000405CE7022F4FF003049DD0CDE71A493A
:1028200000220A704A70254A521C8A6026490160BB
:102830000F49103981801031C18010210181234856
:1028400007F033B810B5044607F08AF8084810229C
:102850002146103806F0AAFF18480C3807F0E6F8B1
:1028600016480C3806F018FABDE8104007F0D4B846
:102870002451012060071000EC041000E404100053
:1028800040051000061A0120480710000000FFDF75
:1028900058430120BC880120EE750120FC51012025
:1028A0003008100068381000F0071000B61C012036
:1028B000E21C012070860120803D01206C3A10004E
:1028C000FC071000F807100069260100443A1000C8
:1028D00070B5044D582128462C8806F0E6FF641C8C
:1028E0002C8070BDA4510120384800210160416056
:1028F0007047384C0025DFF8D880C4E90225C4E9C8
:10290000008106460068206170686061B068A0615F
:10291000F068E0613069206270696062B069A0624D
:10292000F069E0622C480F46006820632A4810389E
:102930000068606328480C380068A063264808389F
:102940000068E0632448001D006820642248343891
:1029500000686064204814380068C4E9120505F076
:1029600046F92065C4E91565E56525666566A566D1
:10297000E56625676567C4E91E58F8B20122A16AB9
:1029800000F022FBFEE7C0B2012200F01DFBFEE7D3
:1029900010B50446C0B2002200F016FB0F490868CB
:1029A000082803DA094A1454401C086010BD0128A5
:1029B00006D0022808D100221146132000F004BBE3
:1029C000002211461220F9E77047000070EF012045
:1029D000AF0550FA80EF012038ED00E05C071000F1
:1029E000F848F94A0168914204D1F84902794A70DD
:1029F00000210160704770B586B04FF4D761F1488F
:102A000006F075FF684605F0B3FFEE4C0125002087
:102A10006570A080A0710220E07105F06EFC20813D
:102A200005F067FC060205F064FC46EA10206081B0
:102A30004FF41470208244F256606082E4480068CB
:102A4000418AA182018AE182E249B1F84E2C2283B7
:102A5000B1F84C2C6283427D227791F8501C61774B
:102A6000DD490968497CA17790F89F10C1F3C10145
:102A7000E17701992162009961620299A162DDE921
:102A8000031241EA0221E16281692163C169616344
:102A9000D2490968A1630268E263428EA4F850201B
:102AA000808EA4F85200102084F85400222004F8EC
:102AB000550FCB48C4F8031024F82B0F01F07EFA11
:102AC00004F81E0CC7482081C7486081C748A08110
:102AD000C748E081C7482082C7486082C748A082B3
:102AE000C748E082C7482083C7486083C748A0839F
:102AF000C748E083C7482086C7486086C748A08685
:102B0000C748E086C7482087C7486087C748A0876E
:102B1000C748E087C748A4F85000C748A4F8520047
:102B2000C648A4F85400A949C548A4F856008888A6
:102B3000401C8880A52204F8802D657060800D708F
:102B400006B070BD38B5A14C05469E49A088401C12
:102B500082B20020A28003460090284602F06AFB61
:102B6000257038BD70B505464FF4D761954806F01D
:102B7000BEFE964C9349A088401C82B2A280284693
:102B800002F08EFB257070BD70B54FF4D7618D4893
:102B900006F0ADFE8E488B49AD4B006890F80807F3
:102BA00000F001000870A7480088A1F80100A648BD
:102BB0000088A1F80300A5480288A1F8052000209C
:102BC0001B6804E01C5C0D18401CEC7140B2904284
:102BD000F8DB70BD70B506469E487C4CC57B2078FE
:102BE000B04204D04FF4D761764806F080FE9A498F
:102BF000A6700F2008607348012D02D140F28F1299
:102C00000A6070494FF0100301F11001A1604FF00C
:102C1000580101716B494FF0220201F16801E16036
:102C20004371827101F588652561C37101F58C6579
:102C30006561027207D101F2A445A561437301F2F7
:102C4000C441E161827370BD70B505465F4CC00739
:102C500004D058226249A06806F0A8FDA8070CD548
:102C6000A078302843D0312843D0322843D05F4960
:102C70004FF48862E06806F099FD68070BD5A078EC
:102C800030283AD031283AD032283AD0734920221D
:102C9000206906F08BFD28070BD5A078302832D0AC
:102CA000312832D0322832D06D494422606906F092
:102CB0007DFD28060BD5A07830282AD031282AD0CF
:102CC00032282AD067492022A06906F06FFDE80566
:102CD0002BD5A078302822D0312822D0322822D0FB
:102CE0005F49E069BDE87040442206F05FBD3D49A0
:102CF000BEE73D49BCE73E49BAE73E49C7E73E4922
:102D0000C5E73F49C3E73F49CFE73F49CDE74049E2
:102D1000CBE73849D7E73849D5E73949D3E73949C7
:102D2000DFE73949DDE73A49DBE770BD254AA520F1
:102D3000107026488178517001708188491C81800B
:102D400051807047214900200870704710B500F08D
:102D50009CFB4549022008604106BDE81040002068
:102D6000FEF752B810B54FF4D761164806F0BFFD14
:102D7000194880220168BDE81040124801F5A87189
:102D800006F014BD10B54FF4D7610E4806F0AFFD44
:102D9000114810220168BDE810400A4801F5E971A8
:102DA00006F004BD10B54FF4D761064806F09FFD4C
:102DB000094866220168BDE81040024801F5F27139
:102DC00006F0F4BC000001204B43554600081000FB
:102DD000600710009077012064071000F0FF0100E9
:102DE000A4510120BC880120803D012058430120CE
:102DF000346F0120F8860120461C0120B61C0120FA
:102E00000C75012024870120721C0120E21C012086
:102E10003875012000860120FC190120D41B0120F7
:102E20007E75012038850120FE190120001A01203D
:102E3000AA7501206C84012074190120B8190120A1
:102E40003019012022071000240710002607100067
:102E50003007100068381000A8071000261D012058
:102E6000521D0120121A01202808100010B54FF43D
:102E7000D761074806F03BFD06484FF488620168B9
:102E8000BDE81040024801F2522106F08FBC00005C
:102E90000000012064071000394B10B51C6804F5D0
:102EA000E9731844831804F2E114A34204D3231AEB
:102EB0005A1CD2B2002B01D406F078FC002010BDC1
:102EC000F0B52F492F4A0968138801F5F37583B1CE
:102ED000538873B191F8E4610023C82E03D891F8A8
:102EE000E561C82E03D981F8E43181F8E531022883
:102EF00001D90020F0BD0126012802D002280DD002
:102F000018E091F8E441641CE4B281F8E441C82C73
:102F100001D981F8E46191F8E4410BE091F8E541D1
:102F2000641CE4B281F8E541C82C01D981F8E5615F
:102F300091F8E54191F8E46191F8E51131440A26F0
:102F4000491E91FBF6F706FB1711C9B201EB81018F
:102F500005EB410101F8010B01F8014B1068086015
:102F600050684860136053600120F0BD054B188025
:102F700019715A717047034B58809971DA71704713
:102F800064071000200810001048006890F89E00A8
:102F9000C00701D000F02AB800F080B91CB5044683
:102FA000012301AA6946183001F09DFC074800681A
:102FB00090F89E00C00704D0DDE90012204600F022
:102FC00032F81CBD00F074B900F0AFB96007100012
:102FD0007FB5A74A3CCA8DE83C008DF80100CDF8CA
:102FE0000210A4496846096888477FBD1FB5A04BF9
:102FF00010330FCB8DE80F006846FFF7A7F91FBD10
:1030000088420ED9904201D3FF207047914208D0E8
:10301000401AC0EB0020511AB0FBF1F010F0FF0095
:10302000F3D1012070472DE9FF41044600200090B4
:10303000019002900390164694F89A219DF80000A2
:1030400062F385008DF8000094F87921042A64D099
:10305000092A66D00D2A64D020F0C00010F180004B
:103060008DF800000A1410098DF801009DF8030086
:10307000824D62F307100A098DF8022061F3030004
:103080008DF803007C48B4F94A20B4F94C700178FB
:10309000286851B190F8BF10CB0706D009097943D1
:1030A0000A2391FBF3F111440AB2B0F8A330B0F84F
:1030B000A11090B21A46FFF7A3FF8DF8040028680C
:1030C000B0F8A720B0F8A510B8B2FFF799FF8DF8B7
:1030D000050094F856009DF8061060F305018DF880
:1030E000061094F87B010F2800D30020820862F3B9
:1030F00087118DF806109DF8071060F387118DF881
:103100000710286890F89F0040070DD594F8A90192
:1031100060F345118DF807100AE020F0C000403040
:103120009EE740F0C0009BE721F020008DF80700EB
:103130005348417A61B1007E50B952480078400747
:1031400006D59DF80000324681092046FEF74FFE65
:103150004D480188FF20B0EB510F01D2FF2100E064
:1031600049088DF808104949B1F90010B0EBE10F9A
:1031700001DAFF2000E0C8108DF8090044484178CA
:103180009DF80A0061F305108DF80A0041480078A7
:10319000052801D0062804D1286890F808074007C0
:1031A00005D53D49012008706846FFF7CFF8BDE816
:1031B000FF811FB50021009101910291039128B177
:1031C0006A46435C5354491C0729FADB6846FFF7FB
:1031D000BDF81FBD2DE9FF41DFF894C00A9C0CF13A
:1031E000300C9CE8E0108DE8E0108DF801008DF8BF
:1031F0000210110A8DF80310190A8DF804208DF8B9
:1032000005108DF8063003280BD154B1200E8DF82F
:103210000800200C8DF809008DF80A40200A8DF86E
:103220000B006846FFF792F8C1E738B50024214645
:1032300000B1103160F3010102200094FFF7CAFFD2
:1032400038BD38B542EA032293B28AB2049C0146E3
:1032500003200094FFF7BEFF38BD08B500221346D7
:1032600000920A4601460120FFF7B4FF08BD0000A6
:10327000889F0100CC071000800710006007100035
:10328000683810001807100076061000F4071000C8
:10329000B8071000D0061000FC0710001FB5494BFE
:1032A0000FCB8DE80F0048496846096888471FBD65
:1032B0007FB5464A136893F89E20940710D51628C8
:1032C0000ED2DFE800F00D0B180E180E18180D0DB9
:1032D0000D0D0D0D0D0D0D180D18181812060AD430
:1032E0007FBD93F89F20D20705D0394A1278052A6E
:1032F000F6D0062AF4D0334D203505283CCD8DE894
:103300003C008DF80100CDF8021009D111F0110F29
:1033100006D0304881788DF8081000788DF80900C3
:1033200029496846096888477FBD7FB5254E3036F4
:1033300078CE8DE878008DF80100CDF8021068464F
:103340000AB1254900E02049096888477FBD7FB55B
:103350001C4E403678CE8DE878007AB19DF800306A
:1033600023F0F00343F0030340338DF800300123D2
:103370008DF8013013680293526803928DF80100B2
:10338000CDF8021010496846096888477FBD2DE9CD
:10339000FF410C4E5036F0CE8DE8F0008DF8010064
:1033A000ADF80420ADF802108DF806302BB19DF871
:1033B000000020F0F0008DF800006846FEF7C6FF20
:1033C000BDE8FF81C89F0100CC0710006007100016
:1033D000E4041000C6071000D00710002DE9FF41DB
:1033E00004F000FA234D0024C4EBC40105EB810076
:1033F00000F10C03027EC8CBCDE90272CDE90036A4
:10340000D0E9012355F82100002104F095FB18B103
:1034100021464320FFF7B7FA641C062CE4DB154D68
:103420000024A83505EBC4000021426855F834009B
:1034300004F009FB18B121464420FFF7A4FA641CEC
:10344000072CEFDB0B4D002415F1E005002155F8AA
:10345000240004F05EFA18B121464520FFF793FAE4
:10346000641C052CF2DBBDE8FF8101464620FFF716
:103470008ABA000028A001004FF41171484300F5FA
:10348000802018307047012070474E49086070470F
:1034900008B5EDF71FFA4FF4802000904A484B49D9
:1034A00001610121416169460620EDF71DFA08BD61
:1034B0007CB54FF411714843434D00F58021012440
:1034C00018314FF41172284606F070F901AA6946C6
:1034D000284604F0BFFF012800D000243A4804F039
:1034E000CCFF012800D0002420467CBD2DE9F0410E
:1034F0000126002425463746E8B2FFF7D9FF012808
:1035000002D107FA05F004436D1C032DF4DBE0073C
:1035100003D0A00701D5600700D400263046BDE8DF
:10352000F0812DE9F84F0024294FDFF8A0804FF0FB
:10353000910901264FF4117AE0B200EB001101EB82
:10354000C010214D07EB800000905146284606F040
:10355000ACF906FA04F0C5F81080A861694648463F
:10356000EDF7C2F9641C032CE6DBBDE8F84FBDE7BC
:103570007CB5154D0124A1041822284606F016F941
:1035800001AA6946284604F065FF012809D1009880
:10359000062806D10D492869884202D168690128A8
:1035A00000D0002420467CBD06490128096804D0CB
:1035B000022805D1C8B200F061B8C8B200F00AB85C
:1035C000704700002C0810007C42100034AB9D7A3C
:1035D000180004002DE9F04385B004004BD0032C03
:1035E00049D8022004F053FAFFF7C2FF18B9FFF7D9
:1035F0004FFFFFF796FFFFF779FF03F062FF80466A
:1036000003F061FF641EE7B205460E464FF09109D4
:10361000364C3846FFF730FF04903846FFF72CFF52
:1036200001464FF41172204606F0C0F8304A00926D
:10363000002004F12401CDE9011003902A4633460D
:10364000404601F07BFA2B482061012000FA07F187
:10365000A1612949E16184F8200094F82100FF2844
:1036600002D2401C84F8210004A94846EDF73CF939
:10367000022004F027FA05B0BDE8F0832DE9F041FF
:10368000044603F01EFF03F01EFF4FF4D7611B48F2
:1036900006F02DF9002C26D0032C24D8022004F0AB
:1036A000F6F9FFF765FF012818D1144E641E0F4D7F
:1036B0003746E0B2FFF7E0FE01464FF411722846AC
:1036C00006F074F8E8693060286A706007F122003B
:1036D0004FF4087205F1240106F068F8BDE8F041E6
:1036E000022004F0EFB9BDE8F08100007C42100038
:1036F0003C7B012034AB9D7A465452590000012096
:103700002DE9FE4FC021029100210191222100915B
:10371000FC49FB4C4FF0000909680428B1F8A1A846
:1037200009D1032001901F200090C1200290B1F820
:10373000A3A84FF00209002004F0A9F9022004F028
:10374000A6F9032004F0A3F9F148EF4EEF4F056806
:10375000062005F25225ECF731FF4FF48861384618
:1037600006F0A3F80022C9F1100B2CE04A4526DB35
:10377000DDE900305B1E20E005EB400C35F8101051
:10378000BCF802C006EB4008A1EB0C0C36F8101098
:10379000B8F80280A1EB0801ACEB010109B227F8EF
:1037A000101000298C4601DACCF1000CA44503DD91
:1037B000002900DA49420CB2401C9842DCDB521C62
:1037C0004435443644379345D0DC4FF48862CF49C2
:1037D000D04805F0EBFF5445A1B201DD002300E025
:1037E000012300220298FFF7D2FD032004F06AF9BA
:1037F000022004F067F9BDE8FE4F002004F062B932
:10380000F8B5DFF814E3BEF80860BEF80A70BE42EF
:1038100059D20EF10C043EB9B94A2280A280FF228F
:10382000A270E270A271E2715FF00103B4F900C00E
:1038300031F91320150000D55542AC4504DA002AB1
:1038400000DA52422280E3705B1C102BEEDB012277
:10385000B4F9043030F91210002901DB0D4600E004
:103860004D42AB4204DA002900DA4942A180A2713C
:10387000521C222AECDB761CB0B2AEF80800B8422B
:1038800021D10025A548AEF80850AEF80A500560D1
:10389000009594F90230E278B4F900100520FFF7A2
:1038A000D0FC009594F90630E279B4F904100620B2
:1038B000FFF7C7FC009594F90630E279B4F90410DB
:1038C0000620FFF7BEFCF8BD10B5954C24F820107B
:1038D00004EB80008270C37010BD2DE9F34F914856
:1038E00089B01CC88DE81C000DC803AC84E80D002D
:1038F000894A0023D6889088864224D28A4815783F
:10390000A0F10E0400F5A37C904616B1082913D04F
:103910002FE0072902D0082905D02AE000222280C2
:10392000A8F8022025E0002222806580B8F8026015
:1039300016B91426A8F80260B8F90260012E05DD58
:10394000761EA8F802600BB0BDE8F08FB8F806202C
:103950006D1E2A430DD11546C2EBC20700EB470688
:10396000B580758020F817504CF82250521C092A57
:10397000F2D3644A00270DF10C0E126802F6950985
:10398000654AD58806951278CDF81C201DF80720C9
:103990005FF0000602EB02124FEA420B1EF80650DF
:1039A000099A5D44082932F9152019F8035005D108
:1039B000DDF81C80A8F10108A84519D1C5EBC50A9E
:1039C00030F91A80904501DA20F81A2000EB4A0AF3
:1039D000BAF90280904501DDAAF80220DDF81880CE
:1039E000B8F1000F19D05CF8258042444CF825202E
:1039F0005B1C761C9BB2032ED0D37F1C032FC5D338
:103A0000454AD3885B1C9BB2D3809588AB429AD33E
:103A1000072907D0082921D05DE04CF82520AAF815
:103A20000220E5E75FF00003C3EBC30530F9152082
:103A3000002A00DA524200EB450612B2B6F90250F3
:103A4000002D00DA6D422DB2AA4200DC2A465B1C32
:103A5000F280092BE8D3012020803CE01778002376
:103A6000B7F1010719F80360BE4202D05B1C092BB5
:103A7000F8D35CF82630C6EBC60693FBF5F31DB20F
:103A800000EB46039D8030F91600401B00D54042F4
:103A9000B3F9026000B2AE1B00D5764236B2B04236
:103AA00000DC304600EBD076188105EB660696FB0D
:103AB000F0F05881B3F9060000EBD07605EB66050F
:103AC00095FBF0F098810220208010786080988823
:103AD000A080002050800120FFF774FA33E72DE921
:103AE000FE4F114F47F6FF710E3FCB43CDE9013139
:103AF0000E4E0F4D8B469A460C469946064A19E0E3
:103B00000080FFFF60071000346F0120BC88012097
:103B100064071000803D012030081000F0071000FD
:103B2000286F100024A101000A520120D45701205F
:103B3000AC5D0120B2F806C0928894453FD2DFF810
:103B400014E3BCF1000F0BD140F21F224FF0000C28
:103B500027F8121026F8123045F822C0521EF7D26C
:103B6000BEF80420BEF806E040F21F21A2F10108D1
:103B700037F911C030F911309C4501DD27F81130BB
:103B800036F911C030F911309C4501DA26F81130B0
:103B900055F8213030F911C0C645634445F821304D
:103BA0000BD193FBF2F3DFF8B0C22CF8113055F8CB
:103BB000213093FBF2F345F82130491ED8D2A548B5
:103BC000C188491C89B2C180828891427DD100217F
:103BD000C1808180A14840F21F2C016022209CFB03
:103BE000F0F1C9B200919CFBF0F100FB11C000F0B4
:103BF000FF0837F91C000299884206DA0290014654
:103C000042460020009BFFF75FFE37F91C00019938
:103C1000884206DD0190014642460120009BFFF7E5
:103C200053FE36F91C00584506DA834601464246E3
:103C30000220009BFFF748FE36F91C00504506DDC8
:103C40008246014642460320009BFFF73DFE35F8C1
:103C50002C0001B2A14205DA0C4642460420009B2A
:103C6000FFF732FE35F82C0001B2494505DD8946E3
:103C700042460520009BFFF727FEBCF1010CADD2A8
:103C8000774CA089E17B000440EA0120A17B084336
:103C9000009094F90A30E27AB4F908100120FFF795
:103CA000D0FAA088E179000440EA0120A179084314
:103CB000009094F90230E278B4F900100220FFF786
:103CC000C0FAA08AE17D000400E00CE040EA012097
:103CD000A17D0843009094F91230E27CB4F91010F1
:103CE0000320FFF7AEFABDE8FE8F2DE9FC415D49E8
:103CF00001244FF47055D1E90001CDE90001FEF730
:103D00000FFB594B00206A46002104E052F8206066
:103D100043F82160491CA942F8DB00210DE000BFF7
:103D200053F8216052F82070BE4205D00024FEF7FF
:103D30006FFBFEF7FEFA12E0491CA942F0DB401CC3
:103D40000228E1DBFEF764FBFEF7F3FA3CB1002149
:103D500023460022D020FFF71AFBBDE8FC81012199
:103D6000F6E72DE9F14F3F4898B020300FAC0EC870
:103D700084E80E0007C80CAB002483E807003B482A
:103D80003B4A1221006800F69500069007A805F04E
:103D900084FD00250FA80022415DA1F1010A491C04
:103DA0000CA80AF0FF03805CA0F10109401C1FE091
:103DB00003EB03164FEA460B09F0FF0614E000BFC1
:103DC000189F0BEB060C37F91CE0069F3F5D092F8F
:103DD00008D20DF11C0C3CF91780F04502DAE046E0
:103DE00028F817E0761CF6B28642E9D95B1CDBB2F4
:103DF0008B42DDD9641C521CD2B2E4B2032ACFD369
:103E00006D1CEDB2032DC5D3122207A9194805F088
:103E1000CDFC19B098E50346104830B400680C4654
:103E200001280BD002280CD005280ED0072801D07D
:103E300008280DD1C1B230BC18464EE530BC18463A
:103E40004DE6204630BC1146DAE430BC184688E71F
:103E500030BC7047300810005C690120F00710008A
:103E6000286F10001CA10100000001206007100055
:103E70000080FFFFEE75012070B50D46044600F08E
:103E8000E9F96807000E002C06DA04F00F0101F1D1
:103E9000E02181F8140D03E004F1E02181F8000431
:103EA00004F01F01012088406109890001F1E0212F
:103EB000C1F8000170BD2DE9F041642707260025F7
:103EC000DFF8F883FE4804F0FFFCFD48FD4C036872
:103ED000D91C27D04268D11C24D0816811F1030F6E
:103EE00020D0006910F1030F1CD0B3F1FF3F21D0A7
:103EF00013F1020F1ED0B2F1FF3F1BD012F1020FDF
:103F000018D0B1F1FF3F15D011F1020F12D0B0F16E
:103F1000FF3F0FD010F1020F0CD0DFB2D6B2CDB2FE
:103F2000804619E0206890F82C005A280BD0002118
:103F3000242006E0206890F82C005A2803D00021A5
:103F40002520FEF725FD206890F82C105A2903D172
:103F500010F82D7F072546782A463146384604F06A
:103F6000F1F9404604F0FAF9D74804F083FC03283D
:103F70001CD0012801D0022816D1206890F8E00753
:103F80005A2803D000212A20FEF702FD206890F86D
:103F9000E0175A2908D1CC4902220A60D0F8E1275B
:103FA0004A60D0F8E5078860BDE8F081206890F8A5
:103FB000E0075A28EAD000212920E5E7C348007825
:103FC0007047F8B50D46064600246A4604F042FAEA
:103FD000012801D001240BE0286831468200BC484A
:103FE00005F029FCBA4804F048FA012800D0022460
:103FF0002046F8BDF8B5B64DB64F103540F65441E1
:10400000B54805F074FC69463846FFF7DAFF012829
:1040100005D0022806D0E87801280AD105E0002161
:10402000A02029E00021A12026E0A87808B928884E
:1040300010B10021A2201FE0A748E9880024A0F8C1
:104040004C1CA988A0F84E1C297A80F8501C0098B6
:10405000694607EB80073846FFF7B3FF78B10128C0
:1040600004D000215FF0A600FEF792FCE00728D004
:10407000A00728D41121A720FEF78AFCF8BD6E788E
:104080002946304601F0B0F860B1102E0DD0112E47
:104090000ED0122E0FD0132E10D0182ED7D144F0E0
:1040A0004004D4E73146A820DEE744F00104CEE71F
:1040B00044F00204CBE744F00804C8E744F01004DD
:1040C000C5E71021D7E720070BD48448006890F893
:1040D0007C12C90703D190F8AC02C00701D01221AD
:1040E000C9E7E006CAD41321C5E738B503F01CF9C7
:1040F00003F098FD002301221946052005F0B6F9CA
:1041000000231A460121062005F0B0F90321012001
:10411000FFF7B2FE04210720FFF7AEFE04210820BE
:10412000FFF7AAFE6D4C206890F8B010CA0701D1C5
:1041300089062ED50021009190F8C5000B46C0F3EA
:104140000210012204F0A1FC2068002190F8C500B3
:10415000C0F3021004F0C1FC614800902068002305
:10416000012290F8C5001946C0F3021004F001FDC9
:1041700020680122002190F8C500C0F3021004F06D
:10418000E2FC0B2000F05BF8BDE838400B2000F0AB
:1041900061B838BDFFF777B91CB5ECF72FF90024EB
:1041A00060B200F04CF8641C1F2CF9DBECF724F92A
:1041B00004F076F8FEF714FC04F040FC07210A2016
:1041C000FFF75AFE07210B20FFF756FE454C01AAC8
:1041D0006946204604F03EF9012802D00021202043
:1041E00012E00098A0F540716739F7D121463B4CA9
:1041F00040F69C52206805F0D9FA206804F03DF999
:10420000012803D000212120FEF7BDFB04F0DBF8DC
:1042100035490128087001D100F027F8FEF764FB4A
:1042200000F082F8FFF747FE04F084F8FFF7E2FEA3
:10423000FFF729F900F09EF8BDE81C4055E700F0B3
:104240001F02012191404009800000F1E020C0F8E8
:104250008011704700F01F02012191404009800049
:1042600000F1E020C0F88012704700B58DB0FEF775
:1042700041F8FDF7D5FE04A8FEF7D1FA07A8FEF72E
:10428000DDF804A8009007A802900AA803906846E9
:1042900004F09EFD02210020FFF7EEFD05F0C2FBB9
:1042A0000078C00701D1FEF744F811490F480860B3
:1042B0001149104808601148114923E00090D003CB
:1042C000406F10006407100048731000440810008D
:1042D0007C421000F0DF01009077012060071000A1
:1042E000E5430000F0EF0100EC071000FD220100A3
:1042F000CC071000F5270100D0071000C1230100F2
:10430000D4071000086045494348086045494448BF
:10431000086046494448086046494548086047499E
:10432000454808600DB000BD7CB5454E01AA694600
:10433000304604F08FF8434C4FF40065012802D05A
:10434000002122200FE00098B0F5007FF8D12A4626
:104350003146206805F02AFA206804F08EF801281A
:1043600007D000212320FEF713FB2946206805F023
:104370009CFA7CBD10B504F0DFFD334900200346F4
:1043800008700122014605F071F800230122194648
:10439000104605F06BF800231A460121022005F0B3
:1043A00065F800231A460121032005F05FF8002379
:1043B0001A460121042005F059F822480068017CC2
:1043C000A52908D04FF4FA4005F03AF8002128203A
:1043D000FEF7DEFA02E0406905F032F8042102201F
:1043E000FFF74AFD04210320FFF746FD042108469C
:1043F000FFF742FD04210520FFF73EFD04210620C2
:10440000FFF73AFD01210920FFF736FD0421BDE841
:1044100010400F2030E5000015200100D8071000E3
:1044200049200100DC071000E3220100E007100032
:10443000D1220100E4071000392F0100E807100025
:10444000F0CF01006407100044081000884200D338
:104450000846904200D310467047884200D808466C
:10446000904200D810467047884200D308467047F3
:10447000884200D808467047884200DB08467047EB
:10448000024600204FF0804100E089089142FCD8AC
:1044900007E04318934202D8D21A00EB41004008CB
:1044A00089080029F5D1824200D9401C704710B517
:1044B0005A43029C06E000BF50F8223093FBF4F30D
:1044C00041F82230521EF7D210BD10B55A43029C5B
:1044D00005E000BF50F82230634341F82230521EFD
:1044E000F8D210BD30B5039C634306E050F823407A
:1044F00051F823502C4442F823405B1EF6D230BDC5
:1045000030B5039C634306E050F8234051F8235034
:10451000641B42F823405B1EF6D230BD2DE9F04FFC
:104520008346DDE90906DDF834E08A46824226D179
:10453000002022E000FB02F10BEB81090B9D00FB48
:104540000EF1002405EB810514E000210FE000BF0F
:1045500001FB06F803EB880859F821C055F82470D0
:1045600058F82480491C0CFB087745F824709142C8
:10457000EEDB641CB442E8DB401C5045DADBBDE8EE
:10458000F08F10B500231C4642B10278521CD2B203
:1045900002708A4203D90470012300E004701846B7
:1045A00010BD30B50024012305E00C44E41C04F0E8
:1045B0000305641B5B1C9342F7DD00EB440030BD38
:1045C000F0B5851ADDE905471E1B75438E1A012FCC
:1045D00002D0904206DD0BE0904201DC1846F0BDAF
:1045E000884201DB2046F0BD95FBF6F0181AF0BDBD
:1045F0008842F3DA95FBF6F02044F0BD30B5521A4C
:10460000DDE90354ED1A654395FBF2F2514391FB4A
:10461000F4F1591A424392FBF4F0084430BD70B5EE
:104620000DE0054646190C4641EB010306432343C2
:1046300049084FEA300040EA060041EA0301521EF1
:10464000EFD270BD2DE9F047164600248946074693
:10465000921E254690460120214605F03EF80EB1F7
:10466000761E29E000200146BDE8F08707EB4603EF
:1046700037F816C05A8833F8023CACEB020212B28B
:10468000ACEB03031BB2002A00DA524212B2002B39
:1046900000DA5B421BB2012E07D0464502D14B45E2
:1046A00005DB06E09A4200DC1A464A4501DA04437B
:1046B0000D4349084FEA3000761ED7D120462946DF
:1046C000D2E72DE9F047002592460F4680461C466A
:1046D0002E465A1E01202946DDF8209004F0FDFFE9
:1046E0008CB900200146BFE738F81430A3EB09026B
:1046F00012B2BA4204DA5244002A01DD05430E43E5
:1047000049084FEA3000641EEED228463146ABE736
:104710002DE9F047994616461EE0021800F0010503
:104720002A4341EB010707EA010503464F0802EA65
:1047300003084FEA3004A9F101024FF001004FF0E5
:10474000000104F0CAFF00EA0800044329400F43B7
:1047500004EA080007EA0501761EDED284E7F0B518
:104760004FEA410C3223244C06E000BF04EBC307A0
:104770004FF0FF35C7E900555B1EF7D2002309E073
:1047800000EBC306CF18D6E9005604EBC7075B1C45
:10479000C7E900569342F3DB002514E04FF0FF31E8
:1047A0000B46002608E0AF1904EBC70EDEE9007ED9
:1047B00039400EEA0303761C6645F4DD00EBC506BE
:1047C0006D1CC6E900139542E8DBF0BD0B4A126888
:1047D00092F8263183420DDC92F82731834209DBBF
:1047E00092F82801884205DC92F82901884201DB11
:1047F00001207047002070470076012060071000FC
:10480000884201DD084670470028FCDA0020704726
:1048100010B504E000EB820353F8044C1C60521EF8
:10482000F8D10968016010BD10B503E000EB820308
:104830000C681C60521EF9D210BD30B506E000BFF6
:1048400000EBC20373E90245C3E90245521EF7D1EA
:10485000D1E90021C0E9002130BD10B553884C8852
:104860001B1B438012880988511A018010BD08B5AE
:104870000A4601466846FFF7F0FFBDF90010BDF992
:104880000200494300FB001008BD10B58842029C9D
:1048900001DC204610BD904201DB184610BD8A4263
:1048A00000D1521C401AE31A5843511A90FBF1F000
:1048B000201A10BD10B5002A03D0431A934201DD1F
:1048C000881810BD5442A342FBDA881A10BD9142E9
:1048D00001D100B270475043B0FBF1F000B29042FA
:1048E000F7D91046F5E72DE9F041984614460B003C
:1048F00002467DD05F4D2868B0F832C0878EB2F98D
:1049000002000FFA8CF1FFF77BFF5880B2F900002C
:1049100039B2FFF775FF584E1880707A20B11CB17C
:104920005888608018882080286890F836004007F2
:1049300008D55888ACEB000000B25880717A09B1F4
:1049400004B16080286890F83600800707D5188881
:10495000381A00B21880717A09B104B12080286831
:1049600090F83610090732D5B8F1010F2FD1B0F801
:104970003720B3F902006146FFF7A9FF5880286885
:104980003946B0F83920B3F90000FFF7A0FF1880CE
:10499000707AE0B1DCB1286890F80817090716D5DD
:1049A000418E90F83F00B1FBF0F2B4F9020061468D
:1049B000FFF78DFF60802868818E90F83F00B1FB83
:1049C000F0F2B4F900003946FFF781FF2080286833
:1049D00090F83600C0070AD0588819885980188086
:1049E000707A20B11CB1608821886180208000E04D
:1049F00011E02868B3F90210B0F83700814201DBFA
:104A0000401E58802868B3F90010B0F83900814280
:104A100001DB401E1880BDE8F08110B5884201DC42
:104A2000002010BD904201DBFF2010BD521A401A39
:104A3000FF2180FB0101D31704F075FEC0B210BD49
:104A40000C4910B50A6832F8321F537B5488B1FB09
:104A5000F3F1B4FBF3F309B2127961F31F401BB217
:104A600063F30F00D20703D063F31F4061F30F001D
:104A700010BD0000600710006838100031B5162422
:104A80000098012202FA04F1014201D1641EF9D515
:104A90000421684603F0CCFCC00701D0072000E0E9
:104AA0000320641C0099A040084338BD10B5FE4C9B
:104AB000502817D00ADCA0F1100009280ED2DFE838
:104AC00000F0112424240D0D0D0D2A0051281CD0B6
:104AD00052281AD0532818D056281CD0002001463E
:104AE00020601DE002F0EDFC206002F0ECFCC4E967
:104AF0000401EE48006890F8E70010F0600F11D054
:104B00002068FFF7BBFF20600CE002F0DAFC2060B9
:104B100002F0D9FC04E002F0D8FC206002F0D7FCDF
:104B2000C4E904010421E04803F082FC6060DE482F
:104B30000821103003F07CFCA06010BD2DE9FF5F60
:104B40000421DDE90FAB684603F072FC81460821C1
:104B500002A803F06DFC07460024204635E0012042
:104B6000009900FA08F008422DD000252E4627E0D3
:104B700032460120002104F0B0FDDDE9022310409F
:104B8000194008431BD0119860B104FB07F00AEBF1
:104B900005014156324601EB0B0321460E9803F006
:104BA000C6F80BE0324621460E9803F0B5F804FB38
:104BB00007F10AEB0502A0EB0B0088546D1C761C74
:104BC000BD42D5DB641C08F1010080464C45C6DBC4
:104BD000BDE8FF9F2DE9FF5F84B00421DDE912AB42
:104BE00004A803F025FC8146082106A803F020FC58
:104BF000074600250AF1400002901C300190403821
:104C00002C46A8462E46009031E00120049900FA77
:104C100008F0084227D0169890B11BF80510149898
:104C20000844C2B24146029803F0E8F805EB0900D7
:104C3000C1191BF901204146504603F0B7F810E0B6
:104C40004146029803F0D8F81499401A0BF8050071
:104C50004146504603F0A3F805EB0901CA190BF8C9
:104C600002006D1CEDB208F1010000F0FF084D4597
:104C7000CBDB38E032460120002104F02EFDDDE9D7
:104C800006231040194008432BD01698A0B104EB1E
:104C9000090115981BF801100844C2B23146019869
:104CA00003F0ACF804EB4900C1191BF901203146AF
:104CB000009803F07BF812E03146019803F09CF86D
:104CC000159904EB0902401A0BF8020031460098CE
:104CD00003F065F804EB4901CA190BF80200641CE3
:104CE000E4B2761CF6B2BC42C4DB08B0BDE8F09F6B
:104CF0002DE9FF5F0421DDE90EBA684603F098FB59
:104D00008146082102A803F093FB074600242046B1
:104D100024E00120009900FA08F008421CD0002588
:104D20002E4616E032460120002104F0D6FCDDE9D3
:104D300002231040194008430AD032462146584603
:104D400002F0EAFF04FB075280002AF812006D1CF3
:104D5000761CBD42E6DB641C08F1010080464C4530
:104D6000D7DB35E72DE9FF5F0421DDE90E9B6846BF
:104D700003F05EFB8246082102A803F059FB0025E0
:104D800080462C462F462E4636E001200099B8403A
:104D900008422FD0394609F1400003F02DF843496D
:104DA00099F88230096891F841C191F840110CF0EE
:104DB0000F02521C5343012202EB1C1C00FB0C335C
:104DC00099F8800002EB111100FB0130109919B91C
:104DD0004FF6FF7101EA80002BF81500394648466E
:104DE00002F0DDFF05EB0A02800042446D1C2BF847
:104DF0001200EDB27F1CFFB25545C6DB3FE03246E4
:104E00000120002104F069FCDDE902231040194073
:104E1000084332D0314609F15C0002F0EDFF23492E
:104E200099F88350096891F8432191F8421102F0F2
:104E30000F035B1C5D43012303EB121200FB0252C4
:104E400099F8810003EB111100FB0120109919B9A9
:104E50004FF6FF7101EA800004EB0A0231462BF89D
:104E6000120009F11C0002F09AFF04EB4A028000D4
:104E70004244641C2BF81200E4B2761CF6B244459E
:104E8000BDDBA5E62DE9FF5F0421DDE90EB768462D
:104E900003F0CEFA0646082102A803F0C9FA00255D
:104EA0000446A846AA4603E0480810006007100020
:104EB00030194100A946384604F0F7FC3AE00121D8
:104EC000009801FA0AF1014230D051460BF140003E
:104ED00002F092FF0146FC489BF882C0026892F8FB
:104EE0004B3D92F84A2D03F00F00401C0CFB00FCD8
:104EF000012000EB131301FB03C39BF8801000EBB0
:104F0000121001FB0030109919B94FF6FF7101EA38
:104F1000800027F815005146584602F040FFA919B5
:104F2000800021446D1C27F81100EDB20AF1010048
:104F300000F0FF0AB542C2DB3AE04A4601200021F8
:104F400004F0CBFBDDE902231040194008432BD0CD
:104F500049460BF15C0002F04FFF0246DA489BF82D
:104F60008350036893F84D0D93F84C3D00F00F010A
:104F7000491C4D43012101EB101002FB00529BF82C
:104F8000810001EB131100FB0120109919B94FF6B4
:104F9000FF7101EA800008EB4601214427F8110067
:104FA00008F1010000F0FF0809F1010000F0FF091D
:104FB000A045C2DB012C13DDC34904EB46000968A0
:104FC00091F836104A074FF064010AD4204407EBE9
:104FD00040005A2330F8042D5A43B2FBF1F14180CE
:104FE000F6E507EB40025A2352885A43B2FBF1F12F
:104FF00027F81010ECE52DE9F0438946002787B02B
:10500000904604463E46F02104F04FFCAF4DB8F107
:10501000010F28792071287A6071AD4890F86E18D8
:10502000A17190F86F18E17190F87018A17290F862
:105030007118E17290F86C18217390F86D08607324
:1050400008D1A4480068817FA52903D190F91F7079
:1050500090F920609C480021006890F83401CDE967
:10506000027600F00100CDE9041004F110009A4925
:10507000CDE90010D5E904232868FFF7ABFDA52092
:10508000207012206070A4F80290D5E90101084454
:10509000132101EB4000800807B0BDE8F0832DE943
:1050A000F0438946002787B0904604463E46F021EB
:1050B00004F0FBFB854DB8F1010F28792071287AA7
:1050C0006071834890F8F618A17190F8F718E171B3
:1050D00090F8F818A17290F8F918E17290F8F418A5
:1050E000217390F8F508607309D17A48006890F848
:1050F0002110A52903D110F9227F90F9016072488F
:105100000021006890F8AC06CDE9027600F00100BD
:10511000CDE90410704904F110008831CDE9001088
:10512000D5E904232868FFF755FDA520207013203A
:105130006070A4F80290D5E90112114400EB41001F
:105140008008A9E72DE9F0438946002787B09046FB
:1051500004463E46F02104F0A8FB5C4DB8F1010F77
:1051600028792071287A6071594890F8061AA1713F
:1051700090F8071AE17190F8081AA17290F8091ACC
:10518000E17290F8041A217390F8050A607308D14F
:1051900050480068817FA52903D110F92A7F90F932
:1051A000016049480021006890F83E0DCDE9027683
:1051B00000F00100CDE9041004F110004749CDE9E9
:1051C0000010D5E904232868FFF704FDA52020700E
:1051D00018206070A4F80290D5E901010844132159
:1051E00001EB4000800857E770B50E4605460024E5
:1051F000FFF75CFC103D092D0ED2DFE805F0050934
:105200000F130D0D0D0D1700304600F0B5F802E03C
:10521000304600F0D7F80446204670BD304600F016
:10522000F9F8F8E7304600F037F9F4E7304600F0D7
:1052300076F9F0E72DE9F0411E4617468846054607
:105240000024FFF733FCA5F11000092812D2DFE893
:1052500000F0050B141B11111111210032463946C3
:10526000404600F09DF904E032463946404600F0E1
:10527000CBF904462046BDE8F0812B46324639463C
:105280004046FFF7B8FEF4E7324639464046FFF79E
:1052900006FFEEE7324639464046FFF753FFE8E7A0
:1052A0002DE9FF41174606460D46FFF7FFFB07486D
:1052B000A6F1500205F1100401792971017A697192
:1052C0000149072A52D20BE060071000480810007D
:1052D00090770120640710007C7F01201481012059
:1052E000DFE802F004060F1C44443100E14900E00D
:1052F000E149CDE90014D0E904230068FFF7F8FC88
:1053000034E00968DD4B91F8342191F8401102F046
:10531000010201F00101CDE902120CE00968D74B4E
:1053200091F8AC2691F8B81602F0010201F00101E3
:10533000CDE902128833CDE90034D0E904230068B6
:10534000FFF710FD12E00968CD4B91F83E2D91F862
:105350004A1D02F0010201F00101CDE90212CDE97E
:105360000034D0E904230068FFF78CFDA5202870E5
:105370006E706F80BDE8FF817FB5C24902794B68CE
:105380009A4203D142798B689A4202D0002004B03D
:1053900070BDB84B8479002283F8A843BA4C2468C6
:1053A000A57EA52D01D194F91B2001AD012410305B
:1053B000009385E81500D1E904230868FFF7BEFBD8
:1053C0000120E4E71FB5AF4902794B689A4203D147
:1053D00042798B689A4202D0002004B010BDA54CDF
:1053E0008379002284F85437A74B1B681C7FA52CB7
:1053F00001D193F91D20A04B0DF1040C01241030B4
:1054000000938CE81500D1E904230868FFF796FBA8
:105410000120E2E730B59B49027987B04B689A4298
:1054200003D142798B689A4202D0002007B030BD88
:10543000904A8579002482F86E58C57982F86F58B1
:10544000857A82F87058C57A82F87158057B82F89F
:105450006C58457B82F86D588B4A23461268957FBD
:10546000A52D03D192F91F4092F92030874A0125DA
:105470001030126892F83421CDE9024302F00102A3
:10548000CDE904527D4ACDE90020D1E90423086822
:10549000FFF7A0FB0120C9E730B57A49027987B050
:1054A0004B689A4203D142798B689A4201D000201E
:1054B000BCE7704A8579002482F8F658C57982F8ED
:1054C000F758857A82F8F858C57A82F8F958057B3A
:1054D00082F8F458457B82F8F5586B4A23461268E7
:1054E00092F82150A52D03D112F9224F92F90130E3
:1054F000664A01251030126892F8AC26CDE90243C5
:1055000002F00102CDE904525C4A8832CDE9002064
:10551000D1E904230868FFF75DFB012086E730B579
:105520005849027987B04B689A4203D142798B6817
:105530009A4201D0002079E74E4A8579002482F80A
:10554000065AC57982F8075A857A82F8085AC57AC8
:1055500082F8095A057B82F8045A457B82F8055A7D
:10556000494A23461268957FA52D03D112F92A4F87
:1055700092F90130454A01251030126892F83E2D0B
:10558000CDE9024302F00102CDE904523C4ACDE9E3
:105590000020D1E904230868FFF71CFB012045E740
:1055A0002DE9FF410F461546044600264FF4507181
:1055B00004F07BF93348012D01792171017A617181
:1055C00006D1314909688A7EA52A01D191F91B606B
:1055D00028490023054691F8A823A27104F110027E
:1055E00003938DE846000068D5E90423FFF7A6FA87
:1055F000A5202070102060706780D5E90101484324
:105600001330800804B036E62DE9FF410F461546F9
:10561000044600264FF4507104F047F91948012D53
:1056200001792171017A617106D1174909680A7FF0
:10563000A52A01D191F91D600E4900230E4A91F867
:105640005417A17104F11001CDE90021CDE90263E5
:1056500005460068D5E90423FFF770FAA5202070FD
:10566000112060706780D5E901014843133080083C
:10567000C8E70000907701203C7B01207C7F01205F
:105680001481012048081000640710006007100012
:105690002DE9F04F47F6FF77DDE909B58146FE4376
:1056A00001209A4684462C4615E000BF32F814309B
:1056B00031F81480A3EB08031BB2BB4200DA1F468B
:1056C000B34200DD1E46002B02DD4FF0000C02E06D
:1056D00001DA4FF00000641EE8D220B1BCF1000FE7
:1056E00001D0002309E050EA0C0306D020B9BCF138
:1056F000000F01D0334600E03B4600273C462846D9
:10570000CBF1000C0EE000BF32F8106031F81080D1
:10571000A6EB0806F61A36B2564503DA664501DDF1
:105720003744641C401EEFD204B9012497FBF4F007
:10573000184404E031F81520024429F815206D1EA4
:10574000F8D2BDE8F08FF0B5002306461D46184696
:105750000EE000BF36F91140002C01DB274600E0C7
:105760006742974204DD002C01DD254400E023441C
:10577000491EEFD2002B00DA5B42AB4200DD012074
:10578000F0BD30B507E000BF32F8134031F81350D8
:10579000641B20F813405B1EF6D230BDF0B4049CAD
:1057A0001CB913B1C3F110040EE0F0BC520003F0B9
:1057B000FDBF00BF30F9125031F912605D4306FBA6
:1057C00004552D1120F81250521EF3D2F0BC704730
:1057D000F0B4049C1CB913B1C3F180040EE0F0BC1A
:1057E000520003F0E3BF00BF30F9125031F91260EC
:1057F0005D4306FB0455ED1120F81250521EF3D202
:10580000E4E70346002004E033F91120824200DD82
:105810001046491EF8D27047034647F6FF7004E071
:1058200033F91120824200DA1046491EF8D270473F
:105830000246B0F9000004E032F91130834200DD85
:105840001846491EF8D27047028804E030F811303B
:10585000934200D91A46491EF8D210B27047000090
:10586000F8B5050003D0BDE8F84001F00EBEF84CD5
:10587000214660780979012819D002281ED02078A5
:105880008DF80000684601F0D9FE21794A00F149FF
:1058900001EB4001EF48883003F088FFA078EE4E1E
:1058A00078B1EC482179883001F0C0FE0BE00A465F
:1058B000E84901F1880001F03BFEEFE74A00E549C5
:1058C000E8E7E4488830F063E07886F8400028464E
:1058D000C9E7E2490128096808D002280BD003284B
:1058E00009D091F80D0700F00300704791F80D07FB
:1058F000C0F38100704791F80F078009704770B5B9
:10590000044602F0A8F9D34802F0AAF9A4F84C0022
:1059100001F042FE0146CE480278204602F001FC2A
:1059200001F03EFE02460B46204602F026FCCB4D1F
:10593000286890F8E4008108E07861F38200E07064
:10594000296891F8E410490861F34100E070296882
:1059500091F8E41061F30000E070286890F8BC064C
:1059600060702868218CB0F8C22662F30801218497
:10597000B0F8B426618A62F30B016182B0F8B226F6
:10598000618962F30B016181B0F8B016208961F37F
:105990000B002081207820F006002070286890F805
:1059A000BE160A09217B62F30101217390F8BE261D
:1059B000920962F30511217390F8AA06617960F3E8
:1059C0000001A748617190F8F618617590F8F71812
:1059D000217690F8F818A17590F8F9086076A1483A
:1059E00002F03EF9A4F856009E481C3002F038F947
:1059F000A4F85A002868217D90F8B92662F30101C5
:105A0000217590F8BB36E27D63F30102E27590F8F0
:105A1000B9361B0963F30511217590F8BB16090906
:105A200061F30512E27590F8AE060109204602F016
:105A300060F98C48403802F013F9A4F85400894802
:105A40001A34243802F00CF9E087286890F8AC1674
:105A50008A08217862F38301217090F8AC2662F302
:105A60000001217090F8AC26520862F341012170C8
:105A700090F8AA16CA08617A62F34511617290F82B
:105A8000AA26920962F30001617290F8AA265209CF
:105A900062F34101617290F8BF06E17860F305019D
:105AA000E1700120FFF715FF617F60F3040161776A
:105AB0006D4802F0D5F8E086296834F8040FB1F893
:105AC000B62662F30B0024F8020911F8E32F2078C0
:105AD00062F3000020700A78120962F3410004F8B2
:105AE000080B91F8C705C209207862F3000004F89A
:105AF000130B207840F0200004F8310991F8DD05FF
:105B00004209207862F30610207091F8C805410917
:105B1000A07A61F3C300A07270BD1CB501F040FD16
:105B2000CDE900010821684602F082FC484908716D
:105B30004E48FFF7E4FE1CBD30B5017A9DB091B32D
:105B4000684600F037F89DF80C0000F0030001F003
:105B50005BFD424D286800F6DD0200F6120490F865
:105B6000CB18B0F8CC0802EB400001F01EFD28680D
:105B700090F8081890F8090804EB400001F02CFD9B
:105B800033484178012911D0022911D00121017037
:105B9000C9B2684602F009FB3549684602F03AFB93
:105BA00000201DB030BDFFE70120FAE70321EEE73A
:105BB0000921ECE770B50446254D01200129A870A4
:105BC00007D00026022908D0032916D004292ED197
:105BD00029E0204600F037F829E02448FFF78FFE3F
:105BE000204600F030F80220FFF773FE94F83710DB
:105BF00060F3040184F8371018E01C48FFF77FFEBB
:105C0000204600F020F80320FFF763FE94F83710D9
:105C100060F3040184F83710A07E20F0020040F009
:105C20000100A07602E0204600F00DF8AE70A07EE4
:105C300040F30000401CE8700848006890F8AB068C
:105C40008009687070BD6E22084903F0AFBD000086
:105C500060081000E4830120FC721000600710004F
:105C600090770120448001209C810120546F100016
:105C700011580100FD49C868401CC860022803D2C1
:105C8000FB4951F820000047002001F0FEBB00282E
:105C900001D102F0B0BA7047F44910B50A79012079
:105CA000521CD2B20A710B7A9A420AD8487A48B189
:105CB00002F0FEF90320EAF7A3FBEE4802F0ECF94C
:105CC000002010BD02F097FAFAE770B518B1BDE8F0
:105CD000704001F0DABBE54C207A08B1E64D01E0F6
:105CE000E54D2C3DE14960798978012828D00228CA
:105CF0002CD0DE48401C01F09AFCA1784A00DF4914
:105D000001EB4001284603F051FDDB482379A278DE
:105D100029462C3801F02CFCFFF7BEFF00281ED0CE
:105D2000A079D74D012814D0D3482C38E862E07907
:105D300085F83600207985F83400BDE8704099E791
:105D40000A46CE49284601F0F3FBDEE74A00CB497C
:105D5000D8E7C948A1782C3801F067FCE6E770BDA8
:105D600070B518B1BDE8704001F08FBBBF4C207A10
:105D700008B1C14D01E0C14D8835BC496079C97891
:105D800001282AD002282ED0B848401C01F056FC29
:105D9000E1784A00B94901EB4001284603F006FDCD
:105DA000E07821794200B54E4843883606EB400042
:105DB000294603F0FBFCFFF76FFF00281DD0A079F8
:105DC000AF4D012812D02E63E07985F83600207996
:105DD00085F83500BDE870404CE70A46A7492846DB
:105DE00001F0A6FBDCE74A00A449D6E7A348E17826
:105DF000883001F01BFC2863E6E770BDA14901284B
:105E0000096891F8141706D0022807D0032805D096
:105E100001F003007047C1F381007047C1F3011026
:105E2000704770B5044601F016FF944801F018FF62
:105E3000A4F84C0001F0B0FB8C4E0146204672786D
:105E400002F06FF901F043FB02460B46204602F0D8
:105E500094F98C4D286890F8E4008108E07861F3AB
:105E60008200E070296891F8E410490861F341006C
:105E7000E070296891F8E41061F30000E070286890
:105E800090F84E0D60702868218CB0F8542D62F3A4
:105E900008012184B0F8462D618A62F30B0161820A
:105EA000B0F8442D618962F30B016181B0F8422D95
:105EB000218962F30B01218190F8502D217B62F33F
:105EC0000101217390F8502D920862F3051121739E
:105ED00090F83C1D607961F3000060716A4890F8A9
:105EE000061A617590F8071A217690F8081AA175BC
:105EF00090F8090A6076654801F0B2FEA4F85600F1
:105F000062481C3001F0ACFEA4F85A002868217DDC
:105F100090F84B2D62F30101217590F84D3DE27D23
:105F200063F30102E27590F84B3D1B0963F3051121
:105F3000217590F84D1D090961F30512E27590F87D
:105F4000400D0109204601F0D4FE5048403801F0D0
:105F500087FEA4F854004D481A34243801F080FE1E
:105F6000E087286890F83E1D8A08217862F3830153
:105F7000217090F83E2D62F30001217090F83E2DC3
:105F8000520862F34101217090F83C1DCA08617A01
:105F900062F34511617290F83C2D920962F30001A1
:105FA000617290F83C2D520962F34101617290F8E0
:105FB000510DE17860F30501E1700120FFF71EFF4C
:105FC000617F60F3040131486177483001F048FE99
:105FD000E086286834F8041FB0F8482D62F30B01FE
:105FE00024F81E1910F8E32F217F62F300012177B6
:105FF0000278120962F34101217790F8591CCA090D
:1060000094F8241062F3000184F8241094F83710F7
:1060100041F0200184F8371090F86F1C4A09A179EB
:1060200062F30611A17190F85A1C4A09217C62F3AF
:10603000C301217490F85A0C8009707170BD6E22F2
:10604000134903F0B3BB2DE9F041084D00260127A9
:106050002E71AF712E720C466E7201281AD0022872
:1060600041D0032829D004284DD153E068081000FE
:1060700054A101003F5C01002C860120B084012066
:10608000FC721000600710009077012054810120FD
:10609000C26F10007848FFF7C4FE2046FFF7CFFF1D
:1060A0007648016891F8410D42062CD591F8531DB0
:1060B0002972000627D56F7225E06F48FFF7B1FE01
:1060C0002046FFF7BCFF0320FFF798FE94F8371037
:1060D00060F3040184F83710A07E20F0020040F045
:1060E0000100A0760EE06448FFF79BFE2046FFF714
:1060F000A6FF0220FFF782FE94F8371060F3040138
:1061000084F83710AE71A07E40F30000401CE871A7
:10611000BDE8F0810846FFF792FFF3E770B5574DF1
:10612000286800F6DD0200F6120490F8D418B0F8E2
:10613000D50802EB400001F038FA286890F80E18F4
:1061400090F80F0804EB4000BDE8704001F044BA3D
:1061500070B54B4C484DA0786E3548B36079012836
:1061600029D0022829D00020607029462078FFF726
:106170006AFF42480168287B91F8502D62F30100C4
:10618000287391F8501D890861F305102873617810
:10619000284602F00AF8287B00F0030001F034FAE8
:1061A000FFF7BCFF2846BDE87040364902F032B820
:1061B000BDE870405EE50220D6E70820D4E770B560
:1061C0002F4C2D4DE0786E3550B3607901282AD0E0
:1061D00002282AD00120607029462078FFF733FF7B
:1061E0002648016891F8500D0209287B62F30100EE
:1061F000287391F8501D890961F30510287361789F
:10620000284601F0D2FF287B00F0030001F0FCF9E2
:10621000FFF784FF2846BDE870401B4901F0FABF34
:10622000BDE8704026E50320D5E70920D3E73EB559
:1062300001F04BF9029001F04AF9CDE90001042187
:1062400002A802F0F5F80E4C0821A070684602F092
:10625000EFF8E0700848FFF7E4FD3EBD10B5C07AE6
:1062600040B1074908704FF0FF30C860FFF702FDEA
:10627000002010BD012010BDC26F1000600710008B
:10628000680810007B5C0100115D0100002801D14D
:1062900001F0B1BF7047FF4910B50A790120521CC7
:1062A000D2B20A710B7A9A420AD8487A48B101F000
:1062B000FFFE0320EAF7A4F8F74801F0EDFE002006
:1062C00010BD01F098FFFAE770B518B1BDE8704055
:1062D00001F0DBB8EF4C207A08B1F04D01E0EF4D52
:1062E000703DEC496079897802282DD0E948401C3E
:1062F00001F09DF9A1784A00E849F83901EB400125
:10630000284603F053FAE5482379A27829467038E5
:1063100001F02EF9FFF7BFFF00281FD0DF492379D6
:106320007039A278084601F013F9A079DC4D0128F4
:106330000ED0DA487038E861E07985F826002079D7
:1063400085F824000020C1E74A00D449F839D7E78E
:10635000D248A178703801F068F9ECE770BD70B5EB
:1063600018B1BDE8704001F090B8CA4C207A08B16D
:10637000CA4D01E0C94D443DC6496079C97802283B
:106380002DD0C448401C01F059F9E1784A00C349B6
:10639000F83901EB4001284603F008FABF48237999
:1063A000E2782946443801F0E3F8FFF774FF00284B
:1063B0001FD0BA4923794439E278084601F0C8F879
:1063C000A079B74D01280ED0B44844382862E0794E
:1063D00085F82600207985F825000020C1E74A00CD
:1063E000AE49F839D7E7AD48E178443801F01EF9F5
:1063F000ECE770BDAB49062809680ED2DFE800F073
:106400000D03030D080891F80C07C0F381007047D5
:1064100091F80F07C0F30110704791F80C0700F0D6
:106420000300704770B5044601F015FC9B48F8382E
:1064300001F016FCA4F84C0001F0AEF8954E0146B0
:106440002046727801F06DFE01F0AAF802460B4674
:10645000204601F092FE934D286890F8E4008108F0
:10646000E07861F38200E070296891F8E41049084F
:1064700061F34100E070296891F8E41061F30000D5
:10648000E070286890F8440160702868218CB0F8AA
:106490004A2162F308012184B0F83C21618A62F349
:1064A0000B016182B0F83A21618962F30B016181CD
:1064B000B0F83821218962F30B01218190F846213F
:1064C000217B62F30101217390F84621920862F367
:1064D0000511217390F83201617960F3000172486F
:1064E000617190F86E18617590F86F18217690F8C8
:1064F0007018A17590F8710860766C4801F0B0FBD7
:10650000A4F8560069481C3001F0AAFBA4F85A0010
:106510002968227D91F8410160F30102227591F80A
:106520004331E07D63F30100E07591F841311B09CF
:1065300063F30512227591F84321120962F30510E5
:10654000E07591F836010109204601F0D2FB574869
:10655000403801F085FBA4F8540054481A3424381C
:1065600001F07EFBE087286890F834118A082178D2
:1065700062F38301217090F8342162F300012170ED
:1065800090F83421520862F34101217090F83211E1
:10659000CA08617A62F34511617290F8322192095A
:1065A00062F30001617290F83221520962F34101F5
:1065B000617290F84701E17860F30501E1703C48B1
:1065C00001F04EFBE086286834F8041FB0F83E2145
:1065D00062F30B0124F81E1910F8E32F217F62F3F8
:1065E0000001217710F8472B120962F3410121774E
:1065F000017ACA0994F8241062F3000184F8241087
:1066000094F8371041F0200184F83710817F4A094F
:10661000A17962F30611A171417A4A09217C62F3E2
:10662000C3012174407A8009707170BD6E222149C6
:1066300003F0BCB82DE9F041164D00264FF00108DB
:106640002E7185F806802E72164F0C466E720B283E
:106650006AD2DFE800F069064B0662556569696930
:1066600034002046FFF7E2FF617EA07DFDF700FFCA
:10667000A0756076396891F83701420654D591F8D3
:1066800049118A0750D001F00301297200064BD549
:1066900012E00000780810003D62010068870120C8
:1066A000FC7210006007100090770120BC7F012071
:1066B0009C8101209E70100085F8098034E02046FE
:1066C000FFF7B4FF617EA07DFDF7D2FEA075607676
:1066D000386890F83711890626D590F8490110F0EE
:1066E0000C0F21D0C0F3810028721DE02046FFF777
:1066F0009DFF617EA07DFDF7BBFEA075607613E077
:106700008A48FFF78FFE2046FFF790FFA07E20F01B
:10671000020040F00100A07605E08448FFF782FE09
:106720002046FFF783FFAE71A07E40F30000401CBF
:10673000E871BDE8F08170B57D4D286800F6DD0296
:1067400000F6120490F8C518B0F8C60802EB400035
:1067500000F02BFF286890F8041890F8050804EB67
:106760004000BDE8704000F037BF70B5704D28683C
:1067700000F6DD0200F6120490F8C818B0F8C90857
:1067800002EB400000F011FF286890F8061890F81E
:10679000070804EB4000BDE8704000F01DBF70B575
:1067A0000146644C614D8079897B6E35A17218B3C6
:1067B000082821D001291FD02070617901291DD01E
:1067C00002291DD0002161702946FFF733FF2946B9
:1067D000207800F061F86178284601F0E6FC287B1B
:1067E00000F0030000F010FFFFF7A5FF5249284614
:1067F00001F010FD002070BD012070BD0221E2E714
:106800000821E0E770B501464A4C484D8079897B04
:106810006E35A17218B3092821D002291FD020702B
:10682000617901291DD002291DD0012161702946FD
:10683000FFF700FF2946207800F052F861782846DB
:1068400001F0B3FC287B00F0030000F0DDFEFFF751
:106850008CFF3A49284601F0DDFC002070BD012084
:1068600070BD0321E2E70921E0E73EB500F094FEA8
:10687000029000F095FECDE90001042102A801F08C
:10688000D7FD2C4C0821A070684601F0D1FDE070C6
:106890002648FFF7C7FD3EBD10B50C462449227BB4
:1068A0000728096814D0092812D091F8463163F3FB
:1068B0000102227391F84611890861F305122273CF
:1068C000FFF798FD14F8371F60F30401217010BD25
:1068D00091F8533163F30102227391F85311EBE7FE
:1068E00010B50C461249227B0728096815D00828E4
:1068F00013D091F846311B0963F30102227391F81A
:106900004611890961F305122273FFF773FD14F82C
:10691000371F60F30401217010BD91F853311B093A
:1069200063F30102227391F85311EAE79E7010009D
:106930006007100078081000796201000F63010001
:1069400010B94D4A4B49516100F09FBD70B54B4D98
:106950000446286890F81902C0F30112C0F38101BF
:1069600000F00300FDF779FD401CC6B2204600F0A0
:1069700005FB404801F074F9A4F84C0000223146B0
:10698000204601F027FB14F8040F40F0020004F841
:106990001E0BE07F66F30200E077A07F20F00F007F
:1069A000A077286814F8161C90F8092162F30101F9
:1069B00004F8161C90F80921920862F3051104F8F6
:1069C000161C34F81A1C6FF30B0124F81A1C90F8EB
:1069D000080104F8210C207D20F0010020752868B2
:1069E00090F809110A0914F8081C62F3410104F82F
:1069F000081C90F81A12A17690F81B12E17690F814
:106A00001C12217790F81D12617790F80B07617DB9
:106A1000C0F3810060F30401617570BD184895E70B
:106A20002DE9F041164E407910B3307B00F00300A1
:106A300000F0EAFD114F3C6804F6DD00B4F8BD2813
:106A400004F6120594F8BC1800EB420000F0ADFD0E
:106A5000386890F8FE1790F8FF0705EB400000F04B
:106A6000BBFD0849304601F0EFFA0020BDE8F08197
:106A70000120FBE7AC870120FC72100060071000CA
:106A80007A711000F1680100FE490B2809681ED2D6
:106A9000DFE800F01D090D0D1D1D1D121518060063
:106AA00091F80E0715E091F80A078009704791F8F0
:106AB0000A07C0F30110704791F80A0704E091F843
:106AC0000F0706E091F80F07C0F38100704791F8B7
:106AD0000A0700F0030070472DE9F041060003D0DB
:106AE000BDE8F04100F0D1BC00F032F801282DD112
:106AF000E54DE64C2878012822D0E548A06068786A
:106B00002074E878E073E988A181297AA173DD49CE
:106B1000096891F81612CA0710D089070ED52A798C
:106B2000DC4F911C401E00FB017007F13001921CEC
:106B300002F03CFE0120A76284F827003046CFE730
:106B40006A792979D24800F06FFDD7E7BDE8F08176
:106B500070B5CD4CD04D0120E178491CCAB2E2702D
:106B6000A1788A421FD8217960794143C848FDF74E
:106B700018FD01F075F8A5F84C00C248006890F8BF
:106B8000160280070AD5E078C24900EB400001EB0D
:106B9000C00018223031183802F04DFEBF49284697
:106BA00001F052FA002070BD70B5044601F053F8B0
:106BB000B74801F055F8A4F84C0000F0EDFCB14DD9
:106BC0000146286890F8E700C0F34112204601F022
:106BD000E4F900F0E5FC02460B46204601F007FA16
:106BE000286890F8E4008108E07861F38200E070A2
:106BF000296891F8E410490861F34100E0702968C0
:106C000091F8E41061F30000E070207920F00200B8
:106C1000207194F8410020F0070084F8410094F8B6
:106C2000400020F00F0084F84000286890F8E7004A
:106C3000C0F34111204601F0F2F9286890F8E710FE
:106C400011F0600F94F836107ED041F0010100BFC2
:106C500084F8361090F8F00060702868218CB0F845
:106C6000F62062F30801218490F8EA10A27B61F318
:106C70000302A273B0F8EC20618962F30B01618119
:106C800010F8F11F0A09217B62F30101217310F84A
:106C90000B29920962F3051121730178627961F37E
:106CA0000002627100790109204601F022F87C4857
:106CB00000F0D6FFA4F85200286810F8E81F8A08F0
:106CC00014F81A1F62F38301217010F8022962F38D
:106CD000000121708278520862F34101217001782D
:106CE000CA08617A62F3451161720278920962F30F
:106CF000000161720278520962F341016172407BC6
:106D0000E17860F30501E1700120FFF7BDFE014667
:106D1000607F61F304006077624800F0A1FFE086C5
:106D2000286834F8041FB0F8EE2062F30B0124F851
:106D30001E1910F8E22F217F62F3000121770278FB
:106D4000120962F3410100E01EE021770179CA09CE
:106D500094F8241062F3000184F8241094F837109A
:106D600041F0200184F8371090F8340181070AD5EA
:106D700014F8231F60F3041146482170303000F0EE
:106D80006FFFA4F82B0070BD21F0010160E770B522
:106D9000044600F060FF3E4800F062FFA4F84C009B
:106DA00000F0FAFB374D0146286890F8C900C0F39F
:106DB0004112204601F0F1F800F0F2FB02460B46CA
:106DC000204601F014F9286890F8E4008108E07882
:106DD00061F38200E070296891F8E410490861F3DA
:106DE0004100E070296891F8E41061F30000E07060
:106DF000207920F00200207194F8410020F0070073
:106E000084F8410094F8400020F00F0084F840001E
:106E1000286890F8C900C0F34111204601F0FFF83E
:106E2000286890F8C91011F0600F94F836107CD0E3
:106E300041F0010184F8361090F8D40060702868A1
:106E4000218CB0F8DA2062F30801218490F8CC108C
:106E5000A27B61F30302A273B0F8CE20618962F3D2
:106E60000B016181B0F8D020218962F30B012181EF
:106E700010F8D51F0A09217B62F30101217310F874
:106E80000D2911E06007100084081000FC7210004A
:106E9000BC8801207494012056721000896A010098
:106EA000907701209C810120920962F305112173E2
:106EB0000178627961F3000262710079010920466C
:106EC00000F017FFF64800F0CBFEA4F85200286847
:106ED00010F8CA1F8A0814F81A1F62F38301217080
:106EE00010F8022962F3000121708278520862F3DF
:106EF000410121700178CA08617A62F3451161721B
:106F00000278920962F3000161720278520962F319
:106F100041016172C07BE17860F30501E1700A20F4
:106F2000FFF7B2FD0146607F00E024E061F304005A
:106F30006077DC4800F094FEE0862868A188B0F80D
:106F4000D22062F30B01A18010F8E22FA17862F346
:106F50000001A17010F81A29120962F34101A17011
:106F60000078C109A07A61F30000A072607F40F050
:106F70002000607770BD21F001015BE710B5044689
:106F80006E22C94902F012FCC8484179208961F398
:106F90000B002081C24890F8A813607B61F30100C8
:106FA000607310BD70B50446FFF7E8FF00F0F4FA17
:106FB00001460022204600F0F0FFB94890F854172F
:106FC000607B61F301006073B94800F049FEB94D80
:106FD000A4F85200286890F8F80060702868618969
:106FE000B0F8002162F30B016181B0F80221218920
:106FF00062F30B01218110F8FA1F0A09E17962F3AB
:107000000301E171C188E28B491E61F30B02E28347
:1070100041788A09A17E62F34101A17610F8011C32
:107020000A09217B62F30101217310F8012C9209F6
:1070300062F3051121734178607F61F30500607789
:107040000021204600F0EBFF14F8360F20F001007D
:1070500004F816090720FFF717FDE17D60F304012E
:10706000E1752868B0F8FE10208861F308002080E0
:1070700070BD70B58F4E0328346804F6DD0204F647
:10708000120517D0072823D0092821D0B4F8BD084D
:1070900094F8BC1802EB400000F087FA306890F8D2
:1070A000FE1790F8FF0700BF05EB4000BDE87040F9
:1070B00000F092BAB4F8C00894F8BF1802EB400090
:1070C00000F073FA306890F8001890F80108EBE7C8
:1070D000B4F8C30894F8C21802EB400000F065FA57
:1070E000306890F8021890F80308DDE72DE9F041C8
:1070F000714D012700262F70AE70DFF8B8810C4665
:10710000EE70102A0CD2DFE802F084080C1D080C87
:107110001D4C3A506474687D84810846FFF72EFF49
:1071200077E00846FFF72AFF0220FFF7ADFC94F84E
:10713000371060F3040184F83710D8F8000090F895
:10714000040114E00846FFF719FFD8F8000090F892
:10715000060160700320FFF797FC94F8371060F386
:10716000040184F83710D8F8000090F8050100F009
:107170000300012801D9AF704BE0A87049E0084630
:10718000FFF7FCFE14F8360F20F0010020700820F5
:10719000FFF77AFC14F8011F60F3040104F83719B3
:1071A00015E00846FFF7FEFE33E00846FFF7FAFE5B
:1071B0000920FFF769FC94F8371060F3040184F8A4
:1071C000371094F8360020F0010084F836002E7055
:1071D0001FE00846FFF7DBFDF9E70846FFF7E2FE90
:1071E000D8F80000E17990F8FD0060F30301E17147
:1071F000EDE70846FFF7C2FE01210022204600F01D
:10720000CCFE06E0084600F05DF802E00846E9F72B
:10721000C8FCA07EC00701D06E7000E06F702348EC
:10722000007828812089C0F30B00E8808EE43EB509
:1072300000F0B2F9029000F0B3F9CDE900010421A9
:1072400002A801F0F5F81C4C08212071684601F0F5
:10725000EFF860711448FFF7A7FC3EBD70B5124D02
:1072600004796E359CB122462946FFF73FFF287B03
:1072700000F0030000F0C8F92046FFF7FAFE0D2CDD
:1072800007D00E49284600F0DFFE002070BD012027
:1072900070BD42F210720949284600F0DBFEF4E7A7
:1072A000907701209C810120E8711000B807100040
:1072B0003C7B01206007100084081000896A0100EF
:1072C0000020704770B50446FFF758FE00F064F9DF
:1072D00001460022204600F060FE124D0021286881
:1072E00090F817016070204600F099FE94F836007F
:1072F00020F0010084F83600A07B20F00F00A0737E
:1073000028686189B0F8132162F30B016181B0F83C
:107310001511208961F30B002081E08B6FF30B00C6
:10732000E08370BD6007100010B500F099F9FFF719
:107330007EFFFFF773FBFFF798FAFEF778FFFEF783
:10734000ECFB77490020486010BD38B1012807D018
:10735000022807D017200021FBF715BB1420FAE7FD
:107360001520F8E71620F6E7182102F0C0BA70B52C
:107370006B4C6C4D206809E055F8201069482030AE
:107380008847002812D02068401C20600828F3D3CA
:1073900060686449401C3831002260600A704860AF
:1073A000A1F11800016818308847012070BD10B5A0
:1073B000044620225C495B4802F03DFAA07C01288B
:1073C00007D159492022BDE810402031554802F02C
:1073D00032BA10BD70B504460079002540B9A079D5
:1073E00030B9207A20B9607910B9E07A002814D039
:1073F0004C484C21383002F07AFA4A48182221468B
:10740000203002F018FA464805602046FFF7CFFF0B
:1074100044482030FFF7ABFF012070BD10B50120BC
:1074200000F067F8072000F064F8082000F061F829
:10743000052000F05EF80D2000F05BF80C2000F055
:1074400058F8012000F060F8072000F05DF80820EF
:1074500000F05AF8052000F057F80D2000F054F81D
:107460000C2000F051F801F0A3FE00F0ECFB01202D
:1074700000F034F8072000F031F8082000F02EF872
:10748000BDE81040052000F029B870B5244C050077
:107490000FD0FFF7C3FF60682249401C383160609D
:1074A0000D704860A1F118000168BDE87040183007
:1074B00008472068401C2060BDE870401948203013
:1074C00055E700F069B800F06BB800207047174826
:1074D0000068D0F85A1DD0F8560D704700F01F0212
:1074E000012191404009800000F1E020C0F8001126
:1074F000704700F01F02012191404009800000F117
:10750000E020C0F88011704700F01F020121914077
:107510004009800000F1E020C0F8801270470000B0
:1075200090081000C47210005CA1010060071000F8
:1075300070B50023144608E031F8135031F8146098
:10754000354420F813505B1C641C9342F4DB70BD7F
:1075500030B5002B0BD0002407E000BF31F91450E8
:1075600095FBF3F520F81450641C9442F6DB30BD13
:1075700030B4002443B90BE030F8143031F8145023
:107580002B4420F81430641C9442F5DB30BC704767
:1075900030BC520002F00AB92C480068806A70477B
:1075A0002A480068416A006A704730B5294B284C68
:1075B0005A68824202D1DA688A420AD0002206E082
:1075C00030F81250C5F30B0524F81250521C8A42B1
:1075D000F6DBD960586030BD30B51E4B1E4C9A6842
:1075E000824202D11A698A420DD0002207E000BF10
:1075F00030F81250C5F30B0524F81250521C8A4281
:10760000F6DB1961986030BD70B504461348006818
:10761000012808D10F4D2878844204D021460F4814
:1076200000F02BFB2C7070BD70477047704702460E
:1076300000201278002A00D1084670470246002038
:107640001278012A00D10846704700006007100038
:107650009C810120980810009C8301204873100031
:10766000704710B500F02FFD08B1012010BD0B4888
:1076700000F012FD002010BD094810B5006890F818
:107680008700410708D5074991F82C10042901D13A
:10769000400601D400F00CFD012010BD3B74010038
:1076A000600710005C5310003D48016821F00401A0
:1076B000016000F07CBE10B5FFF7F6FF10BD10B5FD
:1076C000FFF7F2FF10BD10B5FFF7EEFF10BD10B5CC
:1076D000FFF7EAFF01F0BFFB10BD10B5FFF7E4FFB5
:1076E00000F0EBFA10BD10B5FFF7DEFF01F089FCEA
:1076F00010BD10B5FFF7D8FF01F0CBFC10BD10B5E1
:10770000FFF7D2FF01F00EFD10BD10B5FFF7CCFF63
:1077100001F053FD10BD10B5FFF7C6FF01F098FD55
:1077200010BD10B5FFF7C0FF01F0DDFD10BD10B5B5
:10773000FFF7BAFF01F026FE10BD10B5FFF7B4FF4A
:1077400002F038F910BD10B5FFF7AEFF02F00EF9E8
:1077500010BD10B5FFF7A8FF10BD10B5FFF7A4FFCF
:1077600010BD10B5FFF7A0FF10BD10B5FFF79CFFCF
:1077700001F04EFE10BD10B5FFF796FF10BD10B51D
:10778000FFF792FF10BD10B5FFF78EFF10BD10B5CB
:10779000FFF78AFF10BD10B5FFF786FF10BD000090
:1077A00010ED00E00EB50BA207CA8DE807000C48EB
:1077B00000F0A7FD684600F0A8FDFCF7EDFCFBF724
:1077C0000DFE00F037F800214720FBF7DCF8012020
:1077D0000EBD0000300000000000000000000000AE
:1077E000500256461A4910B5012008701949002068
:1077F000086019490860194908601949086000F0D3
:107800007FF900F019F900F07DF8002010BD10B5E7
:10781000124801F09BFE104908600E490968884231
:1078200007D00B480078022803D1BDE81040E8F7E4
:107830009DBD10BD10B5FFF7EAFF05490220087095
:10784000E8F778FD4FF0FF3010BD032070470000CF
:10785000F8081000FC0810000009100004091000CE
:107860000809100070B50D460446C1698068CC2235
:1078700002F013F8E169A068002208444FF080711B
:1078800040F8041C216A40E9032140F8102C40F81C
:10789000142C40F8182C40F81C2C4FF00B3140E908
:1078A00009154FF00A3140F8281C4FF0093140F813
:1078B0002C1C4FF0083140F8301C4FF0073140F8D5
:1078C000341C4FF0063140F8381C4FF0053140F8B9
:1078D0003C1C4FF0043140F8401D70BD81694FF0F1
:1078E000CC330A689A4208D14A689A4205D18A681C
:1078F0009A4202D1C968994202D04068FBF7B5BDEF
:107900007047000010B5A021494801F0F0FF0020A9
:1079100010BD70B50646464800EB0614E8F75EFD5C
:107920000546207828B12846E8F760FD6FF0010091
:1079300070BD0320207000206660E06004F1080044
:1079400001F0DEFD2846E8F751FD002070BD2DE96D
:10795000F0410F463649002501EB00142E46E8F7AA
:107960003DFD8046E0683843E06004F108000746CA
:1079700001F0ECFD0CE0E168C26A114203D000F0B6
:107980000FF9012600E06D1C2946384601F0D4FDB0
:107990000028F0D10EB1FFF73AFF4046E8F726FD88
:1079A0000020BDE8F08170B50D46214901EB0014BF
:1079B000E8F714FDE168A943E160E8F717FD00204E
:1079C00070BD70B50C461A4901EB0015002020600F
:1079D000E8F704FDE9682160E8F708FD002070BDC4
:1079E0002DE9F0410D4612491E46904601EB001468
:1079F000E8F7F4FC07460F480068C562E1682942D1
:107A000003D104F1080100F0DDF83846E8F7EEFC98
:107A1000E8F7E4FCE16829403160B8F1010F02D1D8
:107A2000E168A943E160E8F7E1FC0020B9E7000064
:107A30009C731000FC08100010B5C8212E4801F0FE
:107A400056FF002010BD2DE9F04106462A4900EB03
:107A50008600174601EB8004E8F7C0FC0546207855
:107A600030B12846E8F7C2FC6FF00100BDE8F081B4
:107A70000220207000206660C4E9027004F110004A
:107A800001F03EFD2846E8F7B1FC0020EEE770B5B6
:107A9000194900EB800001EB8004E8F79FFC0546E4
:107AA000D4E90201814205DB144804F110010068A9
:107AB00000F088F8E068401CE0602846E8F796FC93
:107AC000002070BD70B50C4900EB800001EB800414
:107AD000E8F784FC0546E06808B1401EE06004F168
:107AE000100001F033FD10B1206900F011F82846B4
:107AF000E8F77CFC002070BD3C741000FC0810000E
:107B000010B54FF4F0713C4801F0F1FE002010BDBB
:107B100010B5044690F8240002280BD0204601F04E
:107B200017FD022084F824003449204601F0ECFCC3
:107B3000FFF76DFE002010BD2DE9F05F06460AA894
:107B400006EB460190E8000E2B481D4600EB0114A1
:107B50009046207818B16FF00100BDE8F09FE8F77B
:107B60003DFC074601202070C4F81480C4E901657B
:107B700004F11801002081E8200684F82400E06068
:107B80002061C4E90A8059462046FFF76BFEA060D9
:107B90002046FFF7BDFF3846E8F728FC0020DCE769
:107BA00010B5044690F82400022809D0204601F0C0
:107BB000CFFC022084F824001049204601F0A4FCE8
:107BC000002010BD70B5044690F824000D46022830
:107BD0000BD1204601F0BCFC032084F82400294688
:107BE000204601F091FCFFF712FE002070BD044812
:107BF0000068406870470000047510000409100018
:107C0000FC081000404810B500210160012202600C
:107C100001603E4C692020710420E8F7F1FB082048
:107C2000207110BD10B5FFF7EDFF3948002101703C
:107C3000416000F0ABF9BDE8104000F06EBA01F011
:107C40004DBB01F09BBB10B501F098FB01F046FB6A
:107C5000BDE81040E6E76E222E4901F0A7BD70474F
:107C600010B50446800702D00220FFF76EFB4FF4E8
:107C700080302044C0F34F0010BD01EB011200EB37
:107C8000420200EB810010B52049204B0479723389
:107C900001F86E4F8488240A4C7084798C70C07906
:107CA000C87000200C32115C1954401C2228FADBE9
:107CB00010BD01F041BB01F0DBBA154810B54068BA
:107CC00010B1BDE8104000470020FFF73EFB10BD9B
:107CD000C27E012904D0022907D022F0100101E060
:107CE00042F0100121F0200101E042F03001C176A4
:107CF0007047C279012961F30302C27102D942F0CF
:107D00001001C171704700009004002200000320A0
:107D1000AC0810009CA1010001EBC10102EB810144
:107D2000405C010602D500F07F0040427047002B06
:107D300004DA5B42DBB243F0800301E003F07F032F
:107D400001EBC10102EB8101435470472DE9F05F63
:107D5000002517469846894683462E464FF0010A6D
:107D60000AFA05F010EA090F14D000242246012077
:107D7000002101F0B2FC384001EA0801084305D0B7
:107D80000023224631465846FFF7D1FF641C242CBD
:107D9000ECDB761C6D1C1C2DE2DBBDE8F09F405C2B
:107DA000010602D500F07F0040427047002A04DA45
:107DB0005242D2B242F0800201E002F07F0242540D
:107DC0007047F0B5002415460E4684462346012729
:107DD0000FE006EBE30003F00701007807FA01F279
:107DE000024205D0002219466046FFF7DFFF641CFF
:107DF0005B1CAC42EDDBF0BD405C70474254704709
:107E0000F0B50024234601260DE001EBE30503F065
:107E100007072D7806FA07FC1CEA050F02D000259B
:107E2000C554641C5B1C9442EFDBF0BD405C7047A2
:107E300042547047405C7047425470472DE9F04708
:107E4000344C34F82C8FA7786668257ADFF8C89010
:107E50000121C9F800104FF42070E8F7D1FA002191
:107E6000C9F80010A4F80080A77066602572BDE80C
:107E7000F0872848002120F82C1F81704160017292
:107E8000704710B5002469B301230246002118464B
:107E900001F023FC02461F48303002600171FFF7F9
:107EA000CDFF002000F026F800B10124FFF7C6FF47
:107EB000012000F01FF808B144F00204FFF7BEFFF4
:107EC000022000F017F808B144F00404FFF7B6FFF1
:107ED000032000F00FF808B144F00804FFF7AEFFEC
:107EE000204610BD012181400A4800222C30C0E903
:107EF0000012D4E740F02001064810B580F86D105C
:107F0000E52101714FF42070E8F77AFA0348006820
:107F1000C0B210BD00000320A80D6022800C6022BA
:107F20004E484168002901D001200847704710B52C
:107F3000FFF787FE4A49022008704A49002008607E
:107F400046484168002903D0BDE81040002008479A
:107F500010BD10B50179424A21F01D0141F0E00148
:107F60000171032111703F4A3F49116001466E22A1
:107F70003E4801F01BFC3E490120C1F88000374813
:107F80003C490088BDE81040FFF793BE334800210C
:107F900041604FF4FA710180704737B5044601988B
:107FA0001546C0F315000190042101A800F040FA25
:107FB000012D02D1C01C20F00100019924F82C1FD2
:107FC0000A0CA17862F30501A170E17860F3040165
:107FD000E1703EBD012320F82C3F5143837823F00C
:107FE0003F038370C27861F30402C27070471FB50B
:107FF0000446039902A801F003010391082100F04F
:1080000017FA0146DDE9022044F8302F227960F3A7
:1080100001022271207E61F3050020761FBD10F859
:10802000352F61F30002027070470D49032008707C
:108030000C490D4808600E490120C1F8800007482E
:108040000C490088FFF735BE044A51604FF4FA71BD
:1080500011807EE7014B59601A807AE7B40810005E
:10806000AC081000B0081000DF7E01000000032003
:1080700000006022D17E010016480178012908D154
:10808000022101701448016819B1002202601046F3
:1080900008470120FFF759B90E4A012111700E4916
:1080A00008600E49E82008710D490C20FFF703BE57
:1080B0000A49082008710B4900200860054908702A
:1080C00005490860704703480078002800D0012067
:1080D00070470000AC081000BC081000000003202E
:1080E00029800100000060225A480168002901D05F
:1080F00001200847704710B5FFF7A3FD564902203D
:10810000087056490020086052480168002903D0D1
:10811000BDE810400020084710BD4E49002008600F
:10812000704737B5044601981546C0F31500019015
:10813000042101A800F07CF90199A1850A0C94F8AA
:108140002E100A2D62F3050184F82E1094F82F20CA
:10815000C1B261F3040284F82F2007D00B2D05D0A3
:1081600014F8490F61F3050020703EBD14F8491F53
:10817000401C60F3050121703EBD1FB50446039904
:1081800002A801F003010391082100F051F9014612
:10819000DDE9022044F8302F227960F301022271D8
:1081A000207E61F3050020761FBD30B52CA28CB077
:1081B0003CCA8DE83C002EA20DF1100C3CCA8CE8A4
:1081C0003C002FA20DF1200C3CCA8CE83C0004AA14
:1081D000535C427C63F3050242741DF80130027C5B
:1081E00063F34202027408AA525C017962F38401CB
:1081F00001710CB030BD184904200870174924489B
:10820000086024490120C1F8800023494FF4FA7026
:10821000FFF74FBD10B50A46017921F0010141F089
:10822000E00101710B490A600B4A042111700B4AED
:108230001749116001466E22184801F0B7FA154936
:108240000120C1F88000BDE8104013494FF4FA70D6
:10825000FFF72FBDC0081000AC081000B0081000D8
:1082600000000202010103030303000200000000FA
:1082700002020202020202020101020201010000E6
:1082800002030203020302030203020202030000CC
:10829000A7800100000060229980010000000320F7
:1082A0004D49012008600722410701F8272F0B22C2
:1082B00081F841204849183908604FF00851C1F849
:1082C000C403454B0022B0331A60444A1060121DAB
:1082D0001060414A943A1060C1F8740370473E49F7
:1082E00001209439086070473B49002094390860A8
:1082F00070474FF00050008870474FF00050807872
:1083000070474FF0005148607047354902680A6075
:1083100042684A6080688860704731490A68026034
:108320004A6842608968816070472B490120303972
:10833000086070474FF0005010F8221F21F0030131
:10834000017070474FF0005101F81F0F887862F3F9
:10835000040088707047234800687047214908600E
:10836000704710B54FF00054E27E202322F0AF0298
:1083700003EA40131343042202EA8000034301F09E
:1083800003000343E37610BD4FF0005090F8220045
:1083900010F0030005D0012805D0022805D01248AE
:1083A000704712487047124870471248704770472C
:1083B000704711490120C1F89C0070470E49002008
:1083C000C1F89C0070470448F030006808B10120F3
:1083D0007047022070470000CC040022801E00225B
:1083E00008000020C408100000127A000090D0039A
:1083F0000048E8010024F40000006022F0B50746C0
:10840000002003462F4E10E057F8235003224FEA76
:10841000C20C45FA0CF484EA2064E4B2521E56F809
:10842000244084EA0020F2D55B1C8B42ECDBF0BDDB
:1084300030B50446234B0020103B08E0625C02F09C
:108440000F0503EB12125D5D127828441044491E9B
:10845000F4D230BD10B584680368E443A3420AD166
:10846000C4684368E443A34205D15B1C0B60006809
:108470001060012010BD002010BD3CB50446002551
:1084800001AA6946FFF7E6FF012809D1009904F126
:108490001000091FFFF7B2FF0199884200D10125A2
:1084A00028463CBD30B50D460446091F1030FFF785
:1084B000A5FF6D1E6560E943E1602060C043A060D8
:1084C00030BD00001CA2010001468000B1F5803FD4
:1084D00002D21038C0F310007047C0F387207047F5
:1084E000B0F5802F02D21030C0F31000C0F38F001F
:1084F000704730B5FE4C01252560E50603F01F03EB
:1085000085F86B30002304E051F8235040F82350E5
:108510005B1C9342F8DB0020206030BDF0B5F44FC7
:1085200001233B600323FC0684F86B301B1F0360B0
:10853000002312E051F8234040F82340002450F873
:10854000235051F82360B54206D06D1C04D1641C41
:1085500040F82360032CF2D35B1C9342EADB00203B
:108560003860F0BDF0B513460A4605460024981859
:108570004FF48726602801D9012411E0002107E08B
:108580005F1856F82700401C01D011460224491CF0
:108590009142F5D324B906EB83002946FFF7BEFFCD
:1085A0002046F0BD10B503460846FFF78DFF014693
:1085B000BDE810409200184601F03DB92DE9F041A8
:1085C0004FF000580C46D8F814700125C0F38F0600
:1085D0006FF48041C8F814100E2000F018FA2046FD
:1085E00000F020FA0200C3484FF0010118D00160EA
:1085F000A4F58034404620F8726F4480602200F871
:10860000012CBD4A1160BB4AC432116030BF817970
:108610007238890700D0002547612846BDE8F081FF
:1086200000220260E6E72DE9F05F1546DFF8C0B2F0
:10863000002601270A4604464FF0005CB1F5882F5A
:1086400015D3A30AFFF740FF5946CBF8007003F09B
:108650001F038CF86B30002304E052F8234040F8ED
:1086600023405B1CAB42F8DB0E60BDE8F09FDCF8FA
:108670001490C1F38F08E2466FF48041CCF81410D7
:108680000E2000F0C4F9CBF80070204600F0CAF9C3
:108690000100984819D00760A4F58034AAF87280C8
:1086A000AAF874406D1E8AF8765040218AF871103D
:1086B00091490E608F49C4310F600AF1580030BFF4
:1086C000CBF8006040F8449CCFE70660E6E72DE970
:1086D000F0414FF000540F4654F8146F85086FF4C2
:1086E000804020600E2000F092F90020A066A4F8DF
:1086F0005E507F1E84F8627084F85D007E490860D9
:108700007C490120C431086030BFE06E266085E7F7
:1087100070B506460C4601F11000111F154689B2CE
:10872000FFF7D5FF2060681E606020682A46C043BE
:10873000A06060682146C043E0603046BDE87040FC
:1087400071E7F0B50746002004466C4E15E057F877
:10875000245003234FEAC30C45FA0CF280EA02606E
:108760000822002802DA86EA400000E04000521E9B
:10877000002AF6DC5B1EEDD5641C8C42E7DBF0BD05
:1087800030B550F8084B50F8085B30F80C1C491C09
:1087900089B2FFF7D6FF844204D1E043854201D17C
:1087A000012030BD002030BD2DE9F04101267507C4
:1087B00004466F696FF4804068610E2000F027F96D
:1087C0004FF00008C5F87C80204600F02BF902002D
:1087D00048494FF0010015D00860A4F58034A5F891
:1087E0007440202185F87110434908604149C43123
:1087F000086030BF95F87800800700D000266F61D0
:1088000030460BE7C1F80080E9E700B50B46FFF7FB
:108810005BFE82680168D243914208D14268C06819
:10882000C043824203D1521C1A80012000BD0020A7
:1088300000BDF8B5044610300D460646FFF7BEFEF3
:10884000012801D00020F8BD69462846FFF7DDFF6A
:10885000BDF80000001F81B23046FFF738FF2060EE
:10886000BDF80010C043491E6160A060C843E060CD
:108870000120F8BDF0B59BB007466D46204E01249F
:108880006821284601F033F8002056F8201045F8FA
:108890002010401C1A28F8D31A490098884210D199
:1088A000029881B205A80446FFF74BFF0199814267
:1088B00006D154222146384600F0BDFF002400E0D6
:1088C00003241BB02046F0BD70B594B00C4E044696
:1088D0006D4668365021284601F009F8002056F808
:1088E000201045F82010401C1428F8D306490DE04C
:1088F000C41B0022780D00221C0F00221B000080E8
:10890000443E0400B2570E705C000D6000986FF09A
:108910000205884226D1A81020606060A060E06057
:108920002061029881B205A8FFF70BFF01998142EF
:1089300018D1BDF83A2045F2AA5100208A4208D148
:108940009DF81D20C4E900209DF81E2002F01F02A2
:10895000A260E060BDF84000884201D10998206122
:1089600014B070BD25606560A560E5602561F7E71E
:1089700070B586B004466D462E4E1421284600F090
:10898000B6FF002156F8210045F82100491C0529B1
:10899000F8D300982060019860600298C0B2A0608F
:1089A0000398C0B2E0600498C0B2206106B070BD08
:1089B000F0B585B01F4C07466E46643C0125142176
:1089C000304600F094FF002054F8201046F82010A4
:1089D000401C0528F8D318490098884214D1029801
:1089E00081B204F11400FFF7ACFE019981420AD173
:1089F000182204F1DC01384600F01DFFD4F8F40021
:108A00000025B86100E0022505B02846F0BD00F061
:108A10001F02012191404009800000F1E020C0F8D0
:108A200080127047B0F5803F01D2002070470120CE
:108A300070470000603F0400AF07A6554FF000509C
:108A4000002180F83D1080F83E1080F83F103F2252
:108A500080F8312080F8342080F8351080F83220FA
:108A600000F8301F017241728172C172C17170478A
:108A7000874A1160864A002134321160121D08B104
:108A80001160704701201060704730B501248440A8
:108A9000E0B24FF000540029039D94F8321001D049
:108AA000014300E0814384F8321094F830100AB199
:108AB000014300E0814384F8301094F834100BB186
:108AC000014300E0814384F8341014F8351F0DB1E0
:108AD000014300E08143217030BD4FF00052052872
:108AE00017D2DFE800F00306090F170012F83D0F58
:108AF00004E012F83D0F07E012F83E0F20F00F00DF
:108B0000084305E012F83E0F20F0F00040EA0110A3
:108B10001070704712F83F0FF0E701238340D8B27E
:108B20004FF00053002993F8381001D0014300E0C2
:108B3000814383F8381013F8391F0AB1014300E06C
:108B400081431970704701238340D8B24FF000531E
:108B5000002993F83A1001D0014300E0814383F8E3
:108B60003A1013F83A1F0AB1014300E0814319702B
:108B700070472DE9F04705460120A840C4B21F46C2
:108B8000914688460A20DDF820A000F06BF80B2003
:108B900000F068F80A2000F070F80B2000F06DF883
:108BA0004FF0005696F83800A04386F8380096F843
:108BB0003A00A04386F83A0096F82E00A04386F8C3
:108BC0002E00344A0020B8F1000F42F825000BD0E7
:108BD00096F83810214386F8381096F83A10214359
:108BE00086F83A1042F8257096F83910A14386F8B5
:108BF000391096F83B10A14386F83B1096F82F10D9
:108C0000A14386F82F1023492031B9F1000F41F814
:108C100025000BD096F83900204386F8390096F8E5
:108C20003B00204386F83B0041F825A096F8380029
:108C300010B10A2000F00BF896F83900002804D093
:108C4000BDE8F0470B2000F002B8BDE8F08700F067
:108C50001F02012191404009800000F1E020C0F88E
:108C60000011704700F01F0201219140400980006F
:108C700000F1E020C0F88011704700F01F020121D0
:108C800091404009800000F1E020C0F88012704758
:108C900004050022E47610002DE9F047417ACA0766
:108CA0004FF0000101D0554A516001277D0785F83A
:108CB000E57085F8E470C5F8C010C5F8E81085F8CF
:108CC000E11085F8E310DFF838A1067A04680AF1AC
:108CD0000709072E00D9072600216DE04A1CD3B2F0
:108CE00001EB810214F802800AF80180D0F804C078
:108CF00022443CF8118029F8118092F803C0BCF19D
:108D0000010F02D0BCF1030F07D195F8E5C007FAB7
:108D100003F84CEA080C85F8E5C090F809C05FEA52
:108D2000CC7C0FD192F803C0BCF1020F02D0BCF191
:108D3000030F07D195F8E4C007FA03F84CEA080CD2
:108D400085F8E4C001EB410C21F00108E04492F801
:108D500001C00CF0070C0CFA08FCD5F8C0804CEAF6
:108D6000080CC5F8C0C092F802C04FEA81080CF0A8
:108D70000F0C0CFA08FCD5F8E8804CEA080CC5F892
:108D8000E8C090F809C05FEACC7C14D11279D20710
:108D900007D095F8E12007FA03FC42EA0C0285F8B7
:108DA000E1202279D20606D595F8E32007FA03F3ED
:108DB0001A4385F8E320491CB1428FD3D5F8E80067
:108DC0006864BDE8F0870E4AD21D22F81010704783
:108DD00010B504460B48006838B1A068FFF75CFF87
:108DE0002068BDE8104000F00FB8E068FFF754FFBE
:108DF0006068BDE8104000F0C1BB00000020002208
:108E0000AB000020BC05002210B5494B01680024CE
:108E100099608188598002899A801C704FF00053B4
:108E2000A3F81A21A3F81E11C088A3F82001414815
:108E30000122C0F8D821C0F8DC21C0F8C421C0F854
:108E4000CC21C0F8D42172B6D0F808120029FBD189
:108E5000426062B610BD2DE9F041364DD5F85C0197
:108E6000334F2E040124BA6840B3B6F81C815FEA80
:108E700008000CD0D5F8540148B141460120904774
:108E8000C5F8D842D5F8540108B1C5F8D442BA683B
:108E90004146022090470178022902D0032902D0DE
:108EA00008E0418800E07988A6F81E118088A6F8BD
:108EB0001A013C70C5F8DC42BDE8F081D5F84401E8
:108EC00080B1B6F81C1103209047387838B1788803
:108ED000A6F81E01B888A6F81A0100203870C5F857
:108EE000C442E9E7D5F8580130B1B6F81C110120A9
:108EF0009047C5F8D842DFE7D5F84C0118B9D5F846
:108F000054010028D8D0B6F81C1119B1012090479F
:108F1000C5F8D842D5F84C0110B1C5F8CC42CBE722
:108F2000D5F854010028C7D0C5F8D442C4E70000E2
:108F3000C808100000200022FC4900200860091D1C
:108F40000860091D0860091D0860091D0860091DE9
:108F50000860091D0860091D0860F54901220A60C2
:108F6000F34914310860510701F8500FFF234B708B
:108F700001F8050C0F234B808A80EE490860486099
:108F80008860C860086148618861C861086270478C
:108F90007047E84A1160E54900220A6000EB800052
:108FA0004FF6FF7202EA40004FF00052A2F858005C
:108FB000012008607047DF4B10B5DC4A19600021C2
:108FC00011604FF0005191F85140E40707D01B6A3F
:108FD00058438009A1F858000120106010BD00EB33
:108FE000C00303EB00104FF6FF7303EA8000F1E7C4
:108FF0004FF00050B0F858007047CC49002008608E
:109000007047CC4A10B5002110681160C74A116042
:1090100010B1BDE8104000470020FFF7B9FF10BDB8
:10902000C44A5160C1490022091D0A6000EB80005A
:109030004FF6FF7202EA4000CA06A2F85A00012069
:1090400008607047BB4B10B55960B84A0021121D2B
:109050001160D10691F85140A40708D400EBC00379
:1090600003EB00104FF6FF7303EA800002E01B6A77
:1090700058438009A1F85A000120106010BD4FF03C
:109080000050B0F85A007047A8490020091D086038
:109090007047A84A10B5002150685160A34A121DBC
:1090A000116010B1BDE8104000470120FFF770FFCC
:1090B00010BDA04A91609D49002208310A6000EB72
:1090C00080004FF6FF7202EA40008A06A2F85C00B8
:1090D000012008607047974B10B59960934A0021B2
:1090E00008321160910691F85140640708D400EBF2
:1090F000C00303EB00104FF6FF7303EA800002E0A9
:109100001B6A58438009A1F85C000120106010BD63
:109110004FF00050B0F85C007047844900200831DF
:1091200008607047834A10B50021906891607F4ABB
:109130000832116010B1BDE8104000470220FFF76F
:1091400027FF10BD7B4AD160784900220C310A60AC
:1091500000EB80004FF6FF7202EA40004FF0005231
:10916000A2F85E00012008607047724B10B5D9600C
:109170006E4A00210C3211604FF0005191F85140BD
:10918000240708D400EBC00303EB00104FF6FF7375
:1091900003EA800002E01B6A58438009A1F85E00E0
:1091A0000120106010BD4FF00050B0F85E00704715
:1091B0005E4900200C31086070475E4A10B50021FE
:1091C000D068D160594A0C32116010B1BDE810402E
:1091D00000470320FFF7DCFE10BD564A11615349DA
:1091E000002210310A6000EB80004FF6FF7202EAA5
:1091F00040004FF00052A2F8600001200860704764
:109200004C4B10B51961494A0021103211604FF0E2
:10921000005191F85140E40608D400EBC00303EB81
:1092200000104FF6FF7303EA800002E01B6A584308
:109230008009A1F860000120106010BD4FF00050BF
:10924000B0F860007047394900201031086070475D
:10925000384A10B5002110691161344A103211608A
:1092600010B1BDE8104000470420FFF791FE10BD8B
:10927000304A51612D49002214310A6000EB800010
:109280004FF6FF7202EA40004FF00052A2F862006F
:10929000012008607047274B10B55961234A00210F
:1092A000143211604FF0005191F85140A40608D4D7
:1092B00000EBC00303EB00104FF6FF7303EA8000DE
:1092C00002E01B6A58438009A1F862000120106087
:1092D00010BD4FF00050B0F86200704713490020F5
:1092E000143108607047134A10B50021506951616C
:1092F0000E4A1432116010B1BDE81040004705203D
:10930000FFF746FE10BD0B4A916108490022183153
:109310000A6000EB80004FF6FF7202EA40004FF057
:109320000052A2F864000120086070474009002242
:10933000C0040022D40810006A4B10B56A4A996133
:10934000002111604FF0005191F85140640608D49B
:1093500000EBC00303EB00104FF6FF7303EA80003D
:1093600002E01B6A58438009A1F8640001201060E4
:1093700010BD4FF00050B0F86400D6E75A49002005
:109380000860D2E7574A10B5002190699161564AAA
:10939000116010B1BDE8104000470620FFF7F8FD4E
:1093A00010BD10B5FEF7D7FF4FF0005191F8222005
:1093B00042F21073B0FBF3F0C2F38102521CD040B2
:1093C000B1F85420C96C51438909B0FBF1F010BDCC
:1093D00045490022091D0A60424A126A50434FF073
:1093E00000528009A2F86600012008609DE73E490E
:1093F0000020091D086098E73A49C8613B490120EF
:10940000C1F89C003849A0310860091D08608CE74C
:10941000344A10B50020D169D061344AC2F89C00AA
:1094200051B1314AA03210604FF00050C06CBDE81D
:10943000104020F07F400847FF20FFF7A9FD10BD36
:1094400010B50446FEF787FF4FF0005191F8221047
:1094500042F21072B0FBF2F0C1F38101491CC84026
:109460000003B0FBF4F01F49086210BD30B54FF0A7
:1094700000550124844095F8510009B1204300E0D3
:10948000A04385F8510095F84B000AB1204300E055
:10949000A04385F84B0015F8500F0BB1204300E0B6
:1094A000A043287030BD4FF0005010F84A1FC0791B
:1094B000814301D0012038E7002036E74FF000500B
:1094C00090F82200C0F3810028B1012805D00228BD
:1094D00005D0074829E7074827E7074825E7074851
:1094E00023E70000D4081000580900220000602281
:1094F00000093D000048E8010024F40000127A0051
:10950000002101600846704730B50A6812B10B4669
:10951000846A08E000220860C0E903210AE002F141
:109520000C03D26812B1956AA542F8DC1A68C0E94A
:1095300003211860002030BD0068002201E0C068EF
:10954000521C8A4201D00028F9D170470068704748
:1095500002690AB1116831B96FF00400704701F176
:109560000C02C96839B18142F9D1C9681160002182
:109570000161084670476FF003007047017C11B12C
:10958000184A01211160184902680A6042684A605D
:1095900082688A60C068C860704730B44FF000517C
:1095A00011F8E00F0A8AC9680F4BC40704D09B6802
:1095B000002B07D030BC1847DB68002B02D0521CB0
:1095C00092B2F7E730BC70474FF0005090F8E200DD
:1095D0000549C20701D0096800E04968002900D0A8
:1095E00008477047A40500220C09100053EA020C3A
:1095F00000F069802DE9F04B4FF00006002B1FBFF3
:10960000B3FA83F503FA05F424FA05F65E4012BFB7
:109610001643B2FA82F502FA05F4C5F120051EBF21
:1096200022FA05FC44EA0C04203556EA044C4FEAC1
:10963000144418BF641C4FF000084FF0000990421A
:1096400071EB030C39D3002919BFB1FA81F701FA84
:1096500007F6B0FA80F700FA07F6C7F120071EBF39
:1096600020FA07FC46EA0C062037B6FBF4FCA7EB11
:109670000507103F07F01F0BCBF120060CFA0BFB80
:109680002CFA06F644BFB3460026202FA4BF5E4640
:109690004FF0000B5BEA060C08BF4FF0010B19EB13
:1096A0000B09ABFB027C48EB0608C01B06FB02CC97
:1096B0000BFB03CC71EB0C01C1E70B4602464146A4
:1096C0004846BDE8F08B13B54FF000004FF00001A5
:1096D000AFF30080BDE81C407047B2F120030AD50B
:1096E000C2F1200301FA02F120FA03F300FA02F0BA
:1096F00041EA0301704700FA03F14FF000007047A0
:10970000B2F120030AD5C2F1200320FA02F001FAD7
:1097100003F321FA02F140EA0300704721FA03F053
:109720004FF00001704710B54C1084EA530404D583
:109730004042C1F1000138BF491E1B4204D55242CC
:10974000C3F1000338BF5B1EFFF750FF14F0804FDA
:1097500004D04042C1F1000138BF491E14F0004F4F
:1097600004D05242C3F1000338BF5B1E10BD10B5D8
:10977000431C02E010F8011B71B18107FAD14FF0D0
:10978000013202C88C1A8C4314EAC211F9D0C01AF3
:109790000A0603D0C01E10BDC01A10BD0A0401D0B5
:1097A000801E10BD0902FCD0401E10BD032A40F2ED
:1097B000308010F0030C00F0158011F8013BBCF173
:1097C000020F624498BF11F801CB00F8013B38BF8B
:1097D00011F8013BA2F1040298BF00F801CB38BF99
:1097E00000F8013B11F0030300F02580083AC0F0B7
:1097F000088051F8043B083A51F804CBA0E808105F
:10980000F5E7121D5CBF51F8043B40F8043BAFF391
:109810000080D20724BF11F8013B11F801CB48BFEB
:1098200011F8012B24BF00F8013B00F801CB48BF21
:1098300000F8012B704710B5203AC0F00B80B1E85A
:109840001850203AA0E81850B1E81850A0E8185075
:10985000BFF4F5AF5FEA027C24BFB1E81850A0E87E
:10986000185044BF18C918C0BDE810405FEA827C98
:1098700024BF51F8043B40F8043B08BF7047D207AF
:1098800028BF31F8023B48BF11F8012B28BF20F850
:10989000023B48BF00F8012B704702F0FF0343EA88
:1098A000032242EA024200F002B84FF0000204290B
:1098B000C0F0128010F0030C00F01B80CCF1040CFF
:1098C000BCF1020F18BF00F8012BA8BF20F8022B33
:1098D000A1EB0C0100F00DB85FEAC17C24BF00F8D9
:1098E000012B00F8012B48BF00F8012B70474FF007
:1098F000000200B5134694469646203922BFA0E8E0
:109900000C50A0E80C50B1F12001BFF4F7AF0907EB
:1099100028BFA0E80C5048BF0CC05DF804EB8900DC
:1099200028BF40F8042B08BF704748BF20F8022B1F
:1099300011F0804F18BF00F8012B704710B5044696
:10994000AFF300802046BDE81040E6F767BC00009A
:1099500001491820ABBEFEE7260002007047000058
:109960000149002008607047380500222DE9F041C8
:109970000F4F00244FF001084FF0005608FA04F092
:10998000C5B296F82F0028420CD096F8390028422C
:1099900008D057F8240000B1804796F82F00A8435C
:1099A00086F82F00641C062CE8DBBDE8F08100007F
:1099B000047710002DE9F0410F4F00244FF001080B
:1099C0004FF0005608FA04F0C5B296F82E0028426F
:1099D0000CD096F83800284208D057F8240000B17F
:1099E000804796F82E00A84386F82E00641C062CAB
:1099F000E8DBBDE8F0810000E47610000121814041
:109A0000C8B24FF0005191F83310014201D001204B
:109A1000704700207047000001490120086070472E
:109A20003805002200487047010810000749064A1F
:109A30000A804A808A80064AC0E900210321017217
:109A4000012141727047000014510120543A100066
:109A5000769F01000548417829B9807818B90448F3
:109A60000079002800D0012070470000B8071000DE
:109A70007006100001480078704700007006100062
:109A8000006F704790F876007047000004484178F6
:109A9000027880781144081800D001207047000037
:109AA0001806100070B5D0E900214C084FEA3203C7
:109AB000961841EB010533432C4313430C43C0E993
:109AC000003470BD034900200860A0210248FFF760
:109AD000ECBE000038071000A438100001EBC101F3
:109AE00000EB81002530704701EB011100EB810094
:109AF000704701EBC10100EB81002530704701EB9D
:109B0000011100EB8100704710000000040000000C
:109B100001000000320000003200000000000200DE
:109B200003000500070009000B000C000E001000E8
:109B3000120013001500170019001B001D001F0064
:109B4000200022002400260028002A002D002F00DB
:109B500031003300350037003A003C003E00410040
:109B60004300460049004B004E005100540057008E
:109B70005A005D006100640068006B006F007300B4
:109B800077007B00800085008A008F0094009A0097
:109B9000A000A600AD00B400BC00C400CD00D600FB
:109BA000E100EC00F8000501130122013401470136
:109BB0005D0175019101B101D60102023702770200
:109BC000C8022E03B703770496057407300B61169D
:109BD0000100020001000200040002000100020076
:109BE00001001000FF00FF0000010101020200005F
:109BF000000000006C311000B83610007112010036
:109C0000000000008910010000000000D50E0100D6
:109C100000000000E10E010000000000EF0E010056
:109C200000000000F30E010000000000190F010009
:109C3000020000009B0F010001000000F90F01006D
:109C4000010000001B100100010000001D100100B8
:109C5000010000001F100100010000003110010090
:109C60000200000035120100000000004310010056
:109C700001000000851001000100000087100100B4
:109C800001000000E51401000100000003150100BF
:109C9000010000005D120100000000009B0E0100A9
:109CA0000000000035120100000000003512010024
:109CB0000000000035120100000000002514010022
:109CC0000000000075120100000000003D130100BB
:109CD0000000000035120100000000009312010096
:109CE000010000001B130100010000009F1401008F
:109CF000010000000000000035120100000000001B
:109D0000000000003512010000000000000000000B
:109D1000351201000000000000000000C314010023
:109D200001000000000000003912010001000000E5
:109D300000000000351201000000000000000000DB
:109D40008D1001000400000000000000C31001009D
:109D50000400000000000000F310010007000000F4
:109D60000000000041110100090000000000000097
:109D70009D1101000600000000000000CD1101004F
:109D80000400000000000000351201000000000087
:109D9000000000003512010000000000000000007B
:109DA0003512010000000000000000006F150100E6
:109DB0000100000000000000D50F010001000000BC
:109DC000000000003512010000000000000000004B
:109DD00035120100000000000000000035120100F3
:109DE0000000000000000000391401000D00000018
:109DF00001000000751301000000000000000000D9
:109E00003512010000000000000000007114010084
:109E100001000000000000008B1401000D00000094
:109E20000100000099140100010000000000000082
:109E30001B14010000000000000000008B13010053
:109E40000200000000000000A71301000300000052
:109E500000000000FF1301000200000000000000ED
:109E6000F7150100F315010013170100F3150100A8
:109E7000B3170100F3150100F3150100F3150100FC
:109E8000F3150100F31501002B160100010000007D
:109E90004716010000000000F3150100000000005B
:109EA00063160100010000003F17010001000000DF
:109EB0006317010001000000871701000100000086
:109EC000AB17010004000000AF1701000100000003
:109ED000E7170100010000004B180100010000001D
:109EE0006118010002000000A91801000200000032
:109EF000EF18010002000000B51901000100000088
:109F00003D1A010002000000F315010000000000EE
:109F10007D19010002000000F3150100000000009F
:109F2000F3150100000000000B1B010002000000FF
:109F3000011801000B180100171801002718010073
:109F4000F31501003B1801002B1C0100531C0100FC
:109F5000571C0100091C01001B1C0100271C0100EB
:109F6000592001007B20010083200100A320010073
:109F7000F5200100272101003721010049210100BE
:109F80005B2101006D2101007F2101009121010071
:109F9000A3210100B5210100C7210100D921010041
:109FA000EB210100FD210100A6020F0300A8020B16
:109FB000030072000B01007300080100AA020B03EA
:109FC0000075000B01008600020100600002010024
:109FD00061000201000000005D00000000000000C0
:109FE0000000000000000000490010000000000018
:109FF0000000000000000000B300000000000000AE
:10A000000000000000000000490000000000000007
:10A01000000000000000000003000000000000003D
:10A0200000000000000000005300000000000000DD
:10A0300000000000000000004300000000000000DD
:10A040000000000000000000F3000000000000001D
:10A050000000000000000000E3000000000000001D
:10A060000000000000000000F300000000000000FD
:10A0700000000000000000000000000006000000DA
:10A08000A853100000040000492E0000000000004A
:10A09000020000000100000005000000A8571000A9
:10A0A00000040000A54C00000000000002000000B9
:10A0B0000200000004000000A85B1000000800007F
:10A0C000630B01000000000002000000030000001C
:10A0D00003000000A8631000000800003D1F0100FD
:10A0E0000000000002000000040000000200000068
:10A0F000A86B1000000300006F1B010000000000AF
:10A10000020000000500000001000000A86E100021
:10A1100080000000110D010000000000020000009E
:10A12000000000000100000001000000010000002C
:10A130000200000001000000030000000100000018
:10A140000400000001000000050000000100000004
:10A1500006000000010000000000000001000000F7
:10A16000020000000300000004000000FFFFFFFFEA
:10A170000000000003080C000000000000000000C8
:10A1800003111E00000000000000000003080C0086
:10A19000000000000000000003111E00000000008D
:10A1A000000000006F6101000161010013760100F1
:10A1B000E95A01004F670100B56701000D62010017
:10A1C000D16901000D7201002976010013760100AA
:10A1D000E95A0100D16901000D720100B567010063
:10A1E0004F6701000D620100297601000240100056
:10A1F00000000001060030000000042008025000AA
:10A20000020C0002300C191003002F000100702C0A
:10A210000300000301000000FFFF3F18FFFFFF00E5
:10A2200003010180008000000C0C0C0C07010000F1
:10A23000000000002216010000000038003C003D34
:10A24000003F103F803F983FB03FC03F00000000FC
:10A2500000000000000000000020000000010102DA
:10A2600001020203010202030203030400000000D2
:10A270001B0000802D00008036000000410000809F
:10A280005A0000006C0000007700008099000080F8
:10A2900082000000B4000000AF000080D800000081
:10A2A000C3000080F5000080EE000000290100805E
:10A2B00032010000040100001F010080680100005D
:10A2C00073010080450100805E010000B0010000C4
:10A2D000AB0100809D01008086010000F10100803B
:10A2E000EA010000DC010000C70100804902008093
:10A2F00052020000640200007F0200800802000099
:10A3000013020080250200803E020000D0020000FF
:10A31000CB020080FD020080E60200009102008076
:10A320008A020000BC020000A70200806003000057
:10A330007B0300804D030080560300002103008052
:10A340003A0300000C03000017030080F9030080AB
:10A35000E2030000D4030000CF030080B803000034
:10A36000A3030080950300808E0300008904008011
:10A3700092040000A4040000BF040080C804000090
:10A38000D3040080E5040080FE04000010040000F7
:10A390000B0400803D04008026040000510400806E
:10A3A0004A0400007C04000067040080A00500004F
:10A3B000BB0500808D05008096050000E10500804A
:10A3C000FA050000CC050000D705008039050080A3
:10A3D00022050000140500000F050080780500002C
:10A3E00063050080550500804E050000C006000092
:10A3F000DB060080ED060080F60600008106008086
:10A400009A060000AC060000B706008059060080DE
:10A4100042060000740600006F0600801806000067
:10A4200003060080350600802E060000E907008044
:10A43000F2070000C4070000DF070080A807000043
:10A44000B3070080850700809E07000070070000AA
:10A450006B0700805D070080460700003107008021
:10A460002A0700001C070000070700800909008078
:10A4700012090000240900003F090080480900007B
:10A4800053090080650900807E09000090090000E2
:10A490008B090080BD090080A6090000D109008059
:10A4A000CA090000FC090000E7090080200800003C
:10A4B0003B0800800D08008016080000610800803D
:10A4C0007A0800004C08000057080080B908008096
:10A4D000A2080000940800008F080080F80800001F
:10A4E000E3080080D5080080CE080000400B000083
:10A4F0005B0B00806D0B0080760B0000010B008071
:10A500001A0B00002C0B0000370B0080D90B0080C9
:10A51000C20B0000F40B0000EF0B0080980B000052
:10A52000830B0080B50B0080AE0B0000690A008031
:10A53000720A0000440A00005F0A0080280A000036
:10A54000330A0080050A00801E0A0000F00A00009D
:10A55000EB0A0080DD0A0080C60A0000B10A008014
:10A56000AA0A00009C0A0000870A0080800D0000F3
:10A570009B0D0080AD0D0080B60D0000C10D008068
:10A58000DA0D0000EC0D0000F70D0080190D0080C1
:10A59000020D0000340D00002F0D0080580D00004A
:10A5A000430D0080750D00806E0D0000A90C008029
:10A5B000B20C0000840C00009F0C0080E80C00002E
:10A5C000F30C0080C50C0080DE0C0000300C000095
:10A5D0002B0C00801D0C0080060C0000710C00800C
:10A5E0006A0C00005C0C0000470C0080C90F008062
:10A5F000D20F0000E40F0000FF0F0080880F000062
:10A60000930F0080A50F0080BE0F0000500F0000C8
:10A610004B0F00807D0F0080660F0000110F00803F
:10A620000A0F00003C0F0000270F0080E00E000022
:10A63000FB0E0080CD0E0080D60E0000A10E008023
:10A64000BA0E00008C0E0000970E0080790E00807C
:10A65000620E0000540E00004F0E0080380E000005
:10A66000230E0080150E00800E0E000054CE010057
:10A67000000410001C0500001C010000ACCE01000D
:10A68000007C10004000000078010000ECCE0100CA
:10A6900070DF0120D800000078010000ACCE01007E
:10A6A0001C091000086E000094010000C4CF0100D6
:10A6B00048E00120000100009401000000000000BB
:10A6C000000000000000000000000000000000008A
:10A6D000000000000000000000000000000000007A
:10A6E000000000000000000000000000000000006A
:10A6F000000000000000000000000000000000005A
:10A700000000000000000000000000000000000049
:10A710000000000000000000000000000000000039
:10A720000000000000000000000000000000000029
:10A730000000000000000000000000000000000019
:10A740000000000000000000000000000000000009
:10A7500000000000000000000000000000000000F9
:10A7600000000000000000000000000000000000E9
:10A7700000000000000000000000000000000000D9
:10A7800000000000000000000000000000000000C9
:10A7900000000000000000000000000000000000B9
:10A7A00000000000000000000000000000000000A9
:10A7B0000000000000000000000000000000000099
:10A7C0000000000000000000000000000000000089
:10A7D0000000000000000000000000000000000079
:10A7E0000000000000000000000000000000000069
:10A7F0000000000000000000000000000000000059
:10A800000000000000000000000000000000000048
:10A810000000000000000000000000000000000038
:10A820000000000000000000000000000000000028
:10A830000000000000000000000000000000000018
:10A840000000000000000000000000000000000008
:10A8500000000000000000000000000000000000F8
:10A8600000000000000000000000000000000000E8
:10A8700000000000000000000000000000000000D8
:10A8800000000000000000000000000000000000C8
:10A8900000000000000000000000000000000000B8
:10A8A00000000000000000000000000000000000A8
:10A8B0000000000000000000000000000000000098
:10A8C0000000000000000000000000000000000088
:10A8D0000000000000000000000000000000000078
:10A8E0000000000000000000000000000000000068
:10A8F0000000000000000000000000000000000058
:10A900000000000000000000000000000000000047
:10A910000000000000000000000000000000000037
:10A920000000000000000000000000000000000027
:10A930000000000000000000000000000000000017
:10A940000000000000000000000000000000000007
:10A9500000000000000000000000000000000000F7
:10A9600000000000000000000000000000000000E7
:10A9700000000000000000000000000000000000D7
:10A9800000000000000000000000000000000000C7
:10A9900000000000000000000000000000000000B7
:10A9A00000000000000000000000000000000000A7
:10A9B0000000000000000000000000000000000097
:10A9C0000000000000000000000000000000000087
:10A9D0000000000000000000000000000000000077
:10A9E0000000000000000000000000000000000067
:10A9F0000000000000000000000000000000000057
:10AA00000000000000000000000000000000000046
:10AA10000000000000000000000000000000000036
:10AA20000000000000000000000000000000000026
:10AA30000000000000000000000000000000000016
:10AA40000000000000000000000000000000000006
:10AA500000000000000000000000000000000000F6
:10AA600000000000000000000000000000000000E6
:10AA700000000000000000000000000000000000D6
:10AA800000000000000000000000000000000000C6
:10AA900000000000000000000000000000000000B6
:10AAA00000000000000000000000000000000000A6
:10AAB0000000000000000000000000000000000096
:10AAC0000000000000000000000000000000000086
:10AAD0000000000000000000000000000000000076
:10AAE0000000000000000000000000000000000066
:10AAF0000000000000000000000000000000000056
:10AB00000000000000000000000000000000000045
:10AB10000000000000000000000000000000000035
:10AB20000000000000000000000000000000000025
:10AB30000000000000000000000000000000000015
:10AB40000000000000000000000000000000000005
:10AB500000000000000000000000000000000000F5
:10AB600000000000000000000000000000000000E5
:10AB700000000000000000000000000000000000D5
:10AB800000000000000000000000000000000000C5
:10AB900000000000000000000000000000000000B5
:10ABA00000000000000000000000000000000000A5
:10ABB0000000000000000000000000000000000095
:10ABC0000000000000000000000000000000000085
:10ABD0000000000000000000000000000000000075
:10ABE0000000000000000000000000000000000065
:10ABF0000000000000000000000000000000000055
:10AC00000000000000000000000000000000000044
:10AC10000000000000000000000000000000000034
:10AC20000000000000000000000000000000000024
:10AC300000000000000000000000000030B4029C92
:10AC400040B101280AD002280FD1C8B230BC114649
:10AC500000F0FCB830BCC8B200F02DB8C8B2D1B218
:10AC60001A46A3B230BC00F05DB830BC704708A0F3
:10AC7000704710B5F6F7EEFF4169BDE8104004A03B
:10AC80000847492070470920704700F04BB9000081
:10AC90004135323500000000A0480021B4228180F7
:10ACA000C18041818181028141768176C1760177BF
:10ACB00041778177704770B5984D044629788807A9
:10ACC00001D4C8070CD0200701D4600708D500F0D4
:10ACD00029F900692861FFF7DFFF00F0E7FD15E0C3
:10ACE000A00701D4E00702D0FFF7D6FF0EE00B0764
:10ACF0004FF000004FF0B40201D5630703D44907B9
:10AD000004D5210702D5A880E8802A812C708448C8
:10AD100000F03EF9BDE87040814800F0F7BC7F4884
:10AD20000078704770B5044600F004F9042C7DD11A
:10AD30007B4CA0688047000703D4A0688047400789
:10AD400005D5206880474068804700F0C2FD744800
:10AD500000F05FF9724800F0DAFC704C20780428AB
:10AD600002D0082819D105E0E188491C89B2E180A8
:10AD7000282207E02189491E2181A188491C89B226
:10AD8000A1803C22B1FBF2F302FB131129B96189C6
:10AD9000491C61812169491C216162890021B2F548
:10ADA000616F03D36181A289521CA281A3894EF6EF
:10ADB0006022934200D1A181E388934200D1E180D7
:10ADC000A388934200D1A18000074FF0B4050FD5AE
:10ADD00000F0C2F8406880470068804740B100F04A
:10ADE000BBF84068804700F0A2F9012800D1258116
:10ADF0002078000704D54A4800F038F900B12581D1
:10AE00002078000705D5208918B9F6F723FF0068D8
:10AE10008047617E062211B9A07E012809D0E07E1C
:10AE200008B1401EE076A176217F00E00BE011B171
:10AE300004E0E276F7E7607F012805D0A07F08B143
:10AE4000401EA077617770BDA277FBE710B5334A4B
:10AE5000C9B20B2821D2DFE800F021062628202ADB
:10AE60002C2F313A3C0000F05DF80446F6F7F2FE74
:10AE7000C3684FF48062002120469847FFF70CFF1B
:10AE8000274800F085F804F1F00000F03EFC942023
:10AE900060814220A0818120E08110BDBDE810408A
:10AEA0001F4800F092B8117510BD517510BD0020FB
:10AEB00000E00120907510BDD17510BD107E884254
:10AEC000FBD01176BDE81040154800F061B851760E
:10AED00010BD117710BD114910B5091D1EC980E8BC
:10AEE0001E0010BD0D494A6902608A6942608A8B62
:10AEF0000281897F817270470848417E012902D012
:10AF0000C07E002800D0012070470448017F01293D
:10AF100002D0807F002800D00120704748E0012047
:10AF20003CCD0100024870474FF48060704700003C
:10AF300070DB012030B41446012806D0022809D164
:10AF400030BC1946104600F04EBE204630BC1A46B2
:10AF500000F0F6BD30BC70470048704758CD010086
:10AF600010B540688047008808B1012400E0002443
:10AF7000F6F770FE03218368224602209847F6F711
:10AF800069FE836822460321BDE81040042018476B
:10AF900070B5064600244C4D0FE055F8240050B122
:10AFA00055F824008047006828B155F824008047F0
:10AFB000016830468847641CE4B255F82400002834
:10AFC000EBD13046BDE87040CAE770B506460024B4
:10AFD0003D4D16E055F8240088B155F8240080470F
:10AFE00041683046884750B155F824008047C06812
:10AFF00028B155F824008047C16830468847641C52
:10B00000E4B255F824000028E4D13046BDE8704091
:10B01000A6E72DE9F041074600242B4E20E056F824
:10B020002400D8B156F82400804741683846884744
:10B03000A0B156F824008047057DB86880470542D6
:10B040000CD056F824008047806838B156F82400A8
:10B050008047816838468847002805D1641CE4B2DF
:10B0600056F824000028DAD1BDE8F0812DE9F0413E
:10B0700007460024144E21E056F82400E0B156F8AB
:10B0800024008047416838468847A8B156F8240014
:10B090008047057DB868804705420DD056F82400EA
:10B0A0008047006940B156F824008047016938465E
:10B0B000884708B10120D7E7641CE4B256F82400A1
:10B0C0000028D9D1D0E7000070DF01206AB11388D1
:10B0D00083420AD89388834207D3D088884204D316
:10B0E0005088884201D8012070470020704770B511
:10B0F00015460E460446024600232946304601F016
:10B100001AFA0021204601F03CFAC0B270BD0023BB
:10B1100001F011BA01F00FBA10B5002101F031FAB7
:10B12000C0B210BD10B501F02CFAC0B210BD01F0D4
:10B13000C8B901F0D8B901F0EAB901F0AFB901F02E
:10B1400041BA00002DE9FC41FE4C074620892568E4
:10B1500000EB8001F42000EB41002E1D6880F6F723
:10B1600079FD036920890A2200EB800006EB40008C
:10B17000394698472089F44D401C80B220812168CF
:10B18000497888420AD1207D40B9D5E90001CDE94E
:10B190000001F6F75FFD416868468847216820890D
:10B1A0004978B0EB410F0DD300202081207D00288D
:10B1B00008D1D5E90201CDE90001F6F74BFD416860
:10B1C00068468847BDE8FC812DE9F04104460868DF
:10B1D00088B090460E468047406880470546F16833
:10B1E00068468847F6F736FD0A22C36800212046E4
:10B1F0009847208820F007002080A96A40468847A9
:10B20000D04FF874A96A40468847012820884DD05D
:10B2100020F008002080BDF8061061F30F10208098
:10B22000BDF804000109608861F303006080BDF887
:10B230000410A08861F30300A080E96840468847B5
:10B24000B881618860F30F116180296940468847A1
:10B25000F881A18860F30F11A180316904A88847A3
:10B26000E188049860F30101E180696A40468847FB
:10B2700001463882E08861F38300C0F38101E080F9
:10B28000032902D340F00C00E0802969404688473A
:10B290000746E968404688473246394600F038FAA2
:10B2A0000028E08805D040F0200004E040F00800CD
:10B2B000B0E720F02000E080A96840468847218957
:10B2C00060F38A212181A96940468847C0081F2868
:10B2D00000D91F20E18860F38A11E180E9694046C6
:10B2E0008847C0081F2800D91F20E18860F3CF21BC
:10B2F000E18069694046884740081F2800D91F201F
:10B30000218960F3CF21218108B0BDE8F0817FB5AC
:10B310000D460446F6F79EFC0A22C368002120462B
:10B320009847208820F00700801D2080E968684643
:10B3300088470198010C208861F30F102080E9688C
:10B34000684688470398000C6080E968684688472B
:10B350000398A0807B48417EE180007E20817FBDF4
:10B36000704710B50446F6F775FCC3684FF4447295
:10B37000002120469847734925200C6060708A2080
:10B380002070002008810875087648758875C87592
:10B39000487610BDF0B50446406887B08047694ED6
:10B3A0004FF000053079810701D4C00734D0A06880
:10B3B0008047000703D4A068804740072CD500953C
:10B3C00001956F460295F6F745FC0A22C3680021F5
:10B3D00038469847BDF8000020F00700801CADF803
:10B3E0000000E16803A888470498010CBDF800003C
:10B3F00061F30F10ADF80000E16803A888470698D4
:10B40000000CADF80200E16803A888470698ADF883
:10B4100004006846FFF796FE3079010701D4400723
:10B4200017D5A0688047800703D4A0688047C0076D
:10B430000FD00095019521466846029500F002FA6A
:10B440006846FFF77FFE357535767575B575F57508
:10B450007576A06880473071E16868468847029831
:10B46000F080758107B0F0BD2DE9FE43354F804671
:10B47000386839894078814201D3022600E00126EC
:10B480003048F97D15300A5C521C0A54F87D40B1F1
:10B49000002038440025407D0A281BD9387D10B192
:10B4A00018E00120F5E700950195FF200295387618
:10B4B00041466846FFF72BFF3C7A04E06846FFF7F9
:10B4C00041FE641CE4B2386840787043A042F5D86D
:10B4D00001203875F87DA8B100203844407D03284C
:10B4E0000ED2387D01280BD10095019502953D764D
:10B4F0003D7541466846FFF70AFF6846FFF722FEA2
:10B50000BDE8FE830120E8E72DE9F04F04464068DE
:10B5100087B0804700F1F005606880474078C00739
:10B5200008D02846FFF71DFF60688047417821F06A
:10B5300001014170A0688047000708D4A0688047D7
:10B54000400703E068E0012060CD010070D5E168AC
:10B55000684688470198D44F000C00EBD07121F069
:10B560000101401AF97DC0B24FF00008814202D0BB
:10B570003A1882F81580F87520688047406880473F
:10B580000546FFF7D4FD20B92846FFF7D4FD002873
:10B590005ED020688047406880470546CDF80C8023
:10B5A000CDF810802A460A2103A8CDF81480FFF7B1
:10B5B000AEFD002648E003A810F806A0CDF80080F4
:10B5C000CDF80480CDF80880A96A50468847012844
:10B5D00004D0A96A50468847032833D1A96A504647
:10B5E00088478346E968504688478146296950461E
:10B5F00088470690696A50468847BA894A450CD1FF
:10B60000FA8906998A4208D1398A814205D1F97CA2
:10B61000594502D1787E60B114E02046FFF724FF3F
:10B6200087F81980524621466846FFF7CDFD06E0AF
:10B6300067E00120787621466846FFF768FE684695
:10B64000FFF780FD761CF6B228688047B042B2D87A
:10B6500060688047B0F8600090B14546CDF8008042
:10B66000CDF8048021466846CDF8088000F092F8B5
:10B670006846FFF767FD60688047A0F860507D81ED
:10B68000E16868468847F9880298491C80B281427F
:10B690002FD1CDF80080CDF804806D46CDF808801C
:10B6A000F6F7D8FA0A22C368002128469847BDF861
:10B6B000000020F00700001DADF80000E16803A8BD
:10B6C00088470498010CBDF8000061F30F10ADF835
:10B6D0000000E16803A888470698000CADF8020056
:10B6E000E16803A888470698ADF804006846FFF7AC
:10B6F00029FDE168684688470298F8807889401CEF
:10B70000788107B0BDE8F08F1CE52AE642E6FBE64B
:10B710007CB5106815468047406880470646FFF7AD
:10B720000EFD040001D500207CBD68688047C088FC
:10B73000ADF80000686880470089ADF802006868CD
:10B7400080474088BDF800100844ADF804006868E0
:10B7500080478088BDF802100844ADF806003169C2
:10B76000E0B288470546F168E0B288476A46294654
:10B77000FFF7ACFC60B93169E0B288470546F26872
:10B78000E0B290476A462946FFF7A0FC0028CBD0DC
:10B7900001207CBD2DE9FF41044608680D46804725
:10B7A000406880470746FFF7CAFC060048D4F6F712
:10B7B00051FA0A22C368002120469847208820F0C9
:10B7C0000700401C2080E968684688470198010C02
:10B7D000208861F30F1020806868804790F860002F
:10B7E000800701D5012018E06868804790F8600064
:10B7F000400701D5042010E06868804790F8600099
:10B80000000701D5052008E06868804790F86000CF
:10B81000C00601D5062000E00020618860F3030126
:10B820006180F968F0B288470146608861F30F10C3
:10B8300060803969F0B28847A18860F30F11A18058
:10B84000BDE8FF817FB50D460446F6F703FA0A22EC
:10B85000C368002120469847208820F00700C01CBC
:10B860002080686880470178208861F30B100E49BA
:10B87000897A090961F30F302080E96868468847B2
:10B880000098000C6080E968684688470098A080AE
:10B89000E968684688470398000CE080E9686846D4
:10B8A0008847039820817FBD68E0012030B58D492D
:10B8B0008B4D00200A684B688C6800EB400105EB5B
:10B8C0008101401C8A60CB60C0B20C610A28F4D3AD
:10B8D00030BD2DE9F05F054600680024804740B187
:10B8E000DFF8FCA1A346A96A20468847012803D0B7
:10B8F00008E0BDE8F05FD9E704EB44020AEB8201FF
:10B9000081F809B0A96A2046884701280DD0A96AA4
:10B9100020468847022808D004EB44010AEB810244
:10B920005189132953D2042052E0E9682046884700
:10B9300081462969204688470746A96820468847E6
:10B9400010B140F2734001E04FF4867004EB440202
:10B950000AEB820606F10C01814502D9A9EB00022F
:10B9600000E000221FFA82FC874201D93A1A00E067
:10B97000002293B209EB00024FF48768424500D3DE
:10B98000424638444FF4166892B2404500D34046D0
:10B99000A1F800C04B808A80C88048463946504A8A
:10B9A000FFF794FB08B1012000E0022071890844F0
:10B9B000262800D9262080B231467081132811D361
:10B9C00001203072707A40F0010048720AE00120D4
:10B9D000814200D20020081A80B25081132801D27F
:10B9E00082F808B0641CE4B20A2CFFF47CAFBDE816
:10B9F000F09F2DE9F74F07460025006882B0894681
:10BA00002E46804710B1DFF8D8B030E0002089F82A
:10BA1000000005B0BDE8F08FB96A28468847800766
:10BA200023D0F96828468847009039692846884716
:10BA300082460098C8B1BAF1000F16D0002404EB7A
:10BA400044010BEB810808F10C0251460098FFF706
:10BA50003DFB30B198F8080018B9761CF6B289F8A9
:10BA60000050641CE4B20A2CE9D36D1CEDB20498BA
:10BA70008542D1D3012E02D0002089F80000304643
:10BA8000C7E72DE9F0410E4607001FD0F6B14FF68B
:10BA9000FF7087421AD0864218D0114D002404EB63
:10BAA000440005EB8002314638460C32FFF70EFBAE
:10BAB00040B104EB440005EB8000007A30B1002077
:10BAC000BDE8F081641CE4B20A2CE8D30120F7E75A
:10BAD000034900EB400001EB8000407A7047000012
:10BAE00084DF012084E00120194AC0F10F0000EB3F
:10BAF0000010126801EB400032F910007047144A40
:10BB0000C0F10F0000EB0010526801EB400032F969
:10BB1000100070470E4AC0F10F0000EB0010926851
:10BB200001EB400032F910007047094AC0F10F00E4
:10BB300000EB0010D26801EB400032F910007047B2
:10BB4000034A42F821007047024901EB8000704728
:10BB500090E0012070CD01002648008870470A203F
:10BB6000704724490E2202EB00104968085C00F07F
:10BB7000010070471F49496801EB001000787047C9
:10BB80001C49022202EB00104968085A7047194903
:10BB9000042202EB00104968085A70471549062232
:10BBA00002EB00104968085A70471249082202EB5C
:10BBB00000104968085A70470E490A2202EB00102B
:10BBC0004968085A70470B490E2202EB0010496879
:10BBD000085CC0F3400070470649012202EB0010E8
:10BBE0004968085C7047034A1180506070470248FA
:10BBF0007047000004E0012080CD010008B500205E
:10BC0000009040F2411354224021244800F087FE66
:10BC100008BD10B5406880470078C0F3400010BDF3
:10BC2000704710B50446006886B08047406880477A
:10BC300002461A49684600F07AFE9DF8090080071E
:10BC400013D5BDF80000DB280FD340F25D318842E8
:10BC50000BD8BDF8020040F6BF01884205D39DF81D
:10BC600008003C2801D8032802D8002006B010BDE7
:10BC70000B48D0E90010CDE90310F5F7EBFF416860
:10BC800003A888476068804710F8601F41F00201F0
:10BC900001700120EAE7024808307047A0E0012067
:10BCA000ACCD010070B540688047B0F84B3003B3AD
:10BCB0001946FE4D2980B0F84D20EAB11146698041
:10BCC000B0F84F10D9B10C46AC80B0F85100C8B1F3
:10BCD0000446EC80CBB1503BF44C08342380BAB11D
:10BCE000503A6280B9B15031A180B8B15030E08093
:10BCF00070BD40F2AB11DCE740F2E371DFE74FF4D7
:10BD00002374E1E74FF40D64E3E740F25B13E3E7EC
:10BD100040F29372E5E74FF43771E5E74FF41260B4
:10BD2000E5E7F8B5044640688047007DC00701D0CC
:10BD3000012700E00327DD4DAD1FA878012828D09A
:10BD40004FF47A6660688047007D5023C0F340005E
:10BD5000A8703A461946D648009600F0ADFC204639
:10BD6000FFF7A0FF00262E706E70204600F07AF9D3
:10BD70006068804710214175606880470C2181759B
:10BD8000606880471821C1756068804706762E710B
:10BD9000F8BD6426D6E710B5406880470078C0F348
:10BDA000001434B1F5F756FF0321836822460120C1
:10BDB0009847204610BD2DE9F04F0446006887B033
:10BDC00080474068804707460246B84BB8496846F6
:10BDD00000F07BFCA0688047000703D4A068804780
:10BDE000400701D5062000E01220B24E8246D6E977
:10BDF0000001CDE90501A0698047AC4D4FF0010974
:10BE0000AD1F4FF00008012809D085F803809DF888
:10BE10000A00012806D02878012805D089E085F895
:10BE20000390F4E785F80090B96A9DF80900884707
:10BE3000032803D010B102282AD07AE085F80080C8
:10BE4000474685F80180204600F00CF9D6E902014A
:10BE5000CDE90301BDF8001008098DF80E00BDF80A
:10BE6000020001F00F01020961F31F108DF80F208D
:10BE70008DF81000F5F7EEFE416803A888472F7192
:10BE8000EF706068804710F8601F41F010019DE07E
:10BE90006878E0BB39699DF8090088478346F968EE
:10BEA0009DF809008847814A59460832FFF70EF984
:10BEB00068B1204600F0E3F82879401CC0B2B0FB1E
:10BEC000FAF228710AFB1200032829D031E085F824
:10BED0000190D6E90401CDE90301BDF8001008097D
:10BEE0008DF80E00BDF8020001F00F01020961F3A8
:10BEF0001F108DF80F208DF81000F5F7ABFE41688C
:10BF000003A8884785F804806068804700E010E057
:10BF100010F8601F41F01001017085F8038008E0FF
:10BF2000D6E90601CDE90301F5F794FE416803A8BF
:10BF300088479DF80A00012814D1BDF80610BDF805
:10BF400004005A4AFFF7C2F800280CD0A87801284C
:10BF50000CD1E878012805D005A93846FFF7E2F8AA
:10BF6000012803D9002007B0BDE8F08F6068804742
:10BF7000007D012800D00020D6E90812CDE9031287
:10BF8000BDF800108DF80D0008098DF80E00BDF801
:10BF9000020001F00F01020961F31F108DF80F205C
:10BFA0008DF81000F5F756FE416803A8884785F81C
:10BFB00004806068804710F8601F41F01001017034
:10BFC0006068804710F8601F41F040010170012057
:10BFD000C9E72DE9F041064640688047007DC0076B
:10BFE00001D0012400E00324304FBF1FB87801289E
:10BFF00013D04FF47A6570688047007D2146C0F306
:10C000004000B8702A4800F053FB2946284800F049
:10C0100051FB3046BDE8F04144E66425EBE72DE9ED
:10C02000F04100688047406880470446204DE16841
:10C03000A87A884706462169A87A88470746A16AF0
:10C04000A87A8847022808D1184A39463046FFF7AF
:10C050003DF810B10120BDE8F0810020FBE7154854
:10C060002830704770B50024054626466968884721
:10C070002044641CA4B24676182CF7D370BD2DE979
:10C08000F04387B00646002518216846FDF72FFCCF
:10C0900016274FF41678E946002430688047016877
:10C0A000032088470268F9B2E0B205E012E00120FF
:10C0B000BAE00120CCCD01009047404501DD0120D0
:10C0C00000E00020E90805F0070248B119F8010076
:10C0D0004FF0010C0CFA02FC40EA0C0009F80100D8
:10C0E0006D1C641CA4B2ADB2102CD6D37F1CBFB2A1
:10C0F000222FD1D300244D46706880472044295D0B
:10C10000641CA4B24176182CF6D307B0BDE8F083C6
:10C1100030B585B005460169684688470198012217
:10C12000C4B2002C04D04FF032014FF06A0003E09B
:10C130004FF046014FF060004FF024030DF1080C62
:10C1400001938CE8070002D04FF0070001E04FF0A8
:10C150000500009002D04FF0030201E04FF0020210
:10C160004FF012034FF00201824800F042FD686870
:10C170008047028981887F4D114489B20091C1882E
:10C180004088123D084483B2A81C00F0DFF8002C60
:10C1900002D040F69F0001E040F6DF00009002D0A0
:10C1A0004FF46E7301E040F2F63302D040F25C428D
:10C1B00001E04FF0940202D04FF0800101E04FF017
:10C1C00042016C48A0F1080000F0C0F8002028707F
:10C1D00005B030BD10B5406880470078410701D4F4
:10C1E000800601D5012010BD002010BD2DE9FF47BC
:10C1F0000546406880470078C0F38008C0F34016C9
:10C20000686980475B4C6075A8698047A07528689D
:10C2100080474068804702462146684600F00AFD94
:10C22000A07B4FF0000930B168688047617B80F8DF
:10C230006A1084F80E904F4F9DF800000124123FC1
:10C2400001281AD1B8F1000F0AD0BDF80410BDF8CA
:10C250000200002200F081F810B187F800900CE095
:10C260004EB1BDF80410BDF80200012200F075F8CF
:10C2700008B13C7001E0FF2038709DF800000228F2
:10C280001DD1BDF802A0BDF80490002407EBC40244
:10C2900049465046921CFEF719FF20B1B8F1000F35
:10C2A00009D02EB10FE0641CE4B2022CEED306E0FC
:10C2B000387820B907E036B13878012803D000205B
:10C2C00004B0BDE8F0872C48D0E90010CDE9021099
:10C2D0003878BDF802108DF8090008098DF80A00B9
:10C2E000BDF8040001F00F01020961F31F108DF881
:10C2F0000B208DF80C00F5F7ADFC416802A88847CB
:10C3000038780028686807D0804710F8601F41F02F
:10C31000200101700120D3E7804710F8601F41F031
:10C320000401F6E708B54068804702898188114416
:10C3300089B20091C1884088084483B20D48103802
:10C3400000F004F808BD0C480830704710B5029C96
:10C35000018042808380C48010BD064B10B5123B23
:10C3600003EBC202921CFEF7B1FE002800D00120B0
:10C3700010BD0000E0E001200CCE010000B585B04A
:10C380000DF1040C0123462260211E208CE80F00D1
:10C39000022002460090122301213D4800F029FCB2
:10C3A00040F6DF00009040F2F633942242213948F3
:10C3B00000F067F805B000BD10B540688047007810
:10C3C000C0F3C00010BD2DE9FF410546406980471C
:10C3D0002F4C6075A8698047A07528688047406821
:10C3E000804702462146684600F024FC9DF8000084
:10C3F000022835D1BDF80280BDF80470254E002416
:10C4000006EBC40239464046FEF760FE20B32248E0
:10C41000D0E90010CDE90210BDF8021008098DF82E
:10C420000A00BDF8040001F00F01020961F31F10BA
:10C430008DF80B208DF80C00F5F70CFC416802A874
:10C4400088476868804710F8601F41F00801017054
:10C45000012004B0BDE8F081641C14F0FF04CFD0CB
:10C460000020F6E708B540F6DF00009040F2F63312
:10C4700094224221074800F004F808BD064808301D
:10C48000704710B5029C018042808380C48010BD3B
:10C4900014E1012022E001202CCE010070B50546F8
:10C4A00000688047002805D00024A96820468847F6
:10C4B00008B1012070BD641CE4B20A2CF5D3002041
:10C4C00070BD70B505460068804700280AD000247A
:10C4D000A96A20468847012804D0641CE4B20A2CCB
:10C4E000F6D3002070BD70B505460068804700286F
:10C4F0000AD00024A96A20468847022805D0641C77
:10C50000E4B20A2CF6D3002070BD012070BD70B5D6
:10C5100005460068804700280AD00024A96A204602
:10C520008847032805D0641CE4B20A2CF6D3002007
:10C5300070BD012070BD2DE9F04700251F4616464D
:10C54000884681462C46B16A2046884798B1F168F2
:10C55000204688478246316920468847014627B1F0
:10C560003A465046FEF7B2FD28B109F805406D1C69
:10C57000EDB2454503D0641CE4B20A2CE3D3BDE818
:10C58000F0872DE9F04100250F4606462C46B16A9A
:10C590002046884778B1F16820468847804631694F
:10C5A00020468847014627B13A464046FEF78EFDB1
:10C5B00008B16D1CEDB2641CE4B20A2CE7D368B27A
:10C5C000BDE8F08170B50546006880474FF0FF3642
:10C5D00050B10024A96A2046884708B160B270BDF6
:10C5E000641CE4B20A2CF5D3304670BD70B50D461C
:10C5F0000446896A164610468847012801D0002063
:10C6000070BD204600F0C5F8E968304688472080B4
:10C610002969304688476080A672A96930468847F4
:10C62000618A884201D90120E072607A401C607200
:10C63000E5E72DE9F0410D460446896A904610462B
:10C6400088470746E96840468847A08029694046F0
:10C650008847E080208A012698B9B4F90010B4F91F
:10C660000420881A00D5501AA389984208DCB4F92E
:10C670000220B4F90610501A00D5881A984200DD3D
:10C68000E672A96940468847618A884200D9E67205
:10C69000217AE2890020914205D36072E07A28B9BC
:10C6A0000120BDE8F081032F00D160720020F8E77F
:10C6B000C18170474182704730B4029C8181C28140
:10C6C0000382448230BC00F064B82DE9F04385B0A9
:10C6D00000260C4602960396049607461988208A7F
:10C6E0001D46091AADF8001059889146081AADF890
:10C6F00002009888218A0844ADF80400E888218A5D
:10C700000844ADF8060069461046FEF70BFD80466A
:10C7100029464846FEF706FDB8F1010F0CD0304619
:10C72000A17A607260F31746386061F30F26786073
:10C73000BE6005B0BDE8F08300B926726B464A467C
:10C740000A2102A8FEF7E6FC607A17499DF8082046
:10C7500051F82030494620469847314660F317414A
:10C760002088324660F30F026088A37A60F31F428C
:10C77000A08860F30F06E08860F31F46207A60F31C
:10C780000701401C20723A6063F30F217E60B9609C
:10C79000CFE700210172018041808180C180417218
:10C7A0008172C172704700002CE0012000210180DD
:10C7B00041808180C180018141818181C181017479
:10C7C0004174017E21F00F010176704770B50D466E
:10C7D00016780446896A30468847012801D001202E
:10C7E00070BD2046FFF7E2FFE96830468847A08128
:10C7F000296930468847E081207C401C2074EEE7A0
:10C800002DE9F0410D4617780446C9683846884737
:10C8100006462969384688478046A96A38468847C7
:10C8200003284FD0A089301A00B22080B4F902103A
:10C83000884200DC08466080B4F90000B4F90410B6
:10C84000884200DB0846A080E089A8EB000000B227
:10C85000E080B4F90810884200DC08462081B4F971
:10C860000610B4F90A00814200DB01466181608A4A
:10C87000B4F9062000B20B18934202DD0B1A934262
:10C8800003DB217E41F001012176B4F90810091A79
:10C89000914203DB217E41F002012176B4F90420AC
:10C8A000B4F9001013188B4202DD131A8B4203DB1C
:10C8B000227E42F004022276B4F90220101A884245
:10C8C00028DA24E000202074B4F90020E18A8A42AA
:10C8D00003DB237E1B0700D410204B429A4204DC6A
:10C8E000227E520701D440F00800B4F906208A42A3
:10C8F00004DB217E890701D440F004009A4204DC65
:10C90000217EC90701D140F00200002800D101209A
:10C91000BDE8F081207E40F008002076F7E730B4D3
:10C92000029C41828282C382447630BC3EE72DE97C
:10C93000F0430C4689B007463049002015468DF873
:10C940001800D1E900210792089103900490059006
:10C95000607E30B12A4B0A2203A91B6828469847FB
:10C9600001E02868804706469DF80C008DF8180005
:10C97000A96A814688474FF0010858B1012E09D1B4
:10C98000A96948468847A18A884203D8A9684846C9
:10C99000884728B12046FFF709FF8DF8098022E07B
:10C9A000E9689DF818008847804629699DF81800B5
:10C9B00088470646217C07A850F8213006AA294658
:10C9C000204698478DF80900A089ADF80000E0895D
:10C9D000ADF80480ADF80200ADF80660607C8DF81B
:10C9E0000800401C60740098386001987860BDF8B9
:10C9F0000800388109B0BDE8F08300004CCE01008A
:10CA000034E0012000210170417001834183C18223
:10CA1000C1704A1EC280028142818281817070474A
:10CA200070B5054600F11804807ED049002651F803
:10CA300020102846884701466A7D0120012A02D13C
:10CA40000522E2702070AA7D012A02D10622E2703E
:10CA50002070227D012A02D10722E2702070A28874
:10CA60006B8A9A4201D9E0702070E27C012A02D1DF
:10CA70000422E2702070012902D0022902D002E0D3
:10CA8000012600E00226608B401C6083304670BDAA
:10CA900030B5B0F91E40B0F9265000F11C01631BFF
:10CAA00000D52B1BB1F90420B1F90C401DB2131BAA
:10CAB00000D5A31A19B2038AAB420FDB8B420DDB00
:10CAC000B0F92E10438800F12E02994206DCB2F92B
:10CAD00004104089814201DC012030BD002030BDBE
:10CAE00070B500F118040146A07C002610B10128A1
:10CAF00023D103E0208B401C20831EE00846FFF773
:10CB0000C7FF01004FF0010002D10222E270207045
:10CB1000E08261782546491C6170A070E1896181DD
:10CB2000218AA181607808B1287810B1204600F0F0
:10CB300011F96078012800D10126304670BD2DE939
:10CB4000F04100F1180405460027A07C0126B846F4
:10CB5000012805D020B102280AD0032847D107E0D8
:10CB6000267084F8028003214046E170BDE8F08120
:10CB7000E08A401CE0822846FFF78AFF00B9267051
:10CB8000A07C032833D1B5F92E002988884200DA29
:10CB90002670B5F92E006988884200DD267084F879
:10CBA000028061782A7B4046914220D1B5F930104D
:10CBB000AA88914200DA2670B5F93010EA889142CD
:10CBC00000DD2670B5F932102A89914200DA26700C
:10CBD000B5F932106A89914200DD267020832178F0
:10CBE00019B1204600F0B6F801E06070022738461F
:10CBF000BCE7F0B4DDE90454DDE90776DDF818C0E0
:10CC000020F8022B20F8023B01FB125320F8023BD4
:10CC100001FB124220F8062B20F8045C20F8024C9D
:10CC200000F80C1B20F808CC20F8067C00F8046CF7
:10CC3000F0BCE7E62DE9F04F85B000254B4F02959B
:10CC400003950495083F16460C4681467A68098C80
:10CC5000E08B9047010004F11800834601D1FFF7F3
:10CC6000D1FEA5733B680A2202A930469847804648
:10CC7000207B9DF808A00127022811D1B16A5046F7
:10CC8000884701280AD0B16A50468847022813D045
:10CC9000B16A50468847032801D001E06573A77345
:10CCA0004046B8F1010F0DD98DF800505846FFF7F6
:10CCB000A9FE6573A77318E094F82A000128EFD144
:10CCC0006573EDE703469DF80820314604F11C002A
:10CCD00000F015F82046FFF7A3FE8DF80000E08B6A
:10CCE000ADF80200208CADF804000099C9F80010DE
:10CCF000BDF80410A9F8041005B0BDE8F08F2DE9C7
:10CD0000F04117460D4604460026B3B1E9681046C7
:10CD100088476081296938468847A081A96A3846D2
:10CD20008847A073A9693846884720802846FEF7BF
:10CD300004FA48B10120E07307E04FF0FF30608152
:10CD4000A081A6732680F1E7E673296A38468847F2
:10CD500020740BE700210170C28A4283018341895C
:10CD6000C1808189018101214170704740E001202B
:10CD7000EDAB01001FAC010023AC010033AC01009E
:10CD800037AC01003BAC0100D9AE010009AF010096
:10CD9000D5AE0100CFAC010087AE010095AE010019
:10CDA000A9AE0100BBAE0100F9BA01009FBB0100B2
:10CDB00056000000000000005601000000000000C6
:10CDC00099BA0100AFBA0100C5BA0100DBBA01008F
:10CDD00009BB01000FBB010013BB010031BB010007
:10CDE0003FBB01004DBB01005BBB010069BB010003
:10CDF00077BB010025BB010089BB01004200000098
:10CE000000000000ADBB0100C3BB0100D3BB0100AB
:10CE1000D1BB010000000000080000004200C1007A
:10CE2000F603DC084E020000000000004E03000084
:10CE3000000000004E040000000000004E00000052
:10CE400000000000D3BC010047BD010067BD010028
:10CE500083BF0100CFBF01000A00000046000000B0
:10CE600000000000C1C0010085C101009DC101009A
:10CE7000D5C20100000000000800000052000000C0
:10CE8000000000002DC3010069C3010077C3010049
:10CE900015C4010000000000080000007DC701006B
:10CEA000B1C7010001FF01753206320F9A37089AA7
:10CEB000E10863D30314905F013201320229084173
:10CEC000A908091A0CB264290C694829040A11043A
:10CED0001001541E01020102040404B901100C02E5
:10CEE00040010F14F001207C3A1048093F5D01DA3F
:10CEF000AAFF0C59010119045490D00330B572B641
:10CF000001230C4D2B600C4A002481B113604FF0BB
:10CF1000005100F01F0081F86A0007481C380360C8
:10CF200001680029FCD114602C6062B630BD146029
:10CF3000EDE70000C01B0022780D0022F7C20100BF
:10CF40002DC4010047BC01000FC00100000000001B
:10CF500042004200F60360090000000000000000EB
:10CF600000000000000000000000000000000000C1
:10CF700000000000000000000000000000000000B1
:10CF800000000000000000000000000000000000A1
:10CF90000000000000000000000000000000000091
:10CFA0000000000000000000000000000000000081
:10CFB0000000000000000000000000000000000071
:10CFC0000000000000000000000000000000000061
:10CFD0000000000000000000000000000000000051
:10CFE0000000000000000000000000000000000041
:10CFF00000000000000000009DC50100E3C5010025
:10D000009FB00100A3B9010033BA010091CA010029
:10D01000EFCA0100D5D0B97F660300002A2F4680F1
:10D0200099FCFFFF190034000102000030100000DD
:10D0300010050000FFFFFFFF03000000C0FF3F00DE
:10D04000000000000000201CA80C0BFF0FFF0FB811
:10D050000100000300000000C1C87850AAAA000522
:10D0600000057800780000050005000500050005B2
:10D07000000508B000B00078007800460046003295
:10D08000003200000000000000000000000000006E
:10D09000000000646420AA0A04C8001D290810A02A
:10D0A000295119100207080B01460064008001D0C5
:10D0B0000F009B1D000000FF000000FF00000000AB
:10D0C00080000A00EAA05228003833380100291EE7
:10D0D000291E0051005500000003000089000D00CA
:10D0E0000800200002001F0024500600000000007D
:10D0F000BBFFE803FF7F11110000A9A00B00240073
:10D100002F002E002690060000000000269016003A
:10D11000000000005F00010000012600260500015C
:10D12000D007F4012C01009A069A06640000320030
:10D1300008223C0000000000000000000000000089
:10D14000070032000000A8800B0010603F003F0085
:10D1500060003E00003300331E0044000004000065
:10D160003800300017001E6600000B0B0000A78976
:10D170004402005E005D007D00550000420000009A
:10D18000000F000000000000000000000009000087
:10D19000000000000001000000000000000001305D
:10D1A00075000000000000000000000E1E000000DE
:10D1B0000000000000000000000000016405000005
:10D1C000CD00094F05003C00010009005060060336
:10D1D000030000000000000000001E000E00000020
:10D1E000000000000000002D000001000000000011
:10D1F000000000000000000002001E0000016400AA
:10D200006400D000800CF00AD0000015001250011C
:10D210005001001500125001000000000000000045
:10D22000000000000000000000000301330A0401B8
:10D230000C180000000001FA32000000000030006D
:10D24000000000001E001E000A14200080FF0000E5
:10D2500009009001000000D00F1490019001FF7FA1
:10D26000FF7FF401000000000000190032000004FC
:10D27000320000045000640020000200320064000C
:10D280006400C8000000000064000A0305000000FC
:10D290000108C8007800032C0100000819C800002C
:10D2A0000B03A331010164006400600096003202A8
:10D2B000000000000000000000000000000000006E
:10D2C0000000640064009600140A2003500000046B
:10D2D0000100200006000500050000000600050012
:10D2E00005D00700010508582A3228000000000078
:10D2F000000000000000000099000800300030002D
:10D3000064000042400132001400640064003200F6
:10D310003200000014000A0046000000FF00640014
:10D320002C01900146005A00140006040F0201105F
:10D330000602000000000001C80032009600FD2037
:10D3400003E80364001400010496002C0132006419
:10D350000014000005070000080F64000000040E20
:10D3600020001014640046006400000A000F000F43
:10D370000001600060000B78007800010505C8001E
:10D380005000C8000028010001000100FF14000047
:10D390000000000000000000000000000000550038
:10D3A0001E640032000000000000000000000000C9
:10D3B0000000010032320060001400320000010061
:10D3C00064000A0001010101001311550000000270
:10D3D000C8000A0000140000400050007000320035
:10D3E0004000C8000C0F000000000000F8052C03EE
:10D3F000E001C003E0010002640006F0002C0148D7
:10D40000003200105000320010100000000F000A1F
:10D410000014821114001000001212004000009845
:10D420003A01D818001800F594F52840A503000526
:10D4300000030005006400F4010F63143C2121FD8A
:10D4400012B4A8F80507FCFAEDED0E010E010E016D
:10D450000E012814200101373700000000001501DB
:10D460007800C80000059600050302000F0F320087
:10D470006400000ADC050A00000000000000000053
:10D4800000000000000001003C000000000000055A
:10D490001E04FA000000500A051E0000010A0707DA
:10D4A000000031F33E1E00003C3030181800000030
:10D4B0000F001400000000002C0196005E01960091
:10D4C0009001FA00015802C201B80B8813C2012C66
:10D4D00001DC05B80B9001C8000000160500000033
:10D4E000002C01E80300641E1E0F280A1E1E0058AF
:10D4F0000290010000000000000000000000000099
:10D500000000000000000000000000000000585C67
:10D510005D5E5D5C5D5C5B5B5B5A595A5B5B5B5B54
:10D520005B5C5C5C5D5E5F60606161616062626407
:10D530000000868888888888898B8B8A89898A8A6E
:10D540008A8A000000000000000000000000414640
:10D55000484848484848484848484848444444445B
:10D56000444441414141414141413C384145000031
:10D570000000000000050B0B16001600000000055F
:10D58000005000FA00F401100E2C1A261BD01B1BB1
:10D590001C201C000005001E00C8009A0154062231
:10D5A0000BE00B4E0CA30CA80C0F001600320096DB
:10D5B000009001100E7C1A8A1BEE1B0A1C111C0B1A
:10D5C00000140032006E0040015406680B300C71EC
:10D5D0000C8F0C970C000000000000000000000001
:10D5E000000000000000000000000000000000003B
:10D5F000000000000000000000000000000000002B
:10D60000000000000000000000000000000000001A
:10D61000000000000000000000000000000000000A
:10D6200000000000000000000000000000000000FA
:10D6300000000000000000000000000000000000EA
:10D6400000000000000000000000000000000000DA
:10D6500000000000000000000000000000000000CA
:10D6600000000000000000000000000000000000BA
:10D6700000000000000000000000000000000000AA
:10D68000000000000000000000000000000000009A
:10D69000000000000000000000000000000000008A
:10D6A000000000000000000000000000000000007A
:10D6B000000000000000000000090996AA00A84030
:10D6C0000B001000470047006000460000330033A5
:10D6D0001E005500000000000000151515158601FC
:10D6E00040014501E41600000000000000000000B9
:10D6F000000000000000000000000000000000002A
:10D700000000000000000000000000000000B01D4C
:10D710001C0C1000781EB80BC80000270900000080
:10D72000000080004444222200011801C2013C0094
:10D730005000C8000C640000DC0078002C01CC0113
:10D740009001E8035802F40100000000000000000E
:10D750000000000001F401320007C8002C01E803BA
:10D76000FA3200000058001801000078003C003038
:10D7700075204E204E14006400C800FA0096003C4C
:10D7800000C800C800000000030A0A0A0000640084
:10D79000320E0C04F40190010E00051E0002F4018B
:10D7A000000000645B5D5F5F605F615F606062639B
:10D7B000646464000000000000000000000000003D
:10D7C0000000000000000000000000000000000059
:10D7D000501E501214B020FFD0000614142A3A40F4
:10D7E000000000000000000000146E6E471A3800B0
:10D7F0000000010F1E0020005064000037040000EC
:10D80000230900FF000000000000000000000000ED
:10D8100000000100010001000401040104010000F6
:10D820000000040A0404FF030007000700070007C4
:10D83000FF03FF03FF03FF030000FF07FF07FF07CE
:10D84000FF070000000000000000000000000000D2
:10D8500000000000000000000000000000000000C8
:10D8600000000000000000000000000000000000B8
:10D8700000000000000000000000000000000000A8
:10D880000000000000000000000000000000000098
:10D890000000000000000000000000000000000088
:10D8A000000000000000000001020508010407005C
:10D8B00003060064005E015E010405010F01090119
:10D8C0000F1921C409000000000000000000000042
:10D8D0004C00004C00004C00003C50003C50003C10
:10D8E0005000000000000000000000FA9600FA96C8
:10D8F000000F00100011001200140017001A001E83
:10D9000000230027002C00320038003F0046004D65
:10D910000053005B0062006A00710078008000869E
:10D92000008D0094009A00A000A600AA00AF00B3EA
:10D9300000B700BA00BC00BE00BF00C000C000BFFE
:10D9400000BE00BC00BA00B700B300AF00AA00A63A
:10D9500000A0009A0094008D00860080007800717D
:10D96000006A0062005B0053004D0046003F003833
:10D970000032002C00270023001E001A001700149C
:10D98000001200110010000F000000000000000055
:10D9900000100011001200150019001E0023002ABB
:10D9A000003100390041004A0053005D00670071FA
:10D9B000007B0085008E009800A100A900B000B790
:10D9C00000BD00C200C600CA00CB00CD00CD00CB18
:10D9D00000CA00C600C200BD00B700B000A900A187
:10D9E0000098008E0085007B00710067005D005389
:10D9F000004A004100390031002A0023001E0019AE
:10DA000000150012001100100000000000000000CE
:10DA100000000000000000000000000000FF00FF08
:10DA200000FF00FF00FF00FF00FF00FF00FF00FFFE
:10DA300000FF00FF00FF00FF00FF00FF00FF00FFEE
:10DA400000FF00FF00FF00FF00FF00FF00FF00FFDE
:10DA500000FF00FF00FF00FF00FF00FF00FF00FFCE
:10DA600000FF00FF00FF00FF00FF00FF00FF00FFBE
:10DA700000FF00FF00FF00FF00FF00FF00FF00FFAE
:10DA800000FF00FF00FF00FF00FF00FF00FF00FF9E
:10DA900000FF00FF00FF00FF00FF00FF00FF00FF8E
:10DAA00000FF00FF00FF00FF00FF00FF00FF00FF7E
:10DAB00000FF00FF00FF00FF00FF00FF00FF00FF6E
:10DAC00000FF00FF00FF00FF00FF00FF00FF00FF5E
:10DAD00000FF00FF00FF00FF00FF00FF00FF00FF4E
:10DAE00000FF00FF00FF00FF00FF00FF00FF00FF3E
:10DAF00000FF00FF00FF00FF00FF00FF00FF00FF2E
:10DB000000FF00FF00FF00FF00FF00FF00FF00FF1D
:10DB100000FF00FF00FF00FF00FF00FF00FF00FF0D
:10DB200000FF00FF00FF00FF00FF00FF00FF00FFFD
:10DB300000FF00FF00FF00FF00FF00FF00FF00FFED
:10DB400000FF00FF00FF00FF00FF00FF00FF00FFDD
:10DB500000FF00FF00FF00FF00FF00FF00FF00FFCD
:10DB600000FF00FF00FF00FF00FF00FF00FF00FFBD
:10DB700000FF00FF00FF00FF00FF00FF00FF00FFAD
:10DB800000FF00FF00FF00FF00FF00FF00FF00FF9D
:10DB900000FF00FF00FF00FF00FF00FF00FF00FF8D
:10DBA00000FF00FF00FF00FF00FF00FF00FF00FF7D
:10DBB00000FF00FF00FF00FF00FF00FF00FF00FF6D
:10DBC00000FF00FF00FF00FF00FF00FF00FF00FF5D
:10DBD00000FF00FF00FF00FF00FF00FF00FF00FF4D
:10DBE00000FF00FF00FF00FF00FF00FF00FF00FF3D
:10DBF00000FF00FF00FF00FF00FF00FF00FF00FF2D
:10DC000000FF00FF00FF00FF00FF00FF00FF00FF1C
:10DC10000000000000000000000000000000000004
:10DC200000000000000000000000000000000000F4
:10DC300000000000000000000000000000000000E4
:10DC400000000000000000000000000000000000D4
:10DC500000000000000000000000000000000000C4
:10DC600000038A02E80396005E017C15A00F7C1574
:10DC7000103C5802080714060300001E9600010A13
:10DC80002C0104142C012C01101E0FC80003286461
:10DC90000000004914000403500050003C009600AE
:10DCA000EA6400322500080802025A00C201142862
:10DCB0004600050A0F0F0F0A00010A1E03000000AC
:10DCC0000000000002640005640005002378006481
:10DCD000003C0014B00400C80000F4017800070400
:10DCE0000000000100008A2000008A2000000000DF
:10DCF0000000000000000000000000000000000024
:10DD000009032510251D25031410141D14030310E9
:10DD1000031D03000C03250A2517251D2503140ADE
:10DD20001417141D1403030A0317031D03000B1219
:10DD30000032460800B400080E96003C983A3200C3
:10DD40000A4600642C012C010000000000000000C5
:10DD500088800F001040B900B900F000B80000330F
:10DD600000337800950000030000FF03000000006E
:10DD700000000A000E00000000000000000000008B
:10DD8000000000020008039F08464690013200048C
:10DD900064C800B60390012C01C800280028005078
:10DDA0000F1403C800022C0164000000000064008E
:04DDB000F2AA36B2EB
:00000001FF
