:1000000055AA55AA010000003648000060470000CC
:100010005302000019000000350000001D0101011D
:10002000000000003110000010050000D4CF0100D6
:100030009C0D00000000000000000000D1D58ABA2D
:10004000DC1229E2F473000023EDD61D0B8CFFFFB8
:1000500000041000E101000039020000530200001A
:100060006D02000087020000A102000000000000F5
:100070000000000000000000000000005B760100AE
:100080006376010000000000BB0200006B760100F7
:10009000737601007F7601008B7601009776010070
:1000A000A3760100AF760100BB760100C7760100A0
:1000B000D3760100C9020000DF760100EB76010073
:1000C000F7760100FF760100077701000F77010046
:1000D0001B770100237701002B770100000000004F
:1000E0000000000000000000000000003377010065
:1000F0003B7701000000000000000000000000004D
:1001000000000000000000000000000000000000EF
:10011000530260473000FFFF1D0101010000000095
:1001200000000000000000000000000000000000CF
:1001300000F002F800F068F80AA090E8000C824491
:100140008344AAF10107DA4501D100F05DF8AFF26E
:10015000090EBAE80F0013F0010F18BFFB1A43F0A5
:1001600001031847FCA401004CA501000A444FF00C
:10017000000C10F8013B13F0070408BF10F8014B06
:100180001D1108BF10F8015B641E05D010F8016B4B
:10019000641E01F8016BF9D113F0080F1EBF10F8AF
:1001A000014BAD1C0C1B09D16D1E58BF01F801CBD2
:1001B000FAD505E014F8016B01F8016B6D1EF9D555
:1001C0009142D6D370470000103A24BF78C878C156
:1001D000FAD8520724BF30C830C144BF04680C604D
:1001E000704700000023002400250026103A28BF95
:1001F00078C1FBD8520728BF30C148BF0B60704799
:100200001FB51FBD10B510BDDFF80CD0FFF7F8FF0C
:1002100017F0C2FA19F08CFB0004100003B4FFF7CA
:10022000F1FF03BC19F08EFB40BA7047C0BA7047AB
:1002300012481349A1EB00014FF0200391FBF3F2A8
:1002400002FB13114FF0CC334FF0CC344FF0CC35D0
:100250004FF0CC364FF0CC374FF0CC384FF0CC3994
:100260004FF0CC3AA0E8F807013AFBD119B140F8B9
:1002700004AB0439FBD10348004700000000100024
:1002800000041000E10000001EF0040F0CBFEFF3AB
:100290000880EFF309804FF001014FF0000212F0E7
:1002A00022BB1EF0040F0CBFEFF30880EFF30980B0
:1002B0004FF002014FF0000212F015BB1EF0040FC8
:1002C0000CBFEFF30880EFF309804FF003014FF00C
:1002D000000212F008BB1EF0040F0CBFEFF3088001
:1002E000EFF309804FF004014FF0000212F0FBBA67
:1002F0001EF0040F0CBFEFF30880EFF309804FF0FE
:1003000005014FF0000212F0EEBA00B517F0C6F981
:100310005DF804EB00F032B81EF0040F0CBFEFF3F1
:100320000880EFF309804FF006014FF0000212F051
:10033000DABA00000A484FF0FF0101704FF00000E8
:1003400080F311884FF0000080F3098805484FF0D2
:100350000201017062B604484FF08051016070479D
:1003600022ED00E0F808100004ED00E002484FF034
:10037000805101607047000004ED00E04FF0200064
:1003800080F31188EFF3098098B112480068124990
:100390000968884217D0EFF309800E49096820E9FF
:1003A000F00F886000B50B48006817F091FA5DF80F
:1003B00004EB084808490A68026000688168B1E8EF
:1003C000F00F81F309884EF0040E4FF0000080F327
:1003D00011887047FC08100000091000EFF311802D
:1003E0004FF0200181F31188704700004FF00000AA
:1003F00080F311887047000062B6704772B670478C
:10040000401EFDD17047000010B501464C22BA488D
:1004100019F00BFA0121BDE81040002017F091BA45
:1004200038B50446B548B44D2060204616F0CCFFE0
:1004300000226B460121104617F0CCFA0121002062
:1004400017F0ABFA2878002802D012F0AAFAECE7ED
:1004500038BD2DE9F04788460127A94D81464FF464
:10046000087407FA08F7A100284619F03AFA00269E
:10047000DFF884A211E0A0484C30FFF7D1FFDAF892
:100480000810002055F8202031F910301A4445F8A2
:100490002020401CA042F5DB761CBE42EBDB641E34
:1004A00055F8240040FA08F029F81400641EF7D229
:1004B000BDE8F087904810B54C3016F04FFF8E49DC
:1004C0000C204C3108718F48006890F88200BDE81C
:1004D000104000F003018C48BBE72DE9F04F834644
:1004E0008848874C9DB0006804F14005C82190F809
:1004F0008200C0F38106012000FA06F8204619F0B8
:10050000F0F97D484C3016F029FF7B4902204C3130
:10051000002788714FF021092AE077484C30FFF717
:100520007FFFDFF8D4A1202211A8DAF81C1019F0FF
:1005300037F944226846DAF8201019F031F90F2013
:100540000DF1440154F8202031F910301A4444F8D8
:100550002020401EF6D248464FEA0D0155F82020D3
:1005600031F910301A4445F82020401EF6D27F1C85
:100570004745D2DB5FEA0B7013D5644A0F2000BFFA
:1005800054F82010314122F81010401EF8D2604A71
:10059000484600BF55F82010314122F81010401E87
:1005A000F8D244225A495B4819F0FAF820225749F8
:1005B000594819F0F5F81DB0BDE8F08F10B50446A4
:1005C0004D484C3016F0CAFE4B4901204C310871A1
:1005D0004C485249006890F8EB0000F003000870A6
:1005E0000FF0F5FE2146BDE81040474831E72DE900
:1005F000F0410646002017F044FA022017F041FAB5
:10060000032017F03EFADFF818813B48002788F8EE
:1006100000704C3016F0A2FE30074FF0010504D5F3
:100620003046FFF75AFF3F480570364CF0050AD5B3
:1006300020683D4990F87C0D08803C4807703C4894
:1006400005703C4807702C4FB00707F14C071FD5C9
:1006500098F80000B8BB384616F080FE3D71384669
:1006600000F03CF8206890F8820000F00301264872
:10067000FFF7EFFE206890F89F00800705D52E4811
:100680004FF4BB61006819F00AF92C4805701AE0B4
:10069000700718D518484C3016F060FE206890F8A6
:1006A0008700C00605D514483D714C3000F016F89F
:1006B00001E007203871206890F8820000F0030103
:1006C0001148FFF7C6FE032017F0F6F9022017F0D5
:1006D000F3F9BDE8F041002017F0EEB909490968C7
:1006E00091F8E710090604D50C49497811B10321A6
:1006F000017170470221FBE71C091000B9030000DB
:100700007C42100060071000346F01200C7501203E
:1007100038750120721C0120461C0120B80710000A
:1007200000041000BF07100014051000050510009C
:10073000C007100006051000F4061000BE071000E8
:1007400010B50124C00702D0012001F01EFC204694
:1007500010BD000070B5804C4FF6FF7140F2673558
:1007600020684182294617F097FE00211F2007F1DB
:100770006FFA2A462168BDE870401F23774817F0BA
:10078000B2BE70B57448764E4FF400740068417D77
:1007900030684174214617F07FFE1D250021284650
:1007A00007F156FA2B4622463168BDE870406D4885
:1007B00017F099BE2DE9F041001D88466A4D0E687C
:1007C00004460146284617F067FE00270CE000BFEC
:1007D00006F11000C0F3073301222946304617F016
:1007E00082FE2D1D361D7F1CA742F1D3D8F80000D4
:1007F00000EB8401C8F80010BDE8F0812DE9FC4150
:10080000594C5A4801901034022017F03AF91E2032
:10081000002107F11DFA1021204619F040F80020B0
:100820002080A07001254C4EE5704FF6FF72A2802B
:1008300030684F4B018AE180417D2172E788A3F83F
:100840004C7CA3F84E2C83F8501C042001A9FFF720
:10085000B1FF0123002221461020009514F0E4FC92
:1008600001A9FFF7A7FF01230022214611200095CF
:1008700014F0DAFC01A9FFF79DFF306890F87C02C4
:10088000C00709D00123002221461220009514F050
:10089000CBFC01A9FFF78EFF012300222146132084
:1008A000009514F0C1FC01A9FFF784FF306890F8AF
:1008B0007F0CC00709D00123002221461820009593
:1008C00014F0B2FC01A9FFF775FF022017F0F4F84D
:1008D000BDE8FC8110B50024E0B2012107F1B8F9B0
:1008E000641C032CF8D310BD2DE9F84F1E4A00926A
:1008F0000E6884000146DFF87CA0104617F0CCFD9E
:100900004FF4802BA6F58020C0F307380BEB083797
:10091000A6EB0709C9F58055A54200D925464FF435
:1009200080523946504618F03BFF0AEB09002A4630
:10093000009918F035FF0121404607F189F9434637
:100940004FF480625146384617F0CDFD2E44641BAB
:10095000D8D1BDE8F88F000060071000F0EF01006B
:1009600064071000F0CF01007C421000F0DF0100AE
:1009700090770120B806012010B518F07FFB002108
:10098000912011F0FFFFF94801210170C17010BDE5
:1009900010B519F03BF8F54C2078B8B9A0880028BC
:1009A000A08806D0E189884209D8A088401CA08090
:1009B0000CE0401CA08018F05CFBE08006E018F022
:1009C00058FB208118F05AFB01202070BDE8104030
:1009D00018F0C0BF70B50B2000F0DCF94FF0E02636
:1009E0004FF400650020C6F88052E04C2070A080D3
:1009F000E0802081DE494FF4C850843618F00AFBAD
:100A0000F56720780028FCD0E0882189401A84B25C
:100A10000B2000F0BFF9204670BD704738B5D548AF
:100A20000A24006890F8D80C00F00F05D24817F09F
:100A30002DFB0021284618F04AF800200346014605
:100A400000900122284618F01AF8CC4800230090A4
:100A500001221946284618F086F80A2000F0A5F968
:100A6000FFF7B8FFC14D6881E878012801D1322035
:100A700038BD6889A989884209D20A34FF2C00D977
:100A8000FF24E0B200F091F9FFF7A4FF6881A98983
:100A900080B2884201D2FE2CEBD90004B0EB014FAA
:100AA00003D20021922011F06DFF6889A989884244
:100AB00007D304B1641EE0B200F077F9FFF78AFFB4
:100AC0006881A98980B2884201D3002CEDD100044D
:100AD000B0EB014F03D30021922011F053FF17F028
:100AE000E1FAE0B238BD2DE9F843A24F4FF000081B
:100AF000444638684FF6FF7690F8D80C00F00F05A2
:100B000017F0D0FA0021284617F0E1FF0020034635
:100B1000014600900122284617F0B1FF97480023B4
:100B2000009001221946284618F01DF838688F4DAC
:100B300090F8CF0CC00702D000F03BF9E8B1FFF706
:100B400049FF688121460722322017F0F5FBFFF7A5
:100B500041FF6881E978012915D0A989401A00D59B
:100B6000404280B2864201D90646A046641CE4B2E7
:100B7000102CE7D34046BDE8F8830521922011F000
:100B800001FF0120E8700720F5E710B501464C226F
:100B90007B4818F04AFE0121BDE81040002016F005
:100BA000D0BE70B5044617F050F8704D286917F0A4
:100BB00051F8A4F84C0004206070208C6FF30800FA
:100BC000801C20842820A06394F8350020F00100C8
:100BD00084F8350094F8360020F0010084F83600DF
:100BE00094F8260040F0010084F82600A97831B17D
:100BF000012908D0022918D0032909D119E020F0D1
:100C00007000403002E020F07000503084F8260080
:100C1000687888B1012813D0022816D0032803D1A0
:100C2000207B40F00300207370BD20F07000603026
:100C3000ECE740F07000E9E7207B20F00300F2E7EA
:100C4000207B20F00300401CEDE7207B20F0030018
:100C5000801CE8E7F8B54A4E07460324384616F0EC
:100C6000B3FB00226B460121104616F0B3FE0121B2
:100C7000002016F092FE307838B1002511F091FE78
:100C8000641E002CEADC2846F8BD0125FBE72DE9AF
:100C9000F0438BB0064602A816F060FB334D39488E
:100CA00000272861384802900F208DF80C006E70E4
:100CB000AF7002A8FFF7CEFF4FF0FF39F0B3442228
:100CC0003248296918F06CFD0124E846AC7002A88E
:100CD000FFF7C0FF90B344222D48296918F060FD4A
:100CE0002A4A414628F81470002000BF02EB400356
:100CF00032F810C0B3F8C036401CA3EB0C0331F837
:100D000014C02228634421F81430EFDB641CE4B2E1
:100D1000042CDBD3BDF80600032E16D05FF088024A
:100D2000B0FBF2F1BDF80400BDF80230B0FBF2F008
:100D3000B3FBF2F2120642EA004000E003E008438F
:100D40000BB0BDE8F0834846FAE74422E8E710B567
:100D500000F09AF800F0010400F059F8204203D0A6
:100D6000BDE81040FFF70DBD10BD000004041000E9
:100D70002909000060071000CB09000041090000AC
:100D800080091000000001203B0B00007C42100095
:100D90003C49100000F01F020121914040098000F1
:100DA00000F1E020C0F8801170470722114617F0CB
:100DB000C3BA70B50025642007212A4617F0BCFA93
:100DC0005FF00004FFF706FE641C0544052CF9D310
:100DD0000520B5FBF0F081B2002043F2B063434A36
:100DE000994203D9012044F21A1106E042F6F82391
:100DF000994204D9022042F66731918170BD41F6D3
:100E000058339942FAD9032042F28D01F5E770B5C3
:100E1000002016F036FE354C354D0020E070286875
:100E200090F8D80C000918F0E3FD0028286812D0CB
:100E3000B0F8D41CE181B0F8D60CA081FFF753FEC6
:100E40000546FFF7EBFD06460722294617F074FA20
:100E5000E07830B10EE0B0F8D01CE181B0F8D20CEF
:100E6000EBE724485A21006880F82D6080F82E5066
:100E700080F82C10002016F01FFEE078012801D029
:100E8000012070BD002070BD70B50125002016F056
:100E9000F8FD022016F0F5FD174E0024E0B2FFF732
:100EA000F6FE46F82400002801DA002515E0641C4F
:100EB000022CF3D30F49104A4C3A0868D36CC0F89F
:100EC000E137136DC0F8E5370C48D2E91332C0E9B9
:100ED000013209685A2081F8E007002016F0ECFD85
:100EE000022016F0E9FD284670BD00000404100041
:100EF0006007100064071000CC0910004873100050
:100F000010B501464C22F74818F08FFC0121BDE8CE
:100F10001040002016F015BD2DE9F041F24C0125DE
:100F20006038D4E91023A66909286FD2DFE800F001
:100F3000050F1E283741505A6A00324600230846E2
:100F400000F0F1FA85406068054365605EE00846A0
:100F500000F0E9FA02460120002118F0B8FBD4E9BC
:100F6000082310431943C4E908014FE03246002327
:100F7000084600F0D8FA8540E0680543E56045E0A2
:100F8000084600F0D0FA02460120002118F09FFB2D
:100F9000D4E90C2310431943C4E90C0136E032466E
:100FA0000023084600F0BFFA8540A0680543A5600D
:100FB0002CE0084600F0B7FA02460120002118F0A4
:100FC00086FBD4E90A2310431943C4E90A011DE052
:100FD00032460023084600F0A6FA85402069054302
:100FE000256113E0084600F09EFA01230246002125
:100FF000184618F06CFBD4E90E2310431943C4E9DA
:101000000E0103E060698D40054365612068401C66
:101010002060BDE8F0812DE9F041174604460D46F9
:10102000002609E0E00703D03146384611F0AAFC5B
:10103000761C6D084FEA340454EA0500F2D1E8E763
:1010400070B5A94CE1686068D4E90C6540EA010319
:10105000D4E908212943256932439D432561D4E918
:101060000E3593438D43C4E90E35216800292CD0F9
:1010700060220021FFF7CFFFD4E908016122FFF7CA
:10108000CAFF62220021E068FFF7C5FFD4E90C0126
:101090006322FFF7C0FF64220021A068FFF7BBFFB7
:1010A000D4E90A016522FFF7B6FF66220021206914
:1010B000FFF7B1FFD4E90E016722FFF7ACFF6069CB
:1010C000BDE8704068220021A5E770BD2DE9F05F02
:1010D00083464FF0000816F0EEF9074616F0EDF9DA
:1010E0000D46814904464FF016098F61C1E910058C
:1010F0004FF0220A16F0B7FE00260120B040384219
:1011000021D0F0B2002116F0B6FE410705D55FEA06
:10111000CB6102D5414662200FE0C10705D05FEAEE
:101120004B7102D54146602007E01BF0C00F06D08E
:1011300010F00A0F03D041466420FFF7EDFE08F1DE
:10114000010000F0FF08761C4E45D6DB16F08BFE42
:1011500000273E4632460120002118F0B8FA204010
:10116000294008431FD0F0B2012116F084FE410748
:1011700005D55FEA8B6102D5394663200FE0C107D0
:1011800005D05FEA0B7102D53946612007E01BF4F8
:10119000C07F06D010F00A0F03D039466520FFF754
:1011A000BBFE7F1CFFB2761C5645D3DDBDE8F05F69
:1011B00016F059BE2DE9FF4F83B000200E46DFF830
:1011C0002CB101900546009076E000BF03984FF0E7
:1011D00000094C46A0F101086BE000BF04FB06507B
:1011E0001FFA80FA601C00FB065087B22146284691
:1011F00013F0E6FA28B13E48006890F82501C007D0
:1012000017D115B1212D02D008E094B104E084B1CA
:10121000042C0ED0052C0CD00E2C0AD0059830F8DA
:101220001A1030F81700081A00B2002804DB014633
:1012300003E04FF000093BE0414259450ADD002838
:1012400001DB014600E041420FFA81FB29B2019126
:1012500021B200910699884202DDB9F1000F0DD04C
:1012600006994942884216DAB9F1000F09D04FF0C9
:10127000000921466620FFF74FFE19E04FF00109F3
:1012800014E0002704E039466620FFF745FE7F1C86
:10129000A742F8D90CE0B9F1000F09D02146662029
:1012A000FFF73AFE0398801E844201D1611CE1E7FA
:1012B000641C444592D36D1CB54287D3DDE900120E
:1012C00007B05846BDE8F04F11F04ABE2DE9FF4F78
:1012D00083B082460548009000200E4602900546E5
:1012E000019079E0DC091000180410000080FFFF75
:1012F000600710004FF000094C46A6F1010868E0B5
:1013000005FB06401FFA80FB601C05FB060087B248
:101310002946204613F054FA28B1D148006890F8C5
:101320002501C00715D114B1202C02D006E085B1EB
:1013300002E075B1052D0CD00F2D0AD0059830F8BC
:101340001B1030F81700081A00B2002804DB014611
:1013500003E04FF000093BE04142009A91420ADD70
:10136000002801DB014600E0414209B2009121B2B0
:10137000029129B201910699884202DDB9F1000F6C
:101380000DD006994942884216DAB9F1000F09D00A
:101390004FF0000921466720FFF7BEFD18E04FF02F
:1013A000010913E0002704E039466720FFF7B4FD88
:1013B0007F1CA742F8D90BE0B9F1000F08D02146F5
:1013C0006720FFF7A9FDB01E844201D1611CE2E74E
:1013D000641C444594D36D1C55458BD39DE8070090
:1013E00007B0BDE8F04F11F0C0BD10B504460020B5
:1013F00016F047FB9B49002014F00C0F0861486071
:101400008860C860C1E90E00C1E90800C1E90A00AE
:1014100048610860C1E90C0009D1E00607D4A006C4
:1014200005D4600603D4E00501D4200602D5204689
:10143000FFF74CFEA00702D0204600F08FF8FFF720
:10144000FFFDBDE81040002016F036BB2DE9FC5F23
:101450000446002016F015FB022016F012FB0320B4
:1014600016F00FFBE00753D0FFF724F84FF4886223
:101470007D497E4818F094F9DFF8E4B100277C4DEF
:101480007A4807EB07116E0C00EB8108E8138146E0
:101490008246202438F91400A84200DD0546B042F7
:1014A00000DA0646012C15D408EB440131F9021C80
:1014B000401A00D54042DBF80010B1F81011884204
:1014C00008DB22460120002118F001F929EA000971
:1014D0002AEA010A641EDDD2A81B00D54042DBF8CF
:1014E0000010B1F80E2190420FDAB1F80C01A842B9
:1014F0000BDD8119002908DD0021CDE900014A46F4
:101500005346222140460DF08BFE7F1C102FB6DB88
:10151000032016F0D1FA022016F0CEFABDE8FC5FE7
:10152000002016F0C9BA2DE9F04116461F46804644
:101530004FF0FF35002422460120002118F0C7F8A3
:1015400030403940084304D06D1C454501D1204648
:101550005FE5641C402CEED300205AE52DE9FE43E4
:101560000546012000F035F8804615F0A4FF0290F2
:1015700015F0A3FFCDE90001042102A816F052FFE7
:1015800006460821684616F04DFF04467200624385
:1015900017464146354818F003F93A464146354862
:1015A00018F0FEF82E4FE80707D03868424621466B
:1015B000B0F8DE303046FFF7FDFDA80707D53868E4
:1015C00042462146B0F8DE303046FFF77FFEBDE8E8
:1015D000FE8370B588B00646684615F0BFFE264803
:1015E0000090022E19D0042E1BD0052E1BD00A20ED
:1015F0008DF80400214C684615F0E6FE002206AB8B
:101600000121104616F0E6F90121002016F0C5F977
:10161000207860B111F0C5F9EDE703208DF80900DD
:10162000E8E7082000E009208DF80600E2E7012E37
:101630000AD0032E08D0042E02D0052E0DD101E0D1
:10164000256A0AE0E56908E015F035FF054DA86157
:1016500015F033FFC5E91001A56808B0284670BD34
:101660006007100018041000346F0120BC880120AE
:101670000080FFFF803D0120B10E0000DC0910005A
:10168000144908604FF40051002016F05AB938B5DB
:10169000002016F0F6F9AFF2170017F0A7FE0022AF
:1016A0004FF400546B462146104616F093F921463C
:1016B000002016F072F9002016F0FEF90648A52267
:1016C000016804480A74006820F07F424A6117F0FC
:1016D000B1FE38BD6004100064071000020004D0A1
:1016E000012A04D0022805D002E0012000E00720F2
:1016F00015F0E0BD0020704710B501464C22FD48B2
:1017000018F093F80121BDE81040002016F019B937
:1017100030B587B00446684615F020FEF6480090C4
:101720000CB3012C21D0022C21D0032C19D10B2079
:101730008DF80400EF4D0324684615F045FE0022A5
:1017400006AB0121104616F045F90121002016F0E4
:1017500024F92878002804D011F023F9641E002C05
:10176000EADC07B030BD0820E2E70920E0E702200C
:101770008DF80900DEE72DE9F14F94B015F09BFEDE
:10178000109015F09AFE8146DC4C14988A46002889
:10179000206807D0B0F886111498FFF79FFF1190CA
:1017A000D74810E090F8E70010F0600F03D01098D1
:1017B00013F05EF910902068B0F87D111498FFF7CF
:1017C0008DFF1190CF48069020200590C9484FF01A
:1017D000400BC021C03818F084F800200390149802
:1017E000FFF796FFC34800273D4680680B90012015
:1017F0003E460F9001201099B040084240D000248E
:1018000022460120002117F062FF02460B4600EA43
:10181000090001EA0A01084320D0B648C03800EBAD
:10182000C5018E4603C900EA020C01EA03085CEA1E
:10183000080C12D1DDF82CC03CF91780DDF844C04B
:10184000E04504DC10431943CEE9000105E02246DF
:101850002946039B069816F064FA7F1C641C5C45BD
:10186000CEDBA448C03800EBC501D1E9000180EA15
:10187000090081EA0A01084301D000200F906D1C85
:101880000598761C8642B5DB0F98012804D0039892
:10189000401C03907F28A2DD0F9815B0BDE8F08FA3
:1018A0002DE9FF5FDFF854B282460F99DBF80000A4
:1018B000109F90F8780100F003068E48C03800EBC6
:1018C000C10980E0019810F806800298424630F97C
:1018D0001650039830F91640DDE90E0116F016FA9D
:1018E000BD4201DABC4203DCBD4208DDBC4206DA7F
:1018F000A4F5FE41FF3902D0129901228A551299AE
:101900008B5733B3EA1BA4EB070100D552420029E1
:1019100000DA49428A421CDC002D01DB2A4600E045
:101920006A42DBF8001091F87F1139448A4210DCDA
:10193000002C01DB224600E062428A4209DCD9E940
:10194000004542460120002117F0C1FE04430D432B
:1019500012E0E91BA4EB070200D54942002A00DA95
:10196000524291420BDDD9E9004542460120002157
:1019700017F0ADFE84438D43C9E9004522E00BB367
:10198000119A12F90810814205D1139911F8082013
:10199000521C01F80820119901F80800139911F957
:1019A0000800DBF8001091F8801188420ADDD9E9BF
:1019B000005442460120002117F089FE05430C43E4
:1019C000C9E90054761C5645FFF67CAFBDE8FF9F81
:1019D00070B500252C4609E0C60702D054556D1C91
:1019E000EDB249084FEA300004F101049C42F3DBF8
:1019F000284670BD2DE9F14FA8B015F05CFD0446F6
:101A000015F05BFD83462191202117A817F069FF8F
:101A100024210EA817F065FF289848B137480068C0
:101A2000B0F886112898FFF759FE0646344812E0B0
:101A3000324D286890F8E70010F0600F03D0204680
:101A400013F016F804462868B0F87D112898FFF7BF
:101A500045FE06462B48FF2282461D2117A817F097
:101A600016FFFF2222210EA817F011FF1D2317AA2F
:101A700020460021FFF7ACFF804622230EAA5846DD
:101A80002199FFF7A5FF04461F48089000F55870FC
:101A90000A9000F558700990A0F558601F9000203A
:101AA00023E000BF0022134900FB04F9C03901EB19
:101AB000C0014FF07F0EC1E9002247F6FF751346C3
:101AC00010E000BF09EB0201521C0AF80130DDF8FA
:101AD00028C00CF801E0099F7B541F9F27F8115084
:101AE000089F7B54A242EDDB401C4045DADB00201E
:101AF00026900BE0E80A1000A9160000600710000D
:101B00003C7B0120907701203C4910004FF00009F8
:101B10004F462898FFF7FCFDFE4800258068279077
:101B20003FE000BF279905FB04F001EB4001249141
:101B30001F99089A01EB400023900A9805FB0422A4
:101B400005FB04010998CDE9026105FB0400CDE91C
:101B50000420CDE900A5DDE923320EA92046FFF7D8
:101B60009FFEEC48C03800EBC501D1E90001219A85
:101B700080EA0B00514008430AD0CDF800A0CDE91F
:101B80000156DDE923320EA9204600F03FF907E0B7
:101B900009F1010000F0FF09C14501D301275EE012
:101BA0006D1C4545BEDB2698401C2690FF28A0DD15
:101BB000F7BB0120239000204DE0D648219AC03881
:101BC00000EBC901D1E9000380EA0B005340184340
:101BD0003FD0089809FB04000B900EA80A90CE484D
:101BE000006890F8780100F003052BE00A98494658
:101BF000425D5046029216F089F826900B98405D9F
:101C00002590C448C03800EBC9012491D1E90001F6
:101C100006460F46029A17F06DFDC00711D12698AF
:101C20007E30FD281ED22598E0B10120002100E081
:101C300015E0029A17F04BFD064324980F43C0E9C4
:101C400000676D1CA542D1DB012023990840239039
:101C500004D009F1010081464045AEDB239F29B045
:101C600038461BE60020F0E72DE9FF47814615F0D6
:101C700022FC009015F021FCA74CCDE90201B9F13E
:101C8000000F206818D0B0F88471A44D0421684674
:101C900016F0C8FB0446082102A816F0C3FB04FB9B
:101CA00000F6DFF8708200242C704846FFF730FD04
:101CB0000020D8F8081019E090F8E70010F0600F45
:101CC00003D0009812F0D4FE00902068944DB0F834
:101CD0007B71DBE731F91020BA4206DA0CB1641EE1
:101CE0002C70012004B0BDE8F087401CB042F1DB4D
:101CF000641CE4B2032CD7D90020F3E72DE9F041AE
:101D0000012515F0D8FB804615F0D7FB824C06461E
:101D10000F46206890F8E70010F0600F03D04046AF
:101D200012F0A6FE8046206890F879114A077D4996
:101D300001D5002201E090F87A2181F8A82390F8DB
:101D40007901C00705D032463B464146754815F03B
:101D5000F7FF206890F87901400708D50020FFF7C9
:101D600083FF050003D10121732010F00BFE2068D2
:101D700090F87901C1070ED000074FF0000002D59E
:101D8000FFF738FE01E0FFF7F6FC050003D1012163
:101D9000742010F0F7FD0020FFF7BAFC2846BDE8DC
:101DA000F0812DE9F04105460124002015F069FE7F
:101DB000022015F066FE5C4EE8074FF000074FF07A
:101DC000A50808D0FFF79AFF10F0010403D030688F
:101DD000C77680F81A80A80708D500F05BF8204085
:101DE000040003D03068477780F81C80002015F08D
:101DF00063FE022015F060FEE80705D04B4800782E
:101E000010B1012000F0C1F82046C8E72DE9FF5FBE
:101E1000814641489846109F00684FF0FF3A90F87D
:101E2000780100F0030432E0019838F9146010F8EA
:101E300004B002985A4630F91450DDE90E0115F04D
:101E400065FF0021EB1BA6EB070200D55B42002AD1
:101E500000DA5242934209DCBD4202DD7F2807DBF3
:101E60000BE00ADA10F17F0F06DC06E0B54202DD76
:101E70004FF0010101E000DA514628F8145000EB60
:101E80000103DDE90E015A4615F04BFF641C4C4579
:101E9000CADB9BE52DE9F041012415F00CFB064659
:101EA00015F00BFB1C4D2A6892F881319F071D4BE2
:101EB00001D5002701E092F8837183F8547792F8F6
:101EC0008121D20706D0024615480B463146001D37
:101ED00015F036FF28684FF4807690F8810180076E
:101EE00008D50120FFF7C0FE040003D1314673205E
:101EF00010F048FD286890F88101C00708D0012043
:101F0000FFF739FC040003D13146742010F03AFD8C
:101F100001200DE0E80A100060071000E47E0120B7
:101F2000387B01209077012064071000F60710002D
:101F3000FFF7EEFB204632E710B5FFF7A8FB532072
:101F4000FFF72FFF00F001044FF4D67000F0E0FE21
:101F5000214A4FF000012042117005D0FEF74EFCDF
:101F6000BDE81040FEF70DBC10BD10B512F00CF925
:101F7000FFF78DFB40F2FF10FEF7E2FB002803D0D5
:101F8000BDE81040FEF7FDBB10BD2DE9F04113493F
:101F9000096891F8E911C9071BD0012819D1114E20
:101FA00002200F4D34684FF4087704F25224FEF7F4
:101FB0001EFB032015F065FD30687A002946A0F865
:101FC0005072204617F0ECFBBDE8F041032015F0FD
:101FD00073BDBDE8F0810000F60710006007100037
:101FE000346F01206407100010B501464C22FD48F3
:101FF00017F01BFC0121BDE81040002015F0A1BC2A
:1020000030B587B0684615F0A9F9F7480421007883
:10201000B0B1012817D00322032816D002230228CA
:1020200016D0052817D0042818D0072819D006285C
:102030001AD008281BD009281DD00A281ED01FE05E
:102040008DF806101CE0052012E08DF8082017E03E
:102050008DF8083014E08DF80A1011E08DF80A2090
:102060000EE08DF80B200BE08DF80B3008E0062019
:102070008DF8060004E08DF8081001E08DF80B10D3
:10208000DA48D84D03240090684615F09DF90022E7
:1020900006AB0121104615F09DFC0121002015F032
:1020A0007CFC2878002804D010F07BFC641E002CF7
:1020B000EADC07B030BD2DE9F047CB4900242546C6
:1020C0008E6B0B692046012707FA00F21A4203D0F3
:1020D000325CA24200D91446401C2028F4D3D1E936
:1020E0001478D1F83C9000268A463246012000211F
:1020F00017F0EDFA384001EA0801084304D019F856
:102100000600A84200D90546761C402EEDD3DAF829
:10211000481050460C70DAF84C201570DAF8303060
:10212000DAF810701B781E19DAF834301B782B445B
:102130006FB1D0E9147C57EA0C070BD0FF279E4201
:1021400013D29B1B2344FF2B07D80B700BE00D70A1
:10215000BDE8F0870C701470FAE70F70C16941F4A4
:102160000071CAF81C101570F2E7B3420DD2F31AD1
:102170002B44FF2B01D8137005E01770C26942F49D
:102180000072CAF81C200C70E2E70C70EBE72DE936
:10219000F0411F460D46002A1FDD934C77B1B4F97C
:1021A0000860114613F03EFBB042287812DAFF288F
:1021B00007D2401C28700020BDE8F081B4F9066009
:1021C000EFE7E0691FB140F00200E06105E040F494
:1021D0000060FAE708B1401E28700120ECE72DE905
:1021E000F0411E460D46002A1ADD7F4C66B1B4F957
:1021F0000870114613F016FBB84211DD287850B173
:10220000102804D3103803E0B4F90670F1E7002079
:1022100028700020D0E7E06926B140F00100E061BD
:102220000120C9E740F48060F9E72DE9F14F82B061
:1022300000256D4C02992E46FF20D9B1D4F830A06C
:1022400002278AF80000D4F8349089F80000B4F925
:102250000880182000906069002800DC0125A06932
:10226000002800DC01260020FFF725FFFFF7C8FE4D
:102270006DB11DE0D4F828A04FF400678AF8000083
:10228000D4F82C9089F80000B4F90680E1E7206AC0
:1022900042466169006800F099FD012808D1E069B3
:1022A00001253843E0612178032901D1B843E06179
:1022B0005EB9606A4246A169006800F087FD0128A6
:1022C00003D1E06938430126E0610DB1002E66D1EB
:1022D0002F46B0464FF0170B97B9206A029B514624
:1022E00000686269FFF77BFF07462078032807D163
:1022F00002980028E06907D020F001000127E06182
:10230000B8F1000F03D00AE020F48060F6E7606ABD
:10231000029B49460068A269FFF761FF80460020E2
:10232000FFF7C9FEFFF76CFE17B1B8F1000F02D13D
:10233000BBF1010BD0D2009F7F1E95B9206A029B92
:10234000514600686269FFF722FF0546207803289E
:1023500007D102980028E06905D020F0020001258D
:10236000E0611EB10AE020F40060F8E7606A029BB9
:1023700049460068A269FFF70AFF06460020FFF7FA
:102380009AFEFFF73DFE05B10EB97F1ED5D2012D95
:1023900005D1012E03D1E06920F40070E061BDE8B1
:1023A000FE8F2DE9F04F9A46914600220E4B834650
:1023B0001446B3F90A701046012390461CE000BF92
:1023C00009EBE40504F0070C2E7803FA0CF535420E
:1023D00011D03BF91250BD420ADC0AF8023001204C
:1023E00008E00000340B100068041000991F000082
:1023F0000AF80280521C641C8A42E1DBBDE8F08FBF
:102400002DE9FF5F00244FF001089A461746254644
:10241000DFF8C8944646DDF83CB02CE00AEBE50056
:1024200005F00702017806FA02F0084222D01BF8F4
:10243000040001281DD0009830F91420B9F90A00D1
:1024400082421EDA2946019815F0D0FCFF280EDAE8
:10245000401CC2B24FF000082946019815F0C8FC94
:10246000009830F814100E9820F8141001E00BF8C2
:102470000460641C6D1CBC42D0DB404604B0BDE867
:10248000F09F0E9931F91410091AA2EB000000D543
:102490004942002800DA40428142E8DC294601989E
:1024A00015F0A4FC401EC2B22946019815F0A0FC0C
:1024B000DDE72DE9FF5F00244FF0010B9146254633
:1024C000DFF818A45E463AE0039805F0070800EB31
:1024D000E50007789AF8000007280AD1DAF8180012
:1024E0000F9942004143FE4800EB8100009917F02C
:1024F00057F906FA08F0384220D00E98005D0128FE
:102500001BD0009830F91410BAF90A00814214DD8A
:102510002946019815F06AFC00280CDD4FF0000BED
:10252000102801DB103800E00020C2B229460198D3
:1025300015F05EFC01E00E980655641C6D1C4C45C0
:10254000C2DB58469AE72DE9F047002591460F4631
:1025500082462C46DFF88C83E04E33E009EBE40042
:1025600004F00701007801228A40024229D0307825
:10257000072815D1B069401E854205D1D8F8000062
:1025800090F83600400706D555B9D8F8000090F805
:102590003600400704D501222146504615F028FC9C
:1025A0002146504615F022FC012803DAF06940F07C
:1025B000040004E0FE2803DDF06940F00800F0614B
:1025C0006D1C641CBD42C9DBC2E52DE9F04F93B020
:1025D0000024254618210CA817F083F9242103A80C
:1025E00017F07FF9BD484169002900DC01248269A8
:1025F000002A00DC0125B94A81460646FF23103235
:10260000806B00F0EDFBB54AFF235032B169F06BEF
:1026100000F0E6FB0120FFF74EFDFFF7F1FCBCB137
:10262000D9F82000AD4A4E4600680CAB1032D9F8FC
:102630001410FFF7B6FE01280AD1F069012440F01A
:102640000800F0613178032902D120F00800F06120
:102650008DB1D9F82400A14A4E46006803AB503230
:10266000D9F81810FFF79DFE012804D1F069012563
:1026700040F00800F0610CB1002D7DD12646A8463F
:1026800000270DF1300B96B9CDE900B7D9F820003D
:10269000924BD9F8142000681033D9F83810FFF79E
:1026A00008FF064699F80000032800D10126B8F17A
:1026B000000F0ED103A8CDE90007D9F82410874BED
:1026C000D9F8182008685033D9F83C10FFF7F1FE0C
:1026D00080460120FFF7EFFCFFF792FC16B1B8F13E
:1026E000000F02D17F1C602FCDDBDFF8FCA1D9F8F1
:1026F0001400264641000AF5D8684C46504617F0AB
:10270000CEF8A0694100404617F0C9F85FF0000715
:10271000FFF776FC86B9CDF800A0CDE901B7206AB5
:102720006E4B626900681033A16BFFF769FE0646C5
:102730002078032800D101266DB903A8CDF80080C8
:10274000CDE90107606A654BA26900685033E16B0F
:10275000FFF756FE05460120FFF7ADFCFFF750FCE2
:1027600006B115B97F1C602FD2DBE06920F00C00A8
:10277000E0612078032800E016E006D0574A0023E5
:1027800010326169A06BFFF7DEFE544A012350321C
:10279000A169E06BFFF7D7FE012E05D1012D03D112
:1027A000E06920F40070E06113B027E62DE9FF5FD7
:1027B0004FF00108DDE90EBA0025994617462C4670
:1027C000464632E009EBE40004F00702017806FA1D
:1027D00002F0084228D01AF8040020BB21460198D4
:1027E00015F0D7FA00993D4A31F91510B2F90C20CD
:1027F00091420CDDABF17F01884214DBA0EB0B02B0
:102800002146019815F0CCFA4FF000080BE0CBF10F
:102810007F010AF80460814205DB00EB0B022146D0
:10282000019815F0BDFA6D1C641CBD42CADB404620
:1028300024E62DE9F05F002592460F4683462C469C
:10284000DFF8988001266FF07D091DE00AEBE400B7
:1028500004F00701007806FA01F2024213D0214683
:10286000584615F096FA484504DAD8F81C1041F09D
:10287000400105E07E2805DDD8F81C1041F08001FC
:10288000C8F81C106D1C641CBD42DFDBF7E52DE9A8
:10289000F04F124C9BB06169F9B100208346A069EA
:1028A00030B300208246BBF1000F02D0BAF1000F16
:1028B0007ED10E4B04AD0DCB85E80D00074A7F237A
:1028C0001032206C00F08CFA044A7F235032A16948
:1028D000606C00F085FA01200BE027E0680410002E
:1028E000AC5D0120600710007C421000AC9A010032
:1028F0001EE0FFF7E0FB0026A14604A85C4650F866
:1029000026805546182110A816F0EBFF242107A8B1
:1029100016F0E7FFD9F81C10002721F04001C9F894
:102920001C1000BFFFF76CFB24B116E00120B5E7D7
:102930000120B7E710A9CDE90081D9F82000FF4BAD
:10294000D9F814200068D9F84010FFF72FFF04468B
:1029500099F80000022800D1012475B907A9CDE932
:102960000081D9F82410F54BD9F8182008684033B5
:10297000D9F84410FFF71AFF054604B115B97F1CBA
:10298000182FCFDB761C032EB7D3D9F81C004C468A
:1029900020F0C000C9F81C0099F80000022805D0FA
:1029A0000023E64A6169206CFFF743FF012300E042
:1029B00005E0E24AA1694032606CFFF73AFF1BB0C4
:1029C0001CE570B5DD4C0026103C0546E66101288B
:1029D0005BD0022D5BD0032D5BD0012020702079CD
:1029E00060B10023D54A6169A06B00F0F9F9D34AC0
:1029F00000234032A169E06B00F0F2F9607950B138
:102A0000CE496269206C15F0D6F9CC49A2694031F3
:102A1000606C15F0D0F9E07860B10120FFF705FC9B
:102A2000E07838B16178206B00F0C8F96178606BAC
:102A300000F0C4F9207908B1FFF7C7FD012D2AD0B5
:102A4000022D2AD0032D2AD084F80060FFF7D8FA8F
:102A5000607908B1FFF71BFFB948006890F8C8011A
:102A6000800602D5E069012D1CD0FFF7C9FA012DBF
:102A70002FD0022D2FD0032D30D01021E06900F08F
:102A8000C5F9E06960B3002070BD0320A6E705200A
:102A9000A4E70720A2E7022002E0042000E00620CD
:102AA0002070D3E798B9A748014690F8F72890F826
:102AB0006F3890F871081D1891F8F93801F6F9018E
:102AC0001A44A81A00D54042C0B218440870FFF753
:102AD00097FA4021D2E74FF40071CFE70821CDE704
:102AE000012070BD70B5954D0C46103D032827D0D0
:102AF00014F0E1FC286114F0E0FC00BFC5E914010A
:102B000004218E4815F08EFC68618C480821403005
:102B100015F088FCA86104F18000A862401CE862FE
:102B2000401C2863401C68634338A8631C30C5E917
:102B30000F044038686468308534C5E9120470BDFC
:102B400014F0BDFC286114F0BCFCD7E710B57E4939
:102B50000020FFF7C7FF79487C4910380162091D42
:102B6000416277490A6892F89731C3F34003C37012
:102B70001BB1036B00221A7006E0036B92F8A421CC
:102B80001A700A6892F8A521436B1A70096891F8C7
:102B90009721C2F380030371C2F3C0024271B1F8FE
:102BA0009A21C280B1F89C210281B1F89E21428114
:102BB000B1F8A021828191F8A7114170BDE81040C1
:102BC0000020FEE610B562490320FFF78BFF5B484B
:102BD0005E49103810310162594A091D416213687B
:102BE00093F8601D11F0010484704FF0000104D0CF
:102BF000836A1970C36A197008E0846A93F86B3DA0
:102C000023701368C46A93F86C3D2370136893F8BB
:102C1000604DC4F34004C47014B1036B197006E036
:102C200093F86D1D036B1970116891F86E1D436B5D
:102C30001970116891F8602DC2F380030371C2F31B
:102C4000C0024271B1F8632DC280B1F8652D0281D6
:102C5000B1F8672D4281B1F8692D828191F8701D1C
:102C60004170BDE810400320ABE6374910B588310C
:102C70000120FFF737FF3549304820311038304AFE
:102C80004162002101614161136893F8C84114F069
:102C90000104847004D0836A1970C36A197008E053
:102CA000846A93F8D13123701368C46A93F8D231DF
:102CB0002370136893F8C841C4F34004C47014B17E
:102CC000036B197006E093F8D311036B1970116848
:102CD00091F8D411436B1970116891F8C821C2F3AF
:102CE00080030371C2F3C0024271B1F8C921C280EE
:102CF000B1F8CB210281B1F8CD214281B1F8CF21C9
:102D0000828191F8D6114170BDE81040012058E64B
:102D10002DE9F04180460124002014F0B2FE02208B
:102D200014F0AFFE0B4E5FEA48704FF000054FF015
:102D3000A50719D5FFF70AFF0EE000007804100080
:102D400060071000907701207C7F0120500B10005D
:102D5000148101206407100010F0010404D03068D1
:102D6000C57780F8205087775FEA08700BD5FFF7AA
:102D70007CFF2040040006D0306880F8225080F8A4
:102D8000235080F821703C48006890F87F0CC00701
:102D90000BD0FFF717FF2040040006D0306880F802
:102DA0002A5080F82B5080F82970022014F084FEFD
:102DB000002014F081FE2046BDE8F08102788A42AE
:102DC00001D9511A00E000210170704710B5144676
:102DD00012F028FDA04201DC012010BD002010BD32
:102DE000F0B500252C4601260DE000BF02EBE407FC
:102DF00004F0070C3F7806FA0CFE1EEA070F01D01C
:102E000003556D1C641C8D42F0DBF0BD70B50446AB
:102E10000D46C00702D083200FF0B4FDA00703D5F4
:102E2000294684200FF0AEFD600703D52946852092
:102E30000FF0A8FD200703D5294686200FF0A2FD3C
:102E4000E00503D5294687200FF09CFDA00503D59A
:102E5000294688200FF096FD600603D529468B2071
:102E60000FF090FD200605D52946BDE870408C2066
:102E70000FF088BD70BD000060071000644900209D
:102E800008606449086064490860644908606449EE
:102E9000086064490860704708B5FFF7EFFF624EAD
:102EA000002400226B463146104614F093FD009832
:102EB000810714D5FDF7A2FA564805680460FDF7AE
:102EC0009BFA15F0530F02D02846FEF76AFF15F45F
:102ED000D67F02D02846FFF71BFF022194E000288E
:102EE00007DA4FF00041002014F057FD01F019FB04
:102EF000D7E7810504D5FEF7CAFB4FF4007183E0E4
:102F0000410515D5FDF77AFA444805680460FDF7D8
:102F100073FAE80701D0FDF71DFCA80701D5FDF7FE
:102F20006DFC680701D5FDF72CFC4FF480616BE068
:102F300001060AD5FDF762FA39480568FDF75CFA23
:102F40002846FEF752FA80215EE0C10404D5FEF760
:102F5000F3FF4FF4805157E0010504D5FFF705F862
:102F60004FF4006150E041020DD5FDF747FA2D48BE
:102F700005780460FDF740FAE80701D0FEF787FB0B
:102F80004FF4800140E0C1050CD5FDF737FA204928
:102F90000D680C60FDF730FA2846FDF728FB4FF46A
:102FA000807131E081000CD5FDF728FA1F480568D3
:102FB0000460FDF721FA2846FEF748FA4FF0005169
:102FC00022E041000BD5FDF719FA19480568FDF715
:102FD00013FA284610F08EFB4FF0804114E00101F7
:102FE00004D5FDF7B4FE4FF000610DE040017FF520
:102FF0007FAFFDF703FA0F480578FDF7FDF9E8B25A
:1030000010F0CCFA4FF08061002014F0C6FC48E7C5
:103010008C0710009007100094071000980710000C
:103020009C071000A0071000839FF0FCA40710006D
:10303000F00710002808100030B5424801684248E7
:10304000026892EA01037BD0404C8D07246811D5B9
:1030500094F8AA53ED0702D042F002020260CA05BA
:103060000BD594F87F2CD20710D0026842F48072FE
:1030700002600BE022F00202F0E7026822F48072A4
:103080000260DA0502D5324B01221A70CA030268C7
:1030900002D542F4803201E022F4803202604A0319
:1030A000026802D542F4802201E022F4802202600C
:1030B0004A07026802D542F0040201E022F004024D
:1030C00002604A04026802D542F4804201E022F420
:1030D000804202608A04026802D542F4005201E094
:1030E00022F4005202600A04026802D542F400424F
:1030F00001E022F4004202608A03026802D542F431
:10310000003201E022F4003202600A03026802D5B4
:1031100042F4002201E022F4002202608A020268E6
:1031200003D542F4001202E00AE022F40012026029
:10313000C90202D542F4801101E022F4801101603D
:1031400030BD0000B0071000EC0410006007100054
:103150007D0710002DE9F041F44D10202226F44C9B
:10316000E969012741B184F83000F248202220614A
:1031700016F016FB84F83870296A002909D0ED484A
:1031800084F831602C304422606116F009FB84F829
:103190003770BDE8F0812DE9F041E54C1020E34D9A
:1031A00084F83000222084F83100E3484FF4087698
:1031B0000027007884F83300E0482060E87B84F83A
:1031C0002D00A87B84F8390095F8270084F83A0090
:1031D000DB484FEA4608E0630EE03A463146A8680D
:1031E00011F0D9F90146226806FB07F002EB400016
:1031F000424616F0D5FA7F1C94F82D00B842ECDC5C
:1032000094F83A00012808D194F83030EA7B9B1CEE
:10321000CB485A43A96A16F0C3FACA48CA4900788B
:10322000097808434007B4D5C949C84860600968AF
:1032300091F8191289074A0F94F83110921C4A43E9
:103240006969BDE8F04116F0ABBAA2E72DE9F04795
:10325000BC48DFF8F48200270568D8F80000054371
:10326000012014F00EFC4C21B14816F03AFBDFF8B7
:10327000E092AE4EAE4CE80717D0FFF78CFFE806A1
:1032800001D5FFF767FF28050ED5D9F80000316B8F
:1032900090F85E2D41B1A74852007030606496F8F6
:1032A00035305A4316F07CFA0127AA480078800688
:1032B00012D5E80610D5FFF74DFF1023A64A9D4909
:1032C000A64812F058FA9B492223A54A2C31A5485A
:1032D00012F051FA0DF03AFCA3480068C4E9070562
:1032E000D8F8001061627168A162A049097884F879
:1032F0002C10E9070AD0E90608D5D9F8001091F892
:103300007C12C90702D040F01000E061012014F0E7
:10331000D3FB002F05D0BDE8F0470121022014F0B7
:1033200010BBBDE8F0872DE9FE4F894F386890F853
:103330008E1DC9077ED090F87F0CC0077AD08A48CE
:103340000088C00576D5DFF824A29AF80000062888
:1033500070D18848864D884E0078DFF8D0912C4691
:1033600058B1D9E9070101F01DFB00BFB6F9000013
:10337000002805DD401E30806EE000203080F5E73B
:1033800002217E480CF00AFF02217D480CF006FF66
:10339000DFF8E8812021D8F8000016F080FADFF885
:1033A000E0B14421DBF8000016F079FA6A4BD8F856
:1033B000002000204E4633F810C0F16931F810109B
:1033C000ACEB010109B222F81010A94200DD0D4654
:1033D000401C1028EFDBDFF88891DBF8002000208C
:1033E000316A31F810C039F81010A1EB0C0109B2A4
:1033F00022F81010A14200DD0C46401C2228EFDB11
:1034000039686048B1F89A1D0078A14202DDA942EE
:1034100000DD0020CDE900205D46306B54469AF86F
:1034200000205949D8F8003001F028FE316A2A6896
:10343000009200E030E0CDE9011000220121207867
:10344000D8F8003002F0EAFA02214C480CF009FFEB
:1034500002214B480CF005FF3B48008800051BD5B6
:103460004A494B4A002009781278114300D00120C4
:103470004849B1F90030396891F8752D0092CDE9CD
:103480000130454891F8763D3F49B0F90020434866
:10349000B0F900000BF0B1FDBDE8FE8F2DE9F04161
:1034A0002B4F3F4C4FF00005386890F88A01C00759
:1034B00023D03C4E307800B300F092FC01462068E7
:1034C00008442060327812B13A68D2F88B71A04675
:1034D000B84211D315200FF06FFD4FF0005414F8CF
:1034E000247F207840F0020020700A20FCF788FF3B
:1034F00027703570C8F800504BE6256049E62A4829
:1035000010B50078002810D11848007808280CD091
:10351000FFF7C4FF054890F84010C06B01F0BDFAFA
:10352000FFF794FEBDE81040FDE610BD800B1000D3
:103530005C531000B8160120FC041000B8060120EE
:1035400000190120F4041000F8041000F017012005
:1035500060071000B40710000C750120B61C012094
:1035600038750120E21C0120EC041000E404100076
:103570000080FFFF8607100082071000440610003D
:103580004C061000DD0610007C7501202B05100094
:103590002A051000021A0120061A0120FE19012036
:1035A000F8071000FC071000E504100070B546484D
:1035B000464D0478286890F87F1CC90707D0444915
:1035C0000988C90503D5434A90F8A11C517090F8A9
:1035D0000707C00703D100F0ABF801F062F8052C33
:1035E0005FD0062C5DD0286890F8B000800603D527
:1035F00000F064FE00F077FF286890F80707C00726
:1036000002D000F0DAFC01E000F092F801F049F895
:10361000286890F80717490707D490F8EB002E495F
:10362000C0F3810008700CF0D2FE2C4C00262660FE
:1036300006F0F4FD286890F88710CA0601D502222A
:1036400000E00422226090F87C22D20703D0226896
:1036500042F00802226090F80707820708D5C906E1
:10366000216802D521F0020101E021F0040121606E
:10367000800603D5206820F00800206018480178F3
:10368000012902D1067017480670012105200FF0AC
:1036900093FC206898B14FF48071002014F051F928
:1036A0000DE0286890F80707C00708D000F0F9FF80
:1036B00006F081FD08B900F0D7FF00F07EFCBDE800
:1036C0007040002000F05BBCE404100060071000B4
:1036D000EC0410000A1A0120B80710008C07100033
:1036E000400510004105100001460020C90707D021
:1036F00082490320096891F87C12C90700D00B2089
:10370000704710B5040012D0012105200FF054FCC1
:10371000FCF774FE7A48016821430160FCF76CFEF7
:10372000BDE810404FF48071002014F00AB910BDBC
:10373000724810B5006890F8B000800601D500F01E
:10374000D2FE01F038FB0221012014F026F90120FD
:1037500014F097F96B49012081F82C0014F0ACF9B2
:10376000BDE8104000F0B6BF70B5644D286890F811
:103770000707C00702D000F020FC01E0FFF7D8FFE8
:1037800000F080FF6048017809B9032101702868C2
:1037900090F8B000800601D500F08EFE5B4800680E
:1037A000FFF7A2FF044606F039FD594801684803B7
:1037B00016D52868574A594BB0F85B071080564811
:1037C0000122027000201870554B1870554B18607C
:1037D000554B1860554802705548007800B10024D8
:1037E000480700D50024C80500D500242046FFF76F
:1037F00088FFBDE87040002000F0C1BB10B5C007D5
:103800001AD03E480324006890F87C02C00700D01C
:103810000B24FCF7F3FD3A48016821430160FCF7F3
:10382000EBFD012105200FF0C7FBBDE810404FF470
:103830008071002014F085B810BD10B5C00717D0F6
:103840002E48006890F8E901010601D440060FD522
:10385000FCF7D4FD3748016841F008010160FCF72E
:10386000CBFDBDE810404FF48001002014F069B892
:1038700010BD70B53048254E0568306890EA0504E3
:1038800030D055B160B104EA05000446FFF7D5FF1A
:103890002046FFF7B3FF356070BDFFF749FFFAE739
:1038A00001F089FA0221012014F077F8134800682A
:1038B00090F8B000800605D500F000FD00F013FE82
:1038C00000F0FAFD00F084FA00F0FCFE2C402046E7
:1038D000FFF7B3FF2046FFF791FF00F0D3FE00F0A3
:1038E00057FAD8E7002DD7D114480078052801D021
:1038F0000628D1D13560BDE8704019E76007100097
:103900008C0710005C5310007F071000E8041000C3
:10391000EC0410006A0710006D0710006E0710001D
:103920006F07100074071000780710006807100078
:103930006C071000A0071000AC071000E404100092
:10394000FE4A30B413684FF0000413F43C6F42D0C9
:103950000C60012101601368F948FA495C0605D53D
:10396000006890F81A02487130BC70471C060AD5EE
:10397000006890F81B424C7190F81942A407F3D1EB
:1039800023F080031CE0DC050CD5006890F81C4295
:103990004C7190F8194204F00304022CE4D223F491
:1039A00080730DE09C05DFD5006890F81D424C71D6
:1039B00090F8194204F00304032CD5D223F40073C9
:1039C00043F04003136090F81A024871002130BCA4
:1039D00038200EF0D7BF9A06C6D50C6010210160C2
:1039E000C2E72DE9F041D64800242246006890F84D
:1039F0004410C90748D0D4490B78022B25D0042B9A
:103A000003D0052B1ED0062B1CD090F84550CF4874
:103A100000210768CE480668761CF7B1CD4F3F8875
:103A2000FF051AD5052B18D00E460160AE422BDDDE
:103A3000C94D2E789EB101602970052B15D0062B3B
:103A40001CD013E090F84750E1E790F8465090F80A
:103A50009300C006DBD50122D9E70660E6E712B184
:103A600001202870E9E70160E7E7112400F0BBFAC4
:103A700040EA040500F0BDFA40EA050401F0C4FF85
:103A800010B900F0C4FA04432046BDE8F0812DE9E6
:103A9000F0470446002713F061FCFFF7A2FFA84B94
:103AA0000546DFF8B0C21968B9464FF0010691F833
:103AB0008E0DC00718D091F87F0CC00714D0BCF849
:103AC0000000C00510D5A548DFF89482A54A80F80B
:103AD000009088F800901278920600D50670A24AED
:103AE000128812B1007800B1012791F87F0C47F0DD
:103AF00010079A46C00705D0BCF80000C00501D5E4
:103B000047F4006745EA07085FEAC87008D091F8F3
:103B10008700C00602D500F097FA00E00720207168
:103B2000F80610D5A67184F80E90DAF8000090F827
:103B30003401B6EB901F01D1A67304E00221B1EB72
:103B4000901F00D1A1735FEA085000D5E672874844
:103B5000056087480760BDE8F0872DE9FC41002734
:103B600004460197009713F0F9FB754E794D3068C4
:103B700090F87F0CC00702D02888C00502D42878AE
:103B8000400702D5FFF72DFF019000F02CFA0099B5
:103B90000843009000F02DFA00990843009000F0CF
:103BA00045FA009908430090316891F87F1CC907D5
:103BB00005D02988C90502D540F40060009001A90C
:103BC0006846FFF7BDFEDDE900050543E80702D0C2
:103BD00000F03AFA207169074FF0010000D56071DA
:103BE000E9061DD5316891F8372192060AD591F87A
:103BF000492112F00C0F05D0524A527812B10A2214
:103C0000A27100E0A071A77391F83411B0EB911F7D
:103C100001D1A07304E00222B2EB911F00D1A27384
:103C2000290500D5E0725149019808605049009873
:103C30000860BDE8FC8110B501464C224D4815F0E6
:103C4000F4FD0121BDE81040084613F07ABE38B5F6
:103C500000240EF01BFA00B101246946042013F081
:103C6000AAFE009800B10124204638BD70B5344D3D
:103C7000801E072829681DD2DFE800F004070A1417
:103C8000171C1A0091F88D4015E091F88C4012E055
:103C900091F8884001F096F803280CD1286890F834
:103CA0008B4008E091F88E4005E091F88F4002E0EB
:103CB0000A2400E001242868012690F88700000704
:103CC00000D50A26FFF7C3FF012809D1296814206F
:103CD00091F88710090700D5C820844200D2044615
:103CE000B44200D23446204670BD70B5224D2878CB
:103CF0000A280DD9214E224C30782178884202D0F2
:103D000011200FF059F920783070002020702870B1
:103D1000C0B2401C287070BD0949024600200B68E3
:103D200093F84410C90732D00749097802292ED1E7
:103D3000074993F84630012A096823E0B4071000C8
:103D400060071000B8071000E40410001C05100004
:103D5000C0041000EC041000E504100086071000F9
:103D60008507100070DB012082071000F8041000A6
:103D7000F4041000800B10007C0710007D07100079
:103D80007E07100000D1491C994200D101207047E4
:103D900010B501F010F8FE48006890F8B0008106F8
:103DA00012D5000601D5FFF7A0FF00F002FC00F0DD
:103DB00024FC012802D1C107002001E002210120DA
:103DC000BDE8104013F0BDBDF24900200870F5E7D2
:103DD000F149002008607047EF49002008607047F3
:103DE00010B500F00AFCED49012804D10878042838
:103DF00007D0022805D00878FFF738FF0446204690
:103E000010BDE748007802280BD001280BD04924C8
:103E100000F0D8FF0328F2D1DD48006890F88B400D
:103E2000EDE75024EBE73224E9E72DE9F047DFF82E
:103E30007493DFF85C83DC4DD9F80000DB4E40035F
:103E40004FF0000435D5FFF7CBFFD9490978052994
:103E500005D0062903D02978012903D02BE00120C1
:103E6000287028E0D8F80020D24BB2F85F1701EB99
:103E700081071968B1EB470F04DA01441960317802
:103E800011B118E02C703470CB49CC4F0B68B7F8E7
:103E900000C0634502DA184408600CE0C8480378A3
:103EA0002BB1B2F85D273A8004700C6003E02C70EF
:103EB00001E02C703470D8F8000090F87F0CC00737
:103EC00006D0C049D9F80000084201D02C703470E7
:103ED00041E638B5FFF7A9FFAD4C206890F8B00077
:103EE00080060ED500F089FB01280AD1062013F0C8
:103EF000C8FD00F054FB0546062013F0DDFD002D43
:103F00003CD0002013F0BDFDA94DAF4928780870C2
:103F1000AE48006810B100F058FC01E000F0E1FB91
:103F20002878FFF7A3FE0546206890F8B0008006C9
:103F300003D500F062FB012804D0AFF2AB11284694
:103F400000F01FFF284600F08DF801280ED1012156
:103F50006B460022084613F03DFD0121084613F090
:103F60001CFD9B48007830B10EF01BFDBDE83840C9
:103F7000002013F0A1BDFFF7C2FAF7E738BD10B576
:103F8000044600F018FF8248006890F8B0008006F0
:103F900003D500F032FB012802D00221012008E005
:103FA000012C03D10221012013F0CBFC4FF0004182
:103FB0000020BDE8104013F0C4BC10B500F0FBFEBB
:103FC0007348006890F8B000800609D500F015FB32
:103FD00030B14FF000410020BDE8104013F0DDBCCF
:103FE00002210120F8E77B480078C00700D00120BB
:103FF000704778480078C00707D06548006890F897
:104000007C02C00701D01020704700207047604834
:10401000006890F87F0CC00706D062480088C00591
:1040200002D54FF40060704700207047694800785F
:10403000C00707D05648006890F81802C00701D0A2
:10404000042070470020704751490120096891F809
:10405000E710090603D56048407808B1032070478F
:1040600002207047524810B5007886B0801E07289D
:1040700022D2DFE800F00804210C10211400684669
:1040800000F0DDF81BE0684600F065F817E06846D0
:1040900000F020F813E06846FFF7F9FC0FE06846EF
:1040A000002413F05BF901200D218DF804104B4919
:1040B0000C604B49086002E06846FFF74EFD494836
:1040C0000090684613F080F94349474A49791170D6
:1040D00006B010BD2DE9F0410446002513F03EF96D
:1040E000FFF77FFC060000D14025294F386890F883
:1040F0007F1CC90707D02B490988C90503D5F106DC
:1041000001D545F40065F10708D090F88700C00696
:1041100002D5FFF799FF00E007202071F1064FF06C
:1041200001000DD5A071396891F83411B0EB911FE1
:1041300001D1A07304E00222B2EB911F00D1A2735F
:10414000690600D52072290500D5E0722348066073
:104150002348056099E42DE9F0410646002513F057
:10416000FDF8FFF73EFC04461A480178A143C80752
:1041700002D0E00600D44025DFF81480012734B1D6
:10418000D8F8000090F89300000732D52EE031E017
:10419000600710007D071000C0041000D00610005A
:1041A000C4041000EC041000680710006C07100035
:1041B000E404100078071000740710006A0710006C
:1041C0006D07100000010100F0041000B40710009A
:1041D000800B1000E8041000B8071000F80410006D
:1041E000F4041000E73B0000FC041000FFF71EFF82
:1041F0000543B77444EA0500C00702D0FFF724FF67
:104200003071680700D57771E00610D50220B071D3
:104210000021B173D8F8001091F83411B7EB911F59
:1042200001D1B77303E0B0EB911F00D1B073680602
:1042300000D537721D4804601D48056025E42DE94E
:10424000F041074613F08AF8FFF7CBFB0546FFF76E
:10425000CAFE0446FFF7CDFE40EA0406FFF7E6FE7D
:1042600040EA06041348006890F87F0CC00705D0A8
:1042700011480088C00501D544F4006445EA0406ED
:10428000F00702D0FFF7E0FE387161074FF0010040
:1042900000D57871F10600D5B871310500D5F872F6
:1042A000024805600248046054E70000F80410006A
:1042B000F404100060071000EC04100070B5062034
:1042C00013F0DFFBD44C00250620657013F0F4FBDF
:1042D000A560E570A570BDE8704014F063BF70B5CF
:1042E000CE4E0D4601463068CB4A90F8B240D278A7
:1042F000012A2BD1042902D002290FD026E0012D5A
:1043000002D0022D05D021E090F8B50003E004466C
:104310001CE090F8BA000028F9D117E0012D02D076
:10432000022D03D004E090F8B74001E090F8BC40C3
:104330000120FFF7F1FC012808D1012D08D03068D9
:10434000022D09D090F8B400201AC4B2204670BDE6
:10435000306890F8B900F7E790F8BE00F4E770B560
:10436000AE4E0246AC4D3068042A90F8B34005D0FA
:104370002978022918D0012919D01AE0A1F10A02DE
:10438000022A05D890F8B62012B11446012009E09F
:10439000C91F022905D890F8BB0010B104460220BD
:1043A00000E00020287013E090F8BD4001E090F894
:1043B000B8400020FFF7B0FC012809D12878022876
:1043C00008D00128306809D090F8B400201AC4B28F
:1043D000204670BD306890F8BE00F7E790F8B9004D
:1043E000F4E770B58D4E306890F8B24014F0DAFE04
:1043F000894DE878012817D1306890F8B000400660
:1044000005D5874829780078FFF769FF04462878A2
:10441000022803D183480088000405D50220E870F3
:104420008149204614F09BFEBDE870400221012026
:1044300013F087BA2DE9F04178484FF00107006882
:1044400090F8B38090F8B000810601D577490F70DD
:10445000714EB17800292DD0810622D5704D4006CD
:104460001DD52878042801D0002115E014F001FEA4
:10447000044614F003FE0021C82014F0DDFD44F6CC
:104480002060001B4FF47A7190FBF1F081B2A4F52B
:104490007F40FF3803D02878FFF761FF80462878F7
:1044A000307114F07FFEF7704046BDE8F0415E4980
:1044B00014F055BEBDE8F08110B514F073FE0B206A
:1044C00000F09EF84FF0E0214FF400600024C1F8A6
:1044D0000001062013F0D5FA4F484470BDE81040A3
:1044E000062013F0E9BA70B54FF0E0214FF40060F8
:1044F0000025C1F880010B2000F082F814F052FE74
:10450000062013F0BEFA444C06206570A57013F027
:10451000D3FAA560BDE870404FF00041002013F0D1
:104520003CBA2DE9F0413D484149006890F88800C7
:1045300000F027FC062013F0A4FA374C062065781B
:1045400013F0BAFA002645B1FFF781FB28B1062027
:1045500013F097FA0320A06013E0A0680028A9D107
:10456000062013F08EFA01276770062013F0A4FAD4
:10457000A06840B1401EA060012D9BD1062013F021
:1045800080FA667005E0002D94D1062013F079FAC8
:104590006770BDE8F041062013F08EBA8AE71E4925
:1045A000886820B1401E886001D101204870487899
:1045B000704770B5194D0024286890F8B000810646
:1045C0001748007807D51B49097821B1042801D084
:1045D000022800D1012408280BD000F0F3FB0328A7
:1045E00007D01548407828B1286890F8E700000601
:1045F00000D500240848847070BD07488078704753
:1046000000F01F02012191404009800000F1E020EC
:10461000C0F8801270470000C4041000600710004A
:10462000E4041000EC041000934300007E07100027
:10463000413D00007D071000B807100070B500F084
:10464000D6FA05460CF09DFA40EA050400F0BAFBE4
:1046500010B96E48007800B101246D480078400719
:1046600000D50124204670BD6A49002008707047BB
:1046700010B500F0C2FA6749002048606649022080
:10468000087010BD10B500F0B8FA6249002048600B
:104690006149042008706149012008706049087070
:1046A00010BD10B500F0A3FA5A49087000F0A5FA41
:1046B000594C0520207000F085FB032801D106200D
:1046C000207010BD534900204860704751490020B8
:1046D000486070474F49002048604F4901200870EA
:1046E00070472DE9F0414C4E4A4C3078022820D0DA
:1046F00000274C4D042804D0052828D0062859D17D
:104700003BE0FFF79BFF012846D06068401C6060DB
:1047100000F074F801284DD12868616890F8910084
:10472000401C00EB8000B1EB400F43D9FFF7A0FF26
:1047300040E0FFF783FF012806D06068401C6060FE
:1047400000F05CF8012835D0FFF79CFF32E000F064
:104750004EFA05460CF015FA054300F033FB03282A
:1047600004D00DB1207818B1257023E00125F9E7B8
:1047700025700620676030701CE00CF002FA58B912
:1047800000F020FB032807D06068401C606000F048
:1047900035F8012802D00DE067600BE028686168F9
:1047A00090F89200401C00EB8000B1EB400F01D963
:1047B000FFF777FF16480088C00404D53078BDE8BD
:1047C000F0410DF0C1BBBDE8F08100F4787151EA11
:1047D000C072114901D0042002E0420702D5022034
:1047E00008707047020701D50520F9E7C20601D518
:1047F0000620F5E70005F4D50820F1E70948006830
:1048000090F88700C00700D0012070476C071000A7
:10481000EC041000D0041000E4041000BE071000E7
:10482000BF0710006007100070B500240476012354
:1048300003704470FF4A8370C4701268B2F82B533F
:104840008580B2F82B53C580B2F82F534581FA4DBD
:104850002D784DB1B2F82D538580B2F82D53C58017
:10486000B2F83B53458109E0F44D2D7E35B1B2F8E5
:104870008D538580B2F88F5345810376B2F82D535E
:104880000581B2F83B538581ED4D2D78052D09D179
:10489000B2F828534581B2F82853B2F83B63B542C9
:1048A00000D9858192F833538573C37392F83453DA
:1048B000057492F83453C57492F81753057592F83D
:1048C00041534575847592F83223C27543748174DF
:1048D00070BD2DE9F04F1746924683460E460A46B4
:1048E00093B00120002114F0F2FEB0F1010841F173
:1048F000FF39314602A8FFF797FFD24C00252079F7
:1049000040B97F2332465946CF48009710F05AFFEE
:10491000AA466570CC4A3346594602F1880010F029
:104920002AFFC448006890F82A03000600D5C7B1E2
:104930006570C749A570E5700978C4488E4200D1FA
:10494000C448C14974002246883114F029FFBE488A
:1049500022465946443014F023FF13B05046BDE8B8
:10496000F08F6078CDE90C05A078CDE90E05E078F0
:10497000CDE910050CA80B900EA8099010A8B2491B
:104980000A90883102AA0846CDE900890AF0DAFDCA
:104990000B980078607009980078A0700A980078E9
:1049A000E070DAE72DE9F05F002974D0002872D0BA
:1049B0000025A94AAA46A946AB462226127801F04C
:1049C0009DFE9C4AAE46DFF894821368714661F3FF
:1049D0000704B3F88FCDA24A404661F30F2400BF0D
:1049E00032F91170674506DD874204DD384661F310
:1049F00007044FF00109491CB142F1DB994F102621
:104A0000584600BF37F91010614508DD32F9101023
:104A1000414504DD884660F30F244FF0010A401C35
:104A2000B042EFDBBAF1000F11D0B9F1000F0ED098
:104A300093F8910D0125E1B2814207D3202905D8D1
:104A4000C4F30721814201D30E2900D90025864AEB
:104A50008648874E117801708648012435B114705C
:104A600071B9B3F8921D0180347009E082F800E05A
:104A700061B1317821B1018811B1B3F8941D018081
:104A800000F099F90221012012F05BFF72480470D6
:104A9000794880F84840BDE8F09F2DE9F05F0600B6
:104AA00073D0684C0025664FE571AA463878A94650
:104AB0004FF00108022803D0032801D005287CD13B
:104AC000DFF870B1DBF8001091F80717C90708D0BC
:104AD000052806D1A07920B105F098FB08B184F82B
:104AE0000480B4F908503046A2792946FFF7F1FE58
:104AF000A071DBF8000090F89300800704D53046E1
:104B0000294600F084F88246DBF800304B484E4ED0
:104B1000B3F995208836007E002108B1B3F91A2137
:104B200000200CE036F910C0944506DD93F894C0DF
:104B3000491C8C4501DC454604E0401CC0B2A8423B
:104B4000F0DB4D46387805280BD13DB905F05EFB0A
:104B500020B105F05BFBFFF787FD2EE060790128AF
:104B600009D055B33878022810D003280ED025B3C9
:104B7000052815D028E084F8059084F80490FFF704
:104B800073FD05F047FB0125ECE72FE03B4825715D
:104B900084F807800068C0B90120FFF7F0F914E03D
:104BA000207968B9BAF1000F0AD1257100F003F934
:104BB0000221012012F0C5FE07E03878052803D154
:104BC00014F05EFF01280ED025712D480088C00426
:104BD0000CD53878052809D12079002806D1BDE800
:104BE000F05F0DF0B6B884F80480D5E753E71548B8
:104BF000007970471349487170471248002101221B
:104C0000017082712222028101717047F5E72DE95E
:104C1000F041084C07460E462068002590F89B207E
:104C20000948883010F089FD02000648294658D00E
:104C3000012527E060071000730610006838100097
:104C4000E4041000D804100030190120B62C012013
:104C5000D10610008A2C0120850710000080FFFF7C
:104C6000521D0120261D0120870710008807100013
:104C700084071000820710005C531000B407100076
:104C8000EC0410000278521CD2B20270236893F830
:104C90009C30934226D20170760032463946134842
:104CA00014F07EFD114832463946443014F078FD48
:104CB0002068032690F87C02C00700D00B26FBF783
:104CC0009DFB0B48016831430160FBF795FB2021F8
:104CD00005200EF071F94FF48071002012F031FEC2
:104CE00000E001702846BDE8F08100003019012085
:104CF0008C071000314C08B5002060600121A060D5
:104D000021706070FFF782FFFFF766F8FFF7DEFCA7
:104D10002B48006890F80807C00703D0A06840F44B
:104D20008050A0606B460022DE21012012F052FE6E
:104D30000098410703D5FEF79CFD04211DE0010703
:104D400003D5FEF779F9082117E0C10603D5FEF770
:104D50002DFC102111E0410601D540210DE0810715
:104D600006D50221012012F018FEFFF7B2F8D9E7AC
:104D70000006D7D5FEF7F8FC8021012012F00DFEC9
:104D8000D0E702460E4830B400684FF6FF7390F843
:104D90008700040702EB820003EA400008D5074BB6
:104DA0001B78052B04D0062B02D00A2A00DB90B218
:104DB00030BC14F01FBA14F040BA0000E404100034
:104DC00060071000FE4800787047FD49012801D0B7
:104DD000032800D1087070472DE9F04F0646F948C6
:104DE00099B0002500680C464FF0010890F8530D6B
:104DF000A946401CC7B24FF6FF7017904FF0004B0A
:104E00006FF0004A1695159550211495684614F0D8
:104E100068FD00206A46A4EB080310E004FB00F1E3
:104E200006EB410E169907E052F820803EF911C0BA
:104E3000491CC44442F820C08B42F5DC401CB842F7
:104E4000ECDB00200DE000BF5DF82010594502DDCD
:104E5000C2B28B461592514502DA8A46C1B214910C
:104E6000401CB842F0DB15984FF0010B0BFA00F232
:104E700017989043149A0BFA02F120EA010A502184
:104E8000684614F02EFD47F6FF7800226FEA080E00
:104E900023E000BF0BFA02F010EA0A0F1CD000203A
:104EA000694613E004FB020C51F8203036F91CC0AF
:104EB000634441F82030B3F5004F02DB41F8208015
:104EC00003E0734501DA41F820E0401CA042E9DB31
:104ED00009F1010000F0FF09521CBA42DADB0020A0
:104EE000694606E051F8203093FBF9F226F81020CD
:104EF000401CA042F6DBB3480023002C006890F869
:104F0000932C184616DD4FF40047714690420EDC94
:104F100036F910C06544BD4204DB454607E09842BF
:104F2000F4DA04E08D4201DA0D4600E02DB2401CB7
:104F3000A042F4DB19B02846BDE8F08FF0B54B1E57
:104F4000A14C10E000220BE004EB420734F91250B0
:104F5000B7F90260B54202DD24F812607D80521C70
:104F60009A42F1DB5B1E8342ECDC01EBD170411015
:104F70009448006890F8712DA1EB5200C0B211184E
:104F8000CBB2002104E000BF34F91050401C29448A
:104F90009842F9DB91FBF2F000B2F0BD10B5282188
:104FA0008A4814F07CFC864800218181C1810182FD
:104FB000417010BDF0B5824A4FF0000C6546B2F961
:104FC0000C606446674620F816109189491C09B2A6
:104FD0009181142900DB97815178DFF8E8E111B164
:104FE00001291CD048E0D169012945D95FF00001B1
:104FF00030F911301D4400EB4103491CB3F9143062
:105000000A291C44F4D3281B00D54042DEF80010C6
:10501000B1F8281D88422FDD012050702CE047F6A2
:10502000FF76F4435FF0000530F91510B14200DA65
:105030000E46A14200DD0C466D1C142DF4D3DEF8A3
:105040000000A11BB0F82A5DA94214DAB0F8301DA7
:10505000A14210DDB0F8321D99420CDDD189491C06
:1050600009B2D18190F82C0D884205DAD7815770AA
:105070004FF0010C00E0D7816046F0BD2DE9FF4FF5
:1050800091B09B4617460E460320DDF87C8012F057
:10509000F8FC4C484FF0000AADF834A00168DFF886
:1050A0002091554691F8730D020900F00F040C92FF
:1050B00091F85E0D0690B9F91400002816DC99F8F5
:1050C00006204846002A79D1B8F1000F77D191F82F
:1050D0007C1D8182A6F800A080F805A03C49C18211
:1050E000490C0183B9F91400002875DDB8F1000FEF
:1050F00012D0344899F805300268484692F88D1D60
:10510000994209D8417192F87C2D511A8182304917
:10511000C182490CA9F81810042F01D0022F5BD1CD
:1051200006991198FFF758FE274B99F80520494634
:1051300023F81200B9F91630984200DDC882B1F99F
:105140001830984200DA0883DFF878C0DCF80000F5
:1051500090F87C3DA3F10108904551D190F88D0D58
:105160001946FFF7EBFEB6F90010091A00D54942BF
:10517000154A283A5183B6F90010091A00D5494258
:10518000104A1268B2F8962C914236DD3080002227
:10519000C84699F80510A2200EF0D3F80D480A4928
:1051A00001223C390270A1F802A0A1F80AA0A1F8DE
:1051B00006A0A1F804A0A1F808A00EE047E085E051
:1051C00000051000600710003A1A0120661B01203C
:1051D0000080FFFFC007100036E0FE48006890F82E
:1051E000730D00F00F03A8F808300109A8F80A10A1
:1051F00098F8060008B188F8062089F805A016E09E
:105200008C46897999B990F88D1D481E90420ED12F
:105210000020FFF793FEF0493080012008708CF8E1
:10522000060000229CF80510A1200EF08AF8B9F8BB
:105230001410EA48491EA9F8141099F80510491CE1
:10524000C9B289F80510018399F80600F0B3E24964
:105250000020DFF888A30A7805920870DD49AAF1DA
:10526000140A0968B1F87D2DBAF906108A4202DAEB
:10527000042401210C91B9F908204946A24205DA1B
:10528000B1F90A300C9A934200DA0120059A0C8198
:105290000C99A9F80A1040EA020806991198FFF73C
:1052A0009BFDADF83400CD48234601220DA91438EA
:1052B000CDF8008010F06CFAC848B6F90010143828
:1052C000B0F90000081AB0F5004F00E005E01FDB60
:1052D000C24947F6FF70143921E0BF49BD4881F843
:1052E00000A0BE491439A1F802A0A1F80AA0A1F8B3
:1052F00006A0A1F804A0A1F808A0006890F8731D0A
:1053000001F00F02A9F808200909A9F80A10EAE03B
:10531000B249B34A1439904201DA4A8000E0488029
:10532000AC48016891F8720D80077CD5AD48DFF874
:10533000B8A2026802929AF80000C0EB001302EBD8
:1053400043020B92B1F9853D0993FF230893002393
:10535000ADF818301C46430884460A9311E01E9AA3
:10536000B1F8873D32F910209A420ADDAA4200DDE9
:105370001546224447F6FF739A4200DA14B2C2B2CD
:105380000892401EEBD291F836006146400713D4D4
:10539000029810F030FA8246934801780B9810F08A
:1053A0002AFA062F03D1BBF900A0BBF91E000A9A06
:1053B0000899914213D343E00B9810F01CFA8246EF
:1053C00089480178029810F016FA062F03D1BBF92C
:1053D0001EA0BBF900000A9A0899914230D97D4974
:1053E0000968B1F8872DAA420DDAB1F8892D524526
:1053F00001DB824207DA91F88B0D6043642290FB57
:10540000F2F0ADF81800B1F9770D0990BDF9181058
:105410000998814201DDADF8180070480F23012280
:1054200006A90A3800E01EE0CDF8008010F0B0F9BF
:105430006A48143842884189521A4280818016E0B5
:1054400064480068B0F8871DA942DFDAB0F8892DFA
:105450005245DBDAB0F8790D6043642190FBF1F03E
:10546000ADF81800D2E75D490020143988805B4C04
:10547000DFF860A1143CB4F90210E180DAF8000012
:1054800090F88E0D800712D52B46B4F9042004F550
:10549000B470FFF78FFD50B10025E5802088308083
:1054A000282104F5B47014F0FAF9A9F80C50062F6D
:1054B0000AD1B4F90200002806DDDAF8001091F8EC
:1054C0002F1D401A6080E080059818B1FFF766FD37
:1054D0000020E0804149CDF800800E390122881C6F
:1054E0000C9B10F055F93D48BDF834104C46018036
:1054F000A0F114010A884280328882804A88C280E2
:105500008A880281B9F81420428199F805208281A5
:105510000989C181032012F0CFFAA07915B00BE5FB
:1055200000233AB102788A4202D2521C027003E090
:10553000012301E000210170184670470843274B02
:1055400030B41043A3F105032849A3F1030218D096
:10555000204C1879246894F8A25CA84203D2401C1D
:10556000187130BC7047C86940F00800C86194F8F1
:10557000A30C507088780428F3D00420887001466A
:1055800013E000241C7150780028EAD08B78052B9A
:10559000E7D0002BE5D0401E10F0FF005070E0D1A6
:1055A00005208870CC610C71014630BC6A200DF07A
:1055B00009BD2DE9F05F9346064A8A460025116829
:1055C00040EA0A032E4691F89FCC91F8A07C53EA5A
:1055D0000B030DE060071000C0071000121A012035
:1055E0000080FFFFF4061000D20610000005100036
:1055F000DFF8F483FD4C29D023792BB10CF10A0C90
:105600007F1D0CF0FF0CFFB291460246F64891F860
:105610009E1CC01CFFF784FF08B101252E46614681
:10562000DFF8C4C352460CF1030C0CF10100FFF784
:1056300077FF08B102252E465A4639460CF1020082
:10564000FFF76EFF10B30325042621E0E6480C386F
:105650000021C0F80F10C17498F801205AB1A37846
:10566000002B27D0521E12F0FF0288F8012021D112
:10567000A570E16108E0A278052A1BD1E269002A41
:1056800018D188F80110A17021710EE0002D11D001
:10569000D9F8000090F8A11C88F80110E0693042A8
:1056A00008D1A57030432946E061BDE8F05F6A206B
:1056B0000DF088BCBDE8F09F2DE9F043CE4ECC4BF9
:1056C00081460025367801202C461B68C94F761E7E
:1056D0000CE000BF37F910C032F91080ACEB080CB9
:1056E000B3F8B18CC44500DD6D1C401CB042F1DB49
:1056F000B3F8B42C012000BF31F91060964200DDF0
:10570000641C401C0F28F7DB93F8B30CA84206DAA0
:1057100093F8B60CA04202DA012189F80010BDE826
:10572000F0832DE9FF4F99B00E46DDF8988004F024
:10573000E2F915900020AE4D109011902868AE4F00
:10574000B0F8B90C0F9000200D90179004900390C2
:105750000E9008900C9009900B908DF848008246AE
:10576000044683463978404610F05CF829680246C2
:10577000B1F8BB0C824202DAB1F8BD0C0F909E4D1D
:1057800041469E482A7800F08CFA9D4A29789B4829
:1057900000F00AFB9A491022087698481C9918389C
:1057A00000F07FFA9548974A1021183800F0FCFA6B
:1057B000944900270876159800F580587EE001206E
:1057C000D8F8F41AB840014277D07320159978437D
:1057D00001EB800999F87901001F05286DD2844DED
:1057E00099F85C00296891F8921C884217D8D9F87A
:1057F000C401401CC9F8C4010C99491C0C91B9F8AA
:1058000044200D9911440D914FF4FA61884201D959
:10581000C9F8C41199F87A01042804D005E00020E1
:10582000C9F8C401F6E7012011902968D9F8C4012C
:1058300091F8BF1C884201D901200990494609F519
:10584000E0700FF00EF801462868B0F8C00C404335
:10585000814201DD01200E90B9F844001799884279
:1058600000D9179004990AF1010A08440490012311
:10587000002214A909F118000FF02FF82A68B9F9CD
:105880001A10B2F8C30C814208DDB2F83720101AA2
:10589000884203DD0B98401C00B20B9099F85C50D5
:1058A00099F85D9007E02A460120002113F00FFFD0
:1058B00004436D1CEDB2A945F5D27F1C98F9000B8D
:1058C000B842BFF67CAF4C4800254FF0010890F875
:1058D0000090474807681EE04648279930F91500B0
:1058E00031F91510401AB7F8C81C884212DD2A4653
:1058F0000120002113F0EBFE039A40EA0B0B114349
:1059000008FA05F020400391000003D10898401CDC
:1059100000B208906D1C4D45DEDBB7F89C1C049866
:10592000334C324D814234DB1B990C98884230DC79
:10593000119801282DD03248007E012803D031492A
:10594000097E012905D12F49097E00FB01F252454C
:105950001FDBB5F912200F998A4201DD012818D00A
:105960001998002800DA4042B7F8C61C884216DDB4
:1059700012AB4A465846039904F0D2F90146206812
:1059800090F8CA2C91420AD990F8CB1C0898814211
:1059900005DA86F80080287F400714D420E0287FAD
:1059A000400710D4BAF1010F1AD120680D9990F870
:1059B000B80C884214DD0E98012801D0099878B9F6
:1059C000012010900CE03046279A1C99FFF774FED6
:1059D000206890F8C21C0B98814201DA86F800809A
:1059E00010981DB0BDE8F08F0A1A012000051000C4
:1059F0006007100038750120D2061000B01B01208E
:105A0000100C1000D00B10008848C0787047084375
:105A10008649104300D00120C87070472DE9FF4F20
:105A200085B00024824F06468DF810408DF808405E
:105A30008DF80C403868DFF8FCA1DDF850C090F814
:105A4000B02CAAF81010794DAAF812C0AAF1140BC4
:105A50004FF0010901B3BCF1000F24D095F802808A
:105A6000BBF90810B0F996CCB0F9983CB8F1000F2A
:105A700009D090F89A8C90F89B0CACEB080C181A93
:105A80000FFA8CFC03B2614501DD8DF80C90994250
:105A900009DD8DF8089006E002A903A800F07CF863
:105AA000386890F8A82C9DF80C10AAF814109DF8EE
:105AB0000810AAF81610386890F88E0DC00701D0AB
:105AC000062E27D0DDE91201CDE9000104A9BBF9BA
:105AD0000800089BFFF725FE297F890704D418B129
:105AE00085F804908DF808409DF810209DF8081066
:105AF0009DF80C00FFF78BFF052E11D0062E0FD05E
:105B00009DF810209DF808109DF80C00FFF751FD3E
:105B100009B067E704A8139A0899FFF7CDFDE3E7FA
:105B20009DF810209DF808109DF80C00FFF706FD69
:105B300007980028ECD1A8780528E9D103F0DBFF0D
:105B4000024600F58050FF2180F8001BC0F8F44A9F
:105B500041F60831104613F0C4FED9E770B5354858
:105B600000250838314C058085700C38C0F80F507E
:105B7000C5742570E5612571A07848B12E4800787C
:105B8000052807D0062805D000216A200DF01AFA52
:105B9000A57070BD0521F8E72DE9F35F834603F09A
:105BA000AAFF0024DFF8889000F58055234621469F
:105BB000012295F9007BD9F8006020E0D5F8F4CAFD
:105BC00002FA01F81CEA080F18D04FF0730C01FB21
:105BD0000CFC00EB8C0A9AF879C1ACF1040CBCF116
:105BE000050F0BD29AF85CC096F8928CC44502D887
:105BF000BAF844C06344BAF844C06444491C8F42B4
:105C0000DCDA96F8A51C994201DA8BF80020D9F865
:105C1000000090F8A61C994203DB90F8A70CA04264
:105C200001DA01980270BDE8FC9F00000005100039
:105C300060071000121A0120D006100010B5402194
:105C4000FE4813F04EFEFD484021403013F049FE5F
:105C5000FA4800218030C0E90011C0E9021110307B
:105C6000C0E90011C0E902111030C0E90011C0E91B
:105C700002110846F24908601021F24813F00FFEA5
:105C8000F0482221163013F00AFEEE481021383079
:105C900013F005FEEB482221BDE810404E3013F012
:105CA000FEBD2DE9F74F94B00C46154624216846F9
:105CB00013F017FE242109A813F013FEE248E3496C
:105CC0004FF0000A00680978B0F8B262B0F8AE721E
:105CD00019B1B0F89662B0F892722946149813F090
:105CE000DEFD00204FF0CF0E4FF0010BE8460DF126
:105CF000240947E034F91010B94236DD4FF0010AAB
:105D000008F800B0411C0EE034F9103034F91120CD
:105D10005AB1B3EB020C08D5D21AB24202DD08F830
:105D200000E002E0491CA942EEDB09F800B0CDF822
:105D300048B0411E14D434F9102000BF34F911309A
:105D400058B153B1B2EB030C07D59B1AB34202DD35
:105D500009F800E01CE0491EF0D51299CF2917D0B0
:105D600018F80010CF2917D004E0002108F800101F
:105D700009F8001019F8002018F800100A431499C7
:105D80000A54401CA842B5DB17B05046BDE8F08F5E
:105D900018F80010CF2903D0149A02F800B0F0E7E9
:105DA000149A02F800E0ECE72DE9F04706460020DF
:105DB000034604468D1EDFF8909267E0375D012FA1
:105DC00002D0012B34D060E03BBBE3B202F81030CC
:105DD000002719E088B102EB400CA3F101081CF880
:105DE00001CC0CF1010CC4450DDA06EB030C1CF8D8
:105DF00001CCBCF1CF0F02D105E0012B03D45B1E17
:105E0000DBB202F810307F1CD9F800C09CF8ADC29C
:105E1000CCF3410CBC45DDDC01234F1EBC4234D128
:105E2000012B32D102EB4007401C7C70C0B22CE049
:105E3000631E02EB400ADBB28AF80130002717E04C
:105E400006EB030C9CF80180B8F1000F06D19CF81A
:105E500002C0BCF1000F01D1AB4204DBAB4206D162
:105E6000B8F1000F03D15B1CDBB28AF801307F1C54
:105E7000D9F800C09CF8ADC2CCF3410CBC45DFDCC6
:105E8000401C0023C0B2052802D8641C8C4295DB5C
:105E9000BDE8F0872DE9FE4F06460F46D2E9001017
:105EA000CDE900109B469146DDF834A03446B84653
:105EB00000253BE02A460120002113F008FC86461D
:105EC0000A463040394002908C4608430BD1DDE948
:105ED00000130EEA010002EA0301084303D00C9804
:105EE000012141550BE0029850EA0C0004D00C99B6
:105EF000002048550BF805000C98405DA8B11BF830
:105F000005005149401CC0B20BF80500096891F822
:105F10007712884204D24EEA040442EA080804E0F8
:105F200000200BF805000C9948556D1C5545C1DB48
:105F3000C9E900672046414603B027E72DE9F04153
:105F4000414F3E4D86B0386805F1A005A5F120040B
:105F500090F8561204F1100609074CD53C490A780E
:105F60000AB94A78F2B33B4A1278012A02D0B0F853
:105F7000682201E0B0F86E2289780FFA82F831B118
:105F8000B0F96C122D480122A03000F0BDF80122BA
:105F9000414602A800F0B8F8386890F85602C006EA
:105FA00002D52A48007830B10DF1080898E80F00B2
:105FB00084E80F002DE0234810213830CDE900019E
:105FC0001E4ADDE902011F4BB032FFF763FFC4E94F
:105FD00000011C4822214E30CDE90001A0F1380318
:105FE000164A00E007E0DDE90401B832FFF752FF8E
:105FF000C4E902010DE04FF0FF30C6E90000C6E938
:106000000200C4E90000C4E90200C5E90000C5E9D6
:10601000020011480078002824D0386890F845071D
:1060200040071FD54FF0FF30C6E90000C6E9020067
:10603000C4E90000C4E9020010E00000D00B100029
:1060400020051000D61B012060071000400510003D
:10605000683810002E05100074061000C5E9000015
:10606000C5E9020006B0BDE8F0812DE9FF5F1546E5
:10607000039991F85A10012909D022494FF0000ADA
:106080008B46A97813F02FFD8146A87828E01D499A
:106090002031F3E72C781CE019F8041001988142B4
:1060A00016D10122DBF8000002FA08F210400000CD
:1060B00024D0DBE9026722460120002113F007FB10
:1060C00006400F403E4319D00AF101001FFA80FA42
:1060D000641C6878A042DFDA09F1240908F10100A4
:1060E000E97880464145D5DA03995FEA0A00A1F8CC
:1060F0003AA000D0012004B0BDE8F09F002009F8CC
:106100000400E5E7500C10002DE9F0410446FF487B
:10611000FF4E174600788846012817D04FF0FF3011
:10612000C4E90000FB4804F108050078012815D0F7
:106130004FF0FF30C4E90200002F18D0204613F0C2
:10614000ABFC2846BDE8F04113F0A6BC0A46234646
:106150001021F14800F05BFBF071E3E7EE482B46BD
:10616000424622212C3000F052FBB071E4E7BDE83A
:10617000F08110B500230376012202704370E749D5
:106180008270C3700968B1F835438480B1F8354333
:10619000C480B1F839434481E14C247844B1B1F86A
:1061A00037438480B1F83743C480B1F83B4344811E
:1061B000B1F837430481B1F83B43848191F83F4300
:1061C0008473C27391F84043047491F84043C474DB
:1061D00091F81743047591F841434475837591F81C
:1061E0003E13C17542742221817410BDF0B5CB4AB3
:1061F00000252B4612682C4692F8466331F914208C
:10620000002A01DB174600E05742B74203DA2A446E
:106210005B1C15B21BB2641C102CEFDB002B0BD0E7
:1062200095FBF3F213B2002231F81240E41A20F881
:106230001240521C102AF7DBF0BD2DE9F041B74B9C
:10624000002790461B680C46064693F846C33A461C
:1062500038460125394600BF34F911309C4505DD2B
:106260003B4400F101001FB200B203E002DA02F188
:10627000010212B201F101011029EDDB11460EF00D
:10628000EDF800B240450DD197FBF0F0002500B2CB
:106290004FEA050234F81210091A26F81210521C9F
:1062A000102AF7DB284662E72DE9F00F9B4982466A
:1062B000DDE909400968089E914691F889174FF079
:1062C000000B01F0030C012801D0002237E0002070
:1062D0000CE000BF04FB00F103EB4102DAF80050D0
:1062E0001560BAF80410401C918000B26045F1DBE3
:1062F000A6F800B0BDE8F00F704700BF3AF91200F1
:10630000B6F900500146002712E000BF04FB052843
:1063100033F91880884500DA4146804500DD404663
:10632000002D02DD6D1E2DB200E002257F1C3FB264
:106330006745EBDB401A29F81200521C12B2A24248
:10634000DCDB47F6FF71002007E000BF39F91020C1
:106350008A4200DA1146401C00B2A042F6DB00205F
:1063600007E000BF39F81020521A29F81020401C0D
:1063700000B2A042F6DBB6F90000022802DA401CA7
:10638000308001E0A6F800B0B6F90000620060437A
:106390005146BDE8F00F03EB400013F001BA70B5B1
:1063A000002B13D15D4B5F4D1C686D79B4F88737B6
:1063B000012D01D1B4F88A3794F8865703FB03F313
:1063C000AE07594D2D6802D5AB420DDC70BDAB4216
:1063D000FCDD564B5B783BB9554B1B78002BF5D059
:1063E00094F845375B07F1D5002309E030F91350E5
:1063F00031F91340A54201DA20F813405B1C1BB2AF
:106400009342F3DB70BD2DE9FF4F95B0404C4FF048
:106410000008DDF890C0E17A22989B464FF6FF769F
:106420004746012571B10121E172217B01B10120B3
:10643000207303A8FFF79DFE3E48DFF8F0A0007828
:1064400010B104E00146EFE79AF8010008B9E07ADC
:1064500000B101274FF00009BCF1000F70D0207B84
:10646000009035482222169903682B48B4380FF063
:106470008FF9207B08B184F80190274984F80C90AB
:10648000B43922235A4601F170000FF074F9DFF895
:106490008CB0DBF8000090F82A03000720D5617863
:1064A000CDE90E19E178CDE9101961790EA80C90AB
:1064B00010A8CDE912190A9012A80B901649CDE93F
:1064C0000068443903AA084609F03CF80C980078A3
:1064D00060700A980078E0700B980078607105E0B1
:1064E0000D4944224439154813F05AF9DBF80010DD
:1064F00091F88607C2073CD09AF8012012BB0C4ADB
:106500001278EAB191F8451749071AE0D806100049
:1065100024051000D7061000261D0120600710007A
:1065200073061000683810000C071000B807100040
:1065300074061000F70710009C061000B62C01200E
:1065400017E016D5400701D5C84800E0169822216B
:10655000C74ACDE90021C74B029703F1F802C649AB
:10656000FFF7A2FEC349237B2222F831BF48FFF781
:1065700016FF239800287DD0E07A0090BF481022B3
:1065800015990368B9489C380FF002F9E07A08B110
:1065900084F80090B54984F80B909C39CB461023C1
:1065A00001F17000179A0FF0E6F8DFF8D492D9F8ED
:1065B000000090F82A03C00718D0B248AB494FF04A
:1065C00010020078A1F12C010028084603D0FFF743
:1065D0000DFE00250AE0FFF730FE0546012805D133
:1065E000A24920222C39A84813F0DAF8D9F8000083
:1065F00090F82A03000701D5012D0FD09B492022D6
:106600002C39A14813F0CCF8D9F8001091F886077E
:10661000C20756D09AF801206ABB30E02178CDE954
:106620000E1BA178CDE9101B21790EA80C9010A8A3
:106630000A9012A8CDE9121B0B9010208DF81E00B5
:10664000D9F8000003AA90F844138DF81C1090F8B4
:1066500045038649CDE900688DF821002C390846AC
:1066600008F070FF0C98007820700A980078A070ED
:106670000B9801E025E009E000782071C4E7834A27
:106680001278F2B191F8451749071AD5400702D59B
:1066900076482C3800E01598754A1021921ECDE9F5
:1066A0000021744B0297843B03F5A8727849FFF7E9
:1066B000FBFD70496D48E37A1022CC312C38FFF78E
:1066C0006EFE74489AF80110017019B0BDE8F08FA1
:1066D00070B5674C7049103C0025A5720120087008
:1066E0006748257265720068B0F860026082E572E2
:1066F000257300F0ADF86561A56170BD2DE9F74F18
:1067000065495B4C84B091F800900020103C087003
:10671000DFF888A1DFF888B160729AF800709BF802
:106720000060E0719046A07100F092F8544DB8F10D
:10673000000F3BD1032011F0A4F9CDF80090CDE972
:106740000176DDE904014C4B514AFFF75CFE4FF046
:1067500001083FB1454920222C3901F1700013F0A6
:106760001FF801E084F80780DEB1286890F847033D
:10677000C00702D04B48007E38B13C49442201F1A9
:10678000700000BF13F00CF80DE038492223464A90
:1067900001F1700000F01FFA34494422703133488F
:1067A000F0E784F80680032011F086F93F4840782E
:1067B000C8B1A07A012816D02868B0F962126182A7
:1067C0009AF800009BF8002056465F4610431AD006
:1067D000284D0122943D2846FFF796FCD5E900019B
:1067E000084307D103E02868B0F96012E7E7307882
:1067F000012806D1D5E90201084306D138780128DD
:1068000003D00020207207B060E70120FAE72DE9ED
:10681000F0471D464FF00008C5E9008891468246C2
:106820000C4610E03AF9141049450CDDD5E9006733
:106830004FF0010822464046002112F048FF06436F
:106840000F43C5E90067641EECD24046BDE8F087FF
:10685000084800219438C0E90011C0E90211084637
:10686000134908761349087670470000E21C01209E
:1068700034051000240D1000387501209C0610000E
:1068800060071000810710008A2C01207406100098
:106890000C750120F7071000BF071000D806100084
:1068A000D706100068381000AA230120B80710008E
:1068B000D00B1000100C10007E480021C17002782F
:1068C000002A0ED182787C4B521CD2B282701B6897
:1068D00093F88E3203F00F03934202D2012202702A
:1068E000817070477348002181700278002A0CD0B3
:1068F000C278714B521CD2B2C2701B6893F88E32B0
:10690000B2EB131F01D90170C170704710B5694C0B
:1069100020786178884202D000210CF098FC207821
:10692000607010BD2DE9F0478946644992460968B8
:10693000B1F85012B1F5087F44D15F49604D002293
:1069400009686F7C5B4CB1F97E6291F882C2012FBD
:106950000BD0ED7C012D08D024781CB1B1F98062F8
:1069600091F8A1C202279B1E20E000202070E07059
:1069700028E00224AAF1020811E000BF30F9141047
:1069800039F91450002900DA4942B14206DD002DE0
:1069900000DA6D42B54201DD521C92B2641C4445DE
:1069A000ECDB00EB4A0009EB4A097F1C9F42E0DB6D
:1069B0004448624580F8282002DDFFF77DFF01E0B2
:1069C000FFF790FFBDE8F047A0E72DE9F0478946C3
:1069D00039499A46374D0B68DDE9088C0024B3F934
:1069E0007E1293F882722D7826461DB1B3F980127B
:1069F00093F8A172314B1B68B3F85032B3F5087F9E
:106A000039D10223A8F1020811E000BF30F9135078
:106A1000002D00DA6D428D4208DD39F91350002D4A
:106A200000DA6D428D4201DD761CB6B25B1C434537
:106A3000ECDBBE4200DD012400230220ACF1020C9D
:106A400011E000BF32F91050002D00DA6D428D4286
:106A500008DD3AF91050002D00DA6D428D4201DD5B
:106A60005B1C9BB2401C6045ECDB14B1FFF724FFBC
:106A700001E0FFF737FFBDE8F04747E70D4810B5E5
:106A80004178017000218170C170FFF721FEBDE8DF
:106A90001040FFF7D3B807480021074A0170417042
:106AA000126892F87C22920700D501214171017190
:106AB00070470000400510006007100064071000D8
:106AC00068381000A45101202DE9F04F2220102138
:106AD00002018024FE4B01E023F81240521EFBD23B
:106AE000DFF8F0B34FF0640EDBF8002092F8E432E8
:106AF0001B0731D5DFF8D8A302F2FA49A1F101084A
:106B000008FB00F8B0F1010208EB020419F80230AA
:106B10000AEB4405DC01B4FBFEF34C1E802B05DDC3
:106B2000C3F18006664396FBF1F606E0A3F180060A
:106B300006FB04F797FBF1F7F61BB5F900708036FA
:106B40007743FE1707EB5666F6112E80A5EB40053E
:106B5000641EE3D2521ED7D2DBF8004094F8E42240
:106B6000D2062CD54B1EDA4A434302EB4305F446CA
:106B7000491E04F21E54625CD201B2FBFCF7421EB5
:106B8000802F05DDC7F18003534393FBF0F606E049
:106B9000A7F1800303FB02F696FBF0F69E1B35F986
:106BA000123080367343DE1703EB5663DB1125F892
:106BB0001230521EE4D2A5EB4005491EDBD2BDE8DF
:106BC000F08F22208021C44A02E000BF22F810107A
:106BD000401EFBD2704730B508E000BF31F91340CA
:106BE00032F913506C43E41120F813405B1EF5D2C8
:106BF00030BD08B5009313464FF408720EF0C8FD7F
:106C000008BD2DE9F041B34DB44C286894F818E064
:106C1000B0F96A13B0F9AC63BEF1000F01D0B0F95E
:106C20008A63A7782FB1AE4A1278012A01D1B0F950
:106C3000BA13AC4A5278012A07D190F86D23114457
:106C400090F8AF2309B2324416B2A74BDFF89CC2CA
:106C50001980ACF8006090F86C23891AA44ABEF140
:106C6000000F1180A34902D090F88CE301E090F866
:106C7000AEE3A6EB0E060E8094F800E09E4EBEF149
:106C8000000F0DD096F800E0BEF1000F08D0B0F86C
:106C900098E2A3F800E090F89A02AEEB00001080B2
:106CA00027B91888ACF8000010880880B1F90010E6
:106CB000B2F900000DF0D2FB90490880317890487D
:106CC00019B12968B1F8F81208E0217E0029296875
:106CD00002D0B1F8FC1201E0B1F8F6120180BDE873
:106CE000F0812DE9FC5F4FF00009DFF8E8B10D46B7
:106CF000CDF80090CDF80490DBF8001092464F4696
:106D0000B1F963834B461FE003FB0AF10FFA81FCE4
:106D100001215446994014E00CEB040230F9126052
:106D200000EB420232F9022CB61A00D5764232B29A
:106D3000424502DD009E0E430096BA4201DD174631
:106D40000191641EE8D15B1CAB42DDDBDBF8000087
:106D50005E4690F8672322B1002100980DF059FC9F
:106D60000090306890F8620380074FD50098B8B360
:106D70000421684611F056FBC1B2306890F86803F0
:106D8000884243D9401E40F34702002101980DF08C
:106D900040FC012404FA05F1491E0140019104213F
:106DA00001A811F03FFB3168C0B291F8681381422D
:106DB00028D9691E04FA01F00199084211D0681E11
:106DC00006E000BF019A04FA00F11143401E019150
:106DD000316891F86813691A491E8142F2DB11E0AB
:106DE00014E0C8070ED0002007E000BF019A04FAA3
:106DF00000F11143401CC0B20191316891F8681351
:106E00008142F3D8DDE900010843009000984FF675
:106E1000FF7480B20090316891F869233949DAB182
:106E20000B7873B15B1CDBB20B709A4206D310B1C6
:106E300081F8009013E0486800900DE081F8009020
:106E40000AE0314A12783AB130B9486820B100906E
:106E5000D8B2401C087002E0009800B90094009875
:106E60004860BDE8FC9F00210176017019490A685D
:106E700092F80823C2F3801242700A6892F808233D
:106E8000D20982700A6892F80823C2F38002C270A5
:106E90000968B1F80C238280B1F82423C280B1F8CC
:106EA00010234281194A127842B1B1F80E23828030
:106EB000B1F80E23C280B1F812234281B1F80E233B
:106EC0000281B1F81223828191F8192382731FE0A5
:106ED000D21D012060071000AA230120683810008D
:106EE000DC061000B8071000900610009206100093
:106EF0009406100096061000400510009806100039
:106F00009A06100048051000DD06100073061000F8
:106F100091F82323C27391F81823027491F8162371
:106F2000C27491F81723027591F81B23427591F8EA
:106F30001A23827591F80823D20602D491F814130B
:106F400001E091F81513C17510214174222181745B
:106F5000FD4941620831C16108310162704770B575
:106F6000FA4947F6FF750A6892F8282111E000BF38
:106F700002EB021400EB840493F8263103E000BF17
:106F800024F813505B1C0E6896F827619E42F7DACE
:106F9000521C0B6893F829419442E9DA70BDF0B4B1
:106FA000EA4B0024196891F8282110E002EB021541
:106FB00000EB850591F8261103E000BF25F811408C
:106FC000491C1E6896F827618E42F7DA521C196830
:106FD00091F829519542E9DA91F82501800708D501
:106FE000D94891F82A2110388168F0BC084607F08A
:106FF000B0B9F0BC7047F0B50646D548D54D13463C
:107000000268687B8DB04FF6FF7400B10722D24F43
:107010003868FFF7EEFD032010F033FDCF484FF442
:1070200008733968026830460EF0A5FB032010F0A3
:1070300043FDC64F386890F86203C00716D0A879A0
:10704000A0B9E87990B9A87880B9C548007868B93E
:10705000C448007850B9C448007838B9E87C28B1F1
:10706000222210213046FFF73CFE044602A8FFF71B
:10707000FAFE396891F80803800611D52A7E0020AF
:107080003AB1BA4A1268D20303D591F819118907A7
:1070900006D5CDE90040314602AA084608F052FA6A
:1070A0000DB02046F0BD2DE9F74F0646B04884B03C
:1070B000002405780470FFF7A4FDA34802210838D6
:1070C00009F06CF8A14F4FF48869386890F84007D0
:1070D000C00705D0A0484A460168A64812F060FBE8
:1070E0003146994E2A46103EB068FFF784FF396852
:1070F0008446984D91F8E402020707D4C00605D4EF
:1071000091F8E502C10701D1800608D5287E30B983
:10711000B1684FF40873984A0846FFF75CFD386879
:10712000DFF858B2B84690F80813890717D58C498C
:10713000097819B19BF80010012905D190F8621364
:10714000C90701D0E97C51B9B0F90A030090CDE933
:10715000010CB16822231022084607F0CBFF2878E3
:10716000DFF81CA208B9687830B186480278DDE9FA
:107170000501FFF7C3FA01E08AF800404F464A468E
:10718000B146B168804E306812F00AFB6E480221A9
:10719000083809F066F8A87B012860D072480078AA
:1071A00070B13A46794F3168386812F0F9FAD8F878
:1071B0000000774A3968B0F9FA32306807F0C0F851
:1071C0009AF8000028B1287818B19BF8000001282F
:1071D00050D0002701216F4808F0E0FF6E48D8F832
:1071E0000010DFF888A1B0F9000091F819110246EB
:1071F000C90709D0297E39B1DAF80010C90303D5CF
:10720000316800F04FF902466448DFF888B1644BFA
:107210000280DBF80010306800F073F8DFF884813A
:10722000C8F8000058B1287E012740B1DAF8000004
:10723000C00304D53168DBF8000000F019F9687A62
:1072400038B159480078800703D50421032010F095
:1072500078FB564887B101210170022530E054487F
:107260003A460168306801F2522112F099FA012081
:1072700007B0A4E40320FBE74E49C8F8004001250D
:107280000C6047490C60047048460021C0E90411B5
:10729000C0E906114848C9F82010C9F82410047044
:1072A0004648012104704648047046480470464828
:1072B00004704648047046480480364808F0D1FF00
:1072C0002846D5E7204900201039424A88603749CE
:1072D000414B08701D480068B0F86A131180B0F87F
:1072E000AC231A803D4B19803D490A802A49B0F8E9
:1072F000F6020880704700B5FFF7E6FB5DF804EB87
:107300005FE42DE9FF5F0C462A490026DFF8D4A090
:107310000E60834617463546AAF800604FF4587150
:10732000204612F0BCFA0021204612F0DCFB044695
:107330000021584612F0D2FBDFF818C001460022A7
:1073400000204FF001094FE05805100060071000C1
:107350009C06100068381000000710000407100099
:10736000730610006807100040051000700510003B
:10737000BE071000EE230120D21D01202E051000B3
:107380002C051000E1061000F4061000F8061000AD
:10739000749B01003C0610009A061000A006100025
:1073A000880610008006100018071000D90610008B
:1073B0006407100084061000240510002605100044
:1073C00028051000250510002705100029051000CC
:1073D000F4071000900610009206100094061000AA
:1073E000960610001205100031F91030BB4205DD81
:1073F00004F8009031F91030761C1D449CF80F30D1
:1074000063B131F91030002B00DA5B42BB4205DD7D
:10741000BAF8008008F10108AAF80080401C222870
:1074200091DB4431521C2434102A89DB0D4800784A
:10743000800710D50C4940F21F200968B1F8BF231E
:107440000A4900BF3BF910309A4202DA0B685B1C14
:107450000B60401EF6D20398056004B03046BDE8CC
:10746000F09F0000B00710006007100084061000B5
:107470002DE9F041244900251027096891F81C41A5
:1074800091F81D61294612F02EFB0022214601E0F1
:107490004254491CB142FBDB24306D1CBD42F5DB7C
:1074A000BDE8F0812DE9F043174A0026174C156816
:1074B0004FF0220C334695F836204FF01009520752
:1074C00002D595F81D6101E095F81CC1324603EB29
:1074D000031807E002EB480731F91770A74200DDF7
:1074E0003C46521C6245F5DB5B1C4B45EEDB95F8D8
:1074F0001E116422614391FBF2F109B2884200DD62
:1075000001460846BDE8F083600710000080FFFFD9
:10751000F74800787047F0B5F54A0020111D10704B
:1075200050709060D060106150619061D0611062C5
:1075300050620860EF4902F1080302F11807096878
:1075400091F81B5D1D805D8091F81C4D9C80DC8056
:1075500091F81F3D3B807B8091F8206DBE80FE80BE
:10756000083F3D807D80BC80FC8002F120042380A8
:107570006380A680E68002F12803B1F8214D1C80CB
:1075800091F8234D5C8091F8254D9C8091F8261D43
:10759000D9805080F0BDD64A1278002A03D1D44A4F
:1075A0000832108051807047D14B10B51C78002CE8
:1075B00004D103F11804208061805A8010BDF0B519
:1075C000CB4CDDF814C0083404F1100504F10806B2
:1075D00004F1180750B1A180E280AB80A5F806C085
:1075E000B180F280BB80A7F806C0F0BD0020A0806B
:1075F000E080A880E880B080F080B880F880F0BD9E
:1076000010B5012B0AD8BA4C237007D104F110032E
:10761000188003F1100059800280428010BDB44BE5
:10762000283318805980DA807047B14B5870181D84
:107630000180428070472DE9FC47AD4D8946804668
:10764000002628350DF0F6F900240746B8F1080F9A
:1076500000D1EC8801236A4601A948460DF03DF9A6
:10766000A348007868B1A988BDF900002144884288
:1076700003DB3AB2511A814200DA01263046BDE8F6
:10768000FC87A988BDF9020021448842F5DB3A1441
:10769000F0E72DE9FC41964F954C00253878884657
:1076A000083400B108340DF0C5F9064601236A46D6
:1076B00001A940460DF011F9BDF90210228891424E
:1076C00010DB6388C3EB264088420BDBBDF900006A
:1076D000A388984206DBB4F806C033B2A3EB0C03D0
:1076E000834200DA012582487B78001D012B02D0FD
:1076F000022B17D032E03B784BB1028891422DDD4E
:10770000408881422ADABDF90000A18823E0BDF952
:1077100000300488A34221DD408883421EDA914272
:107720001BDB1BE03A785AB10288914216DD408893
:10773000814213DAE18830B2401ABDF900100AE044
:10774000BDF9002003889A4208DD4088824205DAAC
:107750006288C2EB2640884200DA00252846BDE850
:10776000FC812DE9FC47624C0746614D4FF0000952
:1077700020784E46183500B108350DF05BF980468B
:1077800001236A4601A938460DF0A7F8BDF900307B
:107790006088834200DB0126554835F81610AE8814
:1077A0006778ED88001D0A46022F02D0012F1BD0FA
:1077B00031E024785CB1BDF902400788BC422ADD83
:1077C0004088844227DA0A2D25D90A2523E0048837
:1077D000A34220DD408883421DDA08460A2901D9E8
:1077E0000A2218E0024616E024785CB1BDF9024096
:1077F0000788BC420FDD408884420CDA0A2E0AD981
:107800000A2608E00488A34205DD4088834202DAA4
:107810000A2900D90A21BDF9020088420ADBC2EB1D
:107820002841884206DCB34204DB0FFA88F0401B93
:10783000834201DD4FF00109484620E72DE9F0477A
:107840000746DFF8AC900020294C09F12809924640
:107850002478B9F8006084460546034602462CB1F8
:107860000C7814B34A78212A1FD02FE08C7824B1E9
:1078700091F80380B8F10F0F28D11CB1CC780F2CF0
:1078800000D1224602EB021207EB82040A78497803
:1078900008E000BF34F91270B74201DB5B1C9BB2F9
:1078A000521C12B29142F5DA10E08C78C9780BE0E4
:1078B00004EB041807EB880838F91280B04501DBA7
:1078C0005B1C9BB2641C24B2A142F1DA094909682D
:1078D00091F81A2D920703D591F8242D524500D81E
:1078E0000125B9F80210994206D855B9BDE8F087CC
:1078F000C629012060071000002DF7D0BCF1000F51
:10790000F4D00120F2E72DE9F04104467C480F460F
:10791000A0F118060025317801B10830018829B995
:10792000418819B9818809B9C08858B13846FFF72C
:1079300018FF38B1B4F89C013946FFF7AAFE08B128
:10794000012536E0B4F84000000505D5B4F89C01E7
:107950003946FFF770FE48BB69483178103801B1ED
:107960000830018829B9418819B9818809B9C088C6
:10797000F8B1B4F89C013946FFF78BFEC8B16148F5
:10798000E16A006890F81D0D884204D9B4F89C01A2
:1079900030B1022804D0B4F89C01082802D007E0D6
:1079A000022506E03946FFF746FE08B1082500E04B
:1079B00004252846BDE8F0812DE9F047044690F8FB
:1079C00079010E4692464FF00009042807D000279F
:1079D0004FF00408052818D0092815D17BE011467E
:1079E0002046FFF790FF05000ED094F9990120344E
:1079F00002F0E5FBA4F87C5130682060608C4FF009
:107A0000010940F48060608477E094F9990102F004
:107A1000F0FB002871D051462046FFF774FF054661
:107A2000B4F89C0104F1200204280DD002280BD0E8
:107A3000082809D05DB311462046FFF764FFB4F86B
:107A40009C11012936D058E08DB1514610460CF0FA
:107A500008FF2C49096891F81E1D494381420DDA3F
:107A6000082D11D0B4F89C01082841D106E008285F
:107A70003ED15146FFF7DFFD60BB39E0042D03D056
:107A8000022D01D0082D38D1A4F89C5135E084F89E
:107A90007981012807D111462046FFF734FF0428D9
:107AA00001D1206A3060A4F89C7194F9990102F028
:107AB00095FB22E0012D20D004281ED002281CD0E6
:107AC00030682062042D01D0022DDBD10220A4F801
:107AD0009C01E76211E094F9990102F08AFB60B120
:107AE00051462046FFF70FFFB4F89C010228DAD177
:107AF000206A306084F87981D5E74846F6E60000D0
:107B0000DE290120600710002DE9F047D0F810C0F1
:107B10000568046A85FB0C12A1FB041242694368E4
:107B2000914683FB02628269E246A6FB02677618F1
:107B3000D0E9021781FB07C8C069ACFB00C81CEB89
:107B4000060682FB0A2CA2FB011280FB0902A0FBA5
:107B50000502401884FB0712A1FB03120818301A13
:107B60004FEAE071BDE8F0872DE9FF4F83B01D4675
:107B700012AB002493E88009D2E900010144906827
:107B80003A4682460844C117434611F0C6FD0646F0
:107B9000D5E900010144A8683A4681460844C11766
:107BA000434611F0BAFD054650464FEAEA713A469F
:107BB000434611F0B2FD824648464FEAE9713A4623
:107BC000434611F0AAFD0246BAEB0601A1FB0B01E8
:107BD0004FF00A03521BA2FB0B2190FBF3F092FB28
:107BE000F3F2FD4B30444FF0000C67464FEAE07172
:107BF0002A441B68BCEB000C4FEAE27842F2107991
:107C00008F4107DA5F8E7F1E4FEAE77CC71B71EB5F
:107C10000C0713DB4FF0000C6746BCEB000C8F41E8
:107C200001DA5C8E641ECDE9002902462B463146FE
:107C300020460CF0DDFC024620461CE000273946B9
:107C4000BF1A71EB080106DA998E491ECF17511A37
:107C500078EB07010FDB00273946BF1A71EB0801EB
:107C600001DA9C8E641ECDE9000933462946204680
:107C70000CF0BEFC2246039948600398026007B0EE
:107C8000BDE8F08F2DE9FF4F89B09246DDE9164738
:107C9000CDE9021203EBC701D1E90201CDE90001F0
:107CA00004EB8700B0F90210059134F92710049114
:107CB000B0F906100791B0F90400069006A904A8CF
:107CC000DDF8089000F01EFA80468B46694602A84F
:107CD00000F018FA05460E46694604A800F012FAAC
:107CE0000446401BB1412CDA28460CF0C3FB814608
:107CF00020460CF0BFFB044607B94410B8EB050161
:107D00007BEB060005DA40460CF0B4FBA04200DA3B
:107D10000446B9F1000F0CD001990398009A401A5B
:107D20006043029990FBF9F0891A614391FBF9F1E4
:107D300001E000200146019A02EB000A009800EBE6
:107D400001090998C0E9009A0DB099E72DE9FF4FA4
:107D500000278BB03E463D463946199C0CE018B1D1
:107D600003EBC102526801E053F8312017444A4343
:107D700002FB01551644491CA142F0DB974C2068D8
:107D800000906068CDE90107E06803902069CDE9C3
:107D90000406A0690690E069CDE907056846FFF78B
:107DA000B3FE81462068CDE90007A0680290E06834
:107DB000CDE9030660690590A069CDE90605206A52
:107DC00008908A466846FFF79FFE804600976068E5
:107DD0000190A068CDE90206206904906069CDE9B0
:107DE0000505E0690790206A08908B466846FFF712
:107DF0008BFE0D9B0991A9FB03260AFB03610C9BDB
:107E00000024A8FB037C09FB04160BFB03C10546F9
:107E100008FB0410D21946410999501971414FF4D9
:107E20007562234611F079FC0C99C1BB6A49096857
:107E300091F84024920632D5694891F8432400789D
:107E400008B191F84424A9FB02360AFB026109FB40
:107E50000410A3FB0261A8FB027C00FB021003FBE1
:107E600004010BFB02C208FB04236424A7FB042CBF
:107E700003FB04C3002007FB0030B21842F2107667
:107E8000A5FB064741410998002300FB067005FB4E
:107E9000030310195941534A002311F03EFC189A6C
:107EA000C2F80090189AC2F8048018998D600FB03B
:107EB000E6E62DE9F04F0D4601F1300B01F13C04EF
:107EC00001F1440901F150084349174685B009689A
:107ED00091F8402402F01F06414A12781AB191F835
:107EE000412402F01F0690F84000C00603D591F827
:107EF000420400F01F06B3B385F85C60BE4201D9AE
:107F0000781EC6B285F85C60CDE9009706FB06FADC
:107F10002B46524631460120FFF718FF6060CDE93D
:107F200000872B46524631460020FFF70FFF2A49B3
:107F30002060096891F88814C90712D06268014668
:107F4000CDF800B02B4603A8CDE90167FFF79AFEF4
:107F5000DDE9030105EBC6025160616045F83600BA
:107F6000206005B08CE6FFE795F85C1001223046F2
:107F70000CF09AFCC6B2C1E72DE9F0410D46064669
:107F800000F18C0417466021204611F0AAFC052060
:107F9000D5E9002304EBC001401EC1E90023F7D25C
:107FA000022004EB8001AA884A862A880A86401E9D
:107FB000F7D200206064A064E06420656065A0657D
:107FC000D5E90001C4E90F013A4621463046BDE833
:107FD000F04101236DE700006007100074051000F8
:107FE0007306100000255602F0B5059C06E000BFA0
:107FF00001EBC40575E90267C5E90267641EF7D1A4
:108000005FF0020400EB8405641E55F8046C2E60DA
:10801000F8D1D2E90042C1E900420360F0BDF8B5F1
:108020000D460646D2E90001C5E90F011C46009342
:10803000294605F130003368FFF7D6FF01B022462C
:1080400029463046BDE8F040002332E7334900B509
:10805000096885B0002291F8D01304914FF475613E
:10806000CDE90212009200F1DC0300F1D00200F130
:108070008C01C830FFF778FD05B000BD7CB5054622
:1080800000F18C04B1F902000190B1F900000090F8
:1080900095F879210E46042A10D0052A14D0072A13
:1080A00012D00B2A10D00E2A0ED0102A0CD0082A7B
:1080B00011D0092A0FD00C2A0DD011E006226946F2
:1080C0002846FFF759FF0BE006236A46214628465B
:1080D000FFF7A5FF04E0062269462846FFF7B6FF32
:1080E0000E48006890F8D903800605D595F8790107
:1080F000082801D00C2804D1B4F840007080A08F6B
:1081000030807CBD4A68436809680068D21A081A42
:10811000404302FB0200C1177047000060071000D7
:108120007047000070B50446002084F87D01FF48C8
:10813000FF4D0E460178286831B194F9991190F8F5
:108140008F02B1421ED028E094F87A1101290BD099
:1081500011F07AFC002894F9990127D0B0422868E0
:1081600090F8F50319D10DE0F249097869B111F0E1
:108170006BFC002894F999010AD0B042286890F865
:10818000B7030AD100F00F0008E090F8B503F9E753
:10819000B042286890F8B603F4D0000984F87D0155
:1081A000204600F0DAF9012806D00FE0B042286836
:1081B00090F8F403F1D1E5E7296894F87D0191F88E
:1081C000F61301F00F01084484F87D01DA480078C5
:1081D000002807D0296894F87D0191F8F713084426
:1081E00084F87D0170BDD34910B50C78D04990F862
:1081F0007D21096891F8F43303F00F0364B191F81D
:10820000B61300BF01F00F01C91A511A002900DC92
:10821000002180F87D1110BD91F8B513F2E72DE92A
:10822000FC41DFF80C830546D8F8000090F8D9032C
:10823000C00743D0C148007A00283FD1002405F18F
:108240008C07012607EBC60030F8041CADF80210BD
:1082500030F8081DADF800108089ADF8060037F839
:108260003600ADF8040001A968460CF0FAFA844221
:1082700000DA0446761C052EE4DB294605F12000D1
:108280000CF0EFFA064611F0DFFB0028D8F80000EA
:1082900005D0B0F8ED13B0F8E903494304E0B0F8B5
:1082A000EB13B0F8E70349434043864206DD8C42B6
:1082B00004DD35F8420F40F002002880BDE8FC8163
:1082C0009F49002008709F4908709A4908707047BC
:1082D0002DE9F04F04468BB0002004F580558DF851
:1082E00010008DF81400B5F8F41A0A049449120C21
:1082F0000CD008708A46461E834631464FF000482F
:108300004FF001092A4695F9007B23E008708D495A
:108310001FE100BFD2F8F4CA09FA00F31CEA030F08
:1083200016D07323434304EB830393F879C1BCF164
:10833000020F01D031460FE0B3F844C0BCF1000F8A
:1083400006D05B6B93FBFCF3984501DA9846014637
:10835000401C40B28742DDDA0027DFF8D48100916B
:10836000D4E000BFD5F8F41A09FA07F0014271D041
:108370007320784304EB800696F87901022806D032
:1083800006280CD00A280FD00F282AD01AE0304631
:108390000099FFF7C7FE032086F879012FE03046E9
:1083A00000F0F7F8072008E0D8F8000090F8D104B2
:1083B00000F00F0086F87D010B2086F87901304629
:1083C000FFF72DFF96F87901032818D0072843D02E
:1083D00008284CD00C2855D00B284AD010280AD099
:1083E00057E0D8F8000090F8D104000986F87E0123
:1083F000102086F8790196F87E0160B363E096F864
:108400004200C00713D0304600F0A7F878B9D8F87A
:10841000001096F87D0191F8F61301F00F018842E3
:1084200003D9401A86F87D0101E086F87DB1424803
:10843000007840B196F87D0158BBD8F8000090F85C
:10844000F70386F87D0196F87D0120E0042086F888
:10845000790142E052E017E096F87E0178BB96F889
:108460004200800703D5082086F879014CE00920F6
:10847000FAE796F87D0170BB96F84200800701D5B7
:108480000C20F1E70D20EFE7304601F0C8FF00288F
:10849000DCD096F8790103280AD0072810D00B28E1
:1084A00016D010280CD0042817D0052815D02BE0A2
:1084B00096F87D0110B3401E86F87D0124E002E0AD
:1084C00096F87E01D0B1C0B2401E86F87E011BE056
:1084D00096F87D0190B1C0B2EDE79AF80010491C02
:1084E0008AF8001096F87A01012802D0032806D0F5
:1084F0000AE09DF81400401C8DF8140004E09DF87B
:108500001000401C8DF810007F1C7FB295F9000B05
:10851000B842BFF627AF05AA04A9204600F078F8B4
:1085200009499DF81000087010E000004005100097
:1085300060071000DC06100072061000683810009A
:10854000DD06100008071000DE0610009DF814007C
:10855000494908700BB0BDE8F08F90F85D1090F8B5
:108560005C208A1AB0F84210521C022A0BD990F8EB
:108570005F2090F85E309A4205D141F00101A0F8E9
:1085800042100120704721F00101A0F842100020A4
:10859000704770B50026044680F87E613748384D34
:1085A000007818B1286890F8900211E011F04CFAA8
:1085B00058B12868012690F8F803000984F87E0174
:1085C00094F87A01012806D00EE0286890F8F803A4
:1085D00000F00F00F2E7296894F87E0191F8B513D6
:1085E00000EB111084F87E011EB994F84200800758
:1085F0000DD42868A16A90F8F90300F00F029142A7
:1086000005D994F87E1101EB101084F87E0170BD3D
:10861000F0B50C781B4B01251CB914780CB11D70FA
:10862000F0BD00241C7009780029F9D011780029C8
:10863000F6D0002100F58054032618E0D4F8F43A6F
:1086400005FA01F73B4210D073234B4300EB830341
:1086500093F87971042F08D193F87A71012F04D11E
:1086600083F8796113785B1E1370491C49B294F941
:10867000003B8B42E2DAF0BDDF061000400510003F
:1086800060071000DC0610002DE9F8431746884605
:1086900006460025FE4C2068B0F8363443B9B0F8E1
:1086A000381429B9B0F83A1411B9B0F83C14B9B17A
:1086B000B6F90E20B6F90C10934210DC438EB0F8D8
:1086C00038C4A3EB0C03934209DBB0F83A248A4286
:1086D00005DC828EB0F83C34D21A8A4200DA0125D9
:1086E000EC49097851B190F81814B0F8232401F03E
:1086F0000F030C09B0F82114494338E011F0A4F934
:1087000088B1206890F80E1401F00F030C0925B110
:1087100090F8351401F00F030C09B0F80F14B0F8FD
:108720001124494323E096F87A01012820680ED0ED
:1087300090F81314B0F81B2401F00F030C09B0F8E3
:10874000191449435243A5B190F834042AE090F833
:10875000151401F00F030C0925B190F8331401F042
:108760000F030C09B0F81D14B0F81F2449435243FD
:108770001BE096F84050ED0608D5B0F89C14B0F810
:108780009E244943524390F82F040BE0C24D2D78AC
:10879000012D0AD9B0F89C14B0F89E24494390F8F2
:1087A0003204524300F00F030409404600940CF0D9
:1087B00066F83C60BDE8F8832DE9F041044690F886
:1087C0007901B34E0F4604F1EC05042810D00528BA
:1087D00014D0072812D0082810D00B280ED00D284E
:1087E0000CD00E280AD0102808D00C2806D03BE068
:1087F00004F10C01284600F08DFF35E0316891F856
:10880000D813C90622D594F85D1094F85C20891A13
:10881000C4F85C1194F85F1094F85E20891AC4F8CB
:108820006011A16BC4F858119C4908280988C4F844
:10883000641101D00C2803D194F86901032813D8DE
:1088400094F86901401C84F8690103E094F8691107
:10885000032904D93946284600F0C8FF04E005285A
:108860000FD0002084F86901306890F88804C007B0
:108870000FD094F879013A462946BDE8F04100F05E
:10888000A2BA491C84F869113946284600F091FFC4
:10889000EAE7BDE8F0812DE9F0477D4C05461F462B
:1088A000206891460E4690F8D8034FF00108000763
:1088B00010D595F84200000602D57648007818B128
:1088C0002846FFF779FF05E005F10C0105F1EC0002
:1088D00000F020FF206890F8D903400703D5314607
:1088E0002846FFF7CBFB206890F8D803400604D554
:1088F0003146284601F03BF88046206890F8D803BE
:10890000800603D53146284600F013FA3168C9F8CD
:1089100000102068B0F93210B6F902000BF06AFFBF
:1089200070802068B0F93410B6F900000BF062FFD7
:108930003080206890F88804800706D55848807CED
:1089400018B9306800F0A6FA306095F8790104286B
:1089500008D005280AD0082818D0092816D00C28D5
:1089600014D016E03888A5F8540012E0206835F8D5
:10897000542F90F8160400F00F01C1F110004A4383
:10898000398801FB00200009288001E0B5F8540077
:1089900038804046BDE8F0872DE9F34F414907464E
:1089A00085B0002008604049DFF800810546086076
:1089B00088F80000DFF8D8A0DFF8F4B04FF0010924
:1089C00007F58056B5E000BFD6F8F41A09FA05F0AD
:1089D000014273D07320684307EB800494F8790157
:1089E000042813D0052811D008280FD009280DD04D
:1089F0000A280BD00B2809D00D2807D00C2805D049
:108A000007285BD12B480078062857D1E0680190F1
:108A1000B4F85200ADF8000004F10C01214A081D21
:108A200000F07EF96B4603AA01A92046FFF733FF49
:108A300002901D4A01A904F1240000F071F994F894
:108A40007A01032802D0042806D008E098F8001024
:108A5000491C88F8001002E0174981F8009001983D
:108A60006062BDF80000A4F85400DAF80000BDF818
:108A7000002090F8AF1051434FF47A72B1FBF2F13D
:108A80008BB2ADF80030B0F8AB20B0F8A91016E00A
:108A90006007100040051000DD061000760610008B
:108AA000683810000C0710001007100008071000AD
:108AB000ED071000E40410008007100038E01846AD
:108AC0000BF0A5FFADF80000DAF80010B1F8A9101E
:108AD000814201D9ADF80010FF49BDF80000A1F8AE
:108AE0004500A4F85400DAF8000090F81A0DC00709
:108AF0000CD0FA48807C48B903AA01A92046FEF7A9
:108B00005BFF8BF80000029991B188B902980128A7
:108B10000ED10198A061BDF80000A4F85600069897
:108B200094F89921016809FA02F00143069801605E
:108B30006D1C96F9000BA842BFF646AF07B0BDE822
:108B4000F08F2DE9F05FDFF8949307468B4699F894
:108B5000090008B110F0B0FF0026DFF884A34FF041
:108B6000010807F580555DE0D5F8F40A08FA06F229
:108B7000104256D07320704307EB800494F87901BB
:108B8000042813D0052811D008280FD009280DD0AB
:108B90000A280BD00B2809D00D2807D00C2805D0A7
:108BA00007283ED1CF4A1278062A3AD194F9992162
:108BB000DBF8003008FA02F10B4232D004280BD166
:108BC0009AF80000052807D0104601F012FB18B9EA
:108BD0002146384601F0C2FA94F87A0104280CD1F3
:108BE00094F87901082805D0092803D00D2801D070
:108BF0000C2802D1032084F87A0194F99A01002804
:108C00000FDB94F87A010021012802D0042802D059
:108C100002E0032100E0052184F87B1120460AF0E0
:108C2000B7F9761C95F9000BB0429DDA00243AE0C2
:108C3000D5F8F41A08FA04F2114233D073216143D3
:108C400007EB810696F87911092902D00D2915D074
:108C500028E096F89921DBF8001008FA02F00142AA
:108C600007D096F99A01002803DB3146384601F017
:108C700090FA3146384601F053FA0FE096F8992100
:108C8000DBF8001008FA02F001420BD096F99A01C5
:108C9000002807DB3146384601F07BFA96F9990146
:108CA00001F09CFA641C95F9000BA042C0DA99F817
:108CB000090000280ED08C48007840070AD58B4C5C
:108CC0008B490025206838B1088009F032F809F096
:108CD00040F82560BDE8F09F9AF800000628F9D119
:108CE0000D8009F026F8BDE8F05F09F032B881493F
:108CF00010B5002008608049086000F0ECFCBDE879
:108D0000104000F002B938B50446002000906946D2
:108D10002046FFF741FE69462046FFF712FF38BDA7
:108D200010B514460BF09DFD2168814200DA2060E9
:108D300010BDF8B5044690F879010F4604F17C06A1
:108D400004280CD005280FD0082836D00C2834D0A1
:108D5000092831D13046BDE8F84000F00BB9304663
:108D6000BDE8F84000F0D2B8204610F085FE18B1FA
:108D7000204610F07FFE17E004F10C01081D0BF0F7
:108D800070FD01466A462046FFF77EFC054694F8D2
:108D90007C0150B95948D4F88410006890F8160442
:108DA000020928460BF080FD05462A463946304622
:108DB00000F0B0F8C4F88450F8BD3046BDE8F84083
:108DC000002200F0BFB82DE9F84381460C46106838
:108DD0004831009017460E4668460BF042FD0BF0F6
:108DE00049FB054604F14C0130460BF03AFD0BF00F
:108DF00041FB8046211D20460BF033FD0BF03AFB72
:108E0000064604F10801201D0BF02BFD0BF032FB90
:108E100001460020B9F1040F0BD100BF4FF000054F
:108E2000C4F88000C4F8840084F88800A8462E4660
:108E30002946D4F8802002EB0503C4F88030D4F82A
:108E400084203244C4F8842009D0934207D9B54223
:108E500008DC884503DD94F88810012902D084F8E5
:108E60008800A7E4012084F88800BDF90210B4F955
:108E70004A00091A714391FBF5F108447880BDF965
:108E80000010B4F94800091A714391FBF5F1084448
:108E900038808FE430B519490514096891F8C64641
:108EA000B1F93220B1F93430A54201DC64F31F403E
:108EB00091F8C746121B0414A24201DC62F31F4062
:108EC00091F8C82604B2944201DC62F30F0091F8D5
:108ED000C91602B2591A13E0A451012068381000D3
:108EE000D0061000E4041000180710003807100026
:108EF000340710000C071000100710006007100066
:108F0000914201DC61F30F0030BD70470022C26066
:108F100000F035B87CB5044615460E46684600F0AC
:108F20002EF801992A46606800F03BF860600099CD
:108F30002A46206800F035F820602146304600F0CF
:108F400027F87CBD7CB5044615460E46684600F001
:108F500016F801992A46606800F023F860600099CD
:108F60002A46206800F01DF820602146304600F0B7
:108F70000FF87CBD0A460146104600F009B8B1F969
:108F8000022012024260B1F900100902016070472C
:108F90004A688032121242800968803109120180C9
:108FA0007047C2F11003504301FB030000117047EA
:108FB0002DE9F041FE4A126849B3518E426F2223D7
:108FC000C46E806F6426400000FB02404843A0FB53
:108FD0000025002101FB005500FB0151A2FB060703
:108FE000002501FB067102FB05115C4322462B465E
:108FF00010F0F6FA2246002310F0F2FAED4B0022B0
:109000001B1A8A4101D2EB480021BDE8F081918E04
:109010001023026FD4E77CB50446E748B4F9021088
:109020000078012830D0B4F90600B4F90A20091AF2
:10903000801A081A0190B4F90010B4F90400B4F9C8
:109040000820091A801A081AD9490090206C09686A
:10905000019B91F80D245043C2F180025343C21783
:1090600000EB526003EBE010206491F80D14E06B0C
:10907000009A4843C1F180014A43C11700EB516097
:1090800002EBE010E0637CBDB4F94600B4F94A207D
:10909000091A801A081A0190B4F90010B4F94400B2
:1090A000B4F94820091A801A081A009004F15000F7
:1090B0000322694605460BF0BAFB94F87C000328AE
:1090C00002D2401C84F87C00C3B20022114618462C
:1090D00007E000BF05EBC0067668324455F8306003
:1090E0003144401EF6D292FBF3F091FBF3F16A6833
:1090F000101A2A684043511A01FB010142F2107014
:10910000814200DD01466420414391FBF3F0A066FB
:109110007CBD2DE9F04F0446B0F90200B4F9061009
:10912000B4F90420401AB4F900104043891A01FB35
:1091300001082769A66907FB07F006FB060089B04E
:109140004FF00009404515D90BF094F905000DD0FA
:1091500040460BF08FF9784390FBF5F020614046D4
:109160000BF088F9704390FBF5F002E04846C4F834
:109170001090A0614E46CDF81490CDF81890CDF81F
:109180001C90CDF8209001250DF114090227CDE99E
:109190000159CDE90375884804F10C039B463A4612
:1091A0003946203000970BF0B3F9DFF80C824FF40A
:1091B000807A98F80000012848D0206C00900123A4
:1091C000022207A908F108000BF079F907A9012389
:1091D00002220846CDF800A00BF063F902235A469C
:1091E00007A905A800950BF077F90596069607964E
:1091F0000896CDE90159CDE903756F4804F11403D0
:1092000002221E461146203000970BF081F998F893
:10921000000001281FD0E06B009067480123022264
:1092200007A908300BF04BF907A9012302220846D1
:10923000CDF800A00BF035F90223324607A905A8A6
:1092400000950BF049F909B0BDE8F08FDDE90501A3
:10925000C4E90301C9E7DDE90501C4E90501F2E755
:109260002DE9F04F8DB0002602240596069607964C
:10927000089609960A960B9605AF0C96CDE901471C
:1092800005464D4805F11C03039404949B46224671
:109290002146203000940BF03BF90DF1240ACDE972
:1092A000014A454B0222039404943033114605A829
:1092B00000940BF02DF9DFF80081DFF8F49098F8B6
:1092C0000000012815D1A86E022308F1600100906A
:1092D0001A46A1F110000BF0F2F8D9F800000223B1
:1092E00008F1600190F80D0400901A4608460BF052
:1092F000D8F8314902235A46603109A800940BF08E
:10930000EBF8059606960796089609960A960B9628
:109310000C96CDE90147284805F12C03022203945D
:1093200004941E461146203000940BF0F1F8CDE96C
:10933000014A214B0222039404943033114605A8BC
:1093400000940BF0E5F898F80000012815D11A49AF
:10935000A86E0223603100901A46A1F110000BF0B4
:10936000AEF8D9F800001449022390F80D046031DA
:1093700000901A4608460BF094F80F490223324633
:10938000603109A800940BF0A7F80DB05CE72DE957
:10939000F04F0F4609498BB00546D1E90001002680
:1093A00093460596069601240DF1140A079607E0E8
:1093B0006007100040420F0098051000B89A0100A5
:1093C000CDE90801CDE9014A4FF0020905F10C038E
:1093D000039498464A462146FE48CDF800900494EE
:1093E0000BF096F8B5F9020005990123401A059093
:1093F0000090022206A938460BF061F86427414626
:1094000001230222084600970BF059F84246022336
:1094100006A9104600940BF05FF84246022308A903
:10942000104600940BF058F84146012302220846EA
:1094300000970BF036F8059606960796CDE9014A97
:1094400005F1140303941E4602220121E148CDF8E0
:10945000009004940BF05CF8B5F900000599012325
:10946000401A05900090022206A958460BF027F8F2
:10947000314601230222084600970BF020F83246BD
:10948000022306A9104600940BF026F83246022368
:1094900008A9104600940BF01FF831460123022260
:1094A000084600970AF0FDFF0BB0CDE62DE9F74F17
:1094B0008AB00026059606960796089601244FF076
:1094C00002090DF1140A0996CDE9014ACDE9039488
:1094D0000746C04B07F11C004D4608334A46494633
:1094E0008046CDF800900BF013F807A8CDE90150A5
:1094F000CDE90345434602220121B64800950BF011
:1095000007F80DF1240BCDE9014BB24B039408335E
:109510000222012107A8009504940AF0F9FFAD4D3D
:10952000103D2878012804D101213846FFF740FD7D
:109530006860099869684FF06408084405A90990B3
:1095400001230222CDF8008008460AF0B8FF0998EE
:1095500000900123022205A80B990AF0A2FF0796AA
:109560000896059606960996CDE9014ACDE9039439
:10957000984B4E46022207F12C00CDF8009008339C
:10958000114681460AF0C4FF07A8CDE90160CDE984
:1095900003464B46022201218E4800960AF0B8FF8E
:1095A000CDE9014B8B4B039408330222012107A81C
:1095B000009604940AF0ACFF2878012804D1002119
:1095C0003846FFF7F5FC686009986968012308448C
:1095D00005A909900222CDF8008008460AF06FFF25
:1095E000099800900123022205A80C990AF059FF5E
:1095F000CBE62DE9F74F8EB000250595069507952A
:109600000224089509950A950B9505AF0C95CDE9AF
:1096100001478C464FF0010A064603946D4B5246B3
:1096200021466046CDF800A004940AF071FF694815
:1096300005AA02231146303000940AF05BFF0DF1B9
:109640002408CDE9014806F11C0302220394049486
:109650009B46114605A800940AF05AFF4FF0640992
:1096600002231A46594609A8CDF800900AF019FFBE
:10967000059506950795089509950A950B950C95FE
:10968000CDE901470394534B01220221CDF800A0FC
:10969000049410980AF03CFF4E4805AA0223114694
:1096A000303000940AF026FFCDE901480394049479
:1096B00006F12C03009402221C46114605A80AF06C
:1096C00027FF02231A46214609A8CDF800900AF088
:1096D000E8FE11B0B8E538B53F483E4C0168103C93
:1096E00091F8D803C0F300122270B1F80B041AB13C
:1096F000642148430D4601E0D1F8075435498008FC
:109700000223503100901A46A1F110000AF0D7FE52
:10971000656038BDF8B50446086820604868606038
:109720008868A06000252564E563B1F90200C4E9FA
:109730000305B1F90000C4E9050526481038017891
:1097400001290AD060301C340FC80FC484E80F0010
:10975000B4F12C0484F87D50F8BD50301C340FC88F
:109760000FC41D4E0FC4306864210223B0F80B04EF
:109770001A4648438008A4F12001009008463C3C6A
:109780000AF09DFE306864210223B0F80B041A46EB
:109790004843800804F12C01009008460AF08FFE2F
:1097A00094E8070004F1440383E8070084F87C5040
:1097B000D0E710B5044603220BF024F82046FFF74B
:1097C0002AFCB4F90200E060B4F90610401A2061E6
:1097D00004E00000A805100060071000B4F90000C4
:1097E0006061B4F90410401AA06110BD7FB50D4648
:1097F000044603220BF006F82046FFF70CFC204637
:10980000FFF787FC2046FFF72BFD0020009001901A
:109810000290039002AA69462046FFF747FE02AA7B
:1098200069462046FFF7B3FD02AA69462046FFF7C6
:10983000E0FEA0896880A08A288005480078012879
:1098400005D10322294604F144000AF0DBFF7FBD65
:109850009805100070470000F0B544884E88012537
:10986000A41B24B2002C01DB264600E066425E8089
:109870005642944202DD4488A41A03E0B44203DA5B
:10988000448814444C80002504880F88E41B24B2CB
:10989000002C01DB274600E067421F80944202DD76
:1098A0000088801A03E0B44203DA0088104408807C
:1098B00000252846F0BD2DE9F0478C4F8946044627
:1098C0008189DFF824823868924659B190F826548D
:1098D00010F0BAF810B1386890F82854A089401EEA
:1098E000A08107E098F8001090F82A54012901D9C6
:1098F00090F83154386898F8001090F829640129DC
:1099000001D990F83064DFF8E88198F81310A1B11C
:10991000617E11B1E17D59B105E090F8965490F85F
:109920009564E17DB1B190F89A5490F8996411E092
:1099300090F8985490F897640CE010F085F848B9C6
:10994000E07D38B198F8180020B9386890F8935441
:1099500090F89264E08938B1401EE081A9F8006077
:10996000AAF80050BDE8F08701206076F6E72DE9FF
:10997000F04786B04FF00009054600F1600480F81A
:10998000789090F879010E464FF0010804280BD02A
:10999000217D012908D005280CD008280AD00C28E0
:1099A00008D0092864D065E032462146284600F0F8
:1099B00066F85FE002AA01A92046FFF77CFF03AB2F
:1099C000BDF9082021463046FFF746FF824604AB2A
:1099D000BDF90420211D3046FFF73EFF0746BAF1CE
:1099E000010F03D0A07D012836D03AE0BDF90CC0AC
:1099F000BDF90E00604500DD8446DFF8F090D9F82F
:109A0000000090F82B0400F00F030009012F0BD089
:109A10000090BDF90820BDF9041060460AF02FFF40
:109A2000A17D01290BD015E0A1683160D9F80010A3
:109A300091F8D8130906F3D44FF00008F0E795F831
:109A40007C1139B9D9F8001091F816140A09216966
:109A50000AF02AFF206104E00120E0756076A4F896
:109A60000E9084F816A06775B8F1000F02D103E0DC
:109A7000A06830603068A060404606B072E72DE90B
:109A8000F0471A4E8046DFF8689030680C4699F827
:109A9000191090F82554174609B190F858540FF052
:109AA000D3FF10B1306890F8275498F87901042852
:109AB00000D00025A58138682060386860600120EA
:109AC000A0756075002020756076E075E08198F8DB
:109AD0007901042807D199F81300002803D03068D1
:109AE00090F89404E0813DE7DD0610006007100067
:109AF000683810007047FD48704710B541F60831CE
:109B0000FA480FF0EEFE4FF4CB61F9480FF0E9FE92
:109B1000F848FF2180F8001B01F0C8FAFFF79AFE11
:109B200000F07CFCFEF7CCFBFFF7E1F8BDE810404D
:109B3000FEF7F6BA2DE9F04F07468DB080684FF476
:109B400008710BF063FE82462221EB480BF053FEB6
:109B50001021EA480BF04FFE97F85446DFF8A08337
:109B600047F6FF750DF1180B8CE000BFD8F8000028
:109B7000B0F81E2712EB0A0F0FD404EBC40101EB5F
:109B8000410107EB8106318F0A0706D4C90704D1CA
:109B9000718F90F8200781420AD904EBC40000EBD2
:109BA000400007EB8000A0F86450A0F8625069E024
:109BB00096F8590096F858900290002862D00F2825
:109BC00060D0B9F1000F5DD0B9F1210F5AD0B06863
:109BD00002990FF083FF01900298401EC1B2B06855
:109BE0000FF07CFF05900298401CC1B2B0680FF0E6
:109BF00075FF0199059A31F919C001EB49010C91E2
:109C000031F8021C019132F819E002EB490271446B
:109C100032F8023C63441944ADF818100C99498895
:109C200005915288714462441144ADF81A1030F81D
:109C3000192000EB4900019930F8023C11446344BB
:109C40001944ADF81C10059940881144604408443B
:109C5000ADF81E00284600214FEA0B0333F911200E
:109C6000824200DA1046491C0429F7DB002800DA9A
:109C70000120A6F864C064210CFB01FC9CFBF0F001
:109C8000A6F86200641EBFF471AF0DB0BDE8F08F9E
:109C90002DE9F04300239A4E99461C461D461A466C
:109CA000D6F8008037E0022A08DA00EB420730F8E5
:109CB00012C0BF880026A7EB0C0718E0CE1EB242E8
:109CC00009DD00EB420630F8127036F8046CF61B22
:109CD00036B200270CE000EB420C30F812703CF872
:109CE000046CBCF804C0F61B36B2ACEB07073FB2FD
:109CF00098F87CC7B44501DCBC4506DD5B1CDBB2D3
:109D000045B9641CE4B2012504E04B4500D99946ED
:109D100000252B46521C8A42C5DB2046BDE8F08355
:109D20002DE9F04380460020994601460546064647
:109D3000044607464FF0010C13E000BF0CFA04F391
:109D400003EA08033B4306D0401CC0B246B96D1C71
:109D5000EDB2012604E0884200D9014600263046D3
:109D6000641C9442EADB89F800508842D6D8084641
:109D7000D4E72DE9F74F84B061484FF0FF3ACDF8B2
:109D800008A000680024A04690F87D07039006987C
:109D90008DF80040264690F85406254600287DD0D0
:109DA000814629E009EBC90000EB4001069800EB71
:109DB0008100019010F8567F90F801B009E03A4612
:109DC000012000210FF083FC04437F1C41EA0808B6
:109DD000FFB2BB45F3D2019810F8547F90F801B060
:109DE00008E03A46012000210FF071FC06430D43C4
:109DF0007F1CFFB2BB45F4D2B9F10109D2D225F0E4
:109E0000020526F00106FDF783FB012816D03C4829
:109E1000DDF81090102700684FF0220C90F88407AE
:109E2000039000208346012101FA00F35A462340A3
:109E3000134315D0BAF1FF3F0CD00DE04046214648
:109E40003446A84622274FF0100C0E460546DDF892
:109E50001490E6E70FFA80FA791E884207D008E0EE
:109E6000002806DD431E99402140114301D001B274
:109E70000291401CB842D6DB6B466246304629460A
:109E8000FFF74EFF05468DF800B06B463A46204678
:109E90004146FFF745FF3946484600E023E0FFF71B
:109EA000F7FEBAF1000F1EDD9DF8001001291AD14E
:109EB000012818D1124902980968A0EB0A0091F80C
:109EC0007F2790420FDD91F87E1788420BDA0398C6
:109ED000854208D90B49012008700B490870069883
:109EE000042180F85A1007B0D0E60000200F1000BF
:109EF000282A1000201F1000E21C0120B61C01209F
:109F00006007100080071000810710002DE9F04164
:109F100090F854460646012C62D9F948F94B0021C5
:109F200002681B7892F89F03052B01D0062B01D104
:109F300092F8A203F44B5D780DB99B780BB192F8BF
:109F4000A103F24B1F780FB192F8A00323460AE059
:109F500003EBC30505EB450506EB8505B5F94A504E
:109F60008D4200DD29465B1EF2D24143642091FB05
:109F7000F0F0E74900B2B1F90050E6498B780BB92F
:109F8000097E11B1E449B1F900502FB1B2F898122D
:109F900092F89A22891A0DB2A84200DB054627469C
:109FA0001CE000BF07EBC70000EB400006EB8000A1
:109FB000B0F94A10A94210DA96F85416491EB9426F
:109FC00009D004EBC40101EB410106EB81016C22D5
:109FD0006C390FF02AFC641EE4B20CB17F1EE1D292
:109FE00086F85446BDE8F08110B5C54C206890F85D
:109FF0007407C00707D0C448407820B9C74AC84989
:10A00000C848FFF7B6FE206890F84D0CC00706D090
:10A01000C249C54803F02AF8C449002008702068E6
:10A0200090F81507C00702D0BC48FFF783FD2068F1
:10A0300090F89E03C00702D0B848FFF767FF20687A
:10A0400090F87407800702D5B44800F092F9B3483D
:10A05000B74990F85406887110BDB54910B5002075
:10A060008871B14801F026F8AF48FEF731F9BDE834
:10A070001040AD48FEF747BEA84810B590F854060A
:10A0800050B1A649A84801F04BF8A74800F036FCAB
:10A09000A048007E18B105E0BDE81040DDE7A24809
:10A0A00000F082FCA048FEF713F9BDE810409E487E
:10A0B000FEF729BE02F026BA10B5984C014694F876
:10A0C00054060F280DD200EBC00000EB400004EB5B
:10A0D00080006C220FF0A9FB94F85406401C84F811
:10A0E000540610BD10B500F580500021D0F8F43AA8
:10A0F000012200BF02FA01F423420BD18A4013432C
:10A10000C0F8F43A90F9002B8A4201DA80F8001B7B
:10A1100048B210BD491C0F29ECDB4FF0FF3010BDD9
:10A1200010B500F5805091F899410123D0F8F42A38
:10A13000A3409A43C0F8F42A002281F8792190F9CB
:10A14000002B91F999118A4207D1D0F8F41AB1FA8B
:10A1500081F1C1F11F0180F8001B10BD30B500F581
:10A1600080500022D0F8F84A012300BF03FA02F51C
:10A170002C4206D193401C43C0F8F84A81F89A213A
:10A1800030BD521C52B20A2AF0DBFF2081F89A013E
:10A1900030BD10B500F5805091F89A410123D0F8F8
:10A1A000F82AA3409A43C0F8F82AFF2081F89A01C0
:10A1B00010BD5A487047594890F85406704701211D
:10A1C0008140002809DB5B48D0F8F42A0A4204D019
:10A1D000D0F8FC2A0A43C0F8FC2A7047002807DBA5
:10A1E000012181405348D0F8FC2A8A43C0F8FC2A58
:10A1F0007047002808DB4F4901228240D1F8FC1A41
:10A20000114201D001207047002070474A48B0F940
:10A210000000704748490020088070472DE9F04150
:10A22000414C002504F580575FF00106D7F8F40A89
:10A2300006FA05F1084210D07320684304EB800150
:10A2400091F99A01002808DBD7F8F83A06FA00F2EB
:10A25000134202D02046FFF79CFF6D1C6DB20F2DFC
:10A26000E4DB41F6F420042120440EF0DBF832490F
:10A270000880B7E62DE9F041214C002635462068DC
:10A280003146B0F841872D4800680FF027FC0246A0
:10A2900020680023B0F843475FF0000032F9101047
:10A2A000E14203D5002900DA49420D44401C22282E
:10A2B000F4DB44325B1C102BEEDB21481D4C0027E5
:10A2C0000078E0B1A8453EDA042104F6F4200EF04F
:10A2D000A9F8024694F8031B104899B390F8542645
:10A2E00094F8023B9A422ED9491C11F0FF0184F8E0
:10A2F000031B84F8022B80F8547632D132E022E03E
:10A3000060071000D0061000B807100040051000CC
:10A31000940610006838100096061000282A1000D5
:10A32000E21C0120B61C0120200F10001C061000AA
:10A33000A4510120201F100008061000F406100090
:10A34000DD06100002E084F8037B0BE090F8541661
:10A35000914207D9012284F8032B84F8021B80F86C
:10A360005476012630463DE62749002081F8540600
:10A3700070472DE9F041074690F85456234E3FE0D0
:10A380002348407CE0BB05EBC50000EB400007EB39
:10A39000800494F85A00032832D13168B4F960007F
:10A3A00091F87113884221DCFDF7B2F850B994F8A6
:10A3B0004D0094F84C10401A3168401C91F8771702
:10A3C00088420EDCFDF7A4F8012819D194F84F005B
:10A3D00094F84E10401A3168401C91F87617884264
:10A3E0000EDD306890F87407800709D509480078B9
:10A3F000012805D0084901200870042084F85A007B
:10A400006D1EBDD2EEE50000282A10006007100086
:10A41000683810002E051000800710007047FF49B3
:10A4200010B5B1F90020FE4900230C7EFD49B1F9B9
:10A43000001004B10A46B0F9584094420ADAB0F864
:10A440004220D20505D58C4203DD012180F87A1126
:10A4500000E00123184610BD2DE9F043DFF8C0935A
:10A4600099F802400CB1012500E00025EE4C1128BE
:10A4700094F800C0ED4C2778ED4C266871D2DFE8E7
:10A4800000F07009090932327070707032327072E7
:10A490007270720000201880C807206807D0B0F8DA
:10A4A000B90410809DB12068B0F8A8040EE0B0F89F
:10A4B000B10410801DB12068B0F8AC0406E0052F8F
:10A4C00001D0062F03D12068B0F8CF04108099F88E
:10A4D0000000002845D000BFBCF1010F41D1206829
:10A4E000B0F8C1043CE0C80711D0B6F8B904B6F81A
:10A4F000BB14401A108035B12068B0F8A814B0F829
:10A50000AA04081A10802068B0F8BD041AE0B6F852
:10A51000B104B6F8B314401A10802DB12068B0F819
:10A52000AC14B0F8AE0408E0052F01D0062F06D118
:10A530002068B0F8CF14B0F8CD04081A1080206855
:10A54000B0F8B504188099F80000002809D0BCF1D3
:10A55000010F06D12068B0F8C114B0F8C304081A7E
:10A560001080BDE8F083C8070BD0B6F8B90410809E
:10A570001DB12068B0F8A80410802068B0F8BD14A0
:10A580000AE0B6F8B10410801DB12068B0F8AC0440
:10A5900010802068B0F8B514B0F8C504002D084448
:10A5A000188099D1DDE74AB1521E002A06DD00EB82
:10A5B000420333F8023C20F81230F5E7018070477F
:10A5C0000AB1002305E001225FF0000320F8131018
:10A5D0005B1C9342FADB70470021C0F8881180F8B9
:10A5E0008D1180F88C11816BC0F891117047134662
:10A5F00070B50A468E49096891F8C75405B9012516
:10A6000090F84010CE0603EB430101EBC301894BE8
:10A6100003EB810407D5FFF7DFFF91B220462A46FE
:10A62000FFF7CEFF04E091B220462A46FFF7BBFFBA
:10A6300020462946BDE870400BF000B92DE9F34FE4
:10A6400085B004467A4D00200490286890F81517CC
:10A65000CA07B4F9B21108D0A1F5FE42FF3A04D0FE
:10A660006F4A92780AB90122049294F879C1B4F938
:10A67000B021A76BCDE900120026B0F91AB7B0F9E6
:10A6800016A7B0463146ADF80860ADF80C6032460A
:10A69000B146BCF1110F4ED2DFE80CF04D090909AB
:10A6A0004E4E4D4D4D4D4E4E4DDEDE4DDE0084F88E
:10A6B0008E112046FFF790FF0698B9B200EB4002DA
:10A6C00002EBC0005B4A02EB80001622FFF778FF26
:10A6D000B4F8401003AB02AA6046FFF7BDFEBDF818
:10A6E0000800874201DA012600E0002684F88D6127
:10A6F0002146201D0AF0B5F8A4F88F01049800281F
:10A7000019D0B6B994F88C0120B12868B0F918A70F
:10A71000B0F91CB7019858450BDA0098504508DA93
:10A72000286890F8210718B194F8BF11814200D32E
:10A73000012684F88C61DDE094F88E1131B9B0F80F
:10A74000C9148F4202DD012184F88E113A4990F834
:10A75000C804097888421DD394F88E01D0B1B4F8AA
:10A76000401003AB02AA6046FFF776FE394620464A
:10A77000069AFFF73CFF80462146201D0AF071F83B
:10A78000B4F98F210146801A0028286806DC90F869
:10A79000D20405E02046FFF71FFF54E090F8D304F1
:10A7A000C0F18003424301FB03204FEAE01928680F
:10A7B000224A90F8D63490F8D714527822B1184A29
:10A7C000527C0AB9012319460122CDE9001290F802
:10A7D000D52490F8D41452434943484609F0EAFE80
:10A7E000C2B208FB02F0642190FBF1F0BDF80C103E
:10A7F00080B2884203D2BDF80810884200D80846CB
:10A8000094F84010C90705D094F8C811C90701D1C0
:10A81000BDF80800874213DA012612E09006100006
:10A8200068381000920610002E051000D0061000A7
:10A8300060071000F6290120DE061000B80710009E
:10A84000002684F88D611FFA88F0C4F88891C4F856
:10A85000910184F895214DE094F88D01E8B3B4F8A6
:10A86000401003AB02AA6046FFF7F6FD2146201D0B
:10A8700009F0F7FFB4F98F210146801A00282868F3
:10A8800002DC90F8D20401E090F8D304C0F58073A4
:10A89000424301FB032006122868012290F8D914D4
:10A8A000CDE9001290F8D52490F8D41490F8D8345B
:10A8B00052434943304609F07DFE94F89521C0B2D9
:10A8C000D4F89111104441436420B1FBF0F0BDF87D
:10A8D0000C1080B2884205D200E00BE0BDF80810F1
:10A8E000884200D80846874201DA012600E00026A7
:10A8F00084F88D6107B03046BDE8F08F2DE9F04156
:10A90000074600244FF0010800F5805646E000BFDE
:10A91000D6F8F41A08FA04F001423DD073206043DF
:10A9200007EB800595F87901022803D0032801D0B0
:10A93000012831D195F87A01032804D0042802D0E7
:10A94000012810D021E04848006890F8B004C00702
:10A9500004D0E1B22846FFF771FE58B92846FFF748
:10A960005EFD38B911E04149B5F95800B1F9001060
:10A9700088420ADA95F87901022803D0032801D029
:10A98000012809D185F8798106E095F87901012837
:10A9900002D1022085F87901641C64B296F9000B9B
:10A9A000A042B5DABDE8F0812DE9F0410746002468
:10A9B00000F5805652E00121D6F8F40AA140084281
:10A9C0004AD07320604307EB80054FF0000895F8EC
:10A9D0007901022840D003283ED001283CD095F9C7
:10A9E0009901FFF706FC012836D095F87A01032873
:10A9F00003D0042801D001280BD11B48006890F82F
:10AA0000B004C00705D021462846FFF717FE0128ED
:10AA10000AD095F879010A2817D00B2815D00D28EF
:10AA200015D00E2813D015E095F879014FF00108E4
:10AA3000042806D0052804D00F2804D0102802D0FE
:10AA400008E00A2004E00E2002E0052000E00F20CC
:10AA500085F87901C5F88481641CE4B296F9000B8D
:10AA6000A042A8DA9EE700006007100092061000DE
:10AA70002DE9F05FDFF8F4A5012715460C4601F13A
:10AA80000C094FF0FF3B002602F10C08EBB384F8F1
:10AA9000797195F85A0084F87A0184F89AB184F8AB
:10AAA0007D6184F87E61A4F84260A662C4F8C46146
:10AAB0002663E66284F87C6184F87F6195F85C0027
:10AAC00084F88201B5F84A00A4F85A0095F85F00AE
:10AAD00084F8A801E8682062E868C4F8C00103228D
:10AAE0004146204609F09AFE03224146484609F0B5
:10AAF00095FEDAF8000090F8750784F8BE01288FFB
:10AB0000A4F8C80184F8756147E0FFE729462046AC
:10AB100000F079FBA06A401CA06294F87901042837
:10AB200001D0052804D1206B411C01D0401C2063BA
:10AB3000E06A411C01D0401CE062032241462046ED
:10AB400009F060FE03224146484609F05BFE94F896
:10AB5000810184F8820194F87A0104280DD195F8D6
:10AB60005A00042809D094F8BE0160B1401E84F850
:10AB7000BE01042085F85A0005E0DAF8000090F8DC
:10AB8000750784F8BE0194F84000C00705D1B4F8F9
:10AB9000C80120F00100A4F8C80195F85A0084F813
:10ABA0007A0195F85C0084F8810195F85B0084F8DF
:10ABB00083016A8FA4F84420A88FA4F84600E88F88
:10ABC000A4F84800B5F84200A4F84A00B5F84400DB
:10ABD000A4F84C00B5F84600A4F84E00B5F84800BB
:10ABE000A4F85000B5F85800A4F8A401B5F8660020
:10ABF000A4F8CA01A86AB0F5803F02DB4FF6FF70E7
:10AC000000E080B2A4F85200B5F94A10A4F8581038
:10AC1000A86A6063E86AA06394F99A31002B05DBA7
:10AC200084F8A961D4F8AC31834203D2C4F8AC01F2
:10AC300084F8A971686BE063288FA4F84000E86C81
:10AC4000E0656869E061B4F95A00884201DAA4F865
:10AC50005A10C4F8A06184F898B1288F8005B4F820
:10AC6000420002D540F4807001E020F48070A4F826
:10AC7000420035F8620FA4F8B0016888A4F8B20168
:10AC8000E87984F8BF01FA48A0F80920BDE8F09FF0
:10AC9000F0B5B1F90260B2F90250782406FB05F76D
:10ACA000002F2ADDB1F90070B2F900C007FB0CF7E4
:10ACB000002F22DD76435D4396FBF5F52DB24580EE
:10ACC000B1F90010B2F9002049435A4391FBF2F167
:10ACD0000AB20280782D00DD4480B0F902306FF0B6
:10ACE00077018B4200DA4180782A00DD0480B0F9D8
:10ACF00000208A4200DA0180F0BD00214180FAE79D
:10AD000010B5046804EB440400EB44046360627211
:10AD100021720168491C016010BD7CB500211CE056
:10AD200001EB41034A1C00EB430312E002EB420437
:10AD300000EB44045E686568AE4209DD00961E893A
:10AD4000ADF804605D6025891D81009D65602681E8
:10AD5000521C04689442E9DC491C02688A42DFDC28
:10AD60007CBD2DE9FF4FDFF80C930D468346D9F8E3
:10AD700000108DB00020BD4E0860BF493068497C8E
:10AD8000B0F8DC4309B1B0F928470EF06DFE012898
:10AD900012D13068B0F8DE0370B104460EF054FEF4
:10ADA00080B13068B549B0F8E42309688A4209DA0D
:10ADB000B0F8E203044405E00EF046FE10B130683E
:10ADC000B0F8E043A94864430894006800260BF5F6
:10ADD000805790F8E6034FF0010A0A90F9E000BFAF
:10ADE000D7F8F40A0AFA06F108427DD0732106FB6F
:10ADF00001F00BEB800494F879010828F5D0214686
:10AE0000201D09F02EFD0A99484300FB01F89C48DB
:10AE10000078012803D194F87901042805D094F82A
:10AE20007A01042801D0089805E090480068B0F83D
:10AE3000DA0340430890804500DA80468B4800687A
:10AE400090F8D903000725D42246211D05A809F052
:10AE5000FEFC221D111D0BA809F0F9FCBDF9140020
:10AE60006430C82804D8BDF916006430C82801D958
:10AE7000012300E003230BAA05A901A8FFF708FF9F
:10AE80006088BDF806100844ADF826002088BDF89B
:10AE9000041031E094F8790105282FD007282DD02F
:10AEA0000B282BD00E2829D0102827D0A06AE8B371
:10AEB0000128224604F1040101A86CD009F0C7FC66
:10AEC000221D111D05A809F0C2FCBDF90600BDF93F
:10AED0001610BDF9142008444010ADF82E00BDF93D
:10AEE00004101144491000E071E0ADF82C106288A4
:10AEF0001044ADF826002088084443E02246211D76
:10AF000001A809F0A4FC221D111D05A809F09FFC51
:10AF1000BDF90600BDF916104843002836DDBDF91D
:10AF20000400BDF914104843002800E02EE02DDD98
:10AF30004E48002104F1DC03006804F1D00290F8CF
:10AF4000D10304904FF47560CDE90201009104F142
:10AF50008C0106A8FCF708FEE1880798A288401A31
:10AF600001B20698801ABDF9062000B24A43002AB1
:10AF700004DDBDF904104143002907DC0798ADF852
:10AF800026000698ADF8240000241CE06088ADF887
:10AF900026002088F6E709F05AFC71E704EBC400AC
:10AFA00000EB400005EB800109A80C3109F059FCC9
:10AFB0000346404505DA62B23146D9F80000FFF792
:10AFC0009FFE641CE4B295F85406A042E6D8761CB5
:10AFD00076B297F9000BB042BFF602AFD9F8000085
:10AFE0004C46016800295ED0FFF797FE00264FF01F
:10AFF000050954E006EB460100EB410090F90820FA
:10B0000090F909C00F980AFA02F1036898460B42BA
:10B0100044D1109B0AFA0CF01F68534607423DD1F9
:10B0200047460F430F99984600230F60109909680F
:10B03000014310980160732042430BEB82070CEB35
:10B04000CC0000EB400005EB800239465846FFF784
:10B050000FFD97F87901042814D0052815D007288A
:10B0600016D00D2817D00E2815D017E06007100055
:10B07000A45101200C061000683810000C071000C5
:10B08000DD06100087F87C8102E0002087F87C0153
:10B0900087F8799102E00E2087F87901761C206804
:10B0A0000168B142A6DC11B0BDE8F08F8A490020EA
:10B0B000086070472DE9F04100240646062700F598
:10B0C000805520E00121D5F8F40AA140084219D0AA
:10B0D0007320604306EB800191F87901042818D0B1
:10B0E000052816D0012817D0032815D00A2810D01B
:10B0F0000B280ED00D280FD00E280DD00F280BD006
:10B10000102809D0641C95F9000BA042DADABDE8DA
:10B11000F08181F87971F5E73046FFF701F8F1E742
:10B120002DE9FC47804600200E4600900190012149
:10B13000694804F0E9FF08F580570124D7F8F40ABC
:10B1400090B36B4601AA31464046FFF70AFE002540
:10B150004FF0060924E000BFD7F8F41A04FA05F00E
:10B1600001421CD00199084219D17320684308EBB1
:10B17000800191F87901042818D0052816D00128FB
:10B1800017D0032815D00A2810D00B280ED00D2870
:10B190000FD00E280DD00F280BD0102809D06D1C11
:10B1A00097F9000BA842D7DA002522E081F87991BF
:10B1B000F5E74046FEF7B4FFF1E700BF009904FA57
:10B1C00005F0084214D14046FEF78CFF00280FDB43
:10B1D0007321414308EB810105EBC50202EB4202FA
:10B1E00081F8990106EB820201234046FFF740FCFB
:10B1F0006D1C96F85406A842E0D80121364804F0A8
:10B200009BFFBDE8FC872DE9F041044691F85A0008
:10B2100000260D46012801D184F87F6194F87A0157
:10B220002E4FDFF8BC8001281FD195F85A00032863
:10B230004DD194F87901032804D0042806D00528BC
:10B2400004D01EE02046FCF7CEFF0EE0D8F8001038
:10B2500094F87F0191F8B51301F00F01884202D8EC
:10B260003978012906D084F87F6195F85A000328BF
:10B2700007D008E0401C84F87F01012085F85A00BF
:10B2800001E084F8806194F87A0103281FD195F8D1
:10B290005A0001281BD194F87901052817D1387874
:10B2A000B0B9D8F80000B4F95A10B0F8BC239142F4
:10B2B0000EDA94F8801190F8BE03814207D2032081
:10B2C00085F85A0094F88001401C84F880011EE73C
:10B2D00084F880611BE700000C061000DC061000FB
:10B2E00060071000F0B5FE4A146894F8282194F81D
:10B2F000263194F8296194F827510AB1521ED2B22E
:10B300000BB15B1EDBB20F2E01D2761CF6B2212DE3
:10B3100001D26D1CEDB2002712E000BF02EB021457
:10B3200064064FEA146E1C4607E000BF0EEB040CE7
:10B33000641C20F81C7021F81C70AC42F6DD521C15
:10B34000B242EBDDF0BD2DE9FF4FE54885B0006866
:10B3500000F2D2610491B0F8DB16B0F8DD2611449A
:10B360000EB290F8DA16039190F828E190F8264191
:10B3700090F82911009190F827B190F82501C007A5
:10B3800016D0BEF1000F03D0AEF1010000F0FF0EA9
:10B390000CB1641EE4B200980F2802D2401CC0B267
:10B3A0000090BBF1210F03D20BF1010000F0FF0B65
:10B3B000002080E004980021894610F80A000191DD
:10B3C0000799059A01EB011100EB410102EB4107DE
:10B3D000069ADFF80CC302EB41051299139ADCF8C8
:10B3E00000C001EB400102EB400301229CF825C1A3
:10B3F00044314433CDF808C0B3F800C0B1F8008040
:10B40000ACEB080CDDF808800FFA8CFC5FEAC8781A
:10B410000BD0A04209D3584507D8724505DBDDF8AB
:10B420000080424501DC47F6FF7CB4450CDAC6F1EA
:10B430000008C44508DDDDF80480C444CDF804C02C
:10B4400009F1010C0CF0FF094431521C44330F2A5E
:10B45000D2DBB9F1000F01D14FF00109019A139B22
:10B4600092FBF9F133F810C0129B0AB200F5FF719C
:10B4700033F81000139BACEB000000B233F811C09E
:10B48000129B33F81110ACEB010109B2084400EB38
:10B49000D07040F34F01079808E0A0B10F2812D0F8
:10B4A0002B889B1A401C27F8443B4435089B984244
:10B4B000F3DD0AF10100039982468842FFF67AAF74
:10B4C00009B0BDE8F08F2B885B1AEBE72DE9FF4F41
:10B4D000DFF80C920020844BD9F80010DFF804C28A
:10B4E000DB7DB1F94C7483468246024606460BB1B9
:10B4F000B1F9527400993EE0019B33F91140002CE0
:10B5000001DB234600E063420FFA83F8029B33F924
:10B510001150B5F1000E01DACEF100052BB2BEEBF1
:10B52000040400D564420FFA84FEA3EB0804BC4275
:10B5300002DD521C92B217E0D9F80040A8EB0305D7
:10B54000B4F84E8445450FDD94F85644761C651ECC
:10B55000B6B28D4206DA009D2C1B8C4202DD4FF004
:10B56000010B01E04FF0010A634504DDBE4502DD39
:10B570009C46039B1980491EBED2BBF1000F0AD125
:10B58000BAF1000F0BD0D9F80010931B91F85514A5
:10B590008B4200DD01205549CA7604B091E7D9F805
:10B5A000001091F850149142F4D3F4E72DE9FF4FC5
:10B5B0004B4D83460020296891B0924691F85494EF
:10B5C0004B490968B1F85012B1F5087F7ED10221CC
:10B5D000484804F0E3FD474C4FF488663146206844
:10B5E0000EF05DF90221444804F0D8FDDFF808812F
:10B5F0003146D8F800000EF052F900262846089689
:10B600000068B0F84C74B0F84E140D912568D8F865
:10B610000040CDF800B01299059133490C960B9675
:10B62000DFF8D880C97DB34609B1B0F852744FF441
:10B6300008734246284600990AF09DF84FF40873B3
:10B640004246204605990AF096F82548006890F889
:10B650004A04800614D5AAF10100C3B229460E900F
:10B660000022CDF804800846FFF76DFE0599CDE96C
:10B6700000180E982146C3B200220846FFF763FE69
:10B680001748006890F82501C00703D021462846D6
:10B69000FFF728FE00225EE0149B0020A3EB090CBC
:10B6A00051E000BF00EB090335F8101035F81380A6
:10B6B00034F81330A1EB080134F8108009B2A8EB7C
:10B6C00003031BB2002900DA494200E06EE009B230
:10B6D000002B00DA5B421BB2A3EB0108B8450FE078
:10B6E000600710000080FFFF68381000A45101209F
:10B6F00064071000440610004C061000FA2C0120CC
:10B7000002DD761CB6B21DE0CB1A0D998B4219DD15
:10B710000899491C89B20891F949096891F8563489
:10B72000591E91420CDAAAEB0308904508DD8142CC
:10B7300006DA1499C91A814202DD01210C9101E057
:10B7400001210B91401C8445ACDC1498521C05EB84
:10B75000400504EB400452459EDB0C9860B90B9801
:10B76000E8B10898311AE648006890F8550481421B
:10B7700002DD00BF4FF0010B0221E24804F071FD31
:10B780000221E14804F06DFDDD485A46006890F85A
:10B79000511415B0DD48BDE8F04F08F0ECBED848B4
:10B7A000006890F85004B042E4D3E5E715B088E6AD
:10B7B0002DE9FF4FD7490020DFF854A3096895B061
:10B7C0001C46B1F85012B1F5087F6ED10221CD4868
:10B7D00004F0E4FC0221CC4804F0E0FCC94E4FF434
:10B7E0008865294630680EF05AF8C74F29463868F0
:10B7F0000EF055F8DFF808934FF0000BDFF81883D0
:10B80000D9F80000B0F84C54B0F84E1412913668D4
:10B810003F68159900911699CDF844B00791002121
:10B82000CDF840B008910B91BC49CDF828B0CDF8C7
:10B830003CB0C97D09B1B0F852544FF40873424688
:10B840003046009909F097FF4FF408734246384696
:10B85000079909F090FFAA48006890F84A04810609
:10B860001798A0F1010912D5314609F0FF03002213
:10B870000846CDF80480FFF766FD0799CDE900186A
:10B88000394609F0FF0300220846FFF75CFD9C489B
:10B89000006890F82501C00703D039463046FFF70D
:10B8A00021FD002362E0204659E047E106EB40021B
:10B8B00036F8101032F8022C07EB400C891A0AB245
:10B8C00037F810103CF802CC26F81020A1EB0C0140
:10B8D00009B227F81010002A01DB944601E0C2F1FA
:10B8E000000C0FFA8CF800298C4601DACCF1000C20
:10B8F0000FFA8CFC891A00D549420FFA81FEACEB95
:10B900000801A94204DD0BF101011FFA81FB1EE0D1
:10B910001299A8EB0C028A4219DD0899491C09B258
:10B9200008917749096891F856144A1E90469A4240
:10B930000BDA179A521A9A4207DD804505DA611A26
:10B94000814202DD0121109101E001210F91D445D6
:10B9500005DDAE4503DD7249E24648800B80401E9E
:10B96000A4D106EB440607EB44075B1C17988342FF
:10B9700099DB109860B90F98A8B1614808990068E0
:10B98000ABEB010190F85504814201DD01201190DB
:10B99000DFF870E15C484FF0000BDEF800705946AC
:10B9A000D0F800C065E05648006890F8501459453A
:10B9B000ECD3EDE7002059E0421C00FB041602FB2B
:10B9C000041237F8168037F812303CF81220A3EB37
:10B9D00008033CF816801BB2A2EB080212B227F84B
:10B9E00016302CF81620D61A00D5764236B2002B27
:10B9F00000DA5B421BB2002A00DA524212B2A2EB1A
:10BA00000308A84504DD0BF101031FFA83FB24E0C2
:10BA1000A3EB0208129B98451FDD0B9B5B1C1BB21E
:10BA20000B93374B1B6893F8563407935B1E0693B2
:10BA3000834210DADDF85C80079BA8EB03038342A6
:10BA400009DD069B8B4206DA079BE31A8B4202DD77
:10BA50000123109301E001230F93524505DDAE420F
:10BA600003DD92462E4A51801080401C4845A3DBDE
:10BA7000491CA1429EDB24486700DEF80050C4F553
:10BA80000874066805EB440039460DF008FF06EB24
:10BA9000440039460DF003FF194C206890F87D02F0
:10BAA000000708D51D48007A28B910232222314604
:10BAB0002846FAF737FF0221124804F0D2FB022190
:10BAC000114804F0CEFB109858B90F9888B10B9923
:10BAD000ABEB0100216891F85514884201DD01208B
:10BAE0000A901048119A007800280A981CD0024049
:10BAF0001BE0206890F850145945F0D3F1E700009E
:10BB000060071000440610004C0610001A061000D2
:10BB10000080FFFF64071000FA2C01206838100035
:10BB2000C6071000400510000243206890F8511429
:10BB3000FE4808F020FDFE4A82F81BB019B0C0E4B0
:10BB400030B5102307E000BF32F8444B31F8445BB6
:10BB5000641B20F8444B5B1EF6D230BD2DE9F74F35
:10BB600084B006460022F348ADF80820ADF80C205A
:10BB700000680D46B0F85002B0F5087F7ED1022172
:10BB8000ED4804F00BFBEC4C4FF488673946206815
:10BB90000DF085FE0221E94804F000FBDFF89C93DC
:10BBA0003946D9F800000DF07AFEE6490698D4F837
:10BBB00000800978C0F30720484304B2E04F08EB47
:10BBC000440007EB4402D9F80090924606EB44018A
:10BBD0008346222309F0CFFD524609EB440005EBD2
:10BBE00044018246222309F0C6FD0698C4B207EB41
:10BBF0004402944606EB440108EB4400FFF7A0FF23
:10BC0000624605EB440109EB4400FFF799FFCE487B
:10BC1000006890F84A0480060FD541460F230022A1
:10BC20000846CDE90067FFF78EFBCDE9005749468E
:10BC30000F2300220846FFF786FBC348006890F8F0
:10BC40002501C00703D049464046FFF74BFBBF4DD7
:10BC500059465246212005F1700900BF01EB40060C
:10BC600031F8103036F8026C9B1B25F8103002EBCF
:10BC7000400632F8103036F8026C00E09EE09B1B64
:10BC800029F81030401EE9D1AB4EAC4A0023306891
:10BC90001168212C4DD000EB440730F814C07F8888
:10BCA000A7EB0C0720F8147001EB440731F814C01F
:10BCB0007F88A7EB0C0721F81470443044315B1CDB
:10BCC000102BE6DB3068116800EB440001EB440107
:10BCD0009E4C00232C3C00F1440601F1440204F187
:10BCE000700700BF36F844CB30F8448BACEB080C3F
:10BCF00004EB4308A8F802C032F844CB31F8448B77
:10BD0000ACEB080C07EB43085B1CA8F802C00F2B38
:10BD1000E8DB00202880A9F80000208038808A48CD
:10BD2000006890F87D02000721D58948007A88B123
:10BD30001DE0B0F84270B0F840C0A7EB0C07A0F8C7
:10BD40004270B1F84270B1F840C0A7EB0C07A1F8FF
:10BD50004270B2E77D4B102122204433CDE900012F
:10BD6000A3F1700202F19C017848FAF72EFE02213D
:10BD7000714804F076FA0221704804F072FA734AAE
:10BD800003AB4432A2F170011020FFF79FFB6F4A12
:10BD9000044602AB70326D492220FFF797FB6D49D4
:10BDA000BDF808204A80BDF80C200A806A4909784D
:10BDB00011B104EA000201E044EA000262480068AE
:10BDC00090F85114594808F0D6FB07B0BDE8F08F41
:10BDD00010B50C460146202260480DF0E1FC4422DB
:10BDE00021465F480DF0DCFC5E490120087010BD63
:10BDF00001465D4810B54FF4886200680DF0D0FC34
:10BE00005A490120087010BD18B5002190F8542639
:10BE10000DE000BF02EBC20303EB430300EB83031F
:10BE2000B3F94A408C4202DD9B6D21460093521EBD
:10BE3000F0D24F480180BDF8000018BD2DE9FF4F3A
:10BE40003A4981B008390024DDF83CA04C600C7000
:10BE50003D490127A04608682546264690F89F20C0
:10BE6000A146920702D5002005B0AFE7414A424BF8
:10BE700012781B781A4300D0012690F84A04DFF8A4
:10BE8000ACB0C00742D003200BF0FBFD1098022895
:10BE900012D13148007878B9FEF78DF960B1ABF175
:10BEA0000800B0F80100ADF800002F48009A0168C2
:10BEB0000198FFF753FE06E02B4822231022016869
:10BEC0000198FFF775FC04461F481125006890F89B
:10BED0004A04400715D5A4B91D48017E21B91E4961
:10BEE000097809B9C07D18B103200BF0E5FD0FE01A
:10BEF0001D482223102201680198FFF757FB0446D2
:10BF0000142503200BF0D8FD14B17DE08BF80090D0
:10BF10000F48017809B9417881B37EB3007E68BBD0
:10BF2000094E306890F84B14C90728E01806100035
:10BF3000A451012064071000440610004C061000B4
:10BF4000FA2C0120D206100060071000FE320120FA
:10BF500068381000C6071000400510000C7501205D
:10BF600038750120BF07100004071000BE0710003D
:10BF7000F4071000D8061000D706100044E00AD1DC
:10BF800090F84A04000713D57E480068B0F85002C4
:10BF9000B0F5087F0CD07E487B4A7C49006800F0F1
:10BFA00098F804004FF030054FF0010802D029E066
:10BFB0008BF80190306890F84A14C90622D5734B6B
:10BFC000B0F96014704D00241022184600F073F888
:10BFD000102808D030682222B0F96014284600F0FA
:10BFE0006AF8222800D101243068224690F86214B1
:10BFF0000BF1030008F0BFFA352504464FF00108A5
:10C00000002701E08BF803900DF03AFD01466148EE
:10C0100001705CB3B8F1000F0ED08AF80090294689
:10C02000052006F0C9FF17B10198FFF7E1FEDDE931
:10C030000201FFF7CDFE17E0574801218AF80010F2
:10C0400005701FB1416841F0020141605349096820
:10C0500091F87C22D20703D191F8AC12C90703D022
:10C06000416841F0080141600120FDE68AF8009036
:10C070000078F9E6484910B50020486008708860EB
:10C08000202147480DF00BFC454844212C300DF091
:10C0900006FC3C48006800F25221B0F85002B0F5AE
:10C0A000087F07D13E48BDE810404FF488627030E9
:10C0B0000DF076BB10BD10B50346002006E000BFB2
:10C0C00033F91240CC4201D5401C00B2521EF7D2C7
:10C0D00010BD2DE9F74FDFF8C4A0834682B0DAF82F
:10C0E00000000B464FF0000890F85E94B0F95A1427
:10C0F0000091B0F95C542B4801264446007837463D
:10C1000020B11022184600F02DF806462648007887
:10C1100028B122220099049800F024F8074606B1BD
:10C120009FB95946002440F21F2200BF31F9120086
:10C13000002800DA4042A84201DD641CE4B2521E2D
:10C14000F4D24C4501D94FF00108DAF8000042461C
:10C1500090F85F141048093008F00DFA134981F87F
:10C16000244081E609E000BF30F91230002B00DAEC
:10C170005B428B4201DD01207047521EF4D2002049
:10C180007047000064071000521D0120261D012089
:10C19000F406100072061000100610006007100070
:10C1A0008A2C0120D8061000D7061000A4510120C7
:10C1B0002DE9FF4F8046002097B0834612908246BB
:10C1C0000490059008900C90CD480C46B1F94A10A7
:10C1D000006890F85C0C4143642091FBF0F098F803
:10C1E000021060680DF07AFC0B9098F802101A9813
:10C1F0000DF079FC0D9098F8027091E098F80050DD
:10C2000082E0BF480068B0F8F4120A91B4F94A20FD
:10C2100090F85C1C4A43642192FBF1F189B20991C8
:10C220000D994A5D24998A4203D10B9830F9150083
:10C230004BE0CF2A48D190F84B03400744D50B98E8
:10C2400030F91500009000201390461ECDF83C00F8
:10C2500007EB060909F0FF011A980DF044FC149051
:10C2600009F0FF0160680DF039FC4FF0FF31149ABE
:10C270006B18D25C7AB1CF2A0DD0DDF890C0624540
:10C2800004D130F913C00F9A62440F9230F9133081
:10C29000139A1A441392491C49B20129E7DD761C0E
:10C2A00076B2012ED4DD0F98002805DD00994843B1
:10C2B000139990FBF1F000E000200A9949080A91D7
:10C2C00009994908099100E000200A9988420DDD8A
:10C2D000049A411A05FB01220492059A8B4407FB3C
:10C2E000012105911299491C89B21291099988423C
:10C2F00009DD401A0899824405FB001108910C9948
:10C3000007FB00100C906D1C98F80100A842BFF6C6
:10C3100078AF0B9844300B900D9824307F1C0D9013
:10C3200098F80300B842BFF669AF75480599002533
:10C33000D0F80090CA17B9F83400A0FB013605FB0D
:10C34000016100FB02164FF6FF72A3FB020706FB1A
:10C35000027203FB05210F238BFB03230DF0DDF994
:10C3600047F6FF72801841F100014FF6FF7200237B
:10C370000DF0D3F98046B9F8320004994FF0210945
:10C38000A0FB0136CA1705FB016100FB02114FF645
:10C39000FF76A3FB060701FB0671002203FB0211D7
:10C3A0008BFB09230DF0B9F97210801841F10001DF
:10C3B000324600230DF0B1F90499A1610599C4F842
:10C3C0002CB0E1611299A1871999486019994C48DC
:10C3D000C1F80080D0F800800C98B8F83410C2176B
:10C3E000A1FB003605FB006001FB02014FF6FF7662
:10C3F000A3FB060701FB0671002203FB02110F23BA
:10C400008AFB03230DF089F97210801841F10001B5
:10C41000324600230DF081F907460898B8F832102B
:10C42000C217A1FB003605FB006001FB02054FF6B9
:10C43000FF72A3FB020605FB0262002103FB012140
:10C440008AFB09230DF069F947F6FF72801841F164
:10C4500000014FF6FF7200230DF05FF90899216289
:10C460000C99C4F830A06162608227821BB0BDE8DD
:10C47000F08F10B52249436800220968002B01DAC9
:10C48000426003E04C8EA34200DD44600368002B51
:10C4900001DA026010BD898E8B42FBDD016010BDA8
:10C4A0003EB50846144606990091002501AA21468A
:10C4B000FFF77EFE94F85A001149032802D00128A4
:10C4C00007D00FE0086890F86105C0070AD0294638
:10C4D00005E0086890F86105400703D5022101A82E
:10C4E00001F064FD01A8FFF7C4FF0298E081019804
:10C4F000A08194F83800C00601D4E06860613EBDB8
:10C5000060071000B821FE480DF0EBB910B5021419
:10C51000B2EB214200D5524200B209B292B2401AA7
:10C5200000D540420004000C0FD064214A43B2FB06
:10C53000F0F0F44B82B20021C8B233F811409442BB
:10C5400002D2491C5A29F7DB10BD5A2010BD30B564
:10C55000EB4A90F854161170002112E001EBC10370
:10C5600003EB430300EB830301EB410402EB840480
:10C5700093F8685025711D69C4F806501B6B491C5F
:10C58000E36013788B42E9DC30BD0246DE4810B52B
:10C59000DB4B0168B833B1F84E0C1B78A3B191F8AE
:10C5A0004D3C9B0710D592F8543691F8632C93427A
:10C5B00009D8D64A91F8644C1278944203D3934236
:10C5C00001D0B1F8500C10BDD14A527C32B1D14AE1
:10C5D0001278012AF7D0B1F8320710BDCE4A52784E
:10C5E00012B1B1F87F0D10BDCC4A1278002AFAD0F2
:10C5F000B1F8800710BD2DE9FC5F0746FFF7C5FFC6
:10C60000DFF8FC828246002608F1B80B35E000BF57
:10C6100006EBC60000EB400007EB80006FF0004423
:10C6200000694FF0FF090025009011E005EB45017E
:10C6300008EB81006946D0F80600019001A808F0D7
:10C6400010F9844202D9044605F0FF096D1C6DB251
:10C6500098F80010A942E9DC0AFB0AF0A04207DDC5
:10C66000AF48007820B10BEB060181F8029003E09F
:10C670000BEB0600FF218170761C97F85406B04240
:10C68000C6DCBDE8FC9F2DE9FC410746FFF77DFFB6
:10C69000804600259A4E34E005EB450006EB80000D
:10C6A0000024D0F80600009025E09548B8302044DA
:10C6B00090F90200A8421DD104EBC40000EB400039
:10C6C00007EB800001A900690190684608F0C9F8ED
:10C6D00008FB08F181420DDD924905EB850201EB73
:10C6E000820003791944052303EB82028C540179FB
:10C6F000491C0171641C97F85406A042D5DC6D1CDE
:10C700006DB23078A842C7DCBDE8FC812DE9FC4160
:10C710000646FFF73AFF7A4F00258046B83737E0E4
:10C72000781990F90200401C31D17878401C78705B
:10C7300005EBC50000EB400006EB8000002400691B
:10C74000009020E0381990F90200401C1AD1A5424F
:10C7500018D004EBC40000EB400006EB800001A9F8
:10C7600000690190684608F07CF808FB08F18142F6
:10C7700008DD07EB051010F8112F411C5454017807
:10C78000491C0170641C96F85406A042DADC6D1C4A
:10C7900096F85406A842C3DCB6E72DE9FC470646E6
:10C7A0005948DFF85C910021006809F1B8090C468E
:10C7B000B0F85E7CB0F8608C89F8001038E000BFFB
:10C7C00004EBC40000EB400006EB8000651C006930
:10C7D000009028E005EBC50000EB400006EB800070
:10C7E00000690190BDF90200BDF90610401A00D59C
:10C7F000404281B2BDF90000BDF90420801A00D585
:10C80000404280B2B94201D3B8420BD201A9684676
:10C8100008F027F808FB08F1814203DA012189F8C2
:10C82000001004E06D1C96F85406A842D2DC641C8B
:10C8300096F85406401EA042C2DCBDE8FC8732498F
:10C8400010B50968044691F84D1C880702D52046AA
:10C85000FFF7A3FF2046FFF7CEFE2046BDE81040BD
:10C8600054E7F0B5054600202F4E02462CB2642155
:10C8700082FB0137E31A00D55B421BB2642B0ADA54
:10C8800036F91270C3F164035F4397FBF1F303EBD6
:10C89000204363F31F40521C102AE9DB00222C14B2
:10C8A000224D00BF82FB0136E31A00D55B421BB26A
:10C8B000642B09DA35F91260C3F164035E4396FB19
:10C8C000F1F3034463F30F00521C222AEADBF0BDAC
:10C8D0002DE9B04301EBC10101EB410100EB810007
:10C8E0004FF06409056BD0E9088181FB0901EF175E
:10C8F0002A463B460CF011FF044688FB090117E06D
:10C90000B4330120C09A0100600710002606100011
:10C91000683810001C061000B807100080071000CF
:10C92000DD06100070350120B61C0120E21C01203C
:10C930002A463B460CF0F1FE0146304661F31F40AB
:10C9400064F30F00BDE8B0832DE9F04F9FB00D46B2
:10C95000064691464FF0000B142112A80CF0C1FFBF
:10C9600009EBC90000EB4000002706EB800105EB56
:10C97000C50000EB40080297039706EB8804049774
:10C9800009692069FFF7C2FD824617971897294663
:10C9900030461997FFF79CFF1A9049463046FFF73B
:10C9A00097FF1B90BDF96A20BDF96E50BDF9683044
:10C9B00050194110BDF96C700A44D8194010034455
:10C9C000C0EB6303CB1AADF87630C1EB62020244D0
:10C9D000ADF87420ADF872106A183B18C1EB620212
:10C9E000C0EB6303ADF87000C91AADF87A101044BB
:10C9F000ADF87800676D6068C7F3074529460DF00C
:10CA00006DF8009056F8280029460DF06CF8814624
:10CA1000FE480078012811D1FD48007801280DD189
:10CA200000240DF15C0C1AAE56F82400FFF719FF34
:10CA30000CEB8401641C0860032CF5DB380E0890B5
:10CA40003BE0FEB2C7F307282EE000BF19F806004E
:10CA500048B300986421002430F916000C9006FBBE
:10CA600001F0ADF82E0005FB01F0ADF82C001AA87E
:10CA700000EB84000BA907F0F4FE42F2107188422B
:10CA80000EDA12AA091A52F824300C9801FB003071
:10CA900042F8240002A830F81420114420F81410A1
:10CAA000641C052CE3DB761CB045CFDA009809F155
:10CAB00024094430009008986D1CA842C1DA002473
:10CAC00012AD02AF42F2107637F81400314607F08B
:10CAD000C9FC55F82410B1FBF0F045F82400641CA3
:10CAE000052CF1DBDDE9120107F0BCFC14AB07B249
:10CAF00093E8070007F0A4FC04B2BDF96210BDF989
:10CB00005E0007F0AFFC06B2BDF96650BDF96010DB
:10CB1000BDF95C0007F0A6FC64214C4302B2BDF9EC
:10CB2000640064234D43584394FBF7F495FBF6F1FE
:10CB300090FBF2F007F092FC01B2B6484C4322B2EF
:10CB4000006890F84D3C9B0704D5B34B1B780BB1A4
:10CB500049430AB22D23BAF12D0F0AD8B0F8561C5A
:10CB6000B0F8580C081A00FB0AF090FBF3F0081A12
:10CB70000AE0B0F85A1CB0F8580C0C1AAAF12D01B2
:10CB80004C4394FBF3F10844904201DA4FF0010B5F
:10CB90001FB05846BDE8F08F2DE9F84306460091D6
:10CBA0000025042168460BF03DFCDDF80020002044
:10CBB0004FF0010922FA00F1C90709D0C5B205EB0F
:10CBC000C50101EB410106EB810181F8689002E0AB
:10CBD000401C0F28EEDB914F05EBC50000EB400039
:10CBE0007A68DDF8003006EB8004002123FA01F0BA
:10CBF000C0077CD08D427AD009FA01F0024301EBE4
:10CC0000C10000EB400006EB8000B4F842C0B0F871
:10CC10004280C444A4F842C0B4F844C0B0F8448090
:10CC2000C444A4F844C0B4F860C0B0F86080C44400
:10CC3000A4F860C0B4F94AC0B0F94A80C44509DA22
:10CC4000A4F84A8090F858C084F858C090F859C0A9
:10CC500084F859C0B4F83AC0B0F83A80C444A4F893
:10CC60003AC0B4F83CC0B0F83C80C444A4F83CC01E
:10CC7000B4F83EC0B0F83E80C444A4F83EC0D4F836
:10CC800028C0D0F82880C444C4F828C0D4F818C0FC
:10CC9000D0F81880C444C4F818C0D4F81CC0D0F828
:10CCA0001C80C444C4F81CC0D4F82CC0D0F82C801C
:10CCB000C444C4F82CC0D4F820C0D0F82080C444A8
:10CCC000C4F820C0D4F824C0D0F82480C444C4F8E8
:10CCD00024C0D4F830C0D0F83080C444C4F830C088
:10CCE000B4F866C0B0F866006044A4F86600491C59
:10CCF0000F29FFF67BAF7A60D4E906120123E06AC0
:10CD000001F0F8FEE060D4E908120023206B01F086
:10CD1000F1FE2061608FA4F866003E48006890F83C
:10CD20001A0DC10718D03E49897C002914D100078B
:10CD300004D504F14C01204600F03AFA3948B4F821
:10CD4000662004F14C010068FAF778FD002803D052
:10CD5000208F40F400602087BDE8F88370B504465A
:10CD60000F252E4E1AE07068E840C00716D094F8E0
:10CD700054066C2200EBC00000EB400004EB800185
:10CD800005EBC50000EB400004EB80006C390CF0B3
:10CD90004CFD94F85406401E84F854066D1EE2D2F1
:10CDA00070BD2DE9F0470F460024DFF86C904FF07E
:10CDB000010A3CE009EB040009EB041590F90200BC
:10CDC00015F8116FC846401C30D1F6B1012E06D1BE
:10CDD00095F9012061B23846FFF7B6FDA8B10020F1
:10CDE0000AFA04F1844643460BE02A1892F901201E
:10CDF0000AFA02F803EB021248EA010182F811C0B4
:10CE0000401CB042F1DB38460EE00FE0D8061000BF
:10CE1000D7061000600710006C3401201C061000BB
:10CE200068381000F4061000FFF7B6FE641C97F88F
:10CE30005406A042BEDCBDE8F0870FB4BB482DE924
:10CE4000F04F006891B014462099B0F8526C90F8F9
:10CE50005D2C0792B64A01EB410102EB81014FF0D4
:10CE6000000BD1F806100991B249DA46D946497843
:10CE70005D464FF0FF38764331B9AF4A12784AB178
:10CE800090F84527520705D5B0F8836D90F8622CCD
:10CE90007643079213F0FF020D9206D011B1B0F85D
:10CEA000816D01E0B0F8546C7643A449097811B162
:10CEB000B0F8826776430020237912E021184A797E
:10CEC000012191400D4302EBC20101EB41021B998C
:10CED000401C01EB82010F6A0A6BBA444F6A93440B
:10CEE000B9448342EADC00234A465146584601F0E1
:10CEF00001FE089008A909A807F0B3FC00271090CC
:10CF000027E0E01940790F9000EBC00000EB4003F0
:10CF10001B9800EB8300036AAAEB0301436AA9EBA9
:10CF20000302036BABEB0300002301F0E3FD089069
:10CF300008A909A807F095FC81191098814207DA21
:10CF400008A909A807F08DFC10900F984FFA80F8F7
:10CF50007F1C2079B842D4DC2079B8F1FF3F0FD094
:10CF6000022809D10D9838B994F9062094F90510D2
:10CF70001B98FFF7E9FCE8BB012000FA08F05DE030
:10CF800002285CD16E480078012858D16D4800789D
:10CF9000012854D16C48007860B36C48007848B3DD
:10CFA00094F905101B98FFF793FC0A9094F906106A
:10CFB0001B98FFF78DFC0B90BDF92A00BDF92E10D0
:10CFC0000AAF08444010ADF83200BDF92800BDF9A1
:10CFD0002C100DF1080C08444010ADF8300000266C
:10CFE00057F82600FFF73DFC0CEB8601761C086025
:10CFF000032E00E023E0F3DBBDF90E10BDF90A00BB
:10D0000007F034FA07996427484390FBF7F006B21B
:10D01000BDF90C10BDF9080007F028FA079948433C
:10D0200090FBF7F0BDF9121000B2B14203DBBDF97D
:10D030001010814203DAA1790120884085432560E0
:10D0400011B0BDE8F00F5DF814FB00210A4608E0BE
:10D0500001EBC10303EB430300EB8303491C83F89B
:10D06000682090F854368B42F2DC70472DE9FE4F71
:10D0700082462F48894640F20111B8300CF031FC4D
:10D080004FF4967132480CF02CFC32490020486075
:10D090004846FFF7DAFF99F85406012841D9484677
:10D0A000FFF7CDFB224E307878B32B48007860B381
:10D0B0004846FFF7E8FA0024254F23E004EB8408F4
:10D0C00007EB8805287901281AD9E0B2029004EB11
:10D0D000440006EB8000D0E90212CDE9001243685B
:10D0E0002A4649465046FFF7A8FE284604210BF081
:10D0F00099F9012804DD57F828104846FFF74CFD40
:10D10000641C64B23078A042D8DC0948B83040785A
:10D11000012803D949465046FFF743FE4846FFF72A
:10D120001DFE4846BDE8FE4FFFF711BA600710002C
:10D13000B4330120B80710007406100080071000F7
:10D14000D8061000D70610002B0510002A05100085
:10D15000703501201C061000DD06100070B5FE4C75
:10D1600000EB4305049E00EB830386B18E6AA66044
:10D170004E8FA68009686161B5F8B410E180196826
:10D18000E16090F80E0120701068206170BDA66803
:10D190008E62A6884E8766690E60E188A5F8B41095
:10D1A000E1681960217880F80E112069106070BD67
:10D1B0002DE9F047064608784A7860F307048B7833
:10D1C00062F30F24C97863F31744002561F31F64E9
:10D1D00010B1401E60F30704212A02D2521C62F3F0
:10D1E0000F2413B15B1E63F317440F2902D2491CAD
:10D1F00061F31F64C4F307410F4670680CF06EFCC6
:10D200000246D648394604F0FF09C4F30723240E2A
:10D2100007680EE0484608E032F910C097F8278DFD
:10D22000E04501DC6D1CADB2401C8342F4D2491CC8
:10D2300044328C42EED2A6F86650BDE8F0872DE964
:10D24000F843C64D164681462868C54A884690F878
:10D25000761212781C460AB190F87912C14F3A78CA
:10D260000AB97A7802B33A7EF2B990F85602030707
:10D27000BD480278BD48007805D58A4203D8022807
:10D280000AD0042808D0052801D006280CD11AB1EC
:10D29000B1488078052807D22346324641464846A1
:10D2A000F8F7E3FE002875D0B14B324641464846B8
:10D2B00000F03DFC00286DD0787C90BB94F85A00BB
:10D2C00003282ED12968B4F9600091F871138842BF
:10D2D0001DDCFAF71DF940B970783178401A2968D9
:10D2E000401C91F8771788420CDCFAF711F90128F5
:10D2F00017D1F078B178401A2968401C91F8761758
:10D3000088420EDD286890F87407800709D599488F
:10D310000078012805D00420974984F85A0001209C
:10D320000870608FA4F86600286890F81A0DC1078D
:10D3300013D0B97C89B9000703D531462046FFF7E1
:10D3400037FF8E48B4F8662031460068FAF776FA5F
:10D3500018B1208F40F4006020873068E0642246D6
:10D360003146834800F082FA3146814800F03AFBAA
:10D37000286890F84B03400706D543464A46314695
:10D380007B48009400F08DFB306820652046FCF758
:10D3900093FE0120BDE8F8832DE9F04789461C463D
:10D3A0001646774D03F1580891780CF091FB07462B
:10D3B000B17860680CF092FB02460020A062A4F8ED
:10D3C0006000B1781DE0307801F0FF0A13E000BF83
:10D3D00017F800C0CC450DD132F91030D4F828C070
:10D3E000AB429C44C4F828C004DD88F800001D4608
:10D3F00088F801A0401C73788342E9D2491C44326A
:10D400002437F0788842DED2A4F84A5015E72DE997
:10D41000F8431C4690460E460546089F00F020FE45
:10D420005849B4F84200A1F84900B4F84400A1F802
:10D430004B004A48638F026892F8780383423CD8D5
:10D44000032084F85A0092F84A230020930701D45D
:10D45000520700D50120E28F032A00D20020228D3E
:10D46000A1F80B203F494A7D4749012A0AD0097893
:10D4700041B938B12346424631462846009701F06B
:10D4800016FD87E72346424631462846FFF7D7FE7A
:10D490000028F6D0FCF78DFE009690F854162B4627
:10D4A00001EBC10101EB410100EB8101A1F16C0233
:10D4B0002F481C39FEF7F4FF6CE72F490120087054
:10D4C000042084F85A00DDE72648807858B12348C4
:10D4D0002E4A0068126890F8C113914205D290F864
:10D4E000AA03800701D5002070470120704791F8FA
:10D4F00038101A4ACB0726491268097806D011B1AC
:10D5000092F8B21305E092F8B31302E059B192F821
:10D51000B013204B5B7813B192F8B42311448842C6
:10D5200004D90120704792F8B113F2E70020704748
:10D530002DE9F04F18480027EBB0B0F900A00648DD
:10D540003E4601211C3002F029FE0348012124300F
:10D5500002F024FE022121E02406100060071000E2
:10D56000730610006838100008071000D00610007D
:10D57000A03601202E05100080071000F4061000D0
:10D580000080FFFFA45101208107100084061000D5
:10D59000DC061000B807100094061000F24802F0F4
:10D5A000FDFD0221F14802F0AFFD0421F04802F038
:10D5B000ABFDDFF8B4B34FF45875ABF1200B29463F
:10D5C0005C46DBF81C000CF06AF92946606A0CF036
:10D5D00066F94FF48861206A0CF061F92946E54844
:10D5E0000CF07FF900256570F8F7A8FCE2488DF88B
:10D5F0008E51012300682090002220A9A06900F02C
:10D6000045FBDE48649505709DF88E01A0700124ED
:10D61000D0E020A800EB840505A80DF18008019555
:10D620006C21DDF890910CF05CF900208DF86E0013
:10D63000D34800680690079008EB44008DF87040CE
:10D64000B0F8B400ADF85200ADF84E0028681A905A
:10D6500064208DF87D004FF00108DBF8180008FA0F
:10D6600004F515EA090F059001D1059802E0DBF8F1
:10D670002400059005AB2146019AFFF78DFE234655
:10D6800064AA05A920A8CDF80080FFF767FD1BA8B4
:10D6900000F08EF928B1BDF84C0040F00100ADF863
:10D6A0004C00019800F090F928B1BDF84C0040F012
:10D6B0000800ADF84C00BDF95E10514535DDB148AC
:10D6C000007E90BBB048B14BBDF84E2001685B783E
:10D6D00091F870034BB1BDF84C301B0702D591F89F
:10D6E000731301E091F872130844824215D905A81A
:10D6F0000090A7481AAA2146B0F90030DBF81800BC
:10D7000000F0EEF89DF88E01009005AB2146019ADD
:10D710000598FFF77CFE012747E000200090234694
:10D7200064AA05A920A8FFF719FD9948BDF95E1064
:10D73000B0F90000814238DDFFF7C6FE60B3BDF8E6
:10D740004E0005A9FFF7D3FE38B3019E05980DF1F1
:10D75000140903908DF86E804B463246214600F046
:10D760007FFC4B46324621460398FFF768FD90B197
:10D77000FCF71FFD009490F85416039B01EBC101C8
:10D7800001EB410100EB81017A48A1F16C02B03854
:10D790001C39FEF785FE012607E000200090234695
:10D7A00064AA05A920A8FFF7D9FC64980543641C66
:10D7B000E4B264959DF88E01A042BFF42AAF75498A
:10D7C000487175480770754806706F48006890F892
:10D7D0004A04C00708D0FCF7ECFCFEF715FB0090EC
:10D7E0006F48BDF8001001800221604802F0A4FCDF
:10D7F00004215F4802F0A0FC5B480121001F02F0F9
:10D8000030FD59480121001D02F02BFD0221564830
:10D8100002F027FD6BB0BDE8F08F5F490020087073
:10D820005E4908705F49087070474F4900202039F1
:10D830004E4A08628861C86110604D4A1060564ABD
:10D840001070564A107048707047474910B520391B
:10D85000002048704FF4587146480CF042F8454893
:10D86000B021BDE81040B0380CF03BB82DE9F74FBF
:10D870003D480D46203841780F2901D2491C41709E
:10D8800001F0FF09484982F85B9001EB89002968A3
:10D890000160A97837480CF026F98246A87819E08B
:10D8A00000982C7800EBC80B0DE0DBE900672246FE
:10D8B000012000210BF00BFF06400F403E4301D03A
:10D8C0000AF80490641C6878A042EEDA0AF1240A8F
:10D8D00008F10100E97880464145E1DABDE8FE8FB4
:10D8E0002DE9F05F8A469B46144691780A9D0CF01C
:10D8F000EFF80646A17868680CF0F0F807464FF09C
:10D900000009FFF7E1FD00282CD02849B5F94A00AD
:10D91000B1F90010884225DCA178E37816E0207880
:10D9200062780DE016F80080D04507D137F91080F5
:10D93000D84503DD09F1010C1FFA8CF9401CC0B277
:10D940008242EFD2491C2436C9B244378B42E6D218
:10D9500029464846FFF7CBFD002803D0288F40F426
:10D9600000702887BDE8F09F4406100050061000A4
:10D9700068061000503701208C0610001C061000AD
:10D98000F40610006838100060071000B807100097
:10D9900096061000A4510120DA061000DB061000E4
:10D9A0001106100081071000B03A01209006100007
:10D9B000017839B1212905D0407818B10F2801D05C
:10D9C0000020704701207047017811B1417821296A
:10D9D00004D1817821B1C0780F2801D00020704790
:10D9E00001207047F0B5804D002205EBC2030024F2
:10D9F000C3E90044521CD2B2182AF6D38A782CE02C
:10DA000000EBC203D3E9007657EA060323D073087C
:10DA10004FEA370417EB070E46EB060C43EA0C03FC
:10DA2000334344EA0E0405EBC2063C43D6E9007CCE
:10DA300027434CEA030CC6E9007CD6E9027C274365
:10DA40004CEA030CC6E9027CD6E9047C27434CEA85
:10DA5000030CC6E9047C521CD2B2CB789342CFD2DD
:10DA60005FF0000205EBC20300EBC206D3E90243FC
:10DA7000C6E90043521CD2B2102AF3D3087808B189
:10DA8000401E08704878212801D2401C48708878D0
:10DA900008B1401E8870C8780F2801D2401CC87099
:10DAA000F0BD2DE9FF5F0D460E99A87800EBC0038D
:10DAB00002EB830202F12509496800EB001201EB39
:10DAC000820AE978804641452FDB00992C7801EBEA
:10DAD000C80B20E0DBE900672246012000210BF0A3
:10DAE000F6FD06400F403E4314D019F80400039998
:10DAF000884204D018B1CF2109F804100AE03B484D
:10DB00003AF914100068B0F8F402814202DD03987B
:10DB100009F80400641C6878A042DBDA0AF1440AC0
:10DB200009F1240908F10100CBE7BDE8FF9F2DE9C9
:10DB3000FF5F9478164604EBC4028B4600EB82002C
:10DB4000002100F1250820E000208146824635783A
:10DB500077780FE018F805205A4509D12A460120A8
:10DB600000210BF0B4FD41EA0A0A40EA090901214B
:10DB70006D1CEDB2AF42EDD2039B08F1240803EB1C
:10DB8000C403641CC3E9009AE4B2F078A042DBD27B
:10DB900004B00846BDE8F09F70B50C788B784D78DE
:10DBA000C9786AB10CB1641EE4B2212D01D26D1C9A
:10DBB000EDB20BB15B1EDBB20F2901D2491CC9B219
:10DBC00003EBC30200EB82020026253209E0204667
:10DBD00002E01654401CC0B2A842FAD95B1CDBB26A
:10DBE00024328B42F3D970BD8030100060071000E2
:10DBF00030B5B0B1884214D002D20A460146104670
:10DC0000CA4A536803EB40031C788C4209D05C7805
:10DC10008C4206D095682A5C022A02D2541C2C54ED
:10DC20009954084630BDF0B503EB8204A57805EBA6
:10DC3000C50600EB8606E0782436A8420FD320788C
:10DC400007E0371897F801C0944500D17970401C5F
:10DC5000C0B267788742F4D26D1CEDB2EBE703EBFC
:10DC600081002568056003EB420003EB410130F8B9
:10DC7000B42FA1F8B420AE490968216000210180C9
:10DC800093F80E01401E83F80E01F0BD2DE9FF4F01
:10DC900088460846097887B0FF2911D08A4641781E
:10DCA000222901D2491C00E0222190F80290C0787C
:10DCB000CDB2102801D2401C00E01020C6B204E012
:10DCC0004FF0000A5546D146564609984FF0000BD2
:10DCD00008B198F80EB1954C206800F15A01C4E9DA
:10DCE00001015A210BF0DBFDD4E901312C2000BFEA
:10DCF00003F8100000220A54401EC0B2F8D20BF103
:10DD000001000390C0B20090079809EBC90100EB35
:10DD1000810709F10100029739E000BF0AF1010013
:10DD20000197C4B224372EE039190868E0B1385D94
:10DD300038B311F8011C002001B108460199095DB2
:10DD400009B1FFF755FF0A9961B101992144059185
:10DD500011F8011C09B1FFF74BFF0599497809B18A
:10DD6000FFF746FF18B10BE0E41CE4B209E00098AD
:10DD70002D2803D2411CC9B2009101E0401EC0B25F
:10DD80003855641CE4B2AC42CED90498401CC0B2F1
:10DD90000490B042C2D9009800F06FF80090039848
:10DDA0000021C0B2624B09E008EB80021C681460DD
:10DDB00008EB4002401CA2F8B410C0B2009A904296
:10DDC000F2D302984F462430019039E0544630E0B7
:10DDD000011901204058E8B3487840B3534A5268CB
:10DDE00012F81000487008EB400108EB800931F888
:10DDF000B42F2046521C0A8099F8001006F02EFB22
:10DE000089F8000099F80110204606F02BFB89F8EC
:10DE1000010099F80210384606F020FB89F802004C
:10DE200099F80310384606F01DFB89F80300641CBE
:10DE3000E4B20198AC42CBD324307F1CFFB20190F6
:10DE4000B742C3D30098401EC2B288F80E21099889
:10DE5000002800E00BE00DD0A2EB0B00012809D157
:10DE6000099907980BB04346BDE8F04FDBE6E41C88
:10DE7000E4B2DCE70BB0BDE8F08F2DE9F05F0746B8
:10DE80000025DFF8A8B02CE0DBF808104E5DDBF8C9
:10DE9000041001EB450A1AE00AEB0600804610F870
:10DEA000011C10F8029C084600F035F8044648466C
:10DEB00000F031F8844202D2014620460C46DBF8DD
:10DEC0000410761EF6B201F8104008F8024C012E3C
:10DED000E2D804D1284600F01EF88AF800006D1C34
:10DEE000EDB2BD42D0D300210846DBF804400DE07E
:10DEF00004EB40021378834203D11170491CC9B26C
:10DF000002E014F813301370401CC0B2B842EFD3D3
:10DF10000846BDE8F09F054AD2E9011202E000BFC1
:10DF200011F81000135C002BFAD170475006100056
:10DF3000889B0100F0B5B2F900400668B44202DDEA
:10DF4000B3F9001030E002EB410434F9025CB54251
:10DF500004DA03EB410131F9021C25E000252C46CF
:10DF60004F1E0CE032F914C0B44507DC02EB440C40
:10DF7000BCF902C0B44501DB25460C46641CBC421A
:10DF8000F0DB32F9154003EB450133F91530B1F9F7
:10DF9000021002EB4502361BC91AB2F90220714386
:10DFA000121B91FBF2F119440160F0BD2DE9F04123
:10DFB00005461B48006800F2695309B3022926D0C0
:10DFC00003292BD190F8621590F8634590F8670506
:10DFD00003EB410703EB40020844204402EB4106F7
:10DFE00064281BDC012902DD281DFFF7A3FF012C9B
:10DFF00014DD28463B4632462146BDE8F04199E70C
:10E0000090F8621590F8634590F86405E0E790F8A1
:10E01000621590F8634590F86605D9E7BDE8F08190
:10E020006007100030B5427803784D8FD21AC3785C
:10E030008078521C1B1A5B1C05FB02F0D4185D4350
:10E0400040006A00B0FBF4F0B2FBF4F2904203D956
:10E0500021F8420F4A8030BD21F8422F488030BD60
:10E060002DE9F041144602461B4888461D460068CB
:10E07000B0F86A1390F87907084407B20020A3F8B3
:10E080006000A17810460BF023FD0646A178686871
:10E090000BF024FD0146A27816E020780EE000BFC8
:10E0A00016F800C0C44508D131F91030BB4204DD78
:10E0B000B5F860305B1CA5F86030401C6378834283
:10E0C000EEDA4431521C2436E0789042E5DA2946F3
:10E0D0002046BDE8F041A5E7600710002DE9F05F9C
:10E0E0000024DDF828808A46994615468346264650
:10E0F000274641460BF0F2FC30F91900A84229DD11
:10E10000A8F1010045B208F101081FE0102D19D255
:10E11000E9B258460BF0E2FCA9F1010149B209F15C
:10E1200001020CE0222906D23AF9143030F911C06C
:10E130001F440CFB0366641C491CE4B249B29142C3
:10E14000F0DD01E0E41CE4B26D1C6DB24545DDDD9F
:10E150000FB101E00646012796FBF7F000B2BDE8DB
:10E16000F09F2DE9FF4F83B09B46109891460178B0
:10E1700001B1491ECCB2817801B1491ECDB24178BE
:10E18000212901D2491C00E02121C078CEB20F28FC
:10E1900001D2401C00E00F20C7B2CCB9A84612E063
:10E1A000014603980BF0A5FC824623465A46494691
:10E1B000CDF800800498FFF791FF2AF8140008F1C9
:10E1C000010000F0FF084046B845E9D9641CE4B2FC
:10E1D000212E19D1A84612E0014603980BF089FCC4
:10E1E000824633465A464946CDF800800498FFF7E8
:10E1F00075FF2AF8160008F1010000F0FF084046FC
:10E20000B845E9D9761EF6B2C5B9294603980BF090
:10E2100070FC8246A0460CE003465A4649460095EB
:10E220000498FFF75BFF2AF8180008F1010000F0DE
:10E23000FF084046B045EFD96D1CEDB20F2F18D145
:10E24000394603980BF055FC8246A0460CE0034685
:10E250005A46494600970498FFF740FF2AF81800ED
:10E2600008F1010000F0FF084046B045EFD97F1EDD
:10E27000FFB2B9F912005FEA000A5CD14FF0010A5F
:10E2800059E0294603980BF034FC0190681EC1B296
:10E2900004980BF023FC0090294604980BF01EFC18
:10E2A000224644E030F9121059453BDD0099B9F996
:10E2B000008001EB4201002331F902CC0CFB083352
:10E2C000B1F900C0B9F902800CFB0833B1F902C002
:10E2D000B9F904800CFB0833B1F942C0B9F90680E2
:10E2E0000CFB0833B1F944C0B9F908800CFB0833C2
:10E2F000B1F946C0B9F90A800CFB0833B1F986C000
:10E30000B9F90C800CFB0833B1F988C0B9F90E805B
:10E310000CFB0833B1F98AC0B9F910100CFB0131BC
:10E3200091FBFAF1019B23F81210521CD2B2B242B7
:10E33000B8D96D1CEDB2BD42A3D907B0BDE8F08FCE
:10E340001CB5834C2468019401AC0094FFF709FFCD
:10E350001CBD2DE9F74FDFF8FCB198B01446DBF88F
:10E36000000090F82611491E4FFA81FA90F8271103
:10E37000491C4FB290F8281190F82901491E401C01
:10E380004EB24FFA80F9BAF1000F01DC4FF0000AEB
:10E39000212F00DB2127002E00DC0026B9F10F0F12
:10E3A00001DB4FF00F096C4D284690F909101791C9
:10E3B00090F90A0016902C2168460BF092FA2C2155
:10E3C0000BA80BF08EFA5DE0701EC1B219980BF02D
:10E3D00085FB534653E00021212B5BD000EB430229
:10E3E00032F902CDA44503DD95F900800CFB08113C
:10E3F000B2F902C0A44503DD95F901800CFB0811B8
:10E40000B2F904C0A44503DD95F902800CFB0811A4
:10E4100032F944CFA44503DD95F903800CFB0811C4
:10E42000B2F902C0A44503DD95F904800CFB081184
:10E43000B2F904C0A44503DD95F905800CFB081171
:10E4400032F944CFA44503DD95F906800CFB081191
:10E45000B2F902C0A44503DD95F907800CFB081151
:10E46000B2F90420A24203DD95F908C002FB0C11A9
:10E47000179A91FBF2F16A465B1C22F81610BB4218
:10E48000A9D9761C4E459FD9DBF800005C4690F870
:10E49000285155E0B0F940C000F14002A44503DD29
:10E4A00095F900800CFB0811B2F902C0A44503DD08
:10E4B00095F901800CFB081132F944CFA44503DD26
:10E4C00095F903800CFB0811B2F902C0A44503DDE5
:10E4D00095F904800CFB081132F944CFA44503DD03
:10E4E00095F906800CFB0811B2F90220A24203DD67
:10E4F00095F907C002FB0C11169A91FBF2F10BAAD9
:10E50000BAE7E9B218980BF0F4FA21686B460BAE43
:10E5100091F826110EE000BF00EB410736F91520F7
:10E5200037F9027C7A4333F9157092FBF7F220F841
:10E530001120491C226892F827218A42ECDA6D1CCE
:10E54000206890F82901A842DBDA1BB0F6E600004B
:10E550008C061000600710005C0610002DE9F84FD3
:10E560001646DDE90B7A98460A460546FE48DDF870
:10E5700028B000685946B0F9509310460BF0A8FA3D
:10E580000446594628460BF0AEFA05465946DAF8D5
:10E5900008000BF0A3FA014698F8000098F8012053
:10E5A000012340B92078B04204D1B1F90000B8424B
:10E5B00000DD2B700120212A42D194F82120B242A3
:10E5C00005D1B1F94220BA4201DD85F8213020227F
:10E5D00036E000BF14F800C0B44530D131F910C0A6
:10E5E000BC452CDDCC4401EB400B0FFA8CFA3BF917
:10E5F00002CC4FF0000ECDF800C0D44505DDBBF9CC
:10E600000280D04501DD4FF0010E012809D93BF908
:10E61000048CD04505DDBBF90280D04501DD4FF00B
:10E62000010E202807D2DDF800C0D44503DDBBF978
:10E630000480D04503DCBEF1000F00D12B54401CF8
:10E640009042C7D9BDE8F88F2DE9FF4F9FB0002059
:10E650002C9F19901890C5481D46C34A0378C4489A
:10E66000417C106853B190F85D43B0F95E33159367
:10E67000B0F960331793B0F9A3330BE0012914D03C
:10E6800090F84F43B0F950331593B0F952331793C4
:10E69000B0F9A73390F84D2C9B46D20712D090F8D2
:10E6A0004B0300070ED559B10CE090F8FF42B0F9CA
:10E6B00000331593B0F902331793B0F9A533E9E7A6
:10E6C00001201990F4B3DDE920010E910BA9079107
:10E6D00009A90A91A9780BF0FBF90690A978B86806
:10E6E0000BF0FCF947F6FF738246DA43AE7895F8F3
:10E6F000039019E0297895F801C00DE010F8018029
:10E700000E98804507D13AF91100984200DA034685
:10E71000904200DD0246491C06988C45EED224301A
:10E720000AF1440A761C0690B145E3D207980380AB
:10E730000A980280BDF92400BDF92C10401A6043EC
:10E74000642100E00AE090FBF1F08A49098808445E
:10E7500000B2AC78EE78824624B10EE08548B0F97C
:10E760000000F6E7CDE9004A0DF17C08029798E831
:10E7700007002B46FFF7F2FE01240F2E0AD1CDE948
:10E78000006A0DF17C08029798E807002B46FFF716
:10E79000E5FE0E26601EC1B2B8680BF09FF98146F7
:10E7A000012C06D9A01EC1B2B8680BF097F90A90E7
:10E7B00001E0CDF828902146B8680BF08FF90B9056
:10E7C000601CC1B2B8680BF089F90D90A01CC1B2F1
:10E7D000B8680BF083F91090214620980BF078F977
:10E7E0000F9021461F980BF07EF9059000202146DE
:10E7F0001A9061E1287847E10F9A135C219A9342BD
:10E800007ED1002213921B921C920B9A32F9103087
:10E81000159A14931A440FFA82FE179A1A445B440D
:10E820001BB2019339F9103012B2734507DD0D9F09
:10E8300037F910C0F44502DD012713971C97002813
:10E840007BD0212879D00B9F07EB40071D9737F924
:10E85000027C77450BDDDDF874C0BCF90280F04521
:10E8600005DD4FF0010CCDF84CC0CDF86CC009EBC4
:10E87000400C3CF9028CCDF8448090450BDDDDF86E
:10E88000348008EB4008B8F90280904503DD4FF072
:10E890000108CDF84C80BCF902C0CDF848C09445C1
:10E8A00009DDDDF834C00CEB400C3CF902CC94459A
:10E8B00001DD01221392199AF2B3019A974209DD00
:10E8C0000D9A02EB4002B2F902C0019A944501DDB3
:10E8D00001221392019A974206DDDDF804C0129AD4
:10E8E000624501DD012213921D9ADDF804C0B2F9E0
:10E8F0000220624511DDDDF834C00CEB400C00E075
:10E90000C1E03CF9028CDDF804C0E04505DD4FF0C4
:10E91000010CCDF84CC0CDF86CC0DDF804C06245E8
:10E9200004DD119A624501DD0122139263450CDD7D
:10E930000D9A02EB400201E036E06EE032F902CCC3
:10E94000019A944501DD01221392019A934209DD57
:10E950000D9A02EB4002B2F902C0019A944501DD22
:10E960000122139208E0000060071000400510002B
:10E970006838100094061000DDF804C0129A624551
:10E9800007DD0D9A32F910C0019A944501DD01228C
:10E990001392DDF804C0119A624505DD0D9A32F933
:10E9A00010C0019A944541DC139AAABB01290CD9E5
:10E9B0000A9A32F910C0F44507DD0D9A32F910C0F9
:10E9C000F44502DD012213921C920E2909D27345EF
:10E9D00007DD109A32F91030734502DD01221392DF
:10E9E0001C9201280CD91D9A32F9043C734507DDAD
:10E9F0001D9AB2F90230734502DD012213921B9277
:10EA000020280AD2774508DD1D9AB2F904307345F3
:10EA100003DD01221B920BE008E0139A32B9149A2D
:10EA2000524503DD059B01221A542CE01B9A52B378
:10EA30001C9A42B3FE4A527C2AB3FE4A126892F8EC
:10EA4000F122D2071FD0012218921B9A6AB131B16C
:10EA5000059ACD2302440F2902F8223C13D2059BCC
:10EA6000CD22034483F822200DE01C9A5AB130B124
:10EA7000059BCD220344212803F8012C03D2059BDA
:10EA8000CD2203445A70401C6A788242BFF4B4AE6F
:10EA90000B98CDF8289044300B900D9809F144095B
:10EAA00044300D901098443010900F9824300F90FF
:10EAB00005982430491C0590B1427FF69BAE18980A
:10EAC000012813D121461F980BF00DF800220BE00E
:10EAD000297804E0435CCD2B00D14254491C6B786B
:10EAE0008B42F7D22430641CB442F1D91A9823B077
:10EAF000BDE8F08F2DE9FC470746CE489A46884688
:10EB000006680025D117B08EA0FB023405FB024237
:10EB100000FB01244FF6FF72A3FB020C04FB02C2B0
:10EB200003FB05210F2287FB02230AF0F6FD47F6BF
:10EB3000FF7280184FF6FF7941F100014A46002329
:10EB40000AF0EBFD718E0446A1FB083C05FB08C0F2
:10EB50004FEAE87201FB02024D46A3FB050C02FBE3
:10EB600005C2002103FB0121212287FB02230AF0B9
:10EB7000D4FD6A10801841F100014A4600230AF0D2
:10EB8000CCFDCDE9004096F86105C00706D0BAF18A
:10EB9000000F03D000216846FFF708FA01994046AC
:10EBA00061F31F40009961F30F00BDE8FC872DE978
:10EBB000FC5F044690F8550094F854100025401A64
:10EBC000401C019094F8570094F856102E46401AB5
:10EBD000401C009084F869506068A946AB464A34EE
:10EBE0000AF07CFF82469348217B677B4A3C02689F
:10EBF0001CE000BF94F8540094F8553013E000BFB7
:10EC00003AF910C0B2F9F482BCF1000F02DD761CB3
:10EC1000B6B207E0C8F10008C44503DA09F1010CF7
:10EC20001FFA8CF9401C8342EADA491C8F42E1DA70
:10EC3000DDE90030584300B231B2002808DD8142DE
:10EC400006DC6423594391FBF0F005B284F8695067
:10EC500092F80403A84205DBB9F1000F02D04FF08F
:10EC6000010B02E0642084F869005846BDE8FC9F6F
:10EC70002DE9FF4F704885B0704D04684FF0FF30AC
:10EC800002909B4604F5887A012207992868FEF7CE
:10EC900083FF05A8CDF800B090E80E002868FFF7C4
:10ECA000D3FC0346002084F80E0107980022214679
:10ECB000006820602868FEF7E9FF94F80E0100263E
:10ECC000DFF86C91DFF86C81012803D899F8110006
:10ECD00000287DD0FBF76DFA019005980490DDE9DE
:10ECE00006705D4600680390554B03AA39460498A8
:10ECF000FEF71DFF70B103A95148FEF773FE0097A0
:10ED00002A4603A94E48049BFDF7CAFBE8686861E0
:10ED1000E86A686399F8110060B1D8F8000090F8CB
:10ED2000F102C00706D0474D002028705846FFF773
:10ED30003EFF28704FF0000994F80E7101254BE05A
:10ED40006C22594650460AF070FDD8F8001004EBCA
:10ED50004500B0F8B42091F856138A423BD90121FE
:10ED6000A940029A0391114235D094F80E1101295D
:10ED700005D9BAF8381041F01002AAF83820B0F8D6
:10ED8000B410AAF83A102D4804EB85020092E9B2BB
:10ED900053460068FEF700FB2848E9B25346009A44
:10EDA0000068FFF75DF92849BAF84200534621F898
:10EDB000490FBAF8440048802048E9B2009A006838
:10EDC000FEF73DFA012806D1761CF6B2039800E062
:10EDD00049E040EA09096D1C94F80E01A842AFD23F
:10EDE000FBF7E7F9804690F854060025801B00F0F9
:10EDF000FF0A012418E000BF29FA04F0C00712D06E
:10EE0000E0B200900AEB050000EBC00000EB40010F
:10EE10000A4808EB810202F1500103680848FDF737
:10EE20003FFB6D1CEDB2641CBC42E5D9012E0DE028
:10EE300068381000600710006806100040061000D7
:10EE4000A03601201C061000A451012002D096B16A
:10EE500009B04DE6019890F8540600B1401E0199A2
:10EE600081F8540607E0D8F8000090F8210710B1A7
:10EE70005846FFF79CFE05AC5B4694E80700FEF79A
:10EE8000DEF90028E4D0FBF794F90699009190F898
:10EE90005416059B01EBC10101EB410100EB81011F
:10EEA000A1F16C0206481C39FDF7FAFAD0E738B533
:10EEB0001568049C5D650094FFF7DAFE38BD00001C
:10EEC000A036012070472DE9F04F7E4A4FF0000C2C
:10EED00014787D4A052C126892F8483027D0B2F891
:10EEE0004A40B2F94C70644226B203F00F0300BFEF
:10EEF000764DC3F1100495F81880B8F1000905D0DB
:10EF000032F86B6F7642B2F9027036B240F21F2AC5
:10EF1000DFF8BCE15246AB4630F8128031F81250AF
:10EF2000B9F1000FA5EB08052DB208D00DE0B2F83D
:10EF30005240B2F95470644226B21B09D8E73EF938
:10EF4000128008FB05F848F3CF15B54201DBBD423E
:10EF500002DD4FF0010C01E0521EDDD25D4A128845
:10EF60001AB19BF80F20002A10D1BCF1000F0DD16F
:10EF70004FEA0A0231F9125030F912605D4306FB84
:10EF800004552D1121F81250521EF3D2BDE8F08F16
:10EF9000F0B501251446DDF814C00DE031F9146018
:10EFA00030F9147006EB030EBE4503DBA6EB0C062E
:10EFB000BE4201DD002501E0641EEFD1454B1B88F8
:10EFC0001BB1424BDB7B002B16D1002D14D03E4BE6
:10EFD0001B6893F849301B09C3F110040AE000BF15
:10EFE00031F9125030F912605D4306FB04552D11C2
:10EFF00021F81250521EF3D2F0BD70B59A42DDE9ED
:10F000000454069E15DA6D42AA4212DD9C4210DAC3
:10F01000AC420EDD002E0CD12B4AB1F90040126833
:10F0200092F8742DC2F11003544300FB0340001109
:10F03000088070BDFEB50E46074601F0A2FD2349CB
:10F0400004460020897E21B923490978012900D18D
:10F050000120204334D1F00704D0204938680968E2
:10F06000FFF731FF184DF00615D528681022B0F9CA
:10F0700058100091B0F9563019493869FFF788FFE8
:10F0800028682222B0F95C100091B0F95A30154975
:10F090007869FFF77DFF300512D50E48B0F90020E2
:10F0A000286890F8751D8DE8160090F8763D0E489A
:10F0B0000E49B0F900200E48B0F90000FFF79DFF9F
:10F0C000FEBD0000D0061000600710006838100078
:10F0D000D21D0120021A01206C0710000407100045
:10F0E0000C75012038750120061A01207C7501205D
:10F0F000FE1901202DE9FF4F81B08B46DDE90E613D
:10F1000048420FFA80F91C46154600204FF6FF7A58
:10F110005B4602464FF0010C11E021460AE000BFB9
:10F1200033F91170B74201DC4F4503DA0CFA02F1F2
:10F13000084301E0491EF3D203EB4403521CAA42E8
:10F14000EBDB0122002105F064FA00EA0A0AF84824
:10F15000006890F82501C00702D05846F7F7FFFE77
:10F16000204632E04FF0000E0BEB40037146524652
:10F17000774600930FE000BF5FEAC27C07D1B3F986
:10F1800000C0B44503DACC4501DDE644491C520811
:10F1900003EB44037F1CAF42EEDB01B901219EFB70
:10F1A000F1F70199002201EB400300990BE000BF49
:10F1B000B1F800C001EB4401ACEB070CA3F800C0B0
:10F1C00003EB4403521CAA42F2DB401ECAD2D848C9
:10F1D000006890F82501C00705D0019805B0BDE88A
:10F1E000F04FF7F7DCBE05B0BDE8F08FF0B50026B4
:10F1F000344609B100250DE00020F0BDD70704D04A
:10F2000030F91570641C3E44E4B25B084FEA3202E8
:10F2100005F101058D42F1DB96FBF4F000B2F0BD83
:10F220002DE9F04F8246DDE9090B0029DCD052EAD6
:10F230000304D9D04FF0000C9946644665466746F2
:10F240006646634613E000BF5FEAC27809D03AF928
:10F25000138003FB035503FB08661C4447440CF171
:10F26000010C5FEA59094FEA320203F101038B42B4
:10F27000EADB05FB0CF204FB1428B8F1000FB3D055
:10F2800006FB0CF27D4304FB172C06FB14560024EE
:10F290005FEA0B0207D173004A1E0CFB023292FB9D
:10F2A000F8F242F34E040022454212E00CFB0263E6
:10F2B00093FBF8F31B1B834201DD034602E0AB42E4
:10F2C00000DA2B463AF812703F1BFB1A2AF812306C
:10F2D000521C8A42EADB87E72DE9F04F87B00E46E1
:10F2E000814601210020129CCDE903011746A27C32
:10F2F00008460021521E0AF0EAF9CDE90110B4F9DE
:10F3000004000590607C41008A480AF0C8FA002594
:10F310007FE0DDE910012A460AF0ECF9A27CC00783
:10F3200066D06189384605F087F9A27C82468B4613
:10F330009046012000210AF0CAF9421E41F1FF3334
:10F340008AEA02008BEA030108434ED0E27B43467F
:10F350005046594605F0D6F90B460246A17C304688
:10F36000FFF744FF0146734820F81510217E11B1C4
:10F37000002120F8151030F915000090059AA37CA3
:10F380001146304605F097F98E46B6F90020E1881F
:10F390008A4205DDDDE9033C20EA0C002EEA030E7B
:10F3A000A37C06EB430232F9022C8A4207DDDDE939
:10F3B00001826FEA020C00EA0C002EEA080EDDE979
:10F3C0000321DDE901C841EA080142EA0C020140DB
:10F3D00002EA0E0241EA0A0142EA0B0208400EEA82
:10F3E0000201A27B05F08EF909E05046594606E07D
:10F3F000012000210AF06BF9401E41F1FF3109EBB9
:10F40000C5026D1CC2E90001A07C06EB400607EBBB
:10F410004007607CA8423FF77CAF6078444D48B11C
:10F42000207838B9286890F81D1343480278484678
:10F4300005F08FF9286890F82511C9071ED090F8BB
:10F44000286116E090F8264109EBC6070BE022463A
:10F45000012000210AF03BF9D7E9002382438B43C6
:10F46000C7E90023641C286890F82701A042EEDA5F
:10F47000761C286890F82911B142E3DA07B0B3E6A8
:10F480002DE9FF471C46914606460F460025DDF84C
:10F49000308047E028FA05F0C00705D1244800680D
:10F4A00090F86203400732D509EBC500D0E900109F
:10F4B000CDE90210082102A808F0B4FF217C8142A6
:10F4C00013DA0021A088CDE90001A17CDDE9022347
:10F4D0003046FFF7A5FE2078F0B1A17C174822291D
:10F4E00000D117484A00314609E0207850B1A07C8D
:10F4F000124B222800D1124B4200314618460AF026
:10F500004FF909E0A07C394642003046F7E7A07C7D
:10F51000410030460AF0C3F9A07C6D1C06EB4006A2
:10F5200007EB4007607CA842B4DCBDE8FF87000021
:10F530006007100040311000D10610008A2C012015
:10F54000B62C0120FEB50746DDE90840CDE90040B4
:10F55000164602920D460A460548FFF7BDFE3346A1
:10F56000034A294638460094FFF78AFFFEBD000093
:10F57000600E100030B5FD490446002009780246AF
:10F58000891CCBB2014604E0655C0DB12A44D2B2BD
:10F59000491C9942F8DBF649096891F81712914223
:10F5A00000D80120F34981F84E2030BD10B5F24853
:10F5B000002418218470C470F0480AF070F9EF48F4
:10F5C0000C3804608480C0F80640448110BD10B53A
:10F5D0000446EB48002205E034F91230834200DD96
:10F5E0001846521C8A42F7DB10BD10B5044647F698
:10F5F000FF70002206E000BF34F91230834200DAC7
:10F600001846521C8A42F7DB10BD2DE9F84F81469F
:10F61000DC48D74F88460178DB4E38689346012591
:10F6200011B1B0F9CD420CE07178B0F9C7420129AF
:10F6300002D0022903D004E0B0F9C94201E0B0F9D8
:10F64000CB420221684600F0A9FDDFF840A3424604
:10F650004946BAF90030009806F08DF83B68002161
:10F6600047F6FF7C93F8E4028846B946020707D4C0
:10F67000C00605D493F8E502C20701D1800601D582
:10F680004FF00108BAF900201DE0009830F912008F
:10F69000604501DB884216DDB8F1000F05D0BC4F94
:10F6A00037F91270474347F3CF10604500DA8446BC
:10F6B000002801DB074600E047428F4203DD0028B7
:10F6C00000DA404201B2521EDFD2B24FA14201DD48
:10F6D0003980002593F845074C46C0071AD070784A
:10F6E00060B10C21A548FFF772FF2168B1F84617F9
:10F6F000401A604502DDA7F800C000259E489F4AD9
:10F70000817822F811C0491CC9B281700C2901D33B
:10F7100000218170206890F81602800706D5707865
:10F7200020B15846FFF726FF00B1002502216846A8
:10F7300000F097FD2846BDE8F88F2DE9F047924686
:10F740000A4692B0994647F6FF75014600272C46B7
:10F750002223684606F00FF800206E4636F9101096
:10F76000A94200DA0D46401C2228F7DBDFF80882A8
:10F770008249102398F803000C394A4621F81050AA
:10F780005146304605F0F7FF5FF0000036F91010E3
:10F79000A14200DA0C46401C1028F7DB774A98F8A3
:10F7A0000300921F22F81040401CC0B288F80300EA
:10F7B000032802D3002088F80300704803210C3886
:10F7C000FFF705FF06466D480321801FFFF7FFFE88
:10F7D00067490968B1F84827B11AA94202DC801AC2
:10F7E000A04200DD012712B03846BDE8F08770B5B1
:10F7F000624803210C38FFF7F8FE05465F480321F5
:10F80000801FFFF7F2FE5A49634C0B68B3F84A17A2
:10F810004A42AA4201DC824201DD012007E093F85E
:10F820004C1722785D4804F0A6FE08B10020207035
:10F8300050482278417B62F30711417370BD4C48F8
:10F84000006890F8BC02400707D54F4854494079FA
:10F850000978884201D00120704700207047444851
:10F8600010B5006890F8BC12890727D542490A787C
:10F87000521CD2B20A7090F8BE3293421ED20022BD
:10F880000A7090F87C120324C90703D190F8AC02E7
:10F89000C00700D00B24F0F7B1FD424801682143B6
:10F8A0000160F0F7A9FD1021052003F085FBBDE8FC
:10F8B00010404FF48071002008F043B810BD324969
:10F8C00030484FF000024B78007803432A4807D1B4
:10F8D00043785B1CDBB24370052B02D901234B70CC
:10F8E000427070472DE9FF4F2F48DFF884B081B098
:10F8F00090F80090DBF800004FF00008109D90F8A1
:10F90000BC024446C246C0071ED00027019E18E034
:10F9100030462A460299FFF778FE38B10120B840F8
:10F9200040EA0800641C00F0FF08E4B217487F1C9E
:10F930003FB2B0F9000006EB40060C4800780544E1
:10F94000AD1C4F45E4DB02E04C464FF0FF08174981
:10F9500081F800804CB10D48009443460088494628
:10F9600082B2019800F050F82AE021E0D1061000A0
:10F9700060071000A45101206C061000FC3A012021
:10F980000080FFFF40051000B8071000E2061000DD
:10F99000D21D01207C06100074061000A206100083
:10F9A000D30610008C071000D4061000710610005A
:10F9B0003448B0F90010032003F0FEFA4FF0010ABA
:10F9C000DBF800005D4690F84507800712D5DDE9B9
:10F9D0000301DDE90E23FFF7B0FE0446286890F826
:10F9E0004507400701D5FFF702FF2748007808B117
:10F9F00004B1A24605B05046BDE8F08F70472348D9
:10FA000000210170417070472DE9F003069F002F1F
:10FA10001AD00125012F02D01446A9462FE0002458
:10FA200010E000BF05FA04F61E420AD0002C0BD0ED
:10FA300053006243BDE8F00300EB42011A4609F0AF
:10FA4000AFBE641C8C42EDDBBDE8F003704700BF25
:10FA5000002600EB440C35460BE000BF09FA05F820
:10FA600018EA030F02D0BCF9008046440CEB420CAC
:10FA70006D1C8D42F2DB96FBF7F520F81450641EE6
:10FA8000E6D2E1E77C061000730610006C06100059
:10FA9000F6F7F4BF2DE9F04FFF4887B0002100686A
:10FAA0000AF01CF80746FD48002100680AF016F825
:10FAB0000646FB48002100680AF010F84FF0000AE3
:10FAC0000246CDF800A008200590F648CDF810A019
:10FAD000CDF80CA0CDF808A0CDF804A0B0F90040F6
:10FAE000D4465546D3460CB94FF0010BEE48017889
:10FAF000EE4831B101680A25B1F94FC7B1F9551780
:10FB00000191EA484FF00F0ED0F80090B9F84D0778
:10FB1000B9F86137A0EB0C0C5FF0210037F810103A
:10FB200036F81080A1EB080109B28B420FDAB9F860
:10FB30006D8788450BDDDDF81480404507DADDF878
:10FB4000088008F101080FFA88F8CDF808808B4288
:10FB500007DAB9F86387884503DD0399491C09B2C0
:10FB6000039132F91010002901DB884601E0C1F150
:10FB70000008E0450FDDDDF81480404507DADDF8C8
:10FB8000108008F101080FFA88F8CDF810800AF10A
:10FB900001080FFA88FABBF1000F02D0A14200DA87
:10FBA0000C46401EBAD2BEF1010E02F1440206F12B
:10FBB000440607F14407AFD22221BD4805F01BFEE1
:10FBC00006461021BB4805F016FE864200DB304693
:10FBD000B649019A0968B1F853379B1A534526DB99
:10FBE000B1F85137019A9B1A049A93421FDBB24A2B
:10FBF000927EF2B9B1F865272A44A2420ADDB1F833
:10FC000069375E1B039B9E4204DAB1F867375B1BC2
:10FC100083420CDBA2420CDDB1F86B27531B029A26
:10FC2000934206DAB1F86F17491B814201DA0120CD
:10FC30000090009807B0BDE8F08F2DE9F0419B4E91
:10FC40003168B1F85757FFF725FF044609F018FF50
:10FC5000012800D1002499480178062901D00529FE
:10FC600002D13068B0F85957DFF83CE2944A0020DE
:10FC70009EF800C0BCF1000F00D03CB1106001271D
:10FC8000A44517D044B18EF8007013E01368AB425E
:10FC9000F5DA5B1C1360F2E71268AA420ADB894AB4
:10FCA0008EF80000894B1070874A10603268B2F8F5
:10FCB0005D271A80042901D0022918D19EF800205E
:10FCC0008349844C012A05D00A78012A09D0227878
:10FCD0003AB10BE0087808B1207838B90F700B21E1
:10FCE00001E008700A216A2003F06CF92770BDE872
:10FCF000F08179480078012810D16F48817D002972
:10FD00000CD0017E002909D174490978002905D158
:10FD1000C07D002802D1624800688EE770472DE957
:10FD2000FF4F85B0002691468A468DF80C60374615
:10FD3000022007F0A6FE4A4651460598F7F7B3F9A8
:10FD400067490546DFF87481CA78012865F3030224
:10FD5000CA7013D0022D25D0032D23D001260221F5
:10FD6000604800F01BFADFF87CB12021DBF80000CE
:10FD700009F095FD504CE07BF0BB51E0FDF74DFDE7
:10FD8000FAF798F9FAF769F998F800000528E6D12A
:10FD9000FAF73CFA0028E2D00120F4F72BFFFAF73B
:10FDA00039FADCE7FDF7C4FB98F800004446052863
:10FDB00013D1FAF72BFA10B1FAF7FDF940B1207818
:10FDC00005280AD1FAF722FA38B9FAF7F4F920B17E
:10FDD0000120F4F70FFFFAF71DFA3448006890F895
:10FDE0004007C00707D04048C078012803D1FAF780
:10FDF00041FA012805D000E014E02078052806D15A
:10FE000002E00126374606E0FAF700FA18B1FAF7E1
:10FE1000EBF8FAF731F90121344800F022FA9EE7B5
:10FE2000207D88B32F4A32490020136831F810C072
:10FE30003AF81020ACEB020223F81020401C1028E6
:10FE4000F4DBE17B1A48A1B12A498346194B0978B2
:10FE5000CDE9000198F8002027491298F5F70EF92E
:10FE6000CDF800B0CDE901901E480122114603688B
:10FE700006E0217D41B101220090CDE901920021EF
:10FE800098F80000F5F7CAFD0221164800F0E9F9DC
:10FE9000FFF72FFF03A931E004071000000710004F
:10FEA000F4061000F40710006C0710006007100043
:10FEB000E21C0120B61C012068381000D00610009A
:10FEC000700710006D071000740710006A0710001B
:10FED0006E0710006F071000680710004005100043
:10FEE000A451012044061000700610003C061000CA
:10FEF0000C750120DD0610007C75012000208DE8C6
:10FF0000230003464A4651460598FBF797FF40EA0F
:10FF10000605A07A28B9E07A18B9207B08B9607B79
:10FF200028B16948664A6749006803F06EFF67B107
:10FF30006648006890F84007C00706D065484FF44F
:10FF400088626349006809F02BFC022007F0B4FDC9
:10FF5000FAF70AFA9DF80C0098B1F0F74FFA5E48EC
:10FF60005E4A0168126811430160F0F745FA5C4887
:10FF70000178052003F020F84FF48071002007F08D
:10FF8000E0FC284609B056E62DE9FF4F554D83B0F9
:10FF900092466F78EC78DDF844B0149E5FEA010970
:10FFA0004FF000080CD050480178484600F015FB8F
:10FFB0004E482A7833460178204600F0A7FB804659
:10FFC000032007F05EFD4A4A4B48CDE900A2CDF878
:10FFD00008B00168474B069A0398FFF783FC044674
:10FFE000032007F069FD454EACB1FFF768FCFFF751
:10FFF00036FC49460398FFF701FD4148407A38B185
:020000021000EC
:1000000040480078800703D50421032007F099FCBD
:10001000347020460EE6FFF7F2FCFFF710FC0446B2
:1000200009F012FDF070B8F1000F0BD0E878738979
:100030003289002103F0F3F86878B84202D008B999
:1000400000203081002CD4D1139800905146129B8F
:10005000069A0398FFF763FE0446CAE710B5F7F760
:1000600031F9FDF7E2FBF9F748FDF6F707FDFFF779
:10007000C6FCFBF7FFFF2149002008704870C880CC
:1000800008814881888188700861486188611C31D5
:1000900008708870222048701020C87010BD10B5FC
:1000A000F7F729F9FDF7D1FBF9F724FD00F0B5FBCF
:1000B000F6F7F1FC0B4800214170817010BD000083
:1000C000B61C0120E21C0120F4061000600710009D
:1000D000EE230120000710008C071000140610000A
:1000E00010061000B8071000BE071000E006100050
:1000F0000C750120387501200407100070061000EF
:100100006838100018071000062904D28C4A515C88
:100110008C4A535C2BB1002101600146482002F05B
:100120002CBC874B083353F821300360864B43F8CF
:1001300021000120505470470A4630B40021062A9D
:1001400011D27F4B9A5C72B17D4C0368083454F82D
:100150002240A34207D17B4B99547B4B43F822109A
:10016000016030BC70470160014630BC492002F09C
:1001700004BC2DE9F0410124724D734F0026285D27
:1001800038B12E5557F824104A2002F0F6FB47F8F4
:100190002460641C032CF2DBBDE8F0812DE9F04102
:1001A000694D684B00270A460C350760596805F110
:1001B000140603F10804012A38D0022A1CD0032AAD
:1001C0003FD1002204EB020CDCF800E0BEF1000F8E
:1001D00007D0521C022AF5DB042930D301464C20FB
:1001E00031E055F82240046046F822004FF0033019
:1001F000091FCCF8000032E05FF0000204EB020CB3
:10020000BCF800E0BEF1000F05D0521C042AF5DB5B
:100210000229E3D213E055F82240046046F8220098
:1002200040F20220ACF80000891E18E05FF00402E2
:1002300014F802C0BCF1000F09D0521EF8D2002FF2
:10024000AAD101464B20BDE8F04102F096BB55F81B
:100250002250056046F822000120A054491E596032
:100260009AE7F0B4384E374C002504220C36D0F80B
:100270000030083456F822709F4212D1A75C8F429A
:100280000FD1531C11D0304D00232035036045F8A9
:100290002230A354012911D0022911D0032904D1FD
:1002A00008E0521EE6D2002D08D1F0BC01464D20D8
:1002B00002F063BBA01843708370C370F0BC70473A
:1002C000A0184370FAE770B51E4E1F4D052408367E
:1002D00020350BE0305D48B155F824104E2002F077
:1002E0004CFB315D55F82400FFF7BBFF641EF1D2D3
:1002F00070BD70B50121144B124A002043F8210053
:100300005054491C0329F9DB012111700D4A0521C4
:100310000D4B51600C330B4D04210C4A083503F191
:10032000140400BF01EBC10606EB460602EB4616BD
:1003300043F82160685444F82100491EF2D270BD90
:100340008C9B0100A4061000343810007C42100081
:10035000F0B5F749F74B096891F8E422D20734D099
:10036000F54A57784FB191F8EF42B1F8EC5204F0EA
:100370000F022609B1F8EA4208E091F8EE42B1F81E
:10038000E85204F00F022609B1F8E642DFF8ACC3E8
:100390009CF800C0BCF1030F06D191F8F0120FB128
:1003A0000A0901E001F00F02A04201DC1A60F0BD71
:1003B000A84201DB1E60F0BD001BB11A4843291B97
:1003C00090FBF1F010441860F0BD0020FBE7D84826
:1003D000D94900680A7800F21A20805C4871704799
:1003E0002DE9F00F8346D248DFF84C93DFF850A395
:1003F000006899F800706FF0004190F8366290F84C
:1004000035023AF817404FEA101802071FD000F0E3
:100410000F0CC74B002002461B680546B44293F8F8
:10042000343205DBA61B06FB08F696FBFCF63344CC
:10043000BF4E99F801C03668BCF1010F96F81962F9
:1004400008D0BCF1020F08D006F0030C12E04FF008
:10045000010CDEE7C6F3810C0CE0C6F3011C09E0D9
:100460003AF81260B14201DD3146D5B2B04200DA4D
:100470003046521C6245F3DDABF80000601A98422A
:1004800001DC674504DD89F80050BDE8F00F9EE708
:10049000BDE8F00F7047A64A10B512680021B2F807
:1004A0002832834205D292F818321B0701D5032166
:1004B00012E0B2F82632834205D292F818325B0776
:1004C00001D5022108E0B2F82432834204D292F826
:1004D0001802800700D501219A48974C0378994269
:1004E00011D1617899421AD0974A1278134307D0F4
:1004F0008168491E8160002911DC007860700EE07F
:1005000001708168F7E789B1022901D1012B0DD073
:1005100092F8222282600170002A00DC61708B4810
:100520006278417B62F30301417310BD92F823228C
:10053000F0E7814910B500204870C87084497C4AB2
:100540000870804988600870126892F8E432DB070E
:1005500003D092F8EF22120900E00022754B4FF40D
:1005600088741A60C860086175490860486021464F
:10057000784809F094F921467148BDE810400830E8
:1005800009F08DB938B50020ADF800006846FFF7D6
:1005900027FF6748684D006890F81802400602D5AA
:1005A000BDF8004004E067492878143131F8104064
:1005B000694804802046FFF76EFF2046FFF7C8FE1B
:1005C00066480188A14200D2048028785C4931F84D
:1005D00010005E49A1F8150038BD2DE9F34F5948C8
:1005E000222483B046788B46DFF87491761C5EE057
:1005F00006FB04F0C7B2BBF1000F4ED1DFF830812B
:100600000025D8F8000090F8181289060FD5B0F927
:100610003212CDE90014B0F930324E4800EB4702F7
:10062000039800EB4701484605F02CF806E00398D4
:10063000620000EB4701484609F0B2F8DFF814E128
:10064000D8F800A000217A1839F911003EF91230CB
:10065000181A00D540420FFA80FC3948083030F9AA
:100660001230634502DA9AF8388201E09AF839824A
:1006700003FB08F3C8F580780CFB08331B1220F845
:10068000123030F91200A84200DD0546491C09B2BB
:10069000A142D8DB2A4820F816502E480F2300EB41
:1006A00047002222CDF800B0039905F071F8761EBC
:1006B0009ED2BBF1010F26D02248214B427808334D
:1006C000521C1AE0002120460DE000BF03EB40065B
:1006D00033F9105036F9026CAD1B00D56D422DB2C6
:1006E0008D4200DD2946401E00B20028EED115489B
:1006F00003EB4403143020F81210521EE2D205B06E
:10070000BDE8F04F3EE705B0BDE8F08F2DE9F043BE
:10071000DFF82490064E002799F80180094C3668CE
:10072000BC463D46B8F1000F1CD002256BE000002E
:10073000600710009C061000B8071000D0061000DB
:10074000143B0120B4061000D9061000A45101206A
:10075000740610002C3C012076061000780610006C
:100760003C3D012013B101284CD04CE0002302286D
:100770000BD001280ED096F8EB8008F003088845CE
:1007800033D1904531D163801AE06188491C618082
:10079000A38037E096F8EB80012508F00308884530
:1007A00010D190450ED1638096F88020A1888A42AE
:1007B00006D9491C89B2A1808A4224D1002522E0B1
:1007C000A38020E091421ED0A38096F87F20B4F948
:1007D00002108A4207DD491C09B261808A4212D1A7
:1007E0004FF0010C0FE063800DE091420BD0618867
:1007F000491C09B26180A38096F87F208A4202D109
:100800004FF0010C012589F80350854200D00127E3
:100810004CEA0700BDE8F0838BE610B50C4C20686D
:1008200090F81902C0F30112C0F3810100F0030037
:1008300003F00DFE074948702068074990F8EB0067
:1008400000F003000870FFF7C2FDBDE8104070E63D
:1008500060071000B4061000B807100070B5FF4D17
:1008600000241B21FE48AC6109F019F82C62EC61F0
:10087000FFF715FCFFF73DFDFA48048000F0ADF9E5
:10088000F9480470F948046070BDF949F34891F8DB
:100890003020427091F8313083705A43428291F88F
:1008A0003320C27091F82C20027091F82D20027133
:1008B00091F82E20427191F82F20827191F8382002
:1008C000027291F83720C271EA4A426202F5BB62B5
:1008D000826251F81A2BC262E74A0263E74A426316
:1008E000C97F0174E649002008707047E04890F81D
:1008F0002C10DC488170D94902794B7A63F30002ED
:100900008B7A63F3C302CB7A63F34102DD4B5B79ED
:1009100003724B7BC3710B7B63F3041202718B7BFD
:10092000827BC97B63F3030261F30712D6498273AA
:1009300009888183D5490988C183D54909880184FB
:10094000D4490A78C17B62F30301C173D2490A78A2
:10095000017C62F30001D14A127862F34101D04A6E
:10096000127862F3C3010174CE490A88A0F82920E5
:100970004A88A0F82B208A88A0F82D20C988A0F8E2
:100980002F10C9490A88A0F84F204A88A0F85120A2
:100990008A88A0F85320C988A0F8551070472DE91F
:1009A000F041DFF8BC820C46054680EA040698F860
:1009B0000270F00601D5F6F761F8C4F3001088F86C
:1009C0000000C4F3C03088F81300C4F3404088F836
:1009D0001500B6480268062A75D00020A44B88F896
:1009E0000E00002193F82C0002286ED005286CD050
:1009F00088F80610042874D0062872D088F80710EA
:100A00000123052873D0062871D088F8081000BF8C
:100A1000C4F3400C88F802C0C4F3003C88F809C055
:100A2000052A67D04FF0000C88F80AC0012A64D06C
:100A30004FF0000C88F80BC0022A61D04FF0000C78
:100A400088F80CC0082A5ED0072A5CD088F80D1000
:100A5000C4F3403288F81120C4F3803288F81220A1
:100A600098F80FC0C4F30022944501D088F81030E4
:100A700088F80F20C4F3004288F81420C4F38042A1
:100A800088F81620754A022840D004283ED0D1822A
:100A900088F81710C4F3405088F81A00C4F3800097
:100AA00088F8180008B188F8023098F80200B842B7
:100AB00001D0F6F709F8C4F3005088F81900BDE832
:100AC000F08100E001E0012088E7D3F824C0BCF108
:100AD000000F01D04FF0010C88F806C08AE700E053
:100AE00005E05B6A03B1012388F8073088E788F8DE
:100AF00008308DE74FF0010C96E74FF0010C99E7B5
:100B00004FF0010C9CE788F80D30A1E7280301D5D0
:100B1000300307D4B2F91600002811DD280306D5EA
:100B2000300304D562480068B0F8D302D082B2F92D
:100B30001600002801DD401ED08288F81730A9E792
:100B4000D182C4F3C04088F81700A3E770B5594DAF
:100B50002C68002C14D00022A0B2114602F06EF8CE
:100B60002868A043286001D102F0DAF83C48017CF3
:100B7000012905D100210174BDE8704002F0DCB804
:100B800070BD3648817A01290BD0C17A012908D07D
:100B9000407B30B94848007818B9484800780028A8
:100BA00000D00120704708B5FFF758FE6B460022C1
:100BB0000B21022006F00EFF0098C00705D001218E
:100BC000022006F0EAFE00F028F800980007EDD5B4
:100BD0000821022006F0E1FEE8E7204810B51021C8
:100BE0004170222181700901418226494979C170F1
:100BF0000121017141718171017000218182817334
:100C0000C173FFF72BFAFEF75DF9F6F784FCFEF7E8
:100C1000CDFCBDE81040FBF775BC30B585B00024B5
:100C200001F050FE012006F02CFF00F064F80B4D9F
:100C300095F82000C00710D00D480DF1040C00F10C
:100C40003C01EC690EC98CE81E00C1680091D0E936
:100C5000042303C8FFF798F9044631E0D0061000DA
:100C600068381000A4510120FC071000F80710009C
:100C70005C53100058430120803D0120346F012057
:100C800080071000B80710007C061000C207100093
:100C9000C40710002E0510002C05100040051000A0
:100CA00045051000143B0120C8061000F007100095
:100CB00060071000A80710007206100070061000F0
:100CC000E86950B14CB9032006F0DBFE1F48E96922
:100CD000FEF7B0F9032006F0EFFEFFF707FEFFF77F
:100CE00035FFFFF7F0FAFFF744FA05B00120BDE841
:100CF000304006F0E1BE70B5154E144CD6E9070140
:100D00000143D4E9080240EA020081EA000503D168
:100D100010B1FFF7A3FD09E0E80703D0FFF79EF944
:100D2000FFF77AFDE80601D5FEF7B2FEE169B0698A
:100D3000FFF735FEE069B061206A3062606AF061F9
:100D400094F848007074BDE870409EE55C53100054
:100D5000D00610000D4D00200D4C28602868401C66
:100D60002860EFF74BFB08F098FB0128206809D0BA
:100D700040F00400206007F015FB00BFEFF73CFBDC
:100D800030BFEBE720F004002060F7E71407100005
:100D900010ED00E02DE9F05F1F4DDFF88090DFF8E7
:100DA00080A0DFF880B0A84620211B4808F077FD1E
:100DB000D9F8001018488847471EDAF8000098F85C
:100DC000006008F1010490F89E00C00705D03A4683
:100DD0002146304600F028F828B93A4621463046E8
:100DE00000F01AFC18B10120296802F0E5F8DBF8E0
:100DF000000080470028D7D1BDE8F09F38B50C46E9
:100E0000054606F09EFD6946284606F0D4FD009989
:100E10002142F8D138BD000083381000D8071000F7
:100E200060071000DC0710002DE9F0470025A0F155
:100E3000C00891468A46B8F1070F08D8FE4C4946CB
:100E4000504654F83820904704EBC80120E0A0F148
:100E50001001032902D8F848883805E0A0F13001D4
:100E60000C2906D8F448683850F8317000EBC100FE
:100E700029E0A0F14004022C11D8DFF8BC834946D8
:100E800008F14008504658F83420904708EBC40158
:100E90000979012920D10546012817D01CE06228D4
:100EA00002D0782806D017E0E349A0F16200A1F152
:100EB000900104E0E049A0F17800A1F1980151F817
:100EC000307001EBC0004FF00105466848464E45C2
:100ED00002D101465046B8472846BDE8F08770B5B4
:100EE0000022002916DD0378491E142B12D203EBD1
:100EF0004305D14B401C583353F8254003EB85057F
:100F00006B68002B06DB994202D02B7A012B01D1B2
:100F1000A0470246104670BDC84901200860042160
:100F2000FFF76CBFC5490020086004210120FFF7CE
:100F300065BF07F0F4B910B5EFF760FAC0490E20AD
:100F40000860EFF759FA0221052002F035F8BDE8F4
:100F500010404FF480710020FFF750BF70B5B949C1
:100F6000027800240A7042784A7001784B07B6492B
:100F70000A6802D542F0040207E0B44B1D6805B1CF
:100F80000124002522F004021D600A600278120785
:100F90000A6802D542F0020201E022F002020A6071
:100FA0000078400602D542F0100001E022F0100067
:100FB000086008210120FFF721FF002C0ED0A04976
:100FC0004FF4877008600321052001F0F5FFBDE8AC
:100FD00070404FF480710020FFF710BF70BD0078A3
:100FE00038B1012817D19A4900204A7B012A07D03D
:100FF0000BE09248006808B1802109E0042107E075
:10100000944A1060944A10704873944908701021F3
:101010000120FFF7F3BE704710B50078C2078A4879
:10102000016802D041F4004101E021F40041016077
:1010300008210120FFF7E2FE012010BD027882485E
:10104000016812B1012A06D102E021F0080101E095
:1010500041F00801016008210120FFF7CFBE704771
:1010600070477F4877490068B0F86A03020ACA717E
:10107000087270477A4873490068B0F86A03020A38
:10108000CA710872704730B46F4903780A68112B2F
:1010900017D2DFE803F00909090909090909090953
:1010A000090916161609090042F002020A600178C1
:1010B0000120884065490860082130BC0120FFF705
:1010C0009DBE22F00200F6E77047704701F09AB922
:1010D00010B504460078010260780843A1780A023E
:1010E000E178114309B2F6F756FA5D48006890F8C6
:1010F0001A0D400705D5224640F2C171012002F0C9
:1011000020F9012010BD10B504468078E27861789E
:1011100042EA00222078F6F747FA5148006890F832
:101120001A0D400705D5224640F6C101012002F004
:1011300008F9012010BD70B504460020237801464F
:101140000246012B0BD160780102A0780843E178B8
:101150000A022179114362791502A2792A4312B257
:1011600009B200B2F6F74CFA3D48006890F81A0D43
:10117000400705D5224640F6C111012002F0E1F8F2
:10118000012070BDF8B504460020257801460246CE
:1011900003467DB160780102A0780843E1780A0235
:1011A0002179114362791302A2791A43E3791E026D
:1011B000237A33431BB2009313B20AB201B228461A
:1011C000F6F7FDF92648006890F81A0D400705D596
:1011D000224640F6C121012002F0B3F80120F8BDFB
:1011E00010B5044600886188A28840BA49BA52BA4C
:1011F000F6F715FA1A48006890F81A0D400705D559
:10120000224640F6C131012002F09BF8012010BDBA
:1012100010B504460078A2780101607841EA101107
:1012200000F00F0042EA0022E078F6F7FEF90C48E1
:10123000006890F81A0D15E0389C0100AC0710000A
:101240008C071000443A1000B00710007005100021
:1012500068381000F0071000300810007F071000F9
:1012600060071000400705D5224640F6C141012025
:1012700002F067F8012010BD0020704710B500781B
:10128000C207D548016802D041F4805101E021F441
:101290008051016008210120FFF7B0FD012010BD41
:1012A00010B50888CD49088001210320FFF7A6FD6D
:1012B000002010BD02F013BDC94910B500220A601C
:1012C0000078242801D1052008601221C54808F0C3
:1012D000E6FA012010BD70B5BF4C054601782068C4
:1012E00071B303290ED020F4807040F48030206068
:1012F00008210120FFF782FD00F041FD2878F3F777
:1013000064FD2AE0F3F75EFD08B9F4F727FC4FF41B
:101310008076EFF773F8B4480660EFF76DF8206851
:10132000082120F4803040F4807020600120FFF715
:1013300065FD31460020FFF761FD00F015FDDDE79A
:1013400020F4807020F48030206008210120FFF715
:1013500055FDF4F703FC00F012FD012070BD10B53F
:1013600002789D48016812B141F4802101E021F426
:101370008021016008210120FFF740FD012010BD00
:1013800070B50022002915DD0378491E0B2B11D200
:10139000964C03EB4305401C54F8253004EB8505BF
:1013A0006C68002C06DB2D7A012D01D0A14201D101
:1013B00098470246104670BD894910B50320086061
:1013C0004FF080410020FFF719FD012010BD844936
:1013D00000220A60038833B101230B60844900882E
:1013E000088084480280002070472DE9F0417C4F3E
:1013F000002506463D6000787F4C012802D0022877
:1014000009D00FE04FF4BB617C4808F048FA257022
:101410000720386006E0082038602178092901D2C9
:10142000491C2170B6F801004FF47A72704990425D
:1014300001D90A8000E008806E4805800020BDE8E0
:10144000F081674900220A60038833B102230B60F0
:101450006B49008808806B480280012070476A4809
:101460000178132001F0A8BD01785D48012903D05F
:1014700000210160002070470621FAE70A4663490F
:1014800010B50B68047803F5A871521ED2B20C4453
:10149000A11803F2CF13994206D3191B4A1CD2B2EA
:1014A000002901D5002010BD411C204608F078F924
:1014B000012010BD10B5007801F0E1FF5449012072
:1014C000086081060020FFF799FC012010BD491E2D
:1014D000CAB20378411C184601F0D8BC007801F06C
:1014E000E9BC10B50078C2073B48016802D041F45E
:1014F000005101E021F40051016008210120FFF7B3
:101500007DFC012010BD10B502783348016812B18E
:1015100041F4804101E021F4804101600821012073
:10152000FFF76CFC012010BD0078C2072A48016853
:1015300002D041F4003101E021F4003101600821C2
:101540000120FFF75BBC70B590F900203148002303
:10155000016891F8D002C0072AD01F48046825030B
:1015600007D591F9D252AA420BDB012324F40024BF
:1015700006E091F9D152AA4203DC012344F400248D
:101580000460A50206D591F9D6128A420ADA24F43B
:10159000001105E091F9D5128A4203DB44F40011F1
:1015A000016000E01BB108210120FFF727FC0020AB
:1015B00070BD10B50078C2070748016802D041F439
:1015C000801101E021F48011016008210120FFF762
:1015D00015FC012010BD0000B00710002C07100002
:1015E000F0071000EE7501208C071000809D0100AF
:1015F000340810003608100030081000FC5101209B
:101600003A081000380810007D0710006407100029
:1016100028081000600710000B4610B50021A03804
:10162000092806D8FE4951F8204011461846A0471F
:101630000146084610BD0020704770B5F94C0023E4
:101640000029236011DD0278491E042A0DD2F44DD1
:10165000401C283555F8324005EBC2025268002A7A
:1016600003DB914201D1A0470346184670BD10B577
:1016700000780021C00700D00121EB48016004215F
:101680000120FFF7BBFB012010BD10B51021012088
:10169000FFF7B4FBE54900200860E5494873E249DB
:1016A0000860012010BD70B501460024097820466D
:1016B0002546062924D006DC06292ED2DFE801F0D3
:1016C000101217191B1E102924D004DC07291AD068
:1016D000082922D11AE011291ED020291DD128E085
:1016E00001242CE00224012000F03EFA15E004243D
:1016F0000EE0202400E0402401200EE08024FBE7DF
:101700004FF48074F8E74FF40074F5E74FF4806409
:101710000220E9E7082400E01024C24914F0180F61
:101720000C60C14C0DD010210120FFF767FB256034
:101730000FE0C0484FF400640570BF4805700020FA
:10174000D2E72168814204D0206004210120FFF704
:1017500055FB012070BD70B5002300290FDD027814
:10176000491E052A0BD2AE4D401C483555F8324073
:1017700005EBC2025268914201D1A04703461846C8
:1017800070BD10B50078C207AC48016802D041F0C6
:10179000020101E021F00201016008210120FFF7B0
:1017A0002DFB012010BD10B50078C207A3480168C9
:1017B00002D041F0040101E021F0040101600821A0
:1017C0000120FFF71BFB012010BD10B50078C207F8
:1017D0009A48016802D041F0080101E021F00801B7
:1017E000016008210120FFF709FB012010BD002046
:1017F00070470020704770B50024002913DD02787F
:10180000491E0C2A0FD2864B401C7033062A53F80F
:10181000325003EBC2035B6801D1002901DC99421D
:1018200001D1A8470446204670BD01460020097832
:10183000062906D27A48D03050F8212000210846E7
:101840001047704710B506F06AFD012010BD7C48B6
:1018500010B500688047012010BD10B54FF400613D
:101860000020FFF7CBFA012010BD764910B501200A
:10187000087001030020FFF7C1FA012010BD10B568
:101880004FF000610020FFF7B9FA012010BD10B53C
:101890000078C00701D06C4800E06C4800688047C1
:1018A000012010BD10B500880024C10700D002241B
:1018B000810701D544F00404400701D544F4847441
:1018C00094B1EEF79BFD6248016821430160EEF799
:1018D00093FD0221052001F06FFB4FF48071002081
:1018E000FFF78CFA012010BD002010BD10B5008854
:1018F0000024C10700D00124810701D544F002046F
:10190000410701D544F00404000701D544F0080460
:101910006CB1EEF773FD4F48016821430160EEF7AB
:101920006BFD02210020FFF769FA012010BD0020A5
:1019300010BD10B500880024C10700D00124810724
:1019400001D544F00204410701D544F00404010725
:1019500001D544F00804C10601D544F01004810605
:1019600001D544F02004410601D544F040040106AD
:1019700001D544F08004C10501D544F4807481058B
:1019800001D544F40074410401D544F48044C104F9
:1019900001D544F48054800401D544F400546CB162
:1019A000EEF72CFD2C48016821430160EEF724FD81
:1019B00080210020FFF722FA012010BD002010BD79
:1019C00010B500880024C10700D00124800701D58C
:1019D00044F0020474B1EEF711FD20480168214380
:1019E0000160EEF709FD4FF480010020FFF706FAD1
:1019F000012010BD002010BD10B500780024C107E3
:101A000000D00124810701D544F00204400701D52C
:101A100044F0040434B3EEF7F1FC1148016822E00D
:101A2000049E0100B4071000AC071000F00710007E
:101A3000683810007D0710007E071000B007100006
:101A4000D4071000F6071000E0071000E4071000AC
:101A50008C071000900710009C071000A0071000D2
:101A6000980710000AE021430160EEF7C5FC4FF42F
:101A700080610020FFF7C2F9012010BD002010BDD9
:101A800010B501460078002433283BD01EDC17280F
:101A900034D00EDC122831D006DC01282BD01028DF
:101AA0002CD011283BD129E0132827D0142836D177
:101AB00024E0302826D004DC18281FD019282ED185
:101AC0001CE031281ED0322829D11BE0902832D0CA
:101AD00009DCA0F15001072921D2DFE801F0222220
:101AE0002222202022009138052818D2DFE800F0B9
:101AF0001C1F26292C0000F078FF01E001F01CF8E3
:101B000001240CE001F060F81D481E4900680968D6
:101B1000084304D01C48006808B9FFF717F82046AE
:101B200010BD01F019F8EBE701F028F8E8E7487874
:101B300001F006F9E4E701F00FF9E1E701F01CF923
:101B4000DEE701F029F9DBE701F08AF9D8E710B503
:101B50000088002807D00B490420086001070020F6
:101B6000FFF74CF9012010BD002128B1012803D056
:101B7000022801D0082800D1012108467047000042
:101B80009C071000F0071000AC0710002849002047
:101B90002A4A0870274908602749086010602848C9
:101BA000006890F80807C00702D04FF48050086022
:101BB000704708B5FFF7EAFF00F017FF21480068FB
:101BC00080471D4C6B4600223921042005F002FF9E
:101BD0000098C00705D00121042005F0DEFEFFF7C4
:101BE000D9F80098800603D52021042005F0D5FE01
:101BF000009800070BD50821042005F0CEFE2068D0
:101C0000082140F0080020600120FFF7F7F8009855
:101C1000C006D7D51021042005F0BFFE206808219A
:101C200020F0080020600120FFF7E8F8CAE7000074
:101C3000F6071000AC071000B0071000B407100042
:101C400060071000E8071000AD48704710B5134654
:101C50000A460446194607F01AFE204610BD10B584
:101C6000044607F09DFD204610BD07F07ABDA5484B
:101C700010B5007806280DD1A348006890F8070732
:101C8000C00701D0F8F7CAFA1021BDE810400120C2
:101C900005F057BE10BD01F086BA70B5012404FAF4
:101CA00000F38C4099489A49012A06680D6804D0CF
:101CB0009E43A54306600D6070BD33432C43036013
:101CC0000C6070BD38B500200090924800231A4681
:101CD000046819460220A04738BD38B5002000909E
:101CE0008C4800231A46046801211846A04738BDD5
:101CF00038B500200090874800231A460468022166
:101D00001846A04738BD38B5002000908148002310
:101D10001A46046804211846A04738BD38B500208B
:101D200000907C4800231A46046808211846A04702
:101D300038BD38B575480078400709D57648032284
:101D40000221008800907348744B04680120A0476A
:101D500038BD38B5002000906E4800230421046887
:101D60001A460120A04738BD38B5002000906948C8
:101D700000230122082104680220A04738BD38B59D
:101D80000020009063480023082104681A460220BE
:101D9000A04738BD38B55D4800255E4C05605C48FD
:101DA0000560E06880475E490880206980475D499A
:101DB0000880606880475C490860A06880475B498C
:101DC0000880606980475A490880A069804759495E
:101DD00000231A4608800095246801210220A047AC
:101DE00038BD70B590F99A514C4BB0F8524003EBA6
:101DF0000515EC8090F99A51B0F8444003EB0515B5
:101E0000AC8190F85D4090F85C5090F85E60641B87
:101E1000641CE5B290F85F40A41B641C90F99A61C1
:101E2000E4B2A54203EB061606D9358190F99A5122
:101E300003EB05156C8105E0348190F99A4103EBC1
:101E400004146581012904D0022902D0032900D09D
:101E5000FF2190F99A4103EB0414617090F89A11F4
:101E60004CB203EB0414217090F87A11042990F914
:101E70009A1103EB0111897B17D021F0010100BFFA
:101E800090F99A4103EB0414A17390F99A41110C53
:101E900003EB0414618090F99A0103EB0010828037
:101EA00025480168491C016070BD41F00101E7E768
:101EB000F8B5164A1278920720D5154E00FB01F0AE
:101EC000144D32684FEA4004D30704D000941B4BF2
:101ED00000222F6805E0900706D50094184B2F6864
:101EE000012201210846B8473078000706D5009442
:101EF000032201212C68134B0846A047F8BD0000BF
:101F0000EC9E0100E40410006007100018071000A8
:101F10001C07100020CD010034071000A438100069
:101F200024071000220710003007100026071000B9
:101F3000280710002A07100038071000B8060120F3
:101F4000803D01205843012070B52F4D044628786C
:101F5000A04214D0022C06D0042C07D0052C08D0A7
:101F6000062C0BD108E0FFF7B8FE07E0FFF7C0FE34
:101F700004E0FFF7C8FE01E0FFF7D0FE2C7070BD53
:101F8000224808B50088204CC00402D5FFF702FFA4
:101F900006E000206080A0802061E08020816081D8
:101FA0001B4D6B4600227F21032005F013FD009896
:101FB000C10704D0A089FFF785FE01211FE081073A
:101FC00004D52878FFF7C0FF022118E041070BD5A0
:101FD000012005F056FD10212220FFF769FF0120A6
:101FE00005F06AFD04210AE0C10603D5FFF7A1FE52
:101FF000102104E04006D4D5FFF7ABFE40210320BA
:1020000005F0CBFCCDE7000020071000EC04100029
:10201000E40410001F480021017041708170704776
:1020200010B51C4C0346A078102814D20F2900D9F3
:102030000F211948227800EB02100A4600F8011B14
:10204000194607F0ADFB2078401C00F00F0020700F
:10205000A078401CA07010BD70B50E4C0025A17872
:1020600091B10D49627801EB021111F8015B2A462A
:1020700007F096FB6078401C00F00F00607072B6AD
:10208000A078401EA07062B6284670BD01488078D6
:10209000704700003C0710004439100070B514462A
:1020A000002007F0A5FC00F00105012007F0A0FCCE
:1020B00000F0010045EA00102070012070BD802072
:1020C00010700120704710B5144606F00CF953212A
:1020D000217054216170010AA170E07006F007F9C7
:1020E0002071052010BD30B57C48036893F8364058
:1020F000598E988E250702D533F8371F5888E30785
:102100000AD0030A137050700C0A9470D1701371C6
:1021100050719471D17109E00B0A13705170040A67
:102120009470D070137151719471D071102010722D
:10213000222050720B2030BD0220107053205070AE
:1021400066480168498A090A91700168897CD170E2
:102150000068017E1171417E5171017F9171417F53
:10216000D171807F10720920704708B50223009357
:102170005B4B00F09FF8022008BD08B501230093D7
:10218000574B9B1C00F096F8012008BD08B50123B1
:102190000093534BDB1C00F08DF8012008BD08B5FF
:1021A000012300934E4B1B1D00F084F8012008BD55
:1021B00008B5012300934A4B5B1D00F07BF801201A
:1021C00008BD08B501230093454B9B1D00F072F834
:1021D000012008BD08B502230093414BDB1D00F030
:1021E00069F8022008BD08B5022300933C4B09336F
:1021F00000F060F8022008BD08B501230093384BB9
:102200000B3300F057F8012008BD08B501230093F7
:10221000334B0C3300F04EF8012008BD08B5012304
:1022200000932F4B0D3300F045F8012008BD08B591
:10223000012300932A4B0E3300F03CF8012008BD27
:1022400008B501230093264B0F3300F033F801202B
:1022500008BD2DE9F0410F4604460078491ECEB274
:102260000025631CA0F12001042909D81D4901EBB8
:102270008000314650F8804C1846A047054616E0CD
:10228000A0F130010A2912D81649143101EB80005F
:10229000314650F8C05C1846A84705463EB139465D
:1022A0002046FFF7BDFE0121042005F04AFB284629
:1022B000BDE8F08170B51D46049C164639B1A142B7
:1022C00000D921460A460146184607F069FA224617
:1022D00029463046BDE8704007F062BA600710003A
:1022E000443A1000049F010010B54FF403714E48AA
:1022F00007F0F7FA4C490120C1F804024B480021CD
:102300004160017007F026FB0021BDE8104001206C
:1023100006F0A8BB10B572B600204449087007F05B
:1023200019FB62B610BD10B572B601203F490870A6
:102330003D48D0F8080208B107F068FB62B610BD4E
:1023400070B572B6384C394D2146D4F80832D1F800
:102350000022521C202B07D25B1C22F02001C4F863
:102360000832C4F800120CE0D4F8041222F0200263
:10237000491C21F02001C4E980216968491C696079
:10238000114604EB011301461022184607F008FA23
:102390002878012805D1D4F80802012801D107F0D6
:1023A00035FB62B670BD204AD2F8080200280ED074
:1023B000D2F8040202EB0010C37923F01F03C371AB
:1023C00092F80822521E02F01F021343C371704795
:1023D00010B572B61448D0F8081259B1491EC0F8A9
:1023E0000812D0F8042202F1010222F02002C0F803
:1023F000042205D10D480078012801D107F0AAFA7E
:1024000062B610BD10B572B6002007490122C1F8AE
:102410000802C1E98002054948600878012801D115
:1024200007F098FA62B610BD084F0120400710006F
:10243000134910B500220A804FF470434B80114BB2
:102440008B80114BCB804DF670330B810F4B4B8142
:102450000F4BC0E9003106210172427210BD30B449
:1024600003460B4A002014789C4202D130BC06F08F
:10247000A4BC401CC0B2521D0628F4D330BC704727
:10248000543A1000BC88012070860120803D012054
:102490004C9F0100F3480178C72918D141781038C2
:1024A000022912D0032913D0EF4A0A29126811D049
:1024B0000B2912D0ED4B0C291B6814D00D2917D015
:1024C000072904D1EA49097800E001210170704729
:1024D000E849F8E7B2F89F1801E0B2F8A1180A0A33
:1024E000027041707047D905FCD5B2F8961C07E020
:1024F000D905F7D5E049B1F90010002900DA00212B
:102500000A0A027041708270C17070472DE9F04173
:1025100000285ED0D34DD94B95F800E0BEF1370FBF
:1025200031D012DCAEF1200EBEF1170F71D2DFE810
:102530000EF0B4B4B4B4B49E9E9E9E9E9E9E9E9E8B
:102540009E9EB4B4B4B4B4B4B400CD49CD4A002412
:1025500002EB010CCC4A5718CC4A5618CC4ABEF1B3
:10256000710F1144BF4A527854D014DCBEF1600F91
:1025700022D009DCBEF1380F05D0BEF1390F02D0F0
:10258000BEF13A0F73D188E0BEF1610F14D0BEF1F5
:10259000700F6CD113E0BEF1750F73D006DCBEF185
:1025A000720F39D0BEF1730F61D147E0BEF17D0FDC
:1025B0005CD0BEF1860F5AD10220BDE8F0819A703E
:1025C000012A32D032B1242A15D0FF2A13D0252A6D
:1025D00032D054E0B9B27220FFF741FFAD48017824
:1025E00009294CD3AC494A7B012A48D1AB4A146033
:1025F00004704C7343E0B1B27220FFF730FF022247
:10260000691CC620FEF710FC39E07220FFF727FF97
:1026100035E02CE0DA7032E09878012805D038B146
:10262000242807D0252807D029E01FFA8CF1ECE7F1
:10263000B9B2EAE7B1B2E8E789B2E6E7D8780128AB
:1026400001D078B11BE0874820229549103007F06F
:10265000A7F8844844229349303007F0A1F8814814
:10266000103000E0904881B27320CFE71A71C1B2F8
:102670007C48FFF7D5FC0121042005F062F9002019
:102680009BE7FFE71979894829B14FF0FF310180B5
:1026900081B27520BAE70480F1E7C1B271489A6847
:1026A000FFF7D7FD82490870012086E72DE9F05F2A
:1026B000724E724D894607464FF0030B4FF0010AE8
:1026C0000C362878A8460446072809D2DFE800F02F
:1026D000042327426C8A9C00012F02D0022F0CD0C9
:1026E0007DE04846FFF712FF022802D0012802D001
:1026F00075E0032473E0022471E06878012806D0B5
:1027000058481021103807F0CAF8FFF7C3FE5446A6
:1027100086F800A063E0022F5FD0002447E0022F7C
:102720001AD1634C4F48D8F808102278103807F0B7
:1027300037F886F800B02078B08098F800000424BC
:1027400088F8010088F8004035E0002488F801008E
:102750002C70B6E7022F02D0012FF6D03FE0FFF732
:1027600022FE01004FF0100411D0524A00201070D8
:10277000514A10603B481022103807F011F802202F
:102780003070384810387080B480052427E06878AD
:10279000062804D033481021103807F080F886F856
:1027A00000B0B48006241AE0022F08D00224C0B280
:1027B00088F801002C7031480C30BDE8F09F687833
:1027C00004280AD02749103901EB0900494610F8BE
:1027D000012C2448103807F05AF886F800A0A846C3
:1027E0002878E5E7022F05D0B9F1100F81D1FFF766
:1027F000EFFD7EE7FFF7ECFD98F80000032488F872
:10280000010088F800405CE7022F4FF003049DD0E0
:10281000CDE71A4900220A704A70254A521C8A6084
:10282000264901600F49103981801031C180102183
:102830000181234807F033B810B5044607F08AF841
:10284000084810222146103806F0AAFF18480C3814
:1028500007F0E6F816480C3806F018FABDE8104004
:1028600007F0D4B82451012060071000EC041000D8
:10287000E404100040051000061A0120480710006B
:102880000000FFDF58430120BC880120EE750120C5
:10289000FC5101203008100068381000F0071000CB
:1028A000B61C0120E21C012070860120803D012021
:1028B0006C3A1000FC071000F80710005D260100BC
:1028C000443A100070B5044D582128462C8806F073
:1028D000E6FF641C2C8070BDA45101203848002103
:1028E000016041607047384C0025DFF8D880C4E9AA
:1028F0000225C4E9008106460068206170686061B5
:10290000B068A061F068E06130692062706960625F
:10291000B069A062F069E0622C480F46006820634D
:102920002A4810380068606328480C380068A063A3
:10293000264808380068E0632448001D00682064C9
:102940002248343800686064204814380068C4E9BC
:10295000120505F046F92065C4E91565E5652566AB
:102960006566A566E56625676567C4E91E58F8B221
:102970000122A16A00F022FBFEE7C0B2012200F0B2
:102980001DFBFEE710B50446C0B2002200F016FBA6
:102990000F490868082803DA094A1454401C0860E3
:1029A00010BD012806D0022808D1002211461320AC
:1029B00000F004BB002211461220F9E77047000026
:1029C00070EF0120AF0550FA80EF012038ED00E0F4
:1029D0005C071000F848F94A0168914204D1F849AF
:1029E00002794A7000210160704770B586B04FF4DB
:1029F000D761F14806F075FF684605F0B3FFEE4C6D
:102A0000012500206570A080A0710220E07105F012
:102A10006EFC208105F067FC060205F064FC46EAC6
:102A20001020608140F25320208244F26070608266
:102A3000E4480068418AA182018AE182E249B1F852
:102A40004E2C2283B1F84C2C6283427D227791F880
:102A5000501C6177DD490968497CA17790F89F1087
:102A6000C1F3C101E1770199216200996162029984
:102A7000A162DDE9031241EA0221E1628169216379
:102A8000C1696163D2490968A1630268E263428E49
:102A9000A4F85020808EA4F85200102084F854002E
:102AA000222004F8550FCB48C4F8031024F82B0F4C
:102AB00001F07EFA04F81E0CC7482081C7486081E7
:102AC000C748A081C748E081C7482082C7486082C4
:102AD000C748A082C748E082C7482083C7486083B0
:102AE000C748A083C748E083C7482086C748608698
:102AF000C748A086C748E086C7482087C748608780
:102B0000C748A087C748E087C748A4F85000C7480F
:102B1000A4F85200C648A4F85400A949C548A4F82E
:102B200056008888401C8880A52204F8802D657096
:102B300060800D7006B070BD38B5A14C05469E4949
:102B4000A088401C82B20020A28003460090284644
:102B500002F06AFB257038BD70B505464FF4D761A9
:102B6000954806F0BEFE964C9349A088401C82B260
:102B7000A280284602F08EFB257070BD70B54FF420
:102B8000D7618D4806F0ADFE8E488B49AD4B00688D
:102B900090F8080700F001000870A7480088A1F825
:102BA0000100A6480088A1F80300A5480288A1F802
:102BB000052000201B6804E01C5C0D18401CEC7113
:102BC00040B29042F8DB70BD70B506469E487C4C22
:102BD000C57B2078B04204D04FF4D761764806F028
:102BE00080FE9A49A6700F2008607348012D02D11B
:102BF00040F28F120A6070494FF0100301F110018A
:102C0000A1604FF0580101716B494FF0220201F1B0
:102C10006801E1604371827101F588652561C371C6
:102C200001F58C656561027207D101F2A445A561C9
:102C3000437301F2C441E161827370BD70B5054612
:102C40005F4CC00704D058226249A06806F0A8FD76
:102C5000A8070CD5A078302843D0312843D032289B
:102C600043D05F494FF48862E06806F099FD680739
:102C70000BD5A07830283AD031283AD032283AD033
:102C800073492022206906F08BFD28070BD5A07818
:102C9000302832D0312832D0322832D06D49442207
:102CA000606906F07DFD28060BD5A07830282AD073
:102CB00031282AD032282AD067492022A06906F07C
:102CC0006FFDE8052BD5A078302822D0312822D0FE
:102CD000322822D05F49E069BDE87040442206F006
:102CE0005FBD3D49BEE73D49BCE73E49BAE73E49C5
:102CF000C7E73E49C5E73F49C3E73F49CFE73F49FB
:102D0000CDE74049CBE73849D7E73849D5E73949D6
:102D1000D3E73949DFE73949DDE73A49DBE770BDF9
:102D2000254AA5201070264881785170017081884D
:102D3000491C8180518070472149002008707047EC
:102D400010B500F09CFB4549022008604106BDE833
:102D500010400020FEF752B810B54FF4D761164866
:102D600006F0BFFD194880220168BDE810401248F6
:102D700001F5A87106F014BD10B54FF4D7610E48E7
:102D800006F0AFFD114810220168BDE810400A4866
:102D900001F5E97106F004BD10B54FF4D76106489E
:102DA00006F09FFD094866220168BDE81040024810
:102DB00001F5F27106F0F4BC000001204B435546CA
:102DC00000081000600710009077012064071000D1
:102DD000F0FF0100A4510120BC880120803D0120AA
:102DE00058430120346F0120F8860120461C012041
:102DF000B61C01200C75012024870120721C0120C3
:102E0000E21C01203875012000860120FC190120F8
:102E1000D41B01207E75012038850120FE19012078
:102E2000001A0120AA7501206C8401207419012068
:102E3000B8190120301901202207100024071000C2
:102E4000260710003007100068381000A80710008F
:102E5000261D0120521D0120121A012028081000F1
:102E600010B54FF4D761074806F03BFD06484FF414
:102E700088620168BDE81040024801F2522106F064
:102E80008FBC00000000012064071000394B10B512
:102E90001C6804F5E9731844831804F2E114A34292
:102EA00004D3231A5A1CD2B2002B01D406F078FCAA
:102EB000002010BDF0B52F492F4A0968138801F58D
:102EC000F37583B1538873B191F8E4610023C82E80
:102ED00003D891F8E561C82E03D981F8E43181F86F
:102EE000E531022801D90020F0BD0126012802D0D9
:102EF00002280DD018E091F8E441641CE4B281F896
:102F0000E441C82C01D981F8E46191F8E4410BE077
:102F100091F8E541641CE4B281F8E541C82C01D97F
:102F200081F8E56191F8E54191F8E46191F8E511E6
:102F300031440A26491E91FBF6F706FB1711C9B268
:102F400001EB810105EB410101F8010B01F8014B97
:102F50001068086050684860136053600120F0BD3D
:102F6000054B188019715A717047034B588099713D
:102F7000DA717047640710002008100010480068DC
:102F800090F89E00C00701D000F02AB800F080B988
:102F90001CB50446012301AA6946183001F09DFCC6
:102FA0000748006890F89E00C00704D0DDE90012D1
:102FB000204600F032F81CBD00F074B900F0AFB943
:102FC000600710007FB5A74A3CCA8DE83C008DF829
:102FD0000100CDF80210A4496846096888477FBD02
:102FE0001FB5A04B10330FCB8DE80F006846FFF7DD
:102FF000A7F91FBD88420ED9904201D3FF20704728
:10300000914208D0401AC0EB0020511AB0FBF1F0F9
:1030100010F0FF00F3D1012070472DE9FF41044675
:1030200000200090019002900390164694F89A2197
:103030009DF8000062F385008DF8000094F8792176
:10304000042A64D0092A66D00D2A64D020F0C0007A
:1030500010F180008DF800000A1410098DF80100AD
:103060009DF80300824D62F307100A098DF80220D3
:1030700061F303008DF803007C48B4F94A20B4F9E9
:103080004C700178286851B190F8BF10CB0706D07A
:10309000090979430A2391FBF3F111440AB2B0F80C
:1030A000A330B0F8A11090B21A46FFF7A3FF8DF835
:1030B00004002868B0F8A720B0F8A510B8B2FFF750
:1030C00099FF8DF8050094F856009DF8061060F3FE
:1030D00005018DF8061094F87B010F2800D300201D
:1030E000820862F387118DF806109DF8071060F3CF
:1030F00087118DF80710286890F89F0040070DD5BC
:1031000094F8A90160F345118DF807100AE020F04A
:10311000C00040309EE740F0C0009BE721F0200057
:103120008DF807005348417A61B1007E50B952488A
:103130000078400706D59DF80000324681092046F8
:10314000FEF74FFE4D480188FF20B0EB510F01D232
:10315000FF2100E049088DF808104949B1F9001035
:10316000B0EBE10F01DAFF2000E0C8108DF8090094
:10317000444841789DF80A0061F305108DF80A0073
:1031800041480078052801D0062804D1286890F825
:103190000807400705D53D49012008706846FFF73C
:1031A000CFF8BDE8FF811FB5002100910191029188
:1031B000039128B16A46435C5354491C0729FADB42
:1031C0006846FFF7BDF81FBD2DE9FF41DFF894C049
:1031D0000A9C0CF1300C9CE8E0108DE8E0108DF8B2
:1031E00001008DF80210110A8DF80310190A8DF8EC
:1031F00004208DF805108DF8063003280BD154B14A
:10320000200E8DF80800200C8DF809008DF80A407A
:10321000200A8DF80B006846FFF792F8C1E738B531
:103220000024214600B1103160F301010220009416
:10323000FFF7CAFF38BD38B542EA032293B28AB21B
:10324000049C014603200094FFF7BEFF38BD08B57B
:103250000022134600920A4601460120FFF7B4FF00
:1032600008BD00007C9F0100CC0710008007100003
:10327000600710006838100018071000760610006C
:10328000F4071000B8071000D0061000FC0710006B
:103290001FB5494B0FCB8DE80F00484968460968B8
:1032A00088471FBD7FB5464A136893F89E20940750
:1032B00010D516280ED2DFE800F00D0B180E180EF0
:1032C00018180D0D0D0D0D0D0D0D0D180D181818EC
:1032D00012060AD47FBD93F89F20D20705D0394A41
:1032E0001278052AF6D0062AF4D0334D2035052869
:1032F0003CCD8DE83C008DF80100CDF8021009D1DD
:1033000011F0110F06D0304881788DF80810007840
:103310008DF8090029496846096888477FBD7FB54F
:10332000254E303678CE8DE878008DF80100CDF846
:10333000021068460AB1254900E02049096888471B
:103340007FBD7FB51C4E403678CE8DE878007AB1CF
:103350009DF8003023F0F00343F0030340338DF871
:10336000003001238DF801301368029352680392F4
:103370008DF80100CDF802101049684609688847A9
:103380007FBD2DE9FF410C4E5036F0CE8DE8F000A8
:103390008DF80100ADF80420ADF802108DF806306C
:1033A0002BB19DF8000020F0F0008DF80000684679
:1033B000FEF7C6FFBDE8FF81BC9F0100CC071000EF
:1033C00060071000E4041000C6071000D0071000CA
:1033D0002DE9FF4104F000FA234D0024C4EBC401A1
:1033E00005EB810000F10C03027EC8CBCDE902722F
:1033F000CDE90036D0E9012355F82100002104F081
:1034000095FB18B121464320FFF7B7FA641C062C40
:10341000E4DB154D0024A83505EBC400002142680B
:1034200055F8340004F009FB18B121464420FFF799
:10343000A4FA641C072CEFDB0B4D002415F1E0050A
:10344000002155F8240004F05EFA18B12146452009
:10345000FFF793FA641C052CF2DBBDE8FF810146FF
:103460004620FFF78ABA00001CA001004FF411713A
:10347000484300F5802018307047012070474E49BE
:103480000860704708B5EDF725FA4FF480200090EA
:103490004A484B4901610121416169460620EDF727
:1034A00023FA08BD7CB54FF411714843434D00F534
:1034B0008021012418314FF41172284606F070F96A
:1034C00001AA6946284604F0BFFF012800D0002465
:1034D0003A4804F0CCFF012800D0002420467CBDEF
:1034E0002DE9F0410126002425463746E8B2FFF7D2
:1034F000D9FF012802D107FA05F004436D1C032D02
:10350000F4DBE00703D0A00701D5600700D4002654
:103510003046BDE8F0812DE9F84F0024294FDFF84F
:10352000A0804FF0910901264FF4117AE0B200EB30
:10353000001101EBC010214D07EB800000905146B7
:10354000284606F0ACF906FA04F0C5F81080A86128
:1035500069464846EDF7C8F9641C032CE6DBBDE874
:10356000F84FBDE77CB5154D0124A104182228466B
:1035700006F016F901AA6946284604F065FF0128FD
:1035800009D10098062806D10D492869884202D140
:103590006869012800D0002420467CBD0649012826
:1035A000096804D0022805D1C8B200F061B8C8B2D9
:1035B00000F00AB8704700002C0810007C42100090
:1035C00034AB9D7A180004002DE9F04385B0040067
:1035D0004BD0032C49D8022004F053FAFFF7C2FF66
:1035E00018B9FFF74FFFFFF796FFFFF779FF03F0DA
:1035F00062FF804603F061FF641EE7B205460E4697
:103600004FF09109364C3846FFF730FF04903846AA
:10361000FFF72CFF01464FF41172204606F0C0F868
:10362000304A0092002004F12401CDE901100390FA
:103630002A463346404601F07BFA2B4820610120A0
:1036400000FA07F1A1612949E16184F8200094F8AA
:103650002100FF2802D2401C84F8210004A948461A
:10366000EDF742F9022004F027FA05B0BDE8F08337
:103670002DE9F041044603F01EFF03F01EFF4FF456
:10368000D7611B4806F02DF9002C26D0032C24D836
:10369000022004F0F6F9FFF765FF012818D1144E57
:1036A000641E0F4D3746E0B2FFF7E0FE01464FF4CF
:1036B0001172284606F074F8E8693060286A706074
:1036C00007F122004FF4087205F1240106F068F8B2
:1036D000BDE8F041022004F0EFB9BDE8F081000040
:1036E0007C4210003C7B012034AB9D7A46545259F9
:1036F000000001202DE9FE4FC0210291002101911F
:1037000022210091FC49FB4C4FF000090968042874
:10371000B1F8A1A809D1032001901F200090C12079
:103720000290B1F8A3A84FF00209002004F0A9F913
:10373000022004F0A6F9032004F0A3F9F148EF4EAB
:10374000EF4F0568062005F25225ECF737FF4FF4DE
:103750008861384606F0A3F80022C9F1100B2CE06E
:103760004A4526DBDDE900305B1E20E005EB400C1E
:1037700035F81010BCF802C006EB4008A1EB0C0CA9
:1037800036F81010B8F80280A1EB0801ACEB01018B
:1037900009B227F8101000298C4601DACCF1000C90
:1037A000A44503DD002900DA49420CB2401C9842CE
:1037B000DCDB521C4435443644379345D0DC4FF4AF
:1037C0008862CF49D04805F0EBFF5445A1B201DD36
:1037D000002300E0012300220298FFF7D2FD03201E
:1037E00004F06AF9022004F067F9BDE8FE4F0020FA
:1037F00004F062B9F8B5DFF814E3BEF80860BEF86B
:103800000A70BE4259D20EF10C043EB9B94A228068
:10381000A280FF22A270E270A271E2715FF0010348
:10382000B4F900C031F91320150000D55542AC455C
:1038300004DA002A00DA52422280E3705B1C102B6B
:10384000EEDB0122B4F9043030F91210002901DB5B
:103850000D4600E04D42AB4204DA002900DA49424D
:10386000A180A271521C222AECDB761CB0B2AEF809
:103870000800B84221D10025A548AEF80850AEF89E
:103880000A500560009594F90230E278B4F900100E
:103890000520FFF7D0FC009594F90630E279B4F9E1
:1038A00004100620FFF7C7FC009594F90630E27972
:1038B000B4F904100620FFF7BEFCF8BD10B5954C16
:1038C00024F8201004EB80008270C37010BD2DE935
:1038D000F34F914889B01CC88DE81C000DC803AC9B
:1038E00084E80D00894A0023D6889088864224D235
:1038F0008A481578A0F10E0400F5A37C904616B115
:10390000082913D02FE0072902D0082905D02AE082
:1039100000222280A8F8022025E000222280658073
:10392000B8F8026016B91426A8F80260B8F9026067
:10393000012E05DD761EA8F802600BB0BDE8F08F01
:10394000B8F806206D1E2A430DD11546C2EBC207FA
:1039500000EB4706B580758020F817504CF82250D0
:10396000521C092AF2D3644A00270DF10C0E12688A
:1039700002F69509654AD58806951278CDF81C207F
:103980001DF807205FF0000602EB02124FEA420B1F
:103990001EF80650099A5D44082932F9152019F8D5
:1039A000035005D1DDF81C80A8F10108A84519D104
:1039B000C5EBC50A30F91A80904501DA20F81A20C3
:1039C00000EB4A0ABAF90280904501DDAAF802200C
:1039D000DDF81880B8F1000F19D05CF8258042445A
:1039E0004CF825205B1C761C9BB2032ED0D37F1C89
:1039F000032FC5D3454AD3885B1C9BB2D3809588DF
:103A0000AB429AD3072907D0082921D05DE04CF8B2
:103A10002520AAF80220E5E75FF00003C3EBC30509
:103A200030F91520002A00DA524200EB450612B2A6
:103A3000B6F90250002D00DA6D422DB2AA4200DC28
:103A40002A465B1CF280092BE8D3012020803CE051
:103A500017780023B7F1010719F80360BE4202D0BE
:103A60005B1C092BF8D35CF82630C6EBC60693FB2B
:103A7000F5F31DB200EB46039D8030F91600401BA4
:103A800000D54042B3F9026000B2AE1B00D57642C9
:103A900036B2B04200DC304600EBD076188105EB40
:103AA000660696FBF0F05881B3F9060000EBD0767D
:103AB00005EB660595FBF0F09881022020801078D8
:103AC00060809888A080002050800120FFF774FA61
:103AD00033E72DE9FE4F114F47F6FF710E3FCB4301
:103AE000CDE901310E4E0F4D8B469A460C46994654
:103AF000064A19E00080FFFF60071000346F0120C4
:103B0000BC88012064071000803D012030081000AF
:103B1000F0071000286F100018A101000A520120C0
:103B2000D4570120AC5D0120B2F806C092889445BC
:103B30003FD2DFF814E3BCF1000F0BD140F21F229B
:103B40004FF0000C27F8121026F8123045F822C06A
:103B5000521EF7D2BEF80420BEF806E040F21F2144
:103B6000A2F1010837F911C030F911309C4501DD8F
:103B700027F8113036F911C030F911309C4501DABF
:103B800026F8113055F8213030F911C0C64563448C
:103B900045F821300BD193FBF2F3DFF8B0C22CF8DB
:103BA000113055F8213093FBF2F345F82130491ECE
:103BB000D8D2A548C188491C89B2C1808288914267
:103BC0007DD10021C1808180A14840F21F2C01607D
:103BD00022209CFBF0F1C9B200919CFBF0F100FBAC
:103BE00011C000F0FF0837F91C000299884206DA7C
:103BF0000290014642460020009BFFF75FFE37F926
:103C00001C000199884206DD0190014642460120D0
:103C1000009BFFF753FE36F91C00584506DA834631
:103C2000014642460220009BFFF748FE36F91C0081
:103C3000504506DD8246014642460320009BFFF7C1
:103C40003DFE35F82C0001B2A14205DA0C46424691
:103C50000420009BFFF732FE35F82C0001B24945E5
:103C600005DD894642460520009BFFF727FEBCF193
:103C7000010CADD2774CA089E17B000440EA012021
:103C8000A17B0843009094F90A30E27AB4F9081055
:103C90000120FFF7D0FAA088E179000440EA012072
:103CA000A1790843009094F90230E278B4F9001049
:103CB0000220FFF7C0FAA08AE17D000400E00CE0DA
:103CC00040EA0120A17D0843009094F91230E27C83
:103CD000B4F910100320FFF7AEFABDE8FE8F2DE90E
:103CE000FC415D4901244FF47055D1E90001CDE953
:103CF0000001FEF70FFB594B00206A46002104E04B
:103D000052F8206043F82160491CA942F8DB0021E9
:103D10000DE000BF53F8216052F82070BE4205D07C
:103D20000024FEF76FFBFEF7FEFA12E0491CA942E1
:103D3000F0DB401C0228E1DBFEF764FBFEF7F3FA40
:103D40003CB1002123460022D020FFF71AFBBDE83A
:103D5000FC810121F6E72DE9F14F3F4898B0203072
:103D60000FAC0EC884E80E0007C80CAB002483E833
:103D700007003B483B4A1221006800F69500069078
:103D800007A805F084FD00250FA80022415DA1F1E0
:103D9000010A491C0CA80AF0FF03805CA0F101098C
:103DA000401C1FE003EB03164FEA460B09F0FF0629
:103DB00014E000BF189F0BEB060C37F91CE0069FC0
:103DC0003F5D092F08D20DF11C0C3CF91780F0451E
:103DD00002DAE04628F817E0761CF6B28642E9D906
:103DE0005B1CDBB28B42DDD9641C521CD2B2E4B244
:103DF000032ACFD36D1CEDB2032DC5D3122207A920
:103E0000194805F0CDFC19B098E50346104830B4C8
:103E100000680C4601280BD002280CD005280ED0D3
:103E2000072801D008280DD1C1B230BC18464EE594
:103E300030BC18464DE6204630BC1146DAE430BCB2
:103E4000184688E730BC7047300810005C690120D4
:103E5000F0071000286F100010A1010000000120E1
:103E6000600710000080FFFFEE75012070B50D4661
:103E7000044600F0E9F96807000E002C06DA04F0A9
:103E80000F0101F1E02181F8140D03E004F1E021BC
:103E900081F8000404F01F010120884061098900B5
:103EA00001F1E021C1F8000170BD2DE9F041642766
:103EB00007260025DFF8F883FE4804F0FFFCFD48E4
:103EC000FD4C0368D91C27D04268D11C24D08168DE
:103ED00011F1030F20D0006910F1030F1CD0B3F1D2
:103EE000FF3F21D013F1020F1ED0B2F1FF3F1BD0D4
:103EF00012F1020F18D0B1F1FF3F15D011F1020FEE
:103F000012D0B0F1FF3F0FD010F1020F0CD0DFB292
:103F1000D6B2CDB2804619E0206890F82C005A281D
:103F20000BD00021242006E0206890F82C005A28AD
:103F300003D000212520FEF725FD206890F82C10E5
:103F40005A2903D110F82D7F072546782A46314695
:103F5000384604F0F1F9404604F0FAF9D74804F085
:103F600083FC03281CD0012801D0022816D1206828
:103F700090F8E0075A2803D000212A20FEF702FD1E
:103F8000206890F8E0175A2908D1CC4902220A602B
:103F9000D0F8E1274A60D0F8E5078860BDE8F081F5
:103FA000206890F8E0075A28EAD000212920E5E7A8
:103FB000C34800787047F8B50D46064600246A46A7
:103FC00004F042FA012801D001240BE028683146B0
:103FD0008200BC4805F029FCBA4804F048FA0128E0
:103FE00000D002242046F8BDF8B5B64DB64F1035C6
:103FF00040F65441B54805F074FC69463846FFF771
:10400000DAFF012805D0022806D0E87801280AD175
:1040100005E00021A02029E00021A12026E0A878C9
:1040200008B9288810B10021A2201FE0A748E9881C
:104030000024A0F84C1CA988A0F84E1C297A80F80E
:10404000501C0098694607EB80073846FFF7B3FF1E
:1040500078B1012804D000215FF0A600FEF792FCA1
:10406000E00728D0A00728D41121A720FEF78AFC5A
:10407000F8BD6E782946304601F0B0F860B1102ED8
:104080000DD0112E0ED0122E0FD0132E10D0182EB0
:10409000D7D144F04004D4E73146A820DEE744F00D
:1040A0000104CEE744F00204CBE744F00804C8E77B
:1040B00044F01004C5E71021D7E720070BD484484B
:1040C000006890F87C12C90703D190F8AC02C007D1
:1040D00001D01221C9E7E006CAD41321C5E738B5DB
:1040E00003F01CF903F098FD002301221946052076
:1040F00005F0B6F900231A460121062005F0B0F9B3
:1041000003210120FFF7B2FE04210720FFF7AEFED6
:1041100004210820FFF7AAFE6D4C206890F8B0102B
:10412000CA0701D189062ED50021009190F8C5005B
:104130000B46C0F30210012204F0A1FC206800210C
:1041400090F8C500C0F3021004F0C1FC6148009073
:1041500020680023012290F8C5001946C0F3021020
:1041600004F001FD20680122002190F8C500C0F391
:10417000021004F0E2FC0B2000F05BF8BDE83840D0
:104180000B2000F061B838BDFFF777B91CB5ECF72C
:1041900035F9002460B200F04CF8641C1F2CF9DBE8
:1041A000ECF72AF904F076F8FEF714FC04F040FC72
:1041B00007210A20FFF75AFE07210B20FFF756FEC2
:1041C000454C01AA6946204604F03EF9012802D078
:1041D0000021202012E00098A0F540716739F7D146
:1041E00021463B4C40F69C52206805F0D9FA2068E5
:1041F00004F03DF9012803D000212120FEF7BDFB8A
:1042000004F0DBF835490128087001D100F027F8E7
:10421000FEF764FB00F082F8FFF747FE04F084F835
:10422000FFF7E2FEFFF729F900F09EF8BDE81C4019
:1042300055E700F01F02012191404009800000F184
:10424000E020C0F88011704700F01F02012191406A
:104250004009800000F1E020C0F88012704700B5EE
:104260008DB0FEF741F8FDF7D5FE04A8FEF7D1FAB0
:1042700007A8FEF7DDF804A8009007A802900AA896
:104280000390684604F09EFD02210020FFF7EEFD3A
:1042900005F0C2FB0078C00701D1FEF744F81149D0
:1042A0000F4808601149104808601148114923E07F
:1042B0000090D003406F1000640710004873100096
:1042C000440810007C421000F0DF010090770120CC
:1042D00060071000E5430000F0EF0100EC0710005C
:1042E000F1220100CC071000E9270100D0071000DF
:1042F000B5230100D4071000086045494348086011
:10430000454944480860464944480860464945488C
:1043100008604749454808600DB000BD7CB5454E72
:1043200001AA6946304604F08FF8434C4FF400650B
:10433000012802D0002122200FE00098B0F5007F74
:10434000F8D12A463146206805F02AFA206804F0A0
:104350008EF8012807D000212320FEF713FB294601
:10436000206805F09CFA7CBD10B504F0DFFD3349F0
:104370000020034608700122014605F071F8002371
:1043800001221946104605F06BF800231A46012158
:10439000022005F065F800231A460121032005F0EC
:1043A0005FF800231A460121042005F059F822483D
:1043B0000068017CA52908D04FF4FA4005F03AF8CE
:1043C00000212820FEF7DEFA02E0406905F032F80D
:1043D00004210220FFF74AFD04210320FFF746FDD8
:1043E00004210846FFF742FD04210520FFF73EFDAA
:1043F00004210620FFF73AFD01210920FFF736FDD1
:104400000421BDE810400F2030E500000920010024
:10441000D80710003D200100DC071000D722010062
:10442000E0071000C5220100E40710002D2F010055
:10443000E8071000F0CF01006407100044081000E6
:10444000884200D30846904200D310467047884205
:1044500000D80846904200D810467047884200D3E2
:1044600008467047884200D808467047884200DBFB
:1044700008467047024600204FF0804100E089085E
:104480009142FCD807E04318934202D8D21A00EBBD
:104490004100400889080029F5D1824200D9401C1A
:1044A000704710B55A43029C06E000BF50F8223016
:1044B00093FBF4F341F82230521EF7D210BD10B531
:1044C0005A43029C05E000BF50F82230634341F894
:1044D0002230521EF8D210BD30B5039C634306E073
:1044E00050F8234051F823502C4442F823405B1EDF
:1044F000F6D230BD30B5039C634306E050F823404C
:1045000051F82350641B42F823405B1EF6D230BDA5
:104510002DE9F04F8346DDE90906DDF834E08A46EF
:10452000824226D1002022E000FB02F10BEB810940
:104530000B9D00FB0EF1002405EB810514E000212A
:104540000FE000BF01FB06F803EB880859F821C013
:1045500055F8247058F82480491C0CFB087745F85E
:1045600024709142EEDB641CB442E8DB401C5045F1
:10457000DADBBDE8F08F10B500231C4642B10278AB
:10458000521CD2B202708A4203D90470012300E0A7
:104590000470184610BD30B50024012305E00C441A
:1045A000E41C04F00305641B5B1C9342F7DD00EB85
:1045B000440030BDF0B5851ADDE905471E1B754383
:1045C0008E1A012F02D0904206DD0BE0904201DCF2
:1045D0001846F0BD884201DB2046F0BD95FBF6F0A1
:1045E000181AF0BD8842F3DA95FBF6F02044F0BDCE
:1045F00030B5521ADDE90354ED1A654395FBF2F22A
:10460000514391FBF4F1591A424392FBF4F00844F0
:1046100030BD70B50DE0054646190C4641EB01036F
:104620000643234349084FEA300040EA060041EAC6
:104630000301521EEFD270BD2DE9F047164600244B
:1046400089460746921E254690460120214605F0E0
:104650003EF80EB1761E29E000200146BDE8F08745
:1046600007EB460337F816C05A8833F8023CACEB28
:10467000020212B2ACEB03031BB2002A00DA524270
:1046800012B2002B00DA5B421BB2012E07D0464566
:1046900002D14B4505DB06E09A4200DC1A464A454A
:1046A00001DA04430D4349084FEA3000761ED7D1A2
:1046B00020462946D2E72DE9F047002592460F46CD
:1046C00080461C462E465A1E01202946DDF82090C1
:1046D00004F0FDFF8CB900200146BFE738F8143024
:1046E000A3EB090212B2BA4204DA5244002A01DDF5
:1046F00005430E4349084FEA3000641EEED22846B7
:104700003146ABE72DE9F047994616461EE0021800
:1047100000F001052A4341EB010707EA01050346C2
:104720004F0802EA03084FEA3004A9F101024FF0F2
:1047300001004FF0000104F0CAFF00EA0800044342
:1047400029400F4304EA080007EA0501761EDED27D
:1047500084E7F0B54FEA410C3223244C06E000BF59
:1047600004EBC3074FF0FF35C7E900555B1EF7D2D6
:10477000002309E000EBC306CF18D6E9005604EB8E
:10478000C7075B1CC7E900569342F3DB002514E022
:104790004FF0FF310B46002608E0AF1904EBC70EBF
:1047A000DEE9007E39400EEA0303761C6645F4DD3F
:1047B00000EBC5066D1CC6E900139542E8DBF0BDB1
:1047C0000B4A126892F8263183420DDC92F82731A9
:1047D000834209DB92F82801884205DC92F829011E
:1047E000884201DB012070470020704700760120DD
:1047F00060071000884201DD084670470028FCDA97
:104800000020704710B504E000EB820353F8044C1D
:104810001C60521EF8D10968016010BD10B503E09C
:1048200000EB82030C681C60521EF9D210BD30B53B
:1048300006E000BF00EBC20373E90245C3E902458D
:10484000521EF7D1D1E90021C0E9002130BD10B5D9
:1048500053884C881B1B438012880988511A018099
:1048600010BD08B50A4601466846FFF7F0FFBDF9DE
:104870000010BDF90200494300FB001008BD10B54F
:104880008842029C01DC204610BD904201DB1846A4
:1048900010BD8A4200D1521C401AE31A5843511AE3
:1048A00090FBF1F0201A10BD10B5002A03D0431A76
:1048B000934201DD881810BD5442A342FBDA881AE6
:1048C00010BD914201D100B270475043B0FBF1F0EE
:1048D00000B29042F7D91046F5E72DE9F04198462D
:1048E00014460B0002467DD05F4D2868B0F832C0F8
:1048F000878EB2F902000FFA8CF1FFF77BFF588028
:10490000B2F9000039B2FFF775FF584E1880707A7F
:1049100020B11CB15888608018882080286890F8E1
:104920003600400708D55888ACEB000000B258802C
:10493000717A09B104B16080286890F83600800768
:1049400007D51888381A00B21880717A09B104B1F5
:104950002080286890F83610090732D5B8F1010F89
:104960002FD1B0F83720B3F902006146FFF7A9FF55
:10497000588028683946B0F83920B3F90000FFF7AD
:10498000A0FF1880707AE0B1DCB1286890F80817B1
:10499000090716D5418E90F83F00B1FBF0F2B4F94B
:1049A00002006146FFF78DFF60802868818E90F8D5
:1049B0003F00B1FBF0F2B4F900003946FFF781FF88
:1049C0002080286890F83600C0070AD058881988D7
:1049D00059801880707A20B11CB16088218861806C
:1049E000208000E011E02868B3F90210B0F8370029
:1049F000814201DB401E58802868B3F90010B0F8EE
:104A00003900814201DB401E1880BDE8F08110B5FD
:104A1000884201DC002010BD904201DBFF2010BD68
:104A2000521A401AFF2180FB0101D31704F075FED2
:104A3000C0B210BD0C4910B50A6832F8321F537B62
:104A40005488B1FBF3F1B4FBF3F309B2127961F3CB
:104A50001F401BB263F30F00D20703D063F31F4064
:104A600061F30F0010BD00006007100068381000EF
:104A700031B516240098012202FA04F1014201D155
:104A8000641EF9D50421684603F0CCFCC00701D0B0
:104A9000072000E00320641C0099A040084338BDB3
:104AA00010B5FE4C502817D00ADCA0F110000928E0
:104AB0000ED2DFE800F0112424240D0D0D0D2A0084
:104AC00051281CD052281AD0532818D056281CD050
:104AD0000020014620601DE002F0EDFC206002F0A5
:104AE000ECFCC4E90401EE48006890F8E70010F01F
:104AF000600F11D02068FFF7BBFF20600CE002F0D0
:104B0000DAFC206002F0D9FC04E002F0D8FC20605E
:104B100002F0D7FCC4E904010421E04803F082FC60
:104B20006060DE480821103003F07CFCA06010BDFE
:104B30002DE9FF5F0421DDE90FAB684603F072FC4D
:104B40008146082102A803F06DFC07460024204698
:104B500035E00120009900FA08F008422DD0002528
:104B60002E4627E032460120002104F0B0FDDDE9A9
:104B700002231040194008431BD0119860B104FB78
:104B800007F00AEB05014156324601EB0B032146C3
:104B90000E9803F0C6F80BE0324621460E9803F05B
:104BA000B5F804FB07F10AEB0502A0EB0B008854F3
:104BB0006D1C761CBD42D5DB641C08F101008046EB
:104BC0004C45C6DBBDE8FF9F2DE9FF5F84B00421A3
:104BD000DDE912AB04A803F025FC8146082106A8F4
:104BE00003F020FC074600250AF1400002901C302B
:104BF000019040382C46A8462E46009031E0012016
:104C0000049900FA08F0084227D0169890B11BF8D2
:104C1000051014980844C2B24146029803F0E8F81F
:104C200005EB0900C1191BF901204146504603F06C
:104C3000B7F810E04146029803F0D8F81499401AEA
:104C40000BF805004146504603F0A3F805EB0901B7
:104C5000CA190BF802006D1CEDB208F1010000F05A
:104C6000FF084D45CBDB38E032460120002104F03F
:104C70002EFDDDE906231040194008432BD016987D
:104C8000A0B104EB090115981BF801100844C2B249
:104C90003146019803F0ACF804EB4900C1191BF947
:104CA00001203146009803F07BF812E0314601986C
:104CB00003F09CF8159904EB0902401A0BF8020066
:104CC0003146009803F065F804EB4901CA190BF866
:104CD0000200641CE4B2761CF6B2BC42C4DB08B02D
:104CE000BDE8F09F2DE9FF5F0421DDE90EBA6846BB
:104CF00003F098FB8146082102A803F093FB0746C6
:104D00000024204624E00120009900FA08F008421F
:104D10001CD000252E4616E032460120002104F06A
:104D2000D6FCDDE902231040194008430AD0324680
:104D30002146584602F0EAFF04FB075280002AF899
:104D400012006D1C761CBD42E6DB641C08F10100FC
:104D500080464C45D7DB35E72DE9FF5F0421DDE9CF
:104D60000E9B684603F05EFB8246082102A803F012
:104D700059FB002580462C462F462E4636E0012062
:104D80000099B84008422FD0394609F1400003F09D
:104D90002DF8434999F88230096891F841C191F89A
:104DA00040110CF00F02521C5343012202EB1C1C59
:104DB00000FB0C3399F8800002EB111100FB01306D
:104DC000109919B94FF6FF7101EA80002BF8150010
:104DD0003946484602F0DDFF05EB0A0280004244F6
:104DE0006D1C2BF81200EDB27F1CFFB25545C6DBDF
:104DF0003FE032460120002104F069FCDDE9022396
:104E000010401940084332D0314609F15C0002F0ED
:104E1000EDFF234999F88350096891F8432191F8EF
:104E2000421102F00F035B1C5D43012303EB1212DE
:104E300000FB025299F8810003EB111100FB0120E5
:104E4000109919B94FF6FF7101EA800004EB0A02CC
:104E500031462BF8120009F11C0002F09AFF04EB16
:104E60004A0280004244641C2BF81200E4B2761C13
:104E7000F6B24445BDDBA5E62DE9FF5F0421DDE97F
:104E80000EB7684603F0CEFA0646082102A803F0E2
:104E9000C9FA00250446A846AA4603E048081000BF
:104EA0006007100030194100A946384604F0F7FCAD
:104EB0003AE00121009801FA0AF1014230D051464E
:104EC0000BF1400002F092FF0146FC489BF882C0C3
:104ED000026892F84B3D92F84A2D03F00F00401CF7
:104EE0000CFB00FC012000EB131301FB03C39BF838
:104EF000801000EB121001FB0030109919B94FF629
:104F0000FF7101EA800027F815005146584602F06B
:104F100040FFA919800021446D1C27F81100EDB253
:104F20000AF1010000F0FF0AB542C2DB3AE04A464E
:104F30000120002104F0CBFBDDE9022310401940E1
:104F400008432BD049460BF15C0002F04FFF0246AC
:104F5000DA489BF88350036893F84D0D93F84C3D65
:104F600000F00F01491C4D43012101EB101002FB21
:104F700000529BF8810001EB131100FB01201099F6
:104F800019B94FF6FF7101EA800008EB4601214490
:104F900027F8110008F1010000F0FF0809F10100F5
:104FA00000F0FF09A045C2DB012C13DDC34904EB6F
:104FB0004600096891F836104A074FF064010AD498
:104FC000204407EB40005A2330F8042D5A43B2FB2B
:104FD000F1F14180F6E507EB40025A2352885A432B
:104FE000B2FBF1F127F81010ECE52DE9F04389460A
:104FF000002787B0904604463E46F02104F04FFC5F
:10500000AF4DB8F1010F28792071287A6071AD4851
:1050100090F86E18A17190F86F18E17190F87018FF
:10502000A17290F87118E17290F86C18217390F8E1
:105030006D08607308D1A4480068817FA52903D159
:1050400090F91F7090F920609C480021006890F84A
:105050003401CDE9027600F00100CDE9041004F13D
:1050600010009A49CDE90010D5E904232868FFF71C
:10507000ABFDA520207012206070A4F80290D5E945
:1050800001010844132101EB4000800807B0BDE88E
:10509000F0832DE9F0438946002787B09046044607
:1050A0003E46F02104F0FBFB854DB8F1010F287955
:1050B0002071287A6071834890F8F618A17190F8F1
:1050C000F718E17190F8F818A17290F8F918E172E8
:1050D00090F8F418217390F8F508607309D17A48B4
:1050E000006890F82110A52903D110F9227F90F9CA
:1050F000016072480021006890F8AC06CDE90276A4
:1051000000F00100CDE90410704904F1100088316D
:10511000CDE90010D5E904232868FFF755FDA52047
:10512000207013206070A4F80290D5E90112114498
:1051300000EB41008008A9E72DE9F04389460027EC
:1051400087B0904604463E46F02104F0A8FB5C4D33
:10515000B8F1010F28792071287A6071594890F8C8
:10516000061AA17190F8071AE17190F8081AA17255
:1051700090F8091AE17290F8041A217390F8050A60
:10518000607308D150480068817FA52903D110F9C8
:105190002A7F90F9016049480021006890F83E0D8F
:1051A000CDE9027600F00100CDE9041004F1100011
:1051B0004749CDE90010D5E904232868FFF704FD2D
:1051C000A520207018206070A4F80290D5E9010194
:1051D0000844132101EB4000800857E770B50E46E4
:1051E00005460024FFF75CFC103D092D0ED2DFE8D8
:1051F00005F005090F130D0D0D0D1700304600F0D9
:10520000B5F802E0304600F0D7F80446204670BDFD
:10521000304600F0F9F8F8E7304600F037F9F4E7E7
:10522000304600F076F9F0E72DE9F0411E461746CA
:10523000884605460024FFF733FCA5F11000092835
:1052400012D2DFE800F0050B141B1111111121001F
:1052500032463946404600F09DF904E03246394670
:10526000404600F0CBF904462046BDE8F0812B46CD
:10527000324639464046FFF7B8FEF4E73246394633
:105280004046FFF706FFEEE7324639464046FFF755
:1052900053FFE8E72DE9FF41174606460D46FFF7A5
:1052A000FFFB0748A6F1500205F1100401792971AE
:1052B000017A69710149072A52D20BE06007100098
:1052C0004808100090770120640710007C7F0120BF
:1052D00014810120DFE802F004060F1C4444310071
:1052E000E14900E0E149CDE90014D0E90423006878
:1052F000FFF7F8FC34E00968DD4B91F8342191F8B0
:10530000401102F0010201F00101CDE902120CE0AE
:105310000968D74B91F8AC2691F8B81602F0010253
:1053200001F00101CDE902128833CDE90034D0E962
:1053300004230068FFF710FD12E00968CD4B91F8D7
:105340003E2D91F84A1D02F0010201F00101CDE964
:105350000212CDE90034D0E904230068FFF78CFD88
:10536000A52028706E706F80BDE8FF817FB5C249AF
:1053700002794B689A4203D142798B689A4202D0F3
:10538000002004B070BDB84B8479002283F8A84394
:10539000BA4C2468A57EA52D01D194F91B2001AD3E
:1053A00001241030009385E81500D1E90423086832
:1053B000FFF7BEFB0120E4E71FB5AF4902794B6858
:1053C0009A4203D142798B689A4202D0002004B0FD
:1053D00010BDA54C8379002284F85437A74B1B6875
:1053E0001C7FA52C01D193F91D20A04B0DF1040CBD
:1053F0000124103000938CE81500D1E904230868DB
:10540000FFF796FB0120E2E730B59B49027987B0B0
:105410004B689A4203D142798B689A4202D00020AD
:1054200007B030BD904A8579002482F86E58C5795E
:1054300082F86F58857A82F87058C57A82F8715868
:10544000057B82F86C58457B82F86D588B4A234661
:105450001268957FA52D03D192F91F4092F9203053
:10546000874A01251030126892F83421CDE90243B1
:1054700002F00102CDE904527D4ACDE90020D1E9D4
:1054800004230868FFF7A0FB0120C9E730B57A497B
:10549000027987B04B689A4203D142798B689A426D
:1054A00001D00020BCE7704A8579002482F8F658C4
:1054B000C57982F8F758857A82F8F858C57A82F863
:1054C000F958057B82F8F458457B82F8F5586B4A09
:1054D0002346126892F82150A52D03D112F9224FCC
:1054E00092F90130664A01251030126892F8AC2614
:1054F000CDE9024302F00102CDE904525C4A883250
:10550000CDE90020D1E904230868FFF75DFB012005
:1055100086E730B55849027987B04B689A4203D183
:1055200042798B689A4201D0002079E74E4A85790A
:10553000002482F8065AC57982F8075A857A82F8DB
:10554000085AC57A82F8095A057B82F8045A457BC5
:1055500082F8055A494A23461268957FA52D03D142
:1055600012F92A4F92F90130454A0125103012688C
:1055700092F83E2DCDE9024302F00102CDE904523A
:105580003C4ACDE90020D1E904230868FFF71CFB61
:10559000012045E72DE9FF410F4615460446002648
:1055A0004FF4507104F07BF93348012D01792171DA
:1055B000017A617106D1314909688A7EA52A01D133
:1055C00091F91B6028490023054691F8A823A27190
:1055D00004F1100203938DE846000068D5E9042326
:1055E000FFF7A6FAA5202070102060706780D5E92B
:1055F000010148431330800804B036E62DE9FF412D
:105600000F461546044600264FF4507104F047F942
:105610001948012D01792171017A617106D117496B
:1056200009680A7FA52A01D191F91D600E4900235E
:105630000E4A91F85417A17104F11001CDE900212F
:10564000CDE9026305460068D5E90423FFF770FA47
:10565000A5202070112060706780D5E901014843C2
:1056600013308008C8E70000907701203C7B0120C0
:105670007C7F01201481012048081000640710007D
:10568000600710002DE9F04F47F6FF77DDE909B517
:105690008146FE4301209A4684462C4615E000BF11
:1056A00032F8143031F81480A3EB08031BB2BB426C
:1056B00000DA1F46B34200DD1E46002B02DD4FF02C
:1056C000000C02E001DA4FF00000641EE8D220B1C5
:1056D000BCF1000F01D0002309E050EA0C0306D012
:1056E00020B9BCF1000F01D0334600E03B46002753
:1056F0003C462846CBF1000C0EE000BF32F81060AB
:1057000031F81080A6EB0806F61A36B2564503DAD1
:10571000664501DD3744641C401EEFD204B9012404
:1057200097FBF4F0184404E031F81520024429F8FE
:1057300015206D1EF8D2BDE8F08FF0B500230646A7
:105740001D4618460EE000BF36F91140002C01DB63
:10575000274600E06742974204DD002C01DD254426
:1057600000E02344491EEFD2002B00DA5B42AB423B
:1057700000DD0120F0BD30B507E000BF32F8134076
:1057800031F81350641B20F813405B1EF6D230BD75
:10579000F0B4049C1CB913B1C3F110040EE0F0BCCA
:1057A000520003F0FDBF00BF30F9125031F9126012
:1057B0005D4306FB04552D1120F81250521EF3D202
:1057C000F0BC7047F0B4049C1CB913B1C3F1800461
:1057D0000EE0F0BC520003F0E3BF00BF30F91250FE
:1057E00031F912605D4306FB0455ED1120F81250AB
:1057F000521EF3D2E4E70346002004E033F91120FF
:10580000824200DD1046491EF8D27047034647F633
:10581000FF7004E033F91120824200DA1046491E7D
:10582000F8D270470246B0F9000004E032F91130B6
:10583000834200DD1846491EF8D27047028804E012
:1058400030F81130934200D91A46491EF8D210B2EE
:1058500070470000F8B5050003D0BDE8F84001F03E
:105860000EBEF84C214660780979012819D002282B
:105870001ED020788DF80000684601F0D9FE21790D
:105880004A00F14901EB4001EF48883003F088FFFE
:10589000A078EE4E78B1EC482179883001F0C0FE56
:1058A0000BE00A46E84901F1880001F03BFEEFE712
:1058B0004A00E549E8E7E4488830F063E07886F894
:1058C00040002846C9E7E2490128096808D00228B3
:1058D0000BD0032809D091F80D0700F003007047A2
:1058E00091F80D07C0F38100704791F80F07800908
:1058F000704770B5044602F0A8F9D34802F0AAF93F
:10590000A4F84C0001F042FE0146CE480278204641
:1059100002F001FC01F03EFE02460B46204602F07A
:1059200026FCCB4D286890F8E4008108E07861F30C
:105930008200E070296891F8E410490861F34100A1
:10594000E070296891F8E41061F30000E0702868C5
:1059500090F8BC0660702868218CB0F8C22662F30B
:1059600008012184B0F8B426618A62F30B016182D8
:10597000B0F8B226618962F30B016181B0F8B0160C
:10598000208961F30B002081207820F00600207030
:10599000286890F8BE160A09217B62F30101217381
:1059A00090F8BE26920962F30511217390F8AA06B9
:1059B000617960F30001A748617190F8F61861758C
:1059C00090F8F718217690F8F818A17590F8F90872
:1059D0006076A14802F03EF9A4F856009E481C30BB
:1059E00002F038F9A4F85A002868217D90F8B92609
:1059F00062F30101217590F8BB36E27D63F3010289
:105A0000E27590F8B9361B0963F30511217590F81A
:105A1000BB16090961F30512E27590F8AE0601099B
:105A2000204602F060F98C48403802F013F9A4F8DF
:105A3000540089481A34243802F00CF9E0872868A9
:105A400090F8AC168A08217862F38301217090F8EF
:105A5000AC2662F30001217090F8AC26520862F384
:105A60004101217090F8AA16CA08617A62F34511C3
:105A7000617290F8AA26920962F30001617290F8AF
:105A8000AA26520962F34101617290F8BF06E178DB
:105A900060F30501E1700120FFF715FF617F60F3FE
:105AA000040161776D4802F0D5F8E086296834F882
:105AB000040FB1F8B62662F30B0024F8020911F8BE
:105AC000E32F207862F3000020700A78120962F355
:105AD000410004F8080B91F8C705C209207862F369
:105AE000000004F8130B207840F0200004F831097E
:105AF00091F8DD054209207862F30610207091F8D4
:105B0000C8054109A07A61F3C300A07270BD1CB53D
:105B100001F040FDCDE900010821684602F082FC59
:105B2000484908714E48FFF7E4FE1CBD30B5017AC4
:105B30009DB091B3684600F037F89DF80C0000F076
:105B4000030001F05BFD424D286800F6DD0200F61F
:105B5000120490F8CB18B0F8CC0802EB400001F02A
:105B60001EFD286890F8081890F8090804EB40001A
:105B700001F02CFD33484178012911D0022911D0C0
:105B800001210170C9B2684602F009FB3549684637
:105B900002F03AFB00201DB030BDFFE70120FAE71C
:105BA0000321EEE70921ECE770B50446254D0120FD
:105BB0000129A87007D00026022908D0032916D091
:105BC00004292ED129E0204600F037F829E02448A6
:105BD000FFF78FFE204600F030F80220FFF773FE3B
:105BE00094F8371060F3040184F8371018E01C486B
:105BF000FFF77FFE204600F020F80320FFF763FE4A
:105C000094F8371060F3040184F83710A07E20F078
:105C1000020040F00100A07602E0204600F00DF8FE
:105C2000AE70A07E40F30000401CE8700848006899
:105C300090F8AB068009687070BD6E22084903F0C9
:105C4000AFBD000060081000E4830120FC7210006A
:105C50006007100090770120448001209C81012082
:105C6000546F100005580100FD49C868401CC86009
:105C7000022803D2FB4951F820000047002001F020
:105C8000FEBB002801D102F0B0BA7047F44910B54C
:105C90000A790120521CD2B20A710B7A9A420AD8B0
:105CA000487A48B102F0FEF90320EAF7A9FBEE4872
:105CB00002F0ECF9002010BD02F097FAFAE770B597
:105CC00018B1BDE8704001F0DABBE54C207A08B1AC
:105CD000E64D01E0E54D2C3DE149607989780128E8
:105CE00028D002282CD0DE48401C01F09AFCA17874
:105CF0004A00DF4901EB4001284603F051FDDB4833
:105D00002379A27829462C3801F02CFCFFF7BEFF3E
:105D100000281ED0A079D74D012814D0D3482C38A4
:105D2000E862E07985F83600207985F83400BDE82E
:105D3000704099E70A46CE49284601F0F3FBDEE7BA
:105D40004A00CB49D8E7C948A1782C3801F067FC54
:105D5000E6E770BD70B518B1BDE8704001F08FBBCB
:105D6000BF4C207A08B1C14D01E0C14D8835BC4916
:105D70006079C97801282AD002282ED0B848401C62
:105D800001F056FCE1784A00B94901EB4001284690
:105D900003F006FDE07821794200B54E484388368D
:105DA00006EB4000294603F0FBFCFFF76FFF0028DD
:105DB0001DD0A079AF4D012812D02E63E07985F86F
:105DC0003600207985F83500BDE870404CE70A467A
:105DD000A749284601F0A6FBDCE74A00A449D6E71C
:105DE000A348E178883001F01BFC2863E6E770BD2A
:105DF000A1490128096891F8141706D0022807D094
:105E0000032805D001F003007047C1F381007047FB
:105E1000C1F30110704770B5044601F016FF9448B5
:105E200001F018FFA4F84C0001F0B0FB8C4E0146C5
:105E30002046727802F06FF901F043FB02460B46F0
:105E4000204602F094F98C4D286890F8E40081080F
:105E5000E07861F38200E070296891F8E410490865
:105E600061F34100E070296891F8E41061F30000EB
:105E7000E070286890F84E0D60702868218CB0F8AA
:105E8000542D62F308012184B0F8462D618A62F333
:105E90000B016182B0F8442D618962F30B016181CD
:105EA000B0F8422D218962F30B01218190F8502D29
:105EB000217B62F30101217390F8502D920862F367
:105EC0000511217390F83C1D607961F30000607149
:105ED0006A4890F8061A617590F8071A217690F8CA
:105EE000081AA17590F8090A6076654801F0B2FEBB
:105EF000A4F8560062481C3001F0ACFEA4F85A0029
:105F00002868217D90F84B2D62F30101217590F8EE
:105F10004D3DE27D63F30102E27590F84B3D1B09B4
:105F200063F30511217590F84D1D090961F3051200
:105F3000E27590F8400D0109204601F0D4FE50486A
:105F4000403801F087FEA4F854004D481A34243834
:105F500001F080FEE087286890F83E1D8A082178CD
:105F600062F38301217090F83E2D62F300012170ED
:105F700090F83E2D520862F34101217090F83C1DCB
:105F8000CA08617A62F34511617290F83C2D92095A
:105F900062F30001617290F83C2D520962F34101F5
:105FA000617290F8510DE17860F30501E170012014
:105FB000FFF71EFF617F60F30401314861774830CD
:105FC00001F048FEE086286834F8041FB0F8482D38
:105FD00062F30B0124F81E1910F8E32F217F62F3FE
:105FE000000121770278120962F34101217790F8CC
:105FF000591CCA0994F8241062F3000184F8241093
:1060000094F8371041F0200184F8371090F86F1C95
:106010004A09A17962F30611A17190F85A1C4A0944
:10602000217C62F3C301217490F85A0C80097071CD
:1060300070BD6E22134903F0B3BB2DE9F041084D4A
:10604000002601272E71AF712E720C466E72012848
:106050001AD0022841D0032829D004284DD153E07A
:106060006808100048A10100335C01002C86012063
:10607000B0840120FC7210006007100090770120AE
:1060800054810120C26F10007848FFF7C4FE2046FB
:10609000FFF7CFFF7648016891F8410D42062CD5F5
:1060A00091F8531D2972000627D56F7225E06F48BD
:1060B000FFF7B1FE2046FFF7BCFF0320FFF798FE75
:1060C00094F8371060F3040184F83710A07E20F0B4
:1060D000020040F00100A0760EE06448FFF79BFE4E
:1060E0002046FFF7A6FF0220FFF782FE94F8371044
:1060F00060F3040184F83710AE71A07E40F3000015
:10610000401CE871BDE8F0810846FFF792FFF3E715
:1061100070B5574D286800F6DD0200F6120490F8BD
:10612000D418B0F8D50802EB400001F038FA28681E
:1061300090F80E1890F80F0804EB4000BDE870408E
:1061400001F044BA70B54B4C484DA0786E3548B359
:106150006079012829D0022829D0002060702946C2
:106160002078FFF76AFF42480168287B91F8502D9C
:1061700062F30100287391F8501D890861F305103E
:1061800028736178284602F00AF8287B00F00300A3
:1061900001F034FAFFF7BCFF2846BDE870403649ED
:1061A00002F032B8BDE870405EE50220D6E7082074
:1061B000D4E770B52F4C2D4DE0786E3550B3607933
:1061C00001282AD002282AD0012060702946207890
:1061D000FFF733FF2648016891F8500D0209287B2C
:1061E00062F30100287391F8501D890961F30510CD
:1061F00028736178284601F0D2FF287B00F0030065
:1062000001F0FCF9FFF784FF2846BDE870401B4908
:1062100001F0FABFBDE8704026E50320D5E709206C
:10622000D3E73EB501F04BF9029001F04AF9CDE910
:106230000001042102A802F0F5F80E4C0821A0701C
:10624000684602F0EFF8E0700848FFF7E4FD3EBD55
:1062500010B5C07A40B1074908704FF0FF30C860F0
:10626000FFF702FD002010BD012010BDC26F10001D
:1062700060071000680810006F5C0100055D0100F8
:10628000002801D101F0B1BF7047FF4910B50A796C
:106290000120521CD2B20A710B7A9A420AD8487A6B
:1062A00048B101F0FFFE0320EAF7AAF8F74801F031
:1062B000EDFE002010BD01F098FFFAE770B518B1AF
:1062C000BDE8704001F0DBB8EF4C207A08B1F04D2A
:1062D00001E0EF4D703DEC496079897802282DD0BE
:1062E000E948401C01F09DF9A1784A00E849F839D5
:1062F00001EB4001284603F053FAE5482379A278E0
:106300002946703801F02EF9FFF7BFFF00281FD093
:10631000DF4923797039A278084601F013F9A07992
:10632000DC4D01280ED0DA487038E861E07985F854
:106330002600207985F824000020C1E74A00D449CE
:10634000F839D7E7D248A178703801F068F9ECE75E
:1063500070BD70B518B1BDE8704001F090B8CA4C7E
:10636000207A08B1CA4D01E0C94D443DC649607963
:10637000C97802282DD0C448401C01F059F9E178B1
:106380004A00C349F83901EB4001284603F008FAF6
:10639000BF482379E2782946443801F0E3F8FFF753
:1063A00074FF00281FD0BA4923794439E27808469F
:1063B00001F0C8F8A079B74D01280ED0B448443890
:1063C0002862E07985F82600207985F825000020EC
:1063D000C1E74A00AE49F839D7E7AD48E17844381B
:1063E00001F01EF9ECE770BDAB49062809680ED232
:1063F000DFE800F00D03030D080891F80C07C0F367
:106400008100704791F80F07C0F30110704791F8B1
:106410000C0700F00300704770B5044601F015FC4E
:106420009B48F83801F016FCA4F84C0001F0AEF8D7
:10643000954E01462046727801F06DFE01F0AAF8F3
:1064400002460B46204601F092FE934D286890F8D4
:10645000E4008108E07861F38200E070296891F837
:10646000E410490861F34100E070296891F8E410F4
:1064700061F30000E070286890F8440160702868BB
:10648000218CB0F84A2162F308012184B0F83C2144
:10649000618A62F30B016182B0F83A21618962F38B
:1064A0000B016181B0F83821218962F30B01218150
:1064B00090F84621217B62F30101217390F8462177
:1064C000920862F30511217390F83201617960F34B
:1064D00000017248617190F86E18617590F86F183C
:1064E000217690F87018A17590F8710860766C4864
:1064F00001F0B0FBA4F8560069481C3001F0AAFB7B
:10650000A4F85A002968227D91F8410160F3010244
:10651000227591F84331E07D63F30100E07591F855
:1065200041311B0963F30512227591F843211209C9
:1065300062F30510E07591F836010109204601F07B
:10654000D2FB5748403801F085FBA4F8540054486A
:106550001A34243801F07EFBE087286890F8341163
:106560008A08217862F38301217090F8342162F364
:106570000001217090F83421520862F3410121702A
:1065800090F83211CA08617A62F34511617290F88D
:106590003221920962F30001617290F832215209AE
:1065A00062F34101617290F84701E17860F30501FF
:1065B000E1703C4801F04EFBE086286834F8041F87
:1065C000B0F83E2162F30B0124F81E1910F8E32FF6
:1065D000217F62F30001217710F8472B120962F343
:1065E00041012177017ACA0994F8241062F300016D
:1065F00084F8241094F8371041F0200184F8371003
:10660000817F4A09A17962F30611A171417A4A0991
:10661000217C62F3C3012174407A8009707170BDDE
:106620006E22214903F0BCB82DE9F041164D002639
:106630004FF001082E7185F806802E72164F0C4619
:106640006E720B286AD2DFE800F069064B066255CD
:106650006569696934002046FFF7E2FF617EA07D2D
:10666000FDF700FFA0756076396891F837014206A2
:1066700054D591F849118A0750D001F003012972CD
:1066800000064BD512E000007808100031620100CE
:1066900068870120FC7210006007100090770120CD
:1066A000BC7F01209C8101209E70100085F809802C
:1066B00034E02046FFF7B4FF617EA07DFDF7D2FEF7
:1066C000A0756076386890F83711890626D590F85D
:1066D000490110F00C0F21D0C0F3810028721DE099
:1066E0002046FFF79DFF617EA07DFDF7BBFEA075F4
:1066F000607613E08A48FFF78FFE2046FFF790FF91
:10670000A07E20F0020040F00100A07605E0844861
:10671000FFF782FE2046FFF783FFAE71A07E40F3B5
:106720000000401CE871BDE8F08170B57D4D28681F
:1067300000F6DD0200F6120490F8C518B0F8C6089D
:1067400002EB400000F02BFF286890F8041890F846
:10675000050804EB4000BDE8704000F037BF70B59D
:10676000704D286800F6DD0200F6120490F8C81893
:10677000B0F8C90802EB400000F011FF286890F85B
:10678000061890F8070804EB4000BDE8704000F0E0
:106790001DBF70B50146644C614D8079897B6E35B3
:1067A000A17218B3082821D001291FD02070617967
:1067B00001291DD002291DD0002161702946FFF753
:1067C00033FF2946207800F061F86178284601F00F
:1067D000E6FC287B00F0030000F010FFFFF7A5FFA8
:1067E0005249284601F010FD002070BD012070BD07
:1067F0000221E2E70821E0E770B501464A4C484D26
:106800008079897B6E35A17218B3092821D00229BD
:106810001FD02070617901291DD002291DD00121CE
:1068200061702946FFF700FF2946207800F052F8F2
:106830006178284601F0B3FC287B00F0030000F0EB
:10684000DDFEFFF78CFF3A49284601F0DDFC002011
:1068500070BD012070BD0321E2E70921E0E73EB5EC
:1068600000F094FE029000F095FECDE900010421B5
:1068700002A801F0D7FD2C4C0821A070684601F059
:10688000D1FDE0702648FFF7C7FD3EBD10B50C46B0
:106890002449227B0728096814D0092812D091F8CE
:1068A000463163F30102227391F84611890861F3BE
:1068B00005122273FFF798FD14F8371F60F30401E7
:1068C000217010BD91F8533163F30102227391F8E6
:1068D0005311EBE710B50C461249227B07280968D3
:1068E00015D0082813D091F846311B0963F3010233
:1068F000227391F84611890961F305122273FFF79B
:1069000073FD14F8371F60F30401217010BD91F876
:1069100053311B0963F30102227391F85311EAE723
:106920009E70100060071000780810006D62010072
:106930000363010010B94D4A4B49516100F09FBDFE
:1069400070B54B4D0446286890F81902C0F3011247
:10695000C0F3810100F00300FDF779FD401CC6B2D1
:10696000204600F005FB404801F074F9A4F84C0003
:1069700000223146204601F027FB14F8040F40F0B6
:10698000020004F81E0BE07F66F30200E077A07FB0
:1069900020F00F00A077286814F8161C90F8092141
:1069A00062F3010104F8161C90F80921920862F3C1
:1069B000051104F8161C34F81A1C6FF30B0124F8A7
:1069C0001A1C90F8080104F8210C207D20F0010029
:1069D0002075286890F809110A0914F8081C62F358
:1069E000410104F8081C90F81A12A17690F81B12C5
:1069F000E17690F81C12217790F81D12617790F8DB
:106A00000B07617DC0F3810060F30401617570BD07
:106A1000184895E72DE9F041164E407910B3307BC8
:106A200000F0030000F0EAFD114F3C6804F6DD00C1
:106A3000B4F8BD2804F6120594F8BC1800EB420027
:106A400000F0ADFD386890F8FE1790F8FF0705EBF1
:106A5000400000F0BBFD0849304601F0EFFA00208D
:106A6000BDE8F0810120FBE7AC870120FC7210003B
:106A7000600710007A711000E5680100FE490B28DC
:106A800009681ED2DFE800F01D090D0D1D1D1D1245
:106A90001518060091F80E0715E091F80A0780090D
:106AA000704791F80A07C0F30110704791F80A0780
:106AB00004E091F80F0706E091F80F07C0F381009A
:106AC000704791F80A0700F0030070472DE9F04184
:106AD000060003D0BDE8F04100F0D1BC00F032F870
:106AE00001282DD1E54DE64C2878012822D0E54833
:106AF000A06068782074E878E073E988A181297A39
:106B0000A173DD49096891F81612CA0710D08907E8
:106B10000ED52A79DC4F911C401E00FB017007F155
:106B20003001921C02F03CFE0120A76284F827008D
:106B30003046CFE76A792979D24800F06FFDD7E770
:106B4000BDE8F08170B5CD4CD04D0120E178491CF5
:106B5000CAB2E270A1788A421FD821796079414394
:106B6000C848FDF718FD01F075F8A5F84C00C248BB
:106B7000006890F8160280070AD5E078C24900EB59
:106B8000400001EBC00018223031183802F04DFEF1
:106B9000BF49284601F052FA002070BD70B5044686
:106BA00001F053F8B74801F055F8A4F84C0000F094
:106BB000EDFCB14D0146286890F8E700C0F34112A2
:106BC000204601F0E4F900F0E5FC02460B462046C1
:106BD00001F007FA286890F8E4008108E07861F392
:106BE0008200E070296891F8E410490861F34100DF
:106BF000E070296891F8E41061F30000E0702079FA
:106C000020F00200207194F8410020F0070084F881
:106C1000410094F8400020F00F0084F840002868FC
:106C200090F8E700C0F34111204601F0F2F928681E
:106C300090F8E71011F0600F94F836107ED041F014
:106C4000010100BF84F8361090F8F00060702868E9
:106C5000218CB0F8F62062F30801218490F8EA1044
:106C6000A27B61F30302A273B0F8EC20618962F3A6
:106C70000B01618110F8F11F0A09217B62F3010108
:106C8000217310F80B29920962F305112173017821
:106C9000627961F30002627100790109204601F016
:106CA00022F87C4800F0D6FFA4F85200286810F8BB
:106CB000E81F8A0814F81A1F62F38301217010F884
:106CC000022962F3000121708278520862F34101C7
:106CD00021700178CA08617A62F345116172027805
:106CE000920962F3000161720278520962F3410174
:106CF0006172407BE17860F30501E1700120FFF7EC
:106D0000BDFE0146607F61F304006077624800F0D9
:106D1000A1FFE086286834F8041FB0F8EE2062F383
:106D20000B0124F81E1910F8E22F217F62F30001F5
:106D300021770278120962F3410100E01EE0217719
:106D40000179CA0994F8241062F3000184F8241030
:106D500094F8371041F0200184F8371090F834018E
:106D600081070AD514F8231F60F3041146482170E7
:106D7000303000F06FFFA4F82B0070BD21F001014E
:106D800060E770B5044600F060FF3E4800F062FF27
:106D9000A4F84C0000F0FAFB374D0146286890F843
:106DA000C900C0F34112204601F0F1F800F0F2FBF7
:106DB00002460B46204601F014F9286890F8E400DA
:106DC0008108E07861F38200E070296891F8E410AE
:106DD000490861F34100E070296891F8E41061F31B
:106DE0000000E070207920F00200207194F841004A
:106DF00020F0070084F8410094F8400020F00F00D4
:106E000084F84000286890F8C900C0F3411120467A
:106E100001F0FFF8286890F8C91011F0600F94F89D
:106E200036107CD041F0010184F8361090F8D4007F
:106E300060702868218CB0F8DA2062F308012184A0
:106E400090F8CC10A27B61F30302A273B0F8CE20BD
:106E5000618962F30B016181B0F8D020218962F36E
:106E60000B01218110F8D51F0A09217B62F3010172
:106E7000217310F80D2911E060071000840810003C
:106E8000FC721000BC88012074940120567210001E
:106E90007D6A0100907701209C810120920962F3B4
:106EA000051121730178627961F300026271007942
:106EB0000109204600F017FFF64800F0CBFEA4F8C9
:106EC0005200286810F8CA1F8A0814F81A1F62F3C3
:106ED0008301217010F8022962F300012170827889
:106EE000520862F3410121700178CA08617A62F3A5
:106EF000451161720278920962F3000161720278B1
:106F0000520962F341016172C07BE17860F30501CF
:106F1000E1700A20FFF7B2FD0146607F00E024E047
:106F200061F304006077DC4800F094FEE086286896
:106F3000A188B0F8D22062F30B01A18010F8E22FF3
:106F4000A17862F30001A17010F81A29120962F306
:106F50004101A1700078C109A07A61F30000A0721C
:106F6000607F40F02000607770BD21F001015BE799
:106F700010B504466E22C94902F012FCC848417996
:106F8000208961F30B002081C24890F8A813607B30
:106F900061F30100607310BD70B50446FFF7E8FFB0
:106FA00000F0F4FA01460022204600F0F0FFB94854
:106FB00090F85417607B61F301006073B94800F0EA
:106FC00049FEB94DA4F85200286890F8F8006070A6
:106FD00028686189B0F8002162F30B016181B0F883
:106FE0000221218962F30B01218110F8FA1F0A099D
:106FF000E17962F30301E171C188E28B491E61F31B
:107000000B02E28341788A09A17E62F34101A176F5
:1070100010F8011C0A09217B62F30101217310F8A9
:10702000012C920962F3051121734178607F61F3AD
:10703000050060770021204600F0EBFF14F8360FC2
:1070400020F0010004F816090720FFF717FDE17D85
:1070500060F30401E1752868B0F8FE10208861F340
:107060000800208070BD70B58F4E0328346804F688
:10707000DD0204F6120517D0072823D0092821D0F5
:10708000B4F8BD0894F8BC1802EB400000F087FA91
:10709000306890F8FE1790F8FF0700BF05EB40003E
:1070A000BDE8704000F092BAB4F8C00894F8BF1878
:1070B00002EB400000F073FA306890F8001890F886
:1070C0000108EBE7B4F8C30894F8C21802EB4000DB
:1070D00000F065FA306890F8021890F80308DDE7D0
:1070E0002DE9F041714D012700262F70AE70DFF8B9
:1070F000B8810C46EE70102A0CD2DFE802F084084A
:107100000C1D080C1D4C3A506474687D848108463F
:10711000FFF72EFF77E00846FFF72AFF0220FFF770
:10712000ADFC94F8371060F3040184F83710D8F8F8
:10713000000090F8040114E00846FFF719FFD8F8A2
:10714000000090F8060160700320FFF797FC94F8A8
:10715000371060F3040184F83710D8F8000090F875
:10716000050100F00300012801D9AF704BE0A870C1
:1071700049E00846FFF7FCFE14F8360F20F0010046
:1071800020700820FFF77AFC14F8011F60F3040157
:1071900004F8371915E00846FFF7FEFE33E008460D
:1071A000FFF7FAFE0920FFF769FC94F8371060F347
:1071B000040184F8371094F8360020F0010084F8B8
:1071C00036002E701FE00846FFF7DBFDF9E70846A2
:1071D000FFF7E2FED8F80000E17990F8FD0060F3D7
:1071E0000301E171EDE70846FFF7C2FE012100222D
:1071F000204600F0CCFE06E0084600F05DF802E014
:107200000846E9F7CEFCA07EC00701D06E7000E012
:107210006F702348007828812089C0F30B00E88034
:107220008EE43EB500F0B2F9029000F0B3F9CDE97A
:107230000001042102A801F0F5F81C4C082120717E
:10724000684601F0EFF860711448FFF7A7FC3EBDF7
:1072500070B5124D04796E359CB122462946FFF770
:107260003FFF287B00F0030000F0C8F92046FFF73D
:10727000FAFE0D2C07D00E49284600F0DFFE002054
:1072800070BD012070BD42F210720949284600F01D
:10729000DBFEF4E7907701209C810120E87110006B
:1072A000B80710003C7B0120600710008408100024
:1072B0007D6A01000020704770B50446FFF758FE54
:1072C00000F064F901460022204600F060FE124DF5
:1072D0000021286890F817016070204600F099FEA0
:1072E00094F8360020F0010084F83600A07B20F0EE
:1072F0000F00A07328686189B0F8132162F30B01B5
:107300006181B0F81511208961F30B002081E08BB9
:107310006FF30B00E08370BD6007100010B500F044
:1073200099F9FFF77EFFFFF773FBFFF798FAFEF777
:1073300078FFFEF7ECFB77490020486010BD38B1BC
:10734000012807D0022807D017200021FBF715BB22
:107350001420FAE71520F8E71620F6E7182102F0C6
:10736000C0BA70B56B4C6C4D206809E055F8201020
:10737000694820308847002812D02068401C2060CF
:107380000828F3D360686449401C383100226060EB
:107390000A704860A1F11800016818308847012080
:1073A00070BD10B5044620225C495B4802F03DFAEE
:1073B000A07C012807D159492022BDE81040203186
:1073C000554802F032BA10BD70B504460079002568
:1073D00040B9A07930B9207A20B9607910B9E07A43
:1073E000002814D04C484C21383002F07AFA4A4830
:1073F00018222146203002F018FA4648056020463F
:10740000FFF7CFFF44482030FFF7ABFF012070BDEE
:1074100010B5012000F067F8072000F064F808209C
:1074200000F061F8052000F05EF80D2000F05BF838
:107430000C2000F058F8012000F060F8072000F060
:107440005DF8082000F05AF8052000F057F80D20EC
:1074500000F054F80C2000F051F801F0A3FE00F009
:10746000ECFB012000F034F8072000F031F8082090
:1074700000F02EF8BDE81040052000F029B870B5E6
:10748000244C05000FD0FFF7C3FF60682249401C61
:10749000383160600D704860A1F118000168BDE8E6
:1074A0007040183008472068401C2060BDE87040DC
:1074B0001948203055E700F069B800F06BB800209B
:1074C000704717480068D0F85A1DD0F8560D70471D
:1074D00000F01F02012191404009800000F1E020EE
:1074E000C0F80011704700F01F02012191404009CF
:1074F000800000F1E020C0F88011704700F01F020A
:10750000012191404009800000F1E020C0F8801284
:107510007047000090081000C472100050A10100D4
:107520006007100070B50023144608E031F81350CE
:1075300031F81460354420F813505B1C641C9342EE
:10754000F4DB70BD30B5002B0BD0002407E000BF8A
:1075500031F9145095FBF3F520F81450641C944253
:10756000F6DB30BD30B4002443B90BE030F8143002
:1075700031F814502B4420F81430641C9442F5DB8D
:1075800030BC704730BC520002F00AB92C48006889
:10759000806A70472A480068416A006A704730B5BF
:1075A000294B284C5A68824202D1DA688A420AD0B2
:1075B000002206E030F81250C5F30B0524F81250F3
:1075C000521C8A42F6DBD960586030BD30B51E4B84
:1075D0001E4C9A68824202D11A698A420DD000225A
:1075E00007E000BF30F81250C5F30B0524F8125025
:1075F000521C8A42F6DB1961986030BD70B50446B2
:1076000013480068012808D10F4D2878844204D01F
:1076100021460F4800F02BFB2C7070BD704770475F
:107620007047024600201278002A00D108467047B1
:10763000024600201278012A00D108467047000057
:10764000600710009C810120980810009C83012095
:1076500048731000704710B500F02FFD08B10120ED
:1076600010BD0B4800F012FD002010BD094810B5F8
:10767000006890F88700410708D5074991F82C1059
:10768000042901D1400601D400F00CFD012010BDF9
:107690002F740100600710005C5310003D48016822
:1076A00021F00401016000F07CBE10B5FFF7F6FF89
:1076B00010BD10B5FFF7F2FF10BD10B5FFF7EEFFDC
:1076C00010BD10B5FFF7EAFF01F0BFFB10BD10B50C
:1076D000FFF7E4FF00F0EBFA10BD10B5FFF7DEFF97
:1076E00001F089FC10BD10B5FFF7D8FF01F0CBFC0D
:1076F00010BD10B5FFF7D2FF01F00EFD10BD10B5A3
:10770000FFF7CCFF01F053FD10BD10B5FFF7C6FF2A
:1077100001F098FD10BD10B5FFF7C0FF01F0DDFDD1
:1077200010BD10B5FFF7BAFF01F026FE10BD10B571
:10773000FFF7B4FF02F038F910BD10B5FFF7AEFF48
:1077400002F00EF910BD10B5FFF7A8FF10BD10B57F
:10775000FFF7A4FF10BD10B5FFF7A0FF10BD10B5D7
:10776000FFF79CFF01F04EFE10BD10B5FFF796FF2E
:1077700010BD10B5FFF792FF10BD10B5FFF78EFFDB
:1077800010BD10B5FFF78AFF10BD10B5FFF786FFDB
:1077900010BD000010ED00E00EB50BA207CA8DE889
:1077A00007000C4800F0A7FD684600F0A8FDFCF7B4
:1077B000EDFCFBF70DFE00F037F800214720FBF74A
:1077C000DCF801200EBD00003000000000000000C9
:1077D00000000000530260471A4910B501200870EC
:1077E00019490020086019490860194908601949B9
:1077F000086000F07FF900F019F900F07DF8002032
:1078000010BD10B5124801F09BFE104908600E49EA
:107810000968884207D00B480078022803D1BDE8E8
:107820001040E8F7A3BD10BD10B5FFF7EAFF05490A
:1078300002200870E8F77EFD4FF0FF3010BD0320F6
:1078400070470000F8081000FC0810000009100044
:10785000040910000809100070B50D460446C169FE
:107860008068CC2202F013F8E169A0680022084485
:107870004FF0807140F8041C216A40E9032140F870
:10788000102C40F8142C40F8182C40F81C2C4FF009
:107890000B3140E909154FF00A3140F8281C4FF030
:1078A000093140F82C1C4FF0083140F8301C4FF0E3
:1078B000073140F8341C4FF0063140F8381C4FF0C7
:1078C000053140F83C1C4FF0043140F8401D70BDBC
:1078D00081694FF0CC330A689A4208D14A689A42CB
:1078E00005D18A689A4202D1C968994202D040689B
:1078F000FBF7B5BD7047000010B5A021494801F065
:10790000F0FF002010BD70B50646464800EB061497
:10791000E8F764FD0546207828B12846E8F766FDBB
:107920006FF0010070BD0320207000206660E060F1
:1079300004F1080001F0DEFD2846E8F757FD0020BD
:1079400070BD2DE9F0410F463649002501EB0014CA
:107950002E46E8F743FD8046E0683843E06004F1D6
:107960000800074601F0ECFD0CE0E168C26A114234
:1079700003D000F00FF9012600E06D1C29463846BF
:1079800001F0D4FD0028F0D10EB1FFF73AFF4046D8
:10799000E8F72CFD0020BDE8F08170B50D462149C7
:1079A00001EB0014E8F71AFDE168A943E160E8F78C
:1079B0001DFD002070BD70B50C461A4901EB001585
:1079C00000202060E8F70AFDE9682160E8F70EFD75
:1079D000002070BD2DE9F0410D4612491E4690462B
:1079E00001EB0014E8F7FAFC07460F480068C5628F
:1079F000E168294203D104F1080100F0DDF83846BE
:107A0000E8F7F4FCE8F7EAFCE16829403160B8F1F6
:107A1000010F02D1E168A943E160E8F7E7FC00202B
:107A2000B9E700009C731000FC08100010B5C821D5
:107A30002E4801F056FF002010BD2DE9F04106460A
:107A40002A4900EB8600174601EB8004E8F7C6FCE4
:107A50000546207830B12846E8F7C8FC6FF00100F1
:107A6000BDE8F0810220207000206660C4E9027049
:107A700004F1100001F03EFD2846E8F7B7FC0020B5
:107A8000EEE770B5194900EB800001EB8004E8F7E0
:107A9000A5FC0546D4E90201814205DB144804F146
:107AA0001001006800F088F8E068401CE06028469B
:107AB000E8F79CFC002070BD70B50C4900EB80001D
:107AC00001EB8004E8F78AFC0546E06808B1401E37
:107AD000E06004F1100001F033FD10B1206900F006
:107AE00011F82846E8F782FC002070BD3C741000B5
:107AF000FC08100010B54FF4F0713C4801F0F1FEA5
:107B0000002010BD10B5044690F8240002280BD0C8
:107B1000204601F017FD022084F824003449204655
:107B200001F0ECFCFFF76DFE002010BD2DE9F05FC9
:107B300006460AA806EB460190E8000E2B481D46B3
:107B400000EB01149046207818B16FF00100BDE8F9
:107B5000F09FE8F743FC074601202070C4F814802A
:107B6000C4E9016504F11801002081E8200684F8C9
:107B70002400E0602061C4E90A8059462046FFF7EE
:107B80006BFEA0602046FFF7BDFF3846E8F72EFCED
:107B90000020DCE710B5044690F82400022809D044
:107BA000204601F0CFFC022084F824001049204632
:107BB00001F0A4FC002010BD70B5044690F824002C
:107BC0000D4602280BD1204601F0BCFC032084F8AE
:107BD00024002946204601F091FCFFF712FE002008
:107BE00070BD0448006840687047000004751000CC
:107BF00004091000FC081000404810B50021016085
:107C00000122026001603E4C692020710420E8F7E7
:107C1000F7FB0820207110BD10B5FFF7EDFF3948C4
:107C200000210170416000F0ABF9BDE8104000F0A8
:107C30006EBA01F04DBB01F09BBB10B501F098FB93
:107C400001F046FBBDE81040E6E76E222E4901F048
:107C5000A7BD704710B50446800702D00220FFF789
:107C60006EFB4FF480302044C0F34F0010BD01EB99
:107C7000011200EB420200EB810010B52049204BBD
:107C80000479723301F86E4F8488240A4C70847929
:107C90008C70C079C87000200C32115C1954401CE3
:107CA0002228FADB10BD01F041BB01F0DBBA154818
:107CB00010B5406810B1BDE8104000470020FFF744
:107CC0003EFB10BDC27E012904D0022907D022F05C
:107CD000100101E042F0100121F0200101E042F02A
:107CE0003001C1767047C279012961F30302C27184
:107CF00002D942F01001C1717047000090040022C7
:107D000000000320AC08100090A1010001EBC101AC
:107D100002EB8101405C010602D500F07F00404289
:107D20007047002B04DA5B42DBB243F0800301E0D2
:107D300003F07F0301EBC10102EB81014354704763
:107D40002DE9F05F002517469846894683462E4662
:107D50004FF0010A0AFA05F010EA090F14D00024C6
:107D600022460120002101F0B2FC384001EA08015E
:107D7000084305D00023224631465846FFF7D1FF7D
:107D8000641C242CECDB761C6D1C1C2DE2DBBDE896
:107D9000F09F405C010602D500F07F004042704732
:107DA000002A04DA5242D2B242F0800201E002F02C
:107DB0007F0242547047F0B5002415460E468446B3
:107DC000234601270FE006EBE30003F007010078EC
:107DD00007FA01F2024205D0002219466046FFF779
:107DE000DFFF641C5B1CAC42EDDBF0BD405C704708
:107DF00042547047F0B50024234601260DE001EB04
:107E0000E30503F007072D7806FA07FC1CEA050FC7
:107E100002D00025C554641C5B1C9442EFDBF0BD0E
:107E2000405C704742547047405C70474254704712
:107E30002DE9F047344C34F82C8FA7786668257A02
:107E4000DFF8C8900121C9F800104FF42070E8F75E
:107E5000D7FA0021C9F80010A4F80080A770666066
:107E60002572BDE8F0872848002120F82C1F81707A
:107E700041600172704710B5002469B301230246C6
:107E80000021184601F023FC02461F4830300260F2
:107E90000171FFF7CDFF002000F026F800B10124AA
:107EA000FFF7C6FF012000F01FF808B144F00204FC
:107EB000FFF7BEFF022000F017F808B144F00404F9
:107EC000FFF7B6FF032000F00FF808B144F00804F4
:107ED000FFF7AEFF204610BD012181400A48002275
:107EE0002C30C0E90012D4E740F02001064810B55C
:107EF00080F86D10E52101714FF42070E8F780FAE9
:107F000003480068C0B210BD00000320A80D602225
:107F1000800C60224E484168002901D001200847AA
:107F2000704710B5FFF787FE4A49022008704A499A
:107F30000020086046484168002903D0BDE8104091
:107F40000020084710BD10B50179424A21F01D01FB
:107F500041F0E0010171032111703F4A3F49116076
:107F600001466E223E4801F01BFC3E490120C1F84B
:107F7000800037483C490088BDE81040FFF793BEB9
:107F80003348002141604FF4FA710180704737B5E2
:107F9000044601981546C0F315000190042101A87C
:107FA00000F040FA012D02D1C01C20F0010001991F
:107FB00024F82C1F0A0CA17862F30501A170E17866
:107FC00060F30401E1703EBD012320F82C3F5143D2
:107FD000837823F03F038370C27861F30402C27098
:107FE00070471FB50446039902A801F003010391ED
:107FF000082100F017FA0146DDE9022044F8302F8D
:10800000227960F301022271207E61F3050020765F
:108010001FBD10F8352F61F30002027070470D4943
:10802000032008700C490D4808600E490120C1F872
:10803000800007480C490088FFF735BE044A5160AC
:108040004FF4FA7111807EE7014B59601A807AE78C
:10805000B4081000AC081000B0081000D37E010076
:108060000000032000006022C57E01001648017850
:10807000012908D1022101701448016819B10022B8
:108080000260104608470120FFF759B90E4A012146
:1080900011700E4908600E49E82008710D490C2046
:1080A000FFF703BE0A49082008710B490020086049
:1080B00005490870054908607047034800780028A2
:1080C00000D0012070470000AC081000BC08100070
:1080D000000003201D800100000060225A48016852
:1080E000002901D001200847704710B5FFF7A3FD14
:1080F000564902200870564900200860524801681D
:10810000002903D0BDE810400020084710BD4E49AB
:1081100000200860704737B5044601981546C0F343
:1081200015000190042101A800F07CF90199A185B6
:108130000A0C94F82E100A2D62F3050184F82E1013
:1081400094F82F20C1B261F3040284F82F2007D0E5
:108150000B2D05D014F8490F61F3050020703EBDCA
:1081600014F8491F401C60F3050121703EBD1FB586
:108170000446039902A801F003010391082100F0CD
:1081800051F90146DDE9022044F8302F227960F3ED
:1081900001022271207E61F3050020761FBD30B5FB
:1081A0002CA28CB03CCA8DE83C002EA20DF1100C24
:1081B0003CCA8CE83C002FA20DF1200C3CCA8CE894
:1081C0003C0004AA535C427C63F3050242741DF830
:1081D0000130027C63F34202027408AA525C017906
:1081E00062F3840101710CB030BD1849042008709D
:1081F00017492448086024490120C1F88000234918
:108200004FF4FA70FFF74FBD10B50A46017921F01F
:10821000010141F0E00101710B490A600B4A0421A0
:1082200011700B4A1749116001466E22184801F07F
:10823000B7FA15490120C1F88000BDE81040134984
:108240004FF4FA70FFF72FBDC0081000AC08100003
:10825000B008100000000202010103030303000242
:1082600000000000020202020202020201010202F8
:1082700001010000020302030203020302030202DF
:10828000020300009B800100000060228D8001003D
:10829000000003204D49012008600722410701F832
:1082A000272F0B2281F841204849183908604FF0E8
:1082B0000851C1F8C403454B0022B0331A60444A48
:1082C0001060121D1060414A943A1060C1F87403A6
:1082D00070473E4901209439086070473B490020AF
:1082E0009439086070474FF00050008870474FF095
:1082F0000050807870474FF0005148607047354912
:1083000002680A6042684A60806888607047314944
:108310000A6802604A6842608968816070472B4938
:1083200001203039086070474FF0005010F8221FCC
:1083300021F00301017070474FF0005101F81F0F49
:10834000887862F30400887070472348006870479B
:1083500021490860704710B54FF00054E27E202399
:1083600022F0AF0203EA40131343042202EA800022
:10837000034301F003000343E37610BD4FF00050C8
:1083800090F8220010F0030005D0012805D0022843
:1083900005D012487047124870471248704712487B
:1083A00070477047704711490120C1F89C00704721
:1083B0000E490020C1F89C0070470448F030006866
:1083C00008B101207047022070470000CC04002251
:1083D000801E002208000020C408100000127A004D
:1083E0000090D0030048E8010024F400000060225F
:1083F000F0B50746002003462F4E10E057F82350F3
:1084000003224FEAC20C45FA0CF484EA2064E4B279
:10841000521E56F8244084EA0020F2D55B1C8B42A1
:10842000ECDBF0BD30B50446234B0020103B08E0E8
:10843000625C02F00F0503EB12125D5D12782844B6
:108440001044491EF4D230BD10B584680368E4437B
:10845000A3420AD1C4684368E443A34205D15B1C2C
:108460000B6000681060012010BD002010BD3CB5FD
:108470000446002501AA6946FFF7E6FF012809D155
:10848000009904F11000091FFFF7B2FF019988421B
:1084900000D1012528463CBD30B50D460446091FD4
:1084A0001030FFF7A5FF6D1E6560E943E1602060B5
:1084B000C043A06030BD000010A201000146800052
:1084C000B1F5803F02D21038C0F310007047C0F3FE
:1084D00087207047B0F5802F02D21030C0F3100013
:1084E000C0F38F00704730B5FE4C01252560E506CE
:1084F00003F01F0385F86B30002304E051F823508C
:1085000040F823505B1C9342F8DB0020206030BD14
:10851000F0B5F44F01233B600323FC0684F86B3075
:108520001B1F0360002312E051F8234040F8234052
:10853000002450F8235051F82360B54206D06D1C3A
:1085400004D1641C40F82360032CF2D35B1C9342DB
:10855000EADB00203860F0BDF0B513460A46054658
:10856000002498184FF48726602801D9012411E0CF
:10857000002107E05F1856F82700401C01D0114683
:108580000224491C9142F5D324B906EB8300294605
:10859000FFF7BEFF2046F0BD10B503460846FFF7C3
:1085A0008DFF0146BDE810409200184601F03DB92C
:1085B0002DE9F0414FF000580C46D8F81470012511
:1085C000C0F38F066FF48041C8F814100E2000F03D
:1085D00018FA204600F020FA0200C3484FF00101CB
:1085E00018D00160A4F58034404620F8726F4480B2
:1085F000602200F8012CBD4A1160BB4AC4321160F0
:1086000030BF81797238890700D00025476128463C
:10861000BDE8F08100220260E6E72DE9F05F154633
:10862000DFF8C0B2002601270A4604464FF0005C7E
:10863000B1F5882F15D3A30AFFF740FF5946CBF8B1
:10864000007003F01F038CF86B30002304E052F835
:10865000234040F823405B1CAB42F8DB0E60BDE8D2
:10866000F09FDCF81490C1F38F08E2466FF480416C
:10867000CCF814100E2000F0C4F9CBF8007020469E
:1086800000F0CAF90100984819D00760A4F58034B9
:10869000AAF87280AAF874406D1E8AF876504021BC
:1086A0008AF8711091490E608F49C4310F600AF148
:1086B000580030BFCBF8006040F8449CCFE706601C
:1086C000E6E72DE9F0414FF000540F4654F8146FDF
:1086D00085086FF4804020600E2000F092F90020A1
:1086E000A066A4F85E507F1E84F8627084F85D0076
:1086F0007E4908607C490120C431086030BFE06ECB
:10870000266085E770B506460C4601F11000111F82
:10871000154689B2FFF7D5FF2060681E60602068AB
:108720002A46C043A06060682146C043E0603046EE
:10873000BDE8704071E7F0B50746002004466C4E76
:1087400015E057F8245003234FEAC30C45FA0CF206
:1087500080EA02600822002802DA86EA400000E08F
:108760004000521E002AF6DC5B1EEDD5641C8C42D4
:10877000E7DBF0BD30B550F8084B50F8085B30F837
:108780000C1C491C89B2FFF7D6FF844204D1E04398
:10879000854201D1012030BD002030BD2DE9F041DE
:1087A0000126750704466F696FF4804068610E20EA
:1087B00000F027F94FF00008C5F87C80204600F053
:1087C0002BF9020048494FF0010015D00860A4F5CC
:1087D0008034A5F87440202185F871104349086061
:1087E0004149C431086030BF95F87800800700D057
:1087F00000266F6130460BE7C1F80080E9E700B55D
:108800000B46FFF75BFE82680168D243914208D1B4
:108810004268C068C043824203D1521C1A800120C2
:1088200000BD002000BDF8B5044610300D460646D8
:10883000FFF7BEFE012801D00020F8BD694628469A
:10884000FFF7DDFFBDF80000001F81B23046FFF7E3
:1088500038FF2060BDF80010C043491E6160A06071
:10886000C843E0600120F8BDF0B59BB007466D46F7
:10887000204E01246821284601F033F8002056F8E4
:10888000201045F82010401C1A28F8D31A490098E7
:10889000884210D1029881B205A80446FFF74BFF29
:1088A0000199814206D154222146384600F0BDFF8D
:1088B000002400E003241BB02046F0BD70B594B046
:1088C0000C4E04466D4668365021284601F009F8E2
:1088D000002056F8201045F82010401C1428F8D32A
:1088E00006490DE0C41B0022780D00221C0F002257
:1088F0001B000080443E0400B2570E705C000D6007
:1089000000986FF00205884226D1A81020606060B0
:10891000A060E0602061029881B205A8FFF70BFF1C
:108920000199814218D1BDF83A2045F2AA510020A0
:108930008A4208D19DF81D20C4E900209DF81E2020
:1089400002F01F02A260E060BDF84000884201D141
:108950000998206114B070BD25606560A560E56070
:108960002561F7E770B586B004466D462E4E14219A
:10897000284600F0B6FF002156F8210045F82100F6
:10898000491C0529F8D3009820600198606002987E
:10899000C0B2A0600398C0B2E0600498C0B2206189
:1089A00006B070BDF0B585B01F4C07466E46643CFE
:1089B00001251421304600F094FF002054F82010C7
:1089C00046F82010401C0528F8D318490098884222
:1089D00014D1029881B204F11400FFF7ACFE0199A2
:1089E00081420AD1182204F1DC01384600F01DFF53
:1089F000D4F8F4000025B86100E0022505B028464F
:108A0000F0BD00F01F02012191404009800000F1FB
:108A1000E020C0F880127047B0F5803F01D20020FE
:108A20007047012070470000603F0400AF07A65563
:108A30004FF00050002180F83D1080F83E1080F883
:108A40003F103F2280F8312080F8342080F8351024
:108A500080F8322000F8301F017241728172C172B9
:108A6000C1717047874A1160864A00213432116013
:108A7000121D08B11160704701201060704730B5B9
:108A800001248440E0B24FF000540029039D94F883
:108A9000321001D0014300E0814384F8321094F891
:108AA00030100AB1014300E0814384F8301094F89B
:108AB00034100BB1014300E0814384F8341014F802
:108AC000351F0DB1014300E08143217030BD4FF0EF
:108AD0000052052817D2DFE800F00306090F17003F
:108AE00012F83D0F04E012F83D0F07E012F83E0FB8
:108AF00020F00F00084305E012F83E0F20F0F000D0
:108B000040EA01101070704712F83F0FF0E70123A0
:108B10008340D8B24FF00053002993F8381001D0A9
:108B2000014300E0814383F8381013F8391F0AB17C
:108B3000014300E081431970704701238340D8B29C
:108B40004FF00053002993F83A1001D0014300E0A0
:108B5000814383F83A1013F83A1F0AB1014300E049
:108B60008143197070472DE9F04705460120A84060
:108B7000C4B21F46914688460A20DDF820A000F0C6
:108B80006BF80B2000F068F80A2000F070F80B205A
:108B900000F06DF84FF0005696F83800A04386F8C4
:108BA000380096F83A00A04386F83A0096F82E006E
:108BB000A04386F82E00344A0020B8F1000F42F896
:108BC00025000BD096F83810214386F8381096F817
:108BD0003A10214386F83A1042F8257096F8391079
:108BE000A14386F8391096F83B10A14386F83B1054
:108BF00096F82F10A14386F82F1023492031B9F1A0
:108C0000000F41F825000BD096F83900204386F874
:108C1000390096F83B00204386F83B0041F825A038
:108C200096F8380010B10A2000F00BF896F83900D9
:108C3000002804D0BDE8F0470B2000F002B8BDE8E2
:108C4000F08700F01F02012191404009800000F1EF
:108C5000E020C0F80011704700F01F020121914090
:108C60004009800000F1E020C0F88011704700F05A
:108C70001F02012191404009800000F1E020C0F86E
:108C80008012704704050022E47610002DE9F047B9
:108C9000417ACA074FF0000101D0554A51600127BF
:108CA0007D0785F8E57085F8E470C5F8C010C5F853
:108CB000E81085F8E11085F8E310DFF838A1067AAE
:108CC00004680AF10709072E00D9072600216DE084
:108CD0004A1CD3B201EB810214F802800AF8018029
:108CE000D0F804C022443CF8118029F8118092F891
:108CF00003C0BCF1010F02D0BCF1030F07D195F8FE
:108D0000E5C007FA03F84CEA080C85F8E5C090F8CE
:108D100009C05FEACC7C0FD192F803C0BCF1020F0E
:108D200002D0BCF1030F07D195F8E4C007FA03F8AD
:108D30004CEA080C85F8E4C001EB410C21F0010875
:108D4000E04492F801C00CF0070C0CFA08FCD5F8CE
:108D5000C0804CEA080CC5F8C0C092F802C04FEAC7
:108D600081080CF00F0C0CFA08FCD5F8E8804CEAEE
:108D7000080CC5F8E8C090F809C05FEACC7C14D1B3
:108D80001279D20707D095F8E12007FA03FC42EAEE
:108D90000C0285F8E1202279D20606D595F8E32069
:108DA00007FA03F31A4385F8E320491CB1428FD335
:108DB000D5F8E8006864BDE8F0870E4AD21D22F8B5
:108DC0001010704710B504460B48006838B1A06811
:108DD000FFF75CFF2068BDE8104000F00FB8E068C6
:108DE000FFF754FF6068BDE8104000F0C1BB000011
:108DF00000200022AB000020BC05002210B5494B2A
:108E00000168002499608188598002899A801C70C9
:108E10004FF00053A3F81A21A3F81E11C088A3F83D
:108E2000200141480122C0F8D821C0F8DC21C0F857
:108E3000C421C0F8CC21C0F8D42172B6D0F80812F1
:108E40000029FBD1426062B610BD2DE9F041364DDC
:108E5000D5F85C01334F2E040124BA6840B3B6F84C
:108E60001C815FEA08000CD0D5F8540148B1414696
:108E700001209047C5F8D842D5F8540108B1C5F88B
:108E8000D442BA684146022090470178022902D0B4
:108E9000032902D008E0418800E07988A6F81E1175
:108EA0008088A6F81A013C70C5F8DC42BDE8F08164
:108EB000D5F8440180B1B6F81C11032090473878EA
:108EC00038B17888A6F81E01B888A6F81A010020E3
:108ED0003870C5F8C442E9E7D5F8580130B1B6F8A2
:108EE0001C1101209047C5F8D842DFE7D5F84C01A6
:108EF00018B9D5F854010028D8D0B6F81C1119B10A
:108F000001209047C5F8D842D5F84C0110B1C5F8FA
:108F1000CC42CBE7D5F854010028C7D0C5F8D442DD
:108F2000C4E70000C808100000200022FC4900200F
:108F30000860091D0860091D0860091D0860091DF9
:108F40000860091D0860091D0860091D0860F549D1
:108F500001220A60F34914310860510701F8500FEB
:108F6000FF234B7001F8050C0F234B808A80EE49DC
:108F7000086048608860C860086148618861C861AD
:108F8000086270477047E84A1160E54900220A60AC
:108F900000EB80004FF6FF7202EA40004FF00052F3
:108FA000A2F85800012008607047DF4B10B5DC4A7A
:108FB0001960002111604FF0005191F85140E40711
:108FC00007D01B6A58438009A1F85800012010609F
:108FD00010BD00EBC00303EB00104FF6FF7303EA74
:108FE0008000F1E74FF00050B0F858007047CC49CE
:108FF000002008607047CC4A10B50021106811604D
:10900000C74A116010B1BDE8104000470020FFF7CB
:10901000B9FF10BDC44A5160C1490022091D0A6050
:1090200000EB80004FF6FF7202EA4000CA06A2F889
:109030005A00012008607047BB4B10B55960B84A10
:109040000021121D1160D10691F85140A40708D4E7
:1090500000EBC00303EB00104FF6FF7303EA800040
:1090600002E01B6A58438009A1F85A0001201060F1
:1090700010BD4FF00050B0F85A007047A8490020CA
:10908000091D08607047A84A10B50021506851605A
:10909000A34A121D116010B1BDE810400047012025
:1090A000FFF770FF10BDA04A91609D490022083172
:1090B0000A6000EB80004FF6FF7202EA40008A0669
:1090C000A2F85C00012008607047974B10B59960CA
:1090D000934A002108321160910691F851406407CB
:1090E00008D400EBC00303EB00104FF6FF7303EA54
:1090F000800002E01B6A58438009A1F85C0001204F
:10910000106010BD4FF00050B0F85C00704784490B
:109110000020083108607047834A10B5002190682C
:1091200091607F4A0832116010B1BDE810400047DD
:109130000220FFF727FF10BD7B4AD160784900224B
:109140000C310A6000EB80004FF6FF7202EA40002B
:109150004FF00052A2F85E00012008607047724B89
:1091600010B5D9606E4A00210C3211604FF00051E9
:1091700091F85140240708D400EBC00303EB001022
:109180004FF6FF7303EA800002E01B6A5843800930
:10919000A1F85E000120106010BD4FF00050B0F843
:1091A0005E0070475E4900200C31086070475E4ADF
:1091B00010B50021D068D160594A0C32116010B14D
:1091C000BDE8104000470320FFF7DCFE10BD564A03
:1091D00011615349002210310A6000EB80004FF604
:1091E000FF7202EA40004FF00052A2F86000012036
:1091F000086070474C4B10B51961494A0021103284
:1092000011604FF0005191F85140E40608D400EB92
:10921000C00303EB00104FF6FF7303EA800002E087
:109220001B6A58438009A1F860000120106010BD3E
:109230004FF00050B0F860007047394900201031FD
:1092400008607047384A10B5002110691161344A2E
:109250001032116010B1BDE8104000470420FFF744
:1092600091FE10BD304A51612D49002214310A602F
:1092700000EB80004FF6FF7202EA40004FF0005210
:10928000A2F86200012008607047274B10B55961B1
:10929000234A0021143211604FF0005191F85140DF
:1092A000A40608D400EBC00303EB00104FF6FF73D5
:1092B00003EA800002E01B6A58438009A1F86200BB
:1092C0000120106010BD4FF00050B0F862007047F0
:1092D00013490020143108607047134A10B500216B
:1092E000506951610E4A1432116010B1BDE810404E
:1092F00000470520FFF746FE10BD0B4A9161084963
:10930000002218310A6000EB80004FF6FF7202EA7B
:1093100040004FF00052A2F864000120086070473E
:1093200040090022C0040022D40810006A4B10B586
:109330006A4A9961002111604FF0005191F8514043
:10934000640608D400EBC00303EB00104FF6FF7374
:1093500003EA800002E01B6A58438009A1F8640018
:109360000120106010BD4FF00050B0F86400D6E747
:109370005A4900200860D2E7574A10B50021906989
:109380009161564A116010B1BDE8104000470620B7
:10939000FFF7F8FD10BD10B5FEF7D7FF4FF00051F5
:1093A00091F8222042F21073B0FBF3F0C2F3810275
:1093B000521CD040B1F85420C96C51438909B0FB0C
:1093C000F1F010BD45490022091D0A60424A126AA7
:1093D00050434FF000528009A2F866000120086057
:1093E0009DE73E490020091D086098E73A49C86199
:1093F0003B490120C1F89C003849A0310860091D93
:1094000008608CE7344A10B50020D169D061344A35
:10941000C2F89C0051B1314AA03210604FF00050A8
:10942000C06CBDE8104020F07F400847FF20FFF7E8
:10943000A9FD10BD10B50446FEF787FF4FF000519F
:1094400091F8221042F21072B0FBF2F0C1F38101E8
:10945000491CC8400003B0FBF4F01F49086210BD6E
:1094600030B54FF000550124844095F8510009B102
:10947000204300E0A04385F8510095F84B000AB165
:10948000204300E0A04385F84B0015F8500F0BB1C6
:10949000204300E0A043287030BD4FF0005010F88A
:1094A0004A1FC079814301D0012038E7002036E708
:1094B0004FF0005090F82200C0F3810028B101283D
:1094C00005D0022805D0074829E7074827E70748BD
:1094D00025E7074823E70000D408100058090022B8
:1094E0000000602200093D000048E8010024F4006B
:1094F00000127A00002101600846704730B50A6802
:1095000012B10B46846A08E000220860C0E903211A
:109510000AE002F10C03D26812B1956AA542F8DCA8
:109520001A68C0E903211860002030BD00680022DD
:1095300001E0C068521C8A4201D00028F9D170476E
:109540000068704702690AB1116831B96FF0040010
:10955000704701F10C02C96839B18142F9D1C9687B
:10956000116000210161084670476FF003007047E9
:10957000017C11B1184A01211160184902680A6082
:1095800042684A6082688A60C068C860704730B4C8
:109590004FF0005111F8E00F0A8AC9680F4BC40759
:1095A00004D09B68002B07D030BC1847DB68002B29
:1095B00002D0521C92B2F7E730BC70474FF0005017
:1095C00090F8E2000549C20701D0096800E0496847
:1095D000002900D008477047A40500220C0910009C
:1095E00053EA020C00F069802DE9F04B4FF00006C1
:1095F000002B1FBFB3FA83F503FA05F424FA05F62E
:109600005E4012BF1643B2FA82F502FA05F4C5F1C4
:1096100020051EBF22FA05FC44EA0C04203556EA58
:10962000044C4FEA144418BF641C4FF000084FF07C
:109630000009904271EB030C39D3002919BFB1FA2C
:1096400081F701FA07F6B0FA80F700FA07F6C7F1DA
:1096500020071EBF20FA07FC46EA0C062037B6FB9F
:10966000F4FCA7EB0507103F07F01F0BCBF120061A
:109670000CFA0BFB2CFA06F644BFB3460026202F4B
:10968000A4BF5E464FF0000B5BEA060C08BF4FF02C
:10969000010B19EB0B09ABFB027C48EB0608C01B66
:1096A00006FB02CC0BFB03CC71EB0C01C1E70B46B4
:1096B000024641464846BDE8F08B13B54FF0000026
:1096C0004FF00001AFF30080BDE81C407047B2F1DD
:1096D00020030AD5C2F1200301FA02F120FA03F3B4
:1096E00000FA02F041EA0301704700FA03F14FF07B
:1096F00000007047B2F120030AD5C2F1200320FA1E
:1097000002F001FA03F321FA02F140EA0300704784
:1097100021FA03F04FF00001704710B54C1084EAB5
:10972000530404D54042C1F1000138BF491E1B4219
:1097300004D55242C3F1000338BF5B1EFFF750FF50
:1097400014F0804F04D04042C1F1000138BF491EDF
:1097500014F0004F04D05242C3F1000338BF5B1E27
:1097600010BD10B5431C02E010F8011B71B1810758
:10977000FAD14FF0013202C88C1A8C4314EAC2119C
:10978000F9D0C01A0A0603D0C01E10BDC01A10BD01
:109790000A0401D0801E10BD0902FCD0401E10BD7D
:1097A000032A40F2308010F0030C00F0158011F80D
:1097B000013BBCF1020F624498BF11F801CB00F8E5
:1097C000013B38BF11F8013BA2F1040298BF00F839
:1097D00001CB38BF00F8013B11F0030300F02580F6
:1097E000083AC0F0088051F8043B083A51F804CB1D
:1097F000A0E80810F5E7121D5CBF51F8043B40F8E3
:10980000043BAFF30080D20724BF11F8013B11F8ED
:1098100001CB48BF11F8012B24BF00F8013B00F831
:1098200001CB48BF00F8012B704710B5203AC0F0BB
:109830000B80B1E81850203AA0E81850B1E8185051
:10984000A0E81850BFF4F5AF5FEA027C24BFB1E88E
:109850001850A0E8185044BF18C918C0BDE81040FF
:109860005FEA827C24BF51F8043B40F8043B08BF08
:109870007047D20728BF31F8023B48BF11F8012BCF
:1098800028BF20F8023B48BF00F8012B704702F0C8
:10989000FF0343EA032242EA024200F002B84FF01B
:1098A00000020429C0F0128010F0030C00F01B80AD
:1098B000CCF1040CBCF1020F18BF00F8012BA8BFBB
:1098C00020F8022BA1EB0C0100F00DB85FEAC17C7F
:1098D00024BF00F8012B00F8012B48BF00F8012B32
:1098E00070474FF0000200B5134694469646203963
:1098F00022BFA0E80C50A0E80C50B1F12001BFF449
:10990000F7AF090728BFA0E80C5048BF0CC05DF8AE
:1099100004EB890028BF40F8042B08BF704748BFFC
:1099200020F8022B11F0804F18BF00F8012B704770
:1099300010B50446AFF300802046BDE81040E6F7BE
:109940006DBC000001491820ABBEFEE726000200F6
:109950007047000001490020086070473805002268
:109960002DE9F0410F4F00244FF001084FF0005651
:1099700008FA04F0C5B296F82F0028420CD096F8E9
:109980003900284208D057F8240000B1804796F8E3
:109990002F00A84386F82F00641C062CE8DBBDE8E6
:1099A000F0810000047710002DE9F0410F4F0024F2
:1099B0004FF001084FF0005608FA04F0C5B296F8CF
:1099C0002E0028420CD096F83800284208D057F8CC
:1099D000240000B1804796F82E00A84386F82E0098
:1099E000641C062CE8DBBDE8F0810000E476100082
:1099F00001218140C8B24FF0005191F8331001426B
:109A000001D001207047002070470000014901206B
:109A100008607047380500220048704701081000B0
:109A20000749064A0A804A808A80064AC0E900211E
:109A3000032101720121417270470000145101207D
:109A4000543A10006A9F01000548417829B980788E
:109A500018B904480079002800D0012070470000A0
:109A6000B807100070061000014800787047000029
:109A700070061000006F704790F876007047000085
:109A800004484178027880781144081800D00120F9
:109A9000704700001806100070B5D0E900214C088E
:109AA0004FEA3203961841EB010533432C4313432D
:109AB0000C43C0E9003470BD034900200860A021B8
:109AC0000248FFF7ECBE000038071000A438100071
:109AD00001EBC10100EB81002530704701EB011162
:109AE00000EB8100704701EBC10100EB81002530E4
:109AF000704701EB011100EB81007047100000007E
:109B000004000000010000003200000032000000EC
:109B10000000020003000500070009000B000C0014
:109B20000E001000120013001500170019001B0092
:109B30001D001F00200022002400260028002A000B
:109B40002D002F0031003300350037003A003C0073
:109B50003E0041004300460049004B004E005100CA
:109B6000540057005A005D006100640068006B00FB
:109B70006F00730077007B00800085008A008F00F3
:109B800094009A00A000A600AD00B400BC00C40080
:109B9000CD00D600E100EC00F80005011301220120
:109BA000340147015D0175019101B101D601020245
:109BB00037027702C8022E03B703770496057407AD
:109BC000300B6116010002000100020004000200D7
:109BD0000100020001001000FF00FF000001010170
:109BE00002020000000000006C311000B8361000C6
:109BF00065120100000000007D100100000000005F
:109C0000C90E010000000000D50E01000000000098
:109C1000E30E010000000000E70E0100000000005C
:109C20000D0F0100020000008F0F01000100000075
:109C3000ED0F0100010000000F1001000100000005
:109C400011100100010000001310010001000000CC
:109C50002510010002000000291201000000000090
:109C60003710010001000000791001000100000020
:109C70007B10010001000000D91401000100000068
:109C8000F714010001000000511201000000000063
:109C90008F0E0100000000002912010000000000EA
:109CA000291201000000000029120100000000003C
:109CB00019140100000000006912010000000000FA
:109CC0003113010000000000291201000000000013
:109CD00087120100010000000F13010001000000C5
:109CE000931401000100000000000000291201008F
:109CF0000000000000000000291201000000000028
:109D00000000000029120100000000000000000017
:109D1000B714010001000000000000002D12010036
:109D200001000000000000002912010000000000F6
:109D3000000000008110010004000000000000008D
:109D4000B71001000400000000000000E71001004F
:109D500007000000000000003511010009000000AC
:109D6000000000009111010006000000000000004A
:109D7000C1110100040000000000000029120100D0
:109D80000000000000000000291201000000000097
:109D90000000000029120100000000000000000087
:109DA000631501000100000000000000C90F010060
:109DB0000100000000000000291201000000000066
:109DC0000000000029120100000000000000000057
:109DD0002912010000000000000000002D14010005
:109DE0000D000000010000006913010000000000E8
:109DF0000000000029120100000000000000000027
:109E00006514010001000000000000007F14010043
:109E10000D000000010000008D1401000100000091
:109E2000000000000F14010000000000000000000E
:109E30007F13010002000000000000009B130100DE
:109E40000300000000000000F31301000200000006
:109E500000000000EB150100E715010007170100E5
:109E6000E7150100A7170100E7150100E71501003C
:109E7000E7150100E7150100E71501001F160100B5
:109E8000010000003B16010000000000E715010082
:109E90000000000057160100010000003317010008
:109EA0000100000057170100010000007B170100AE
:109EB000010000009F17010004000000A31701002B
:109EC00001000000DB170100010000003F18010045
:109ED0000100000055180100020000009D1801005B
:109EE00002000000E318010002000000A9190100AF
:109EF00001000000311A010002000000E715010016
:109F0000000000007119010002000000E7150100C7
:109F100000000000E715010000000000FF1A01002A
:109F200002000000F5170100FF1701000B180100E7
:109F30001B180100E71501002F1801001F1C01006C
:109F4000471C01004B1C0100FD1B01000F1C010000
:109F50001B1C01004D2001006F2001007720010033
:109F600097200100E92001001B2101002B210100A5
:109F70003D2101004F2101006121010073210100F9
:109F80008521010097210100A9210100BB210100C9
:109F9000CD210100DF210100F1210100A6020F0304
:109FA00000A8020B030072000B01007300080100FF
:109FB000AA020B030075000B01008600020100607D
:109FC0000002010061000201000000005D000000CD
:109FD0000000000000000000000000004900100028
:109FE000000000000000000000000000B3000000BE
:109FF0000000000000000000000000004900000018
:10A00000000000000000000000000000030000004D
:10A0100000000000000000000000000053000000ED
:10A0200000000000000000000000000043000000ED
:10A03000000000000000000000000000F30000002D
:10A04000000000000000000000000000E30000002D
:10A05000000000000000000000000000F30000000D
:10A0600000000000000000000000000000000000F0
:10A0700006000000A853100000040000492E000054
:10A0800000000000020000000100000005000000C8
:10A09000A857100000040000A54C000000000000BC
:10A0A000020000000200000004000000A85B100095
:10A0B00000080000570B0100000000000200000033
:10A0C0000300000003000000A86310000008000067
:10A0D000311F010000000000020000000400000029
:10A0E00002000000A86B100000030000631B0100C9
:10A0F0000000000002000000050000000100000058
:10A10000A86E100080000000050D01000000000096
:10A11000020000000000000001000000010000003B
:10A120000100000002000000010000000300000028
:10A130000100000004000000010000000500000014
:10A140000100000006000000010000000000000007
:10A1500001000000020000000300000004000000F5
:10A16000FFFFFFFF0000000003080C0000000000DC
:10A170000000000003111E000000000000000000AD
:10A1800003080C00000000000000000003111E0086
:10A19000000000000000000063610100F5600100A4
:10A1A00007760100DD5A010043670100A96701003D
:10A1B00001620100C5690100017201001D76010004
:10A1C00007760100DD5A0100C56901000172010036
:10A1D000A967010043670100016201001D760100CB
:10A1E00002401000000000010600300000000420C2
:10A1F00008025000020C0002300C191003002F005E
:10A200000100702C0300000301000000FFFF3F1855
:10A21000FFFFFF0003010180008000000C0C0C0C0C
:10A2200007010000000000002216010000000038B5
:10A23000003C003D003F103F803F983FB03FC03F93
:10A2400000000000000000000000000000200000EE
:10A2500000010102010202030102020302030304DE
:10A26000000000001B0000802D0000803600000070
:10A27000410000805A0000006C0000007700008060
:10A280009900008082000000B4000000AF00008050
:10A29000D8000000C3000080F5000080EE00000040
:10A2A0002901008032010000040100001F0100802C
:10A2B0006801000073010080450100805E0100001C
:10A2C000B0010000AB0100809D010080860100000C
:10A2D000F1010080EA010000DC010000C7010080FC
:10A2E0004902008052020000640200007F020080E8
:10A2F0000802000013020080250200803E020000D8
:10A30000D0020000CB020080FD020080E6020000C7
:10A31000910200808A020000BC020000A7020080B7
:10A32000600300007B0300804D03008056030000A3
:10A33000210300803A0300000C0300001703008093
:10A34000F9030080E2030000D4030000CF03008083
:10A35000B8030000A3030080950300808E03000073
:10A360008904008092040000A4040000BF0400805F
:10A37000C8040000D3040080E5040080FE0400004F
:10A38000100400000B0400803D040080260400003F
:10A39000510400804A0400007C040000670400802F
:10A3A000A0050000BB0500808D050080960500001B
:10A3B000E1050080FA050000CC050000D70500800B
:10A3C0003905008022050000140500000F050080FB
:10A3D0007805000063050080550500804E050000EB
:10A3E000C0060000DB060080ED060080F6060000D7
:10A3F000810600809A060000AC060000B7060080C7
:10A400005906008042060000740600006F060080B6
:10A410001806000003060080350600802E060000A6
:10A42000E9070080F2070000C4070000DF07008092
:10A43000A8070000B3070080850700809E07000082
:10A44000700700006B0700805D0700804607000072
:10A45000310700802A0700001C0700000707008062
:10A460000909008012090000240900003F0900804A
:10A470004809000053090080650900807E0900003A
:10A48000900900008B090080BD090080A60900002A
:10A49000D1090080CA090000FC090000E70900801A
:10A4A000200800003B0800800D080080160800000E
:10A4B000610800807A0800004C08000057080080FE
:10A4C000B9080080A2080000940800008F080080EE
:10A4D000F8080000E3080080D5080080CE080000DE
:10A4E000400B00005B0B00806D0B0080760B0000C2
:10A4F000010B00801A0B00002C0B0000370B0080B2
:10A50000D90B0080C20B0000F40B0000EF0B0080A1
:10A51000980B0000830B0080B50B0080AE0B000091
:10A52000690A0080720A0000440A00005F0A008085
:10A53000280A0000330A0080050A00801E0A000075
:10A54000F00A0000EB0A0080DD0A0080C60A000065
:10A55000B10A0080AA0A00009C0A0000870A008055
:10A56000800D00009B0D0080AD0D0080B60D000039
:10A57000C10D0080DA0D0000EC0D0000F70D008029
:10A58000190D0080020D0000340D00002F0D008019
:10A59000580D0000430D0080750D00806E0D000009
:10A5A000A90C0080B20C0000840C00009F0C0080FD
:10A5B000E80C0000F30C0080C50C0080DE0C0000ED
:10A5C000300C00002B0C00801D0C0080060C0000DD
:10A5D000710C00806A0C00005C0C0000470C0080CD
:10A5E000C90F0080D20F0000E40F0000FF0F0080B1
:10A5F000880F0000930F0080A50F0080BE0F0000A1
:10A60000500F00004B0F00807D0F0080660F000090
:10A61000110F00800A0F00003C0F0000270F008080
:10A62000E00E0000FB0E0080CD0E0080D60E000074
:10A63000A10E0080BA0E00008C0E0000970E008064
:10A64000790E0080620E0000540E00004F0E008054
:10A65000380E0000230E0080150E00800E0E000044
:10A6600054CE0100000410001C0500001C01000075
:10A67000ACCE0100007C100040000000780100001A
:10A68000ECCE010070DF0120D8000000780100004E
:10A69000ACCE01001C091000086E000094010000FF
:10A6A000C4CF010048E00120000100009401000037
:10A6B000000000000000000000000000000000009A
:10A6C000000000000000000000000000000000008A
:10A6D000000000000000000000000000000000007A
:10A6E000000000000000000000000000000000006A
:10A6F000000000000000000000000000000000005A
:10A700000000000000000000000000000000000049
:10A710000000000000000000000000000000000039
:10A720000000000000000000000000000000000029
:10A730000000000000000000000000000000000019
:10A740000000000000000000000000000000000009
:10A7500000000000000000000000000000000000F9
:10A7600000000000000000000000000000000000E9
:10A7700000000000000000000000000000000000D9
:10A7800000000000000000000000000000000000C9
:10A7900000000000000000000000000000000000B9
:10A7A00000000000000000000000000000000000A9
:10A7B0000000000000000000000000000000000099
:10A7C0000000000000000000000000000000000089
:10A7D0000000000000000000000000000000000079
:10A7E0000000000000000000000000000000000069
:10A7F0000000000000000000000000000000000059
:10A800000000000000000000000000000000000048
:10A810000000000000000000000000000000000038
:10A820000000000000000000000000000000000028
:10A830000000000000000000000000000000000018
:10A840000000000000000000000000000000000008
:10A8500000000000000000000000000000000000F8
:10A8600000000000000000000000000000000000E8
:10A8700000000000000000000000000000000000D8
:10A8800000000000000000000000000000000000C8
:10A8900000000000000000000000000000000000B8
:10A8A00000000000000000000000000000000000A8
:10A8B0000000000000000000000000000000000098
:10A8C0000000000000000000000000000000000088
:10A8D0000000000000000000000000000000000078
:10A8E0000000000000000000000000000000000068
:10A8F0000000000000000000000000000000000058
:10A900000000000000000000000000000000000047
:10A910000000000000000000000000000000000037
:10A920000000000000000000000000000000000027
:10A930000000000000000000000000000000000017
:10A940000000000000000000000000000000000007
:10A9500000000000000000000000000000000000F7
:10A9600000000000000000000000000000000000E7
:10A9700000000000000000000000000000000000D7
:10A9800000000000000000000000000000000000C7
:10A9900000000000000000000000000000000000B7
:10A9A00000000000000000000000000000000000A7
:10A9B0000000000000000000000000000000000097
:10A9C0000000000000000000000000000000000087
:10A9D0000000000000000000000000000000000077
:10A9E0000000000000000000000000000000000067
:10A9F0000000000000000000000000000000000057
:10AA00000000000000000000000000000000000046
:10AA10000000000000000000000000000000000036
:10AA20000000000000000000000000000000000026
:10AA30000000000000000000000000000000000016
:10AA40000000000000000000000000000000000006
:10AA500000000000000000000000000000000000F6
:10AA600000000000000000000000000000000000E6
:10AA700000000000000000000000000000000000D6
:10AA800000000000000000000000000000000000C6
:10AA900000000000000000000000000000000000B6
:10AAA00000000000000000000000000000000000A6
:10AAB0000000000000000000000000000000000096
:10AAC0000000000000000000000000000000000086
:10AAD0000000000000000000000000000000000076
:10AAE0000000000000000000000000000000000066
:10AAF0000000000000000000000000000000000056
:10AB00000000000000000000000000000000000045
:10AB10000000000000000000000000000000000035
:10AB20000000000000000000000000000000000025
:10AB30000000000000000000000000000000000015
:10AB40000000000000000000000000000000000005
:10AB500000000000000000000000000000000000F5
:10AB600000000000000000000000000000000000E5
:10AB700000000000000000000000000000000000D5
:10AB800000000000000000000000000000000000C5
:10AB900000000000000000000000000000000000B5
:10ABA00000000000000000000000000000000000A5
:10ABB0000000000000000000000000000000000095
:10ABC0000000000000000000000000000000000085
:10ABD0000000000000000000000000000000000075
:10ABE0000000000000000000000000000000000065
:10ABF0000000000000000000000000000000000055
:10AC00000000000000000000000000000000000044
:10AC10000000000000000000000000000000000034
:10AC20000000000000000000000000000000000024
:10AC300000000000000000000000000030B4029C92
:10AC400040B101280AD002280FD1C8B230BC114649
:10AC500000F0FCB830BCC8B200F02DB8C8B2D1B218
:10AC60001A46A3B230BC00F05DB830BC704708A0F3
:10AC7000704710B5F6F7E8FF4169BDE8104004A041
:10AC80000847492070470920704700F04BB9000081
:10AC90004135323500000000A0480021B4228180F7
:10ACA000C18041818181028141768176C1760177BF
:10ACB00041778177704770B5984D044629788807A9
:10ACC00001D4C8070CD0200701D4600708D500F0D4
:10ACD00029F900692861FFF7DFFF00F0E7FD15E0C3
:10ACE000A00701D4E00702D0FFF7D6FF0EE00B0764
:10ACF0004FF000004FF0B40201D5630703D44907B9
:10AD000004D5210702D5A880E8802A812C708448C8
:10AD100000F03EF9BDE87040814800F0F7BC7F4884
:10AD20000078704770B5044600F004F9042C7DD11A
:10AD30007B4CA0688047000703D4A0688047400789
:10AD400005D5206880474068804700F0C2FD744800
:10AD500000F05FF9724800F0DAFC704C20780428AB
:10AD600002D0082819D105E0E188491C89B2E180A8
:10AD7000282207E02189491E2181A188491C89B226
:10AD8000A1803C22B1FBF2F302FB131129B96189C6
:10AD9000491C61812169491C216162890021B2F548
:10ADA000616F03D36181A289521CA281A3894EF6EF
:10ADB0006022934200D1A181E388934200D1E180D7
:10ADC000A388934200D1A18000074FF0B4050FD5AE
:10ADD00000F0C2F8406880470068804740B100F04A
:10ADE000BBF84068804700F0A2F9012800D1258116
:10ADF0002078000704D54A4800F038F900B12581D1
:10AE00002078000705D5208918B9F6F71DFF0068DE
:10AE10008047617E062211B9A07E012809D0E07E1C
:10AE200008B1401EE076A176217F00E00BE011B171
:10AE300004E0E276F7E7607F012805D0A07F08B143
:10AE4000401EA077617770BDA277FBE710B5334A4B
:10AE5000C9B20B2821D2DFE800F021062628202ADB
:10AE60002C2F313A3C0000F05DF80446F6F7ECFE7A
:10AE7000C3684FF48062002120469847FFF70CFF1B
:10AE8000274800F085F804F1F00000F03EFC942023
:10AE900060814220A0818120E08110BDBDE810408A
:10AEA0001F4800F092B8117510BD517510BD0020FB
:10AEB00000E00120907510BDD17510BD107E884254
:10AEC000FBD01176BDE81040154800F061B851760E
:10AED00010BD117710BD114910B5091D1EC980E8BC
:10AEE0001E0010BD0D494A6902608A6942608A8B62
:10AEF0000281897F817270470848417E012902D012
:10AF0000C07E002800D0012070470448017F01293D
:10AF100002D0807F002800D00120704748E0012047
:10AF20003CCD0100024870474FF48060704700003C
:10AF300070DB012030B41446012806D0022809D164
:10AF400030BC1946104600F04EBE204630BC1A46B2
:10AF500000F0F6BD30BC70470048704758CD010086
:10AF600010B540688047008808B1012400E0002443
:10AF7000F6F76AFE03218368224602209847F6F717
:10AF800063FE836822460321BDE810400420184771
:10AF900070B5064600244C4D0FE055F8240050B122
:10AFA00055F824008047006828B155F824008047F0
:10AFB000016830468847641CE4B255F82400002834
:10AFC000EBD13046BDE87040CAE770B506460024B4
:10AFD0003D4D16E055F8240088B155F8240080470F
:10AFE00041683046884750B155F824008047C06812
:10AFF00028B155F824008047C16830468847641C52
:10B00000E4B255F824000028E4D13046BDE8704091
:10B01000A6E72DE9F041074600242B4E20E056F824
:10B020002400D8B156F82400804741683846884744
:10B03000A0B156F824008047057DB86880470542D6
:10B040000CD056F824008047806838B156F82400A8
:10B050008047816838468847002805D1641CE4B2DF
:10B0600056F824000028DAD1BDE8F0812DE9F0413E
:10B0700007460024144E21E056F82400E0B156F8AB
:10B0800024008047416838468847A8B156F8240014
:10B090008047057DB868804705420DD056F82400EA
:10B0A0008047006940B156F824008047016938465E
:10B0B000884708B10120D7E7641CE4B256F82400A1
:10B0C0000028D9D1D0E7000070DF01206AB11388D1
:10B0D00083420AD89388834207D3D088884204D316
:10B0E0005088884201D8012070470020704770B511
:10B0F00015460E460446024600232946304601F016
:10B100001AFA0021204601F03CFAC0B270BD0023BB
:10B1100001F011BA01F00FBA10B5002101F031FAB7
:10B12000C0B210BD10B501F02CFAC0B210BD01F0D4
:10B13000C8B901F0D8B901F0EAB901F0AFB901F02E
:10B1400041BA00002DE9FC41FE4C074620892568E4
:10B1500000EB8001F42000EB41002E1D6880F6F723
:10B1600073FD036920890A2200EB800006EB400092
:10B17000394698472089F44D401C80B220812168CF
:10B18000497888420AD1207D40B9D5E90001CDE94E
:10B190000001F6F759FD4168684688472168208913
:10B1A0004978B0EB410F0DD300202081207D00288D
:10B1B00008D1D5E90201CDE90001F6F745FD416866
:10B1C00068468847BDE8FC812DE9F04104460868DF
:10B1D00088B090460E468047406880470546F16833
:10B1E00068468847F6F730FD0A22C36800212046EA
:10B1F0009847208820F007002080A96A40468847A9
:10B20000D04FF874A96A40468847012820884DD05D
:10B2100020F008002080BDF8061061F30F10208098
:10B22000BDF804000109608861F303006080BDF887
:10B230000410A08861F30300A080E96840468847B5
:10B24000B881618860F30F116180296940468847A1
:10B25000F881A18860F30F11A180316904A88847A3
:10B26000E188049860F30101E180696A40468847FB
:10B2700001463882E08861F38300C0F38101E080F9
:10B28000032902D340F00C00E0802969404688473A
:10B290000746E968404688473246394600F038FAA2
:10B2A0000028E08805D040F0200004E040F00800CD
:10B2B000B0E720F02000E080A96840468847218957
:10B2C00060F38A212181A96940468847C0081F2868
:10B2D00000D91F20E18860F38A11E180E9694046C6
:10B2E0008847C0081F2800D91F20E18860F3CF21BC
:10B2F000E18069694046884740081F2800D91F201F
:10B30000218960F3CF21218108B0BDE8F0817FB5AC
:10B310000D460446F6F798FC0A22C3680021204631
:10B320009847208820F00700801D2080E968684643
:10B3300088470198010C208861F30F102080E9688C
:10B34000684688470398000C6080E968684688472B
:10B350000398A0807B48417EE180007E20817FBDF4
:10B36000704710B50446F6F76FFCC3684FF444729B
:10B37000002120469847734925200C6060708A2080
:10B380002070002008810875087648758875C87592
:10B39000487610BDF0B50446406887B08047694ED6
:10B3A0004FF000053079810701D4C00734D0A06880
:10B3B0008047000703D4A068804740072CD500953C
:10B3C00001956F460295F6F73FFC0A22C3680021FB
:10B3D00038469847BDF8000020F00700801CADF803
:10B3E0000000E16803A888470498010CBDF800003C
:10B3F00061F30F10ADF80000E16803A888470698D4
:10B40000000CADF80200E16803A888470698ADF883
:10B4100004006846FFF796FE3079010701D4400723
:10B4200017D5A0688047800703D4A0688047C0076D
:10B430000FD00095019521466846029500F002FA6A
:10B440006846FFF77FFE357535767575B575F57508
:10B450007576A06880473071E16868468847029831
:10B46000F080758107B0F0BD2DE9FE43354F804671
:10B47000386839894078814201D3022600E00126EC
:10B480003048F97D15300A5C521C0A54F87D40B1F1
:10B49000002038440025407D0A281BD9387D10B192
:10B4A00018E00120F5E700950195FF200295387618
:10B4B00041466846FFF72BFF3C7A04E06846FFF7F9
:10B4C00041FE641CE4B2386840787043A042F5D86D
:10B4D00001203875F87DA8B100203844407D03284C
:10B4E0000ED2387D01280BD10095019502953D764D
:10B4F0003D7541466846FFF70AFF6846FFF722FEA2
:10B50000BDE8FE830120E8E72DE9F04F04464068DE
:10B5100087B0804700F1F005606880474078C00739
:10B5200008D02846FFF71DFF60688047417821F06A
:10B5300001014170A0688047000708D4A0688047D7
:10B54000400703E068E0012060CD010070D5E168AC
:10B55000684688470198D44F000C00EBD07121F069
:10B560000101401AF97DC0B24FF00008814202D0BB
:10B570003A1882F81580F87520688047406880473F
:10B580000546FFF7D4FD20B92846FFF7D4FD002873
:10B590005ED020688047406880470546CDF80C8023
:10B5A000CDF810802A460A2103A8CDF81480FFF7B1
:10B5B000AEFD002648E003A810F806A0CDF80080F4
:10B5C000CDF80480CDF80880A96A50468847012844
:10B5D00004D0A96A50468847032833D1A96A504647
:10B5E00088478346E968504688478146296950461E
:10B5F00088470690696A50468847BA894A450CD1FF
:10B60000FA8906998A4208D1398A814205D1F97CA2
:10B61000594502D1787E60B114E02046FFF724FF3F
:10B6200087F81980524621466846FFF7CDFD06E0AF
:10B6300067E00120787621466846FFF768FE684695
:10B64000FFF780FD761CF6B228688047B042B2D87A
:10B6500060688047B0F8600090B14546CDF8008042
:10B66000CDF8048021466846CDF8088000F092F8B5
:10B670006846FFF767FD60688047A0F860507D81ED
:10B68000E16868468847F9880298491C80B281427F
:10B690002FD1CDF80080CDF804806D46CDF808801C
:10B6A000F6F7D2FA0A22C368002128469847BDF867
:10B6B000000020F00700001DADF80000E16803A8BD
:10B6C00088470498010CBDF8000061F30F10ADF835
:10B6D0000000E16803A888470698000CADF8020056
:10B6E000E16803A888470698ADF804006846FFF7AC
:10B6F00029FDE168684688470298F8807889401CEF
:10B70000788107B0BDE8F08F1CE52AE642E6FBE64B
:10B710007CB5106815468047406880470646FFF7AD
:10B720000EFD040001D500207CBD68688047C088FC
:10B73000ADF80000686880470089ADF802006868CD
:10B7400080474088BDF800100844ADF804006868E0
:10B7500080478088BDF802100844ADF806003169C2
:10B76000E0B288470546F168E0B288476A46294654
:10B77000FFF7ACFC60B93169E0B288470546F26872
:10B78000E0B290476A462946FFF7A0FC0028CBD0DC
:10B7900001207CBD2DE9FF41044608680D46804725
:10B7A000406880470746FFF7CAFC060048D4F6F712
:10B7B0004BFA0A22C368002120469847208820F0CF
:10B7C0000700401C2080E968684688470198010C02
:10B7D000208861F30F1020806868804790F860002F
:10B7E000800701D5012018E06868804790F8600064
:10B7F000400701D5042010E06868804790F8600099
:10B80000000701D5052008E06868804790F86000CF
:10B81000C00601D5062000E00020618860F3030126
:10B820006180F968F0B288470146608861F30F10C3
:10B8300060803969F0B28847A18860F30F11A18058
:10B84000BDE8FF817FB50D460446F6F7FDF90A22F3
:10B85000C368002120469847208820F00700C01CBC
:10B860002080686880470178208861F30B100E49BA
:10B87000897A090961F30F302080E96868468847B2
:10B880000098000C6080E968684688470098A080AE
:10B89000E968684688470398000CE080E9686846D4
:10B8A0008847039820817FBD68E0012030B58D492D
:10B8B0008B4D00200A684B688C6800EB400105EB5B
:10B8C0008101401C8A60CB60C0B20C610A28F4D3AD
:10B8D00030BD2DE9F05F054600680024804740B187
:10B8E000DFF8FCA1A346A96A20468847012803D0B7
:10B8F00008E0BDE8F05FD9E704EB44020AEB8201FF
:10B9000081F809B0A96A2046884701280DD0A96AA4
:10B9100020468847022808D004EB44010AEB810244
:10B920005189132953D2042052E0E9682046884700
:10B9300081462969204688470746A96820468847E6
:10B9400010B140F2734001E04FF4867004EB440202
:10B950000AEB820606F10C01814502D9A9EB00022F
:10B9600000E000221FFA82FC874201D93A1A00E067
:10B97000002293B209EB00024FF48768424500D3DE
:10B98000424638444FF4166892B2404500D34046D0
:10B99000A1F800C04B808A80C88048463946504A8A
:10B9A000FFF794FB08B1012000E0022071890844F0
:10B9B000262800D9262080B231467081132811D361
:10B9C00001203072707A40F0010048720AE00120D4
:10B9D000814200D20020081A80B25081132801D27F
:10B9E00082F808B0641CE4B20A2CFFF47CAFBDE816
:10B9F000F09F2DE9F74F07460025006882B0894681
:10BA00002E46804710B1DFF8D8B030E0002089F82A
:10BA1000000005B0BDE8F08FB96A28468847800766
:10BA200023D0F96828468847009039692846884716
:10BA300082460098C8B1BAF1000F16D0002404EB7A
:10BA400044010BEB810808F10C0251460098FFF706
:10BA50003DFB30B198F8080018B9761CF6B289F8A9
:10BA60000050641CE4B20A2CE9D36D1CEDB20498BA
:10BA70008542D1D3012E02D0002089F80000304643
:10BA8000C7E72DE9F0410E4607001FD0F6B14FF68B
:10BA9000FF7087421AD0864218D0114D002404EB63
:10BAA000440005EB8002314638460C32FFF70EFBAE
:10BAB00040B104EB440005EB8000007A30B1002077
:10BAC000BDE8F081641CE4B20A2CE8D30120F7E75A
:10BAD000034900EB400001EB8000407A7047000012
:10BAE00084DF012084E00120194AC0F10F0000EB3F
:10BAF0000010126801EB400032F910007047144A40
:10BB0000C0F10F0000EB0010526801EB400032F969
:10BB1000100070470E4AC0F10F0000EB0010926851
:10BB200001EB400032F910007047094AC0F10F00E4
:10BB300000EB0010D26801EB400032F910007047B2
:10BB4000034A42F821007047024901EB8000704728
:10BB500090E0012070CD01002648008870470A203F
:10BB6000704724490E2202EB00104968085C00F07F
:10BB7000010070471F49496801EB001000787047C9
:10BB80001C49022202EB00104968085A7047194903
:10BB9000042202EB00104968085A70471549062232
:10BBA00002EB00104968085A70471249082202EB5C
:10BBB00000104968085A70470E490A2202EB00102B
:10BBC0004968085A70470B490E2202EB0010496879
:10BBD000085CC0F3400070470649012202EB0010E8
:10BBE0004968085C7047034A1180506070470248FA
:10BBF0007047000004E0012080CD010008B500205E
:10BC0000009040F2411354224021244800F087FE66
:10BC100008BD10B5406880470078C0F3400010BDF3
:10BC2000704710B50446006886B08047406880477A
:10BC300002461A49684600F07AFE9DF8090080071E
:10BC400013D5BDF80000DB280FD340F25D318842E8
:10BC50000BD8BDF8020040F6BF01884205D39DF81D
:10BC600008003C2801D8032802D8002006B010BDE7
:10BC70000B48D0E90010CDE90310F5F7E5FF416866
:10BC800003A888476068804710F8601F41F00201F0
:10BC900001700120EAE7024808307047A0E0012067
:10BCA000ACCD010070B540688047B0F84B3003B3AD
:10BCB0001946FE4D2980B0F84D20EAB11146698041
:10BCC000B0F84F10D9B10C46AC80B0F85100C8B1F3
:10BCD0000446EC80CBB1503BF44C08342380BAB11D
:10BCE000503A6280B9B15031A180B8B15030E08093
:10BCF00070BD40F2AB11DCE740F2E371DFE74FF4D7
:10BD00002374E1E74FF40D64E3E740F25B13E3E7EC
:10BD100040F29372E5E74FF43771E5E74FF41260B4
:10BD2000E5E7F8B5044640688047007DC00701D0CC
:10BD3000012700E00327DD4DAD1FA878012828D09A
:10BD40004FF47A6660688047007D5023C0F340005E
:10BD5000A8703A461946D648009600F0ADFC204639
:10BD6000FFF7A0FF00262E706E70204600F07AF9D3
:10BD70006068804710214175606880470C2181759B
:10BD8000606880471821C1756068804706762E710B
:10BD9000F8BD6426D6E710B5406880470078C0F348
:10BDA000001434B1F5F750FF0321836822460120C7
:10BDB0009847204610BD2DE9F04F0446006887B033
:10BDC00080474068804707460246B84BB8496846F6
:10BDD00000F07BFCA0688047000703D4A068804780
:10BDE000400701D5062000E01220B24E8246D6E977
:10BDF0000001CDE90501A0698047AC4D4FF0010974
:10BE0000AD1F4FF00008012809D085F803809DF888
:10BE10000A00012806D02878012805D089E085F895
:10BE20000390F4E785F80090B96A9DF80900884707
:10BE3000032803D010B102282AD07AE085F80080C8
:10BE4000474685F80180204600F00CF9D6E902014A
:10BE5000CDE90301BDF8001008098DF80E00BDF80A
:10BE6000020001F00F01020961F31F108DF80F208D
:10BE70008DF81000F5F7E8FE416803A888472F7198
:10BE8000EF706068804710F8601F41F010019DE07E
:10BE90006878E0BB39699DF8090088478346F968EE
:10BEA0009DF809008847814A59460832FFF70EF984
:10BEB00068B1204600F0E3F82879401CC0B2B0FB1E
:10BEC000FAF228710AFB1200032829D031E085F824
:10BED0000190D6E90401CDE90301BDF8001008097D
:10BEE0008DF80E00BDF8020001F00F01020961F3A8
:10BEF0001F108DF80F208DF81000F5F7A5FE416892
:10BF000003A8884785F804806068804700E010E057
:10BF100010F8601F41F01001017085F8038008E0FF
:10BF2000D6E90601CDE90301F5F78EFE416803A8C5
:10BF300088479DF80A00012814D1BDF80610BDF805
:10BF400004005A4AFFF7C2F800280CD0A87801284C
:10BF50000CD1E878012805D005A93846FFF7E2F8AA
:10BF6000012803D9002007B0BDE8F08F6068804742
:10BF7000007D012800D00020D6E90812CDE9031287
:10BF8000BDF800108DF80D0008098DF80E00BDF801
:10BF9000020001F00F01020961F31F108DF80F205C
:10BFA0008DF81000F5F750FE416803A8884785F822
:10BFB00004806068804710F8601F41F01001017034
:10BFC0006068804710F8601F41F040010170012057
:10BFD000C9E72DE9F041064640688047007DC0076B
:10BFE00001D0012400E00324304FBF1FB87801289E
:10BFF00013D04FF47A6570688047007D2146C0F306
:10C000004000B8702A4800F053FB2946284800F049
:10C0100051FB3046BDE8F04144E66425EBE72DE9ED
:10C02000F04100688047406880470446204DE16841
:10C03000A87A884706462169A87A88470746A16AF0
:10C04000A87A8847022808D1184A39463046FFF7AF
:10C050003DF810B10120BDE8F0810020FBE7154854
:10C060002830704770B50024054626466968884721
:10C070002044641CA4B24676182CF7D370BD2DE979
:10C08000F04387B00646002518216846FDF729FCD5
:10C0900016274FF41678E946002430688047016877
:10C0A000032088470268F9B2E0B205E012E00120FF
:10C0B000BAE00120CCCD01009047404501DD0120D0
:10C0C00000E00020E90805F0070248B119F8010076
:10C0D0004FF0010C0CFA02FC40EA0C0009F80100D8
:10C0E0006D1C641CA4B2ADB2102CD6D37F1CBFB2A1
:10C0F000222FD1D300244D46706880472044295D0B
:10C10000641CA4B24176182CF6D307B0BDE8F083C6
:10C1100030B585B005460169684688470198012217
:10C12000C4B2002C04D04FF032014FF06A0003E09B
:10C130004FF046014FF060004FF024030DF1080C62
:10C1400001938CE8070002D04FF0070001E04FF0A8
:10C150000500009002D04FF0030201E04FF0020210
:10C160004FF012034FF00201824800F042FD686870
:10C170008047028981887F4D114489B20091C1882E
:10C180004088123D084483B2A81C00F0DFF8002C60
:10C1900002D040F69F0001E040F6DF00009002D0A0
:10C1A0004FF46E7301E040F2F63302D040F25C428D
:10C1B00001E04FF0940202D04FF0800101E04FF017
:10C1C00042016C48A0F1080000F0C0F8002028707F
:10C1D00005B030BD10B5406880470078410701D4F4
:10C1E000800601D5012010BD002010BD2DE9FF47BC
:10C1F0000546406880470078C0F38008C0F34016C9
:10C20000686980475B4C6075A8698047A07528689D
:10C2100080474068804702462146684600F00AFD94
:10C22000A07B4FF0000930B168688047617B80F8DF
:10C230006A1084F80E904F4F9DF800000124123FC1
:10C2400001281AD1B8F1000F0AD0BDF80410BDF8CA
:10C250000200002200F081F810B187F800900CE095
:10C260004EB1BDF80410BDF80200012200F075F8CF
:10C2700008B13C7001E0FF2038709DF800000228F2
:10C280001DD1BDF802A0BDF80490002407EBC40244
:10C2900049465046921CFEF719FF20B1B8F1000F35
:10C2A00009D02EB10FE0641CE4B2022CEED306E0FC
:10C2B000387820B907E036B13878012803D000205B
:10C2C00004B0BDE8F0872C48D0E90010CDE9021099
:10C2D0003878BDF802108DF8090008098DF80A00B9
:10C2E000BDF8040001F00F01020961F31F108DF881
:10C2F0000B208DF80C00F5F7A7FC416802A88847D1
:10C3000038780028686807D0804710F8601F41F02F
:10C31000200101700120D3E7804710F8601F41F031
:10C320000401F6E708B54068804702898188114416
:10C3300089B20091C1884088084483B20D48103802
:10C3400000F004F808BD0C480830704710B5029C96
:10C35000018042808380C48010BD064B10B5123B23
:10C3600003EBC202921CFEF7B1FE002800D00120B0
:10C3700010BD0000E0E001200CCE010000B585B04A
:10C380000DF1040C0123462260211E208CE80F00D1
:10C39000022002460090122301213D4800F029FCB2
:10C3A00040F6DF00009040F2F633942242213948F3
:10C3B00000F067F805B000BD10B540688047007810
:10C3C000C0F3C00010BD2DE9FF410546406980471C
:10C3D0002F4C6075A8698047A07528688047406821
:10C3E000804702462146684600F024FC9DF8000084
:10C3F000022835D1BDF80280BDF80470254E002416
:10C4000006EBC40239464046FEF760FE20B32248E0
:10C41000D0E90010CDE90210BDF8021008098DF82E
:10C420000A00BDF8040001F00F01020961F31F10BA
:10C430008DF80B208DF80C00F5F706FC416802A87A
:10C4400088476868804710F8601F41F00801017054
:10C45000012004B0BDE8F081641C14F0FF04CFD0CB
:10C460000020F6E708B540F6DF00009040F2F63312
:10C4700094224221074800F004F808BD064808301D
:10C48000704710B5029C018042808380C48010BD3B
:10C4900014E1012022E001202CCE010070B50546F8
:10C4A00000688047002805D00024A96820468847F6
:10C4B00008B1012070BD641CE4B20A2CF5D3002041
:10C4C00070BD70B505460068804700280AD000247A
:10C4D000A96A20468847012804D0641CE4B20A2CCB
:10C4E000F6D3002070BD70B505460068804700286F
:10C4F0000AD00024A96A20468847022805D0641C77
:10C50000E4B20A2CF6D3002070BD012070BD70B5D6
:10C5100005460068804700280AD00024A96A204602
:10C520008847032805D0641CE4B20A2CF6D3002007
:10C5300070BD012070BD2DE9F04700251F4616464D
:10C54000884681462C46B16A2046884798B1F168F2
:10C55000204688478246316920468847014627B1F0
:10C560003A465046FEF7B2FD28B109F805406D1C69
:10C57000EDB2454503D0641CE4B20A2CE3D3BDE818
:10C58000F0872DE9F04100250F4606462C46B16A9A
:10C590002046884778B1F16820468847804631694F
:10C5A00020468847014627B13A464046FEF78EFDB1
:10C5B00008B16D1CEDB2641CE4B20A2CE7D368B27A
:10C5C000BDE8F08170B50546006880474FF0FF3642
:10C5D00050B10024A96A2046884708B160B270BDF6
:10C5E000641CE4B20A2CF5D3304670BD70B50D461C
:10C5F0000446896A164610468847012801D0002063
:10C6000070BD204600F0C5F8E968304688472080B4
:10C610002969304688476080A672A96930468847F4
:10C62000618A884201D90120E072607A401C607200
:10C63000E5E72DE9F0410D460446896A904610462B
:10C6400088470746E96840468847A08029694046F0
:10C650008847E080208A012698B9B4F90010B4F91F
:10C660000420881A00D5501AA389984208DCB4F92E
:10C670000220B4F90610501A00D5881A984200DD3D
:10C68000E672A96940468847618A884200D9E67205
:10C69000217AE2890020914205D36072E07A28B9BC
:10C6A0000120BDE8F081032F00D160720020F8E77F
:10C6B000C18170474182704730B4029C8181C28140
:10C6C0000382448230BC00F064B82DE9F04385B0A9
:10C6D00000260C4602960396049607461988208A7F
:10C6E0001D46091AADF8001059889146081AADF890
:10C6F00002009888218A0844ADF80400E888218A5D
:10C700000844ADF8060069461046FEF70BFD80466A
:10C7100029464846FEF706FDB8F1010F0CD0304619
:10C72000A17A607260F31746386061F30F26786073
:10C73000BE6005B0BDE8F08300B926726B464A467C
:10C740000A2102A8FEF7E6FC607A17499DF8082046
:10C7500051F82030494620469847314660F317414A
:10C760002088324660F30F026088A37A60F31F428C
:10C77000A08860F30F06E08860F31F46207A60F31C
:10C780000701401C20723A6063F30F217E60B9609C
:10C79000CFE700210172018041808180C180417218
:10C7A0008172C172704700002CE0012000210180DD
:10C7B00041808180C180018141818181C181017479
:10C7C0004174017E21F00F010176704770B50D466E
:10C7D00016780446896A30468847012801D001202E
:10C7E00070BD2046FFF7E2FFE96830468847A08128
:10C7F000296930468847E081207C401C2074EEE7A0
:10C800002DE9F0410D4617780446C9683846884737
:10C8100006462969384688478046A96A38468847C7
:10C8200003284FD0A089301A00B22080B4F902103A
:10C83000884200DC08466080B4F90000B4F90410B6
:10C84000884200DB0846A080E089A8EB000000B227
:10C85000E080B4F90810884200DC08462081B4F971
:10C860000610B4F90A00814200DB01466181608A4A
:10C87000B4F9062000B20B18934202DD0B1A934262
:10C8800003DB217E41F001012176B4F90810091A79
:10C89000914203DB217E41F002012176B4F90420AC
:10C8A000B4F9001013188B4202DD131A8B4203DB1C
:10C8B000227E42F004022276B4F90220101A884245
:10C8C00028DA24E000202074B4F90020E18A8A42AA
:10C8D00003DB237E1B0700D410204B429A4204DC6A
:10C8E000227E520701D440F00800B4F906208A42A3
:10C8F00004DB217E890701D440F004009A4204DC65
:10C90000217EC90701D140F00200002800D101209A
:10C91000BDE8F081207E40F008002076F7E730B4D3
:10C92000029C41828282C382447630BC3EE72DE97C
:10C93000F0430C4689B007463049002015468DF873
:10C940001800D1E900210792089103900490059006
:10C95000607E30B12A4B0A2203A91B6828469847FB
:10C9600001E02868804706469DF80C008DF8180005
:10C97000A96A814688474FF0010858B1012E09D1B4
:10C98000A96948468847A18A884203D8A9684846C9
:10C99000884728B12046FFF709FF8DF8098022E07B
:10C9A000E9689DF818008847804629699DF81800B5
:10C9B00088470646217C07A850F8213006AA294658
:10C9C000204698478DF80900A089ADF80000E0895D
:10C9D000ADF80480ADF80200ADF80660607C8DF81B
:10C9E0000800401C60740098386001987860BDF8B9
:10C9F0000800388109B0BDE8F08300004CCE01008A
:10CA000034E0012000210170417001834183C18223
:10CA1000C1704A1EC280028142818281817070474A
:10CA200070B5054600F11804807ED049002651F803
:10CA300020102846884701466A7D0120012A02D13C
:10CA40000522E2702070AA7D012A02D10622E2703E
:10CA50002070227D012A02D10722E2702070A28874
:10CA60006B8A9A4201D9E0702070E27C012A02D1DF
:10CA70000422E2702070012902D0022902D002E0D3
:10CA8000012600E00226608B401C6083304670BDAA
:10CA900030B5B0F91E40B0F9265000F11C01631BFF
:10CAA00000D52B1BB1F90420B1F90C401DB2131BAA
:10CAB00000D5A31A19B2038AAB420FDB8B420DDB00
:10CAC000B0F92E10438800F12E02994206DCB2F92B
:10CAD00004104089814201DC012030BD002030BDBE
:10CAE00070B500F118040146A07C002610B10128A1
:10CAF00023D103E0208B401C20831EE00846FFF773
:10CB0000C7FF01004FF0010002D10222E270207045
:10CB1000E08261782546491C6170A070E1896181DD
:10CB2000218AA181607808B1287810B1204600F0F0
:10CB300011F96078012800D10126304670BD2DE939
:10CB4000F04100F1180405460027A07C0126B846F4
:10CB5000012805D020B102280AD0032847D107E0D8
:10CB6000267084F8028003214046E170BDE8F08120
:10CB7000E08A401CE0822846FFF78AFF00B9267051
:10CB8000A07C032833D1B5F92E002988884200DA29
:10CB90002670B5F92E006988884200DD267084F879
:10CBA000028061782A7B4046914220D1B5F930104D
:10CBB000AA88914200DA2670B5F93010EA889142CD
:10CBC00000DD2670B5F932102A89914200DA26700C
:10CBD000B5F932106A89914200DD267020832178F0
:10CBE00019B1204600F0B6F801E06070022738461F
:10CBF000BCE7F0B4DDE90454DDE90776DDF818C0E0
:10CC000020F8022B20F8023B01FB125320F8023BD4
:10CC100001FB124220F8062B20F8045C20F8024C9D
:10CC200000F80C1B20F808CC20F8067C00F8046CF7
:10CC3000F0BCE7E62DE9F04F85B000254B4F02959B
:10CC400003950495083F16460C4681467A68098C80
:10CC5000E08B9047010004F11800834601D1FFF7F3
:10CC6000D1FEA5733B680A2202A930469847804648
:10CC7000207B9DF808A00127022811D1B16A5046F7
:10CC8000884701280AD0B16A50468847022813D045
:10CC9000B16A50468847032801D001E06573A77345
:10CCA0004046B8F1010F0DD98DF800505846FFF7F6
:10CCB000A9FE6573A77318E094F82A000128EFD144
:10CCC0006573EDE703469DF80820314604F11C002A
:10CCD00000F015F82046FFF7A3FE8DF80000E08B6A
:10CCE000ADF80200208CADF804000099C9F80010DE
:10CCF000BDF80410A9F8041005B0BDE8F08F2DE9C7
:10CD0000F04117460D4604460026B3B1E9681046C7
:10CD100088476081296938468847A081A96A3846D2
:10CD20008847A073A9693846884720802846FEF7BF
:10CD300004FA48B10120E07307E04FF0FF30608152
:10CD4000A081A6732680F1E7E673296A38468847F2
:10CD500020740BE700210170C28A4283018341895C
:10CD6000C1808189018101214170704740E001202B
:10CD7000EDAB01001FAC010023AC010033AC01009E
:10CD800037AC01003BAC0100D9AE010009AF010096
:10CD9000D5AE0100CFAC010087AE010095AE010019
:10CDA000A9AE0100BBAE0100F9BA01009FBB0100B2
:10CDB00056000000000000005601000000000000C6
:10CDC00099BA0100AFBA0100C5BA0100DBBA01008F
:10CDD00009BB01000FBB010013BB010031BB010007
:10CDE0003FBB01004DBB01005BBB010069BB010003
:10CDF00077BB010025BB010089BB01004200000098
:10CE000000000000ADBB0100C3BB0100D3BB0100AB
:10CE1000D1BB010000000000080000004200C1007A
:10CE2000F603DC084E020000000000004E03000084
:10CE3000000000004E040000000000004E00000052
:10CE400000000000D3BC010047BD010067BD010028
:10CE500083BF0100CFBF01000A00000046000000B0
:10CE600000000000C1C0010085C101009DC101009A
:10CE7000D5C20100000000000800000052000000C0
:10CE8000000000002DC3010069C3010077C3010049
:10CE900015C4010000000000080000007DC701006B
:10CEA000B1C7010001FF01753206320F9A37089AA7
:10CEB000E10863D30314905F013201320229084173
:10CEC000A908091A0CB264290C694829040A11043A
:10CED0001001541E01020102040404B901100C02E5
:10CEE00040010F14F001207C3A1048093F5D01DA3F
:10CEF000AAFF0C59010119045490D00330B572B641
:10CF000001230C4D2B600C4A002481B113604FF0BB
:10CF1000005100F01F0081F86A0007481C380360C8
:10CF200001680029FCD114602C6062B630BD146029
:10CF3000EDE70000C01B0022780D0022F7C20100BF
:10CF40002DC4010047BC01000FC00100000000001B
:10CF500042004200F60360090000000000000000EB
:10CF600000000000000000000000000000000000C1
:10CF700000000000000000000000000000000000B1
:10CF800000000000000000000000000000000000A1
:10CF90000000000000000000000000000000000091
:10CFA0000000000000000000000000000000000081
:10CFB0000000000000000000000000000000000071
:10CFC0000000000000000000000000000000000061
:10CFD0000000000000000000000000000000000051
:10CFE0000000000000000000000000000000000041
:10CFF00000000000000000009DC50100E3C5010025
:10D000009FB00100A3B9010033BA010091CA010029
:10D01000EFCA010046F6BCCD66030000B9094332F1
:10D0200099FCFFFF190035000102000031100000DB
:10D0300010050000FFFFFFFF03000000C0FF3F00DE
:10D04000000000000000201CA80C0BFF0FFF0FB811
:10D050000100000300000000C1C87850AAAA000522
:10D0600000057800780000050005000500050005B2
:10D07000000508B000B00078007800460046003295
:10D08000003200000000000000000000000000006E
:10D09000000000646420AA0A04C8001D290810A02A
:10D0A000295119100207080B01460064008001D0C5
:10D0B0000F009B1D000000FF000000FF00000000AB
:10D0C00080000A00EAA05228003833380100291EE7
:10D0D000291E0051005500000003000089000D00CA
:10D0E0000800200002001F0024500600000000007D
:10D0F000BBFFE803FF7F11110000A9A00B00240073
:10D100002F002E002690060000000000269016003A
:10D11000000000005F00010000012600260500015C
:10D12000D007F4012C01009A069A06640000320030
:10D1300008223C0000000000000000000000000089
:10D14000070032000000A8800B0010603F003F0085
:10D1500060003E00003300331E0044000004000065
:10D160003800300017001E6600000B0B0000A78976
:10D170004402005E005D007D00550000420000009A
:10D18000000F000000000000000000000009000087
:10D19000000000000001000000000000000001305D
:10D1A00075000000000000000000000E1E000000DE
:10D1B0000000000000000000000000016405000005
:10D1C000CD00094F05003C00010009005060060336
:10D1D000030000000000000000001E000E00000020
:10D1E000000000000000002D000001000000000011
:10D1F000000000000000000002001E0000016400AA
:10D200006400D000800CF00AD0000015001250011C
:10D210005001001500125001000000000000000045
:10D22000000000000000000000000301330A0401B8
:10D230000C180000000001FA32000000000030006D
:10D24000000000001E001E000A14200080FF0000E5
:10D2500009009001000000D00F1490019001FF7FA1
:10D26000FF7FF401000000000000190032000004FC
:10D27000320000045000640020000200320064000C
:10D280006400C8000000000064000403050A0000F8
:10D290000108C8007800032C0100000819C800002C
:10D2A0000B03A331010164006400600096003202A8
:10D2B000000000000000000000000000000000006E
:10D2C0000000640064009600140A2003500000046B
:10D2D0000100200006000500050000000600050012
:10D2E00005D00700010508582A3228000000000078
:10D2F000000000000000000099000800300030002D
:10D3000064000042400132001400640064003200F6
:10D310003200000014000A0046000000FF00640014
:10D320002C01900146005A00140006040F0201105F
:10D330000602000000000001C80032009600FD2037
:10D3400003E80364001400010496002C0132006419
:10D350000014000005070000080F64000000040E20
:10D3600020001014640046006400000A000F000F43
:10D370000001600060000B78007800010505C8001E
:10D380005000C8000028010001000100FF14000047
:10D390000000000000000000000000000000550038
:10D3A0001E640032000000000000000000000000C9
:10D3B0000000010032320060001400320000010061
:10D3C00064000A0001010101001311550000000270
:10D3D000C8000A0000140000400050007000320035
:10D3E0004000C8000C0F000000000000F8052C03EE
:10D3F000E001C003E0010002640006F0002C0148D7
:10D40000003200105000320010100000000F000A1F
:10D410000014821114001000001212004000009845
:10D420003A01D818001800F594F52840A503000526
:10D4300000030005006400F4010F63143C2121FD8A
:10D4400012B4A8F80507FCFAEDED0E010E010E016D
:10D450000E012814200101373700000000003501BB
:10D460007800C80000059600050302000F0F320087
:10D470006400000ADC050A00000000000000000053
:10D4800000000000000001003C000000000000055A
:10D490001E04FA000000500A051E0000010A0707DA
:10D4A000000031F33E1E00003C3030181800000030
:10D4B0000F001400000000002C0196005E01960091
:10D4C0009001FA00015802C201B80B8813C2012C66
:10D4D00001DC05B80B9001C8000000160500000033
:10D4E000002C01E80300641E1E0F280A1E1E0058AF
:10D4F0000290010000000000000000000000000099
:10D500000000000000000000000000000000585C67
:10D510005D5E5D5C5D5C5B5B5B5A595A5B5B5B5B54
:10D520005B5C5C5C5D5E5F60606161616062626407
:10D530000000868888888888898B8B8A89898A8A6E
:10D540008A8A000000000000000000000000414640
:10D55000484848484848484848484848444444445B
:10D56000444441414141414141413C384145000031
:10D570000000000000050B0B16001600000000055F
:10D58000005000FA00F401100E2C1A261BD01B1BB1
:10D590001C201C000005001E00C8009A0154062231
:10D5A0000BE00B4E0CA30CA80C0F001600320096DB
:10D5B000009001100E7C1A8A1BEE1B0A1C111C0B1A
:10D5C00000140032006E0040015406680B300C71EC
:10D5D0000C8F0C970C000000000000000000000001
:10D5E000000000000000000000000000000000003B
:10D5F000000000000000000000000000000000002B
:10D60000000000000000000000000000000000001A
:10D61000000000000000000000000000000000000A
:10D6200000000000000000000000000000000000FA
:10D6300000000000000000000000000000000000EA
:10D6400000000000000000000000000000000000DA
:10D6500000000000000000000000000000000000CA
:10D6600000000000000000000000000000000000BA
:10D6700000000000000000000000000000000000AA
:10D68000000000000000000000000000000000009A
:10D69000000000000000000000000000000000008A
:10D6A000000000000000000000000000000000007A
:10D6B000000000000000000000090996AA00A84030
:10D6C0000B001000470047006000460000330033A5
:10D6D0001E005500000000000000151515158601FC
:10D6E00040014501E4160001021F202100000690C0
:10D6F0000100000000000000000000000000000029
:10D700000000000000000000000000000000B01D4C
:10D710001C0C1000781EB80BC80000270900000080
:10D72000000080004444222200011801C2013C0094
:10D730005000C8000C640000DC0078002C01CC0113
:10D740009001E8035802F40100000000000000000E
:10D750000000000001F401320007C8002C01E803BA
:10D76000FA3200000058001801000078003C003038
:10D7700075204E204E14006400C800FA0096003C4C
:10D7800000C800C800000000030A0A0A0000640084
:10D79000320E0C04F40190010E00051E0002F4018B
:10D7A000000000645B5D5F5F605F615F606062639B
:10D7B000646464000000000000000000000000003D
:10D7C0000000000000000000000000000000000059
:10D7D000501E501214B020FFD0000614142A3A40F4
:10D7E000000000000000000000146E6E471A3800B0
:10D7F0000000010F1E0020005064000037040000EC
:10D80000230900FF000000000000000000000000ED
:10D8100000000100010001000401040104010000F6
:10D820000000040A0404FF030007000700070007C4
:10D83000FF03FF03FF03FF030000FF07FF07FF07CE
:10D84000FF070000000000000000000000000000D2
:10D8500000000000000000000000000000000000C8
:10D8600000000000000000000000000000000000B8
:10D8700000000000000000000000000000000000A8
:10D880000000000000000000000000000000000098
:10D890000000000000000000000000000000000088
:10D8A000000000000000000001020508010407005C
:10D8B00003060064005E015E010405010F01090119
:10D8C0000F1921C409000000000000000000000042
:10D8D0004C00004C00004C00003C50003C50003C10
:10D8E0005000000000000000000000FA9600FA96C8
:10D8F000000F00100011001200140017001A001E83
:10D9000000230027002C00320038003F0046004D65
:10D910000053005B0062006A00710078008000869E
:10D92000008D0094009A00A000A600AA00AF00B3EA
:10D9300000B700BA00BC00BE00BF00C000C000BFFE
:10D9400000BE00BC00BA00B700B300AF00AA00A63A
:10D9500000A0009A0094008D00860080007800717D
:10D96000006A0062005B0053004D0046003F003833
:10D970000032002C00270023001E001A001700149C
:10D98000001200110010000F000000000000000055
:10D9900000100011001200150019001E0023002ABB
:10D9A000003100390041004A0053005D00670071FA
:10D9B000007B0085008E009800A100A900B000B790
:10D9C00000BD00C200C600CA00CB00CD00CD00CB18
:10D9D00000CA00C600C200BD00B700B000A900A187
:10D9E0000098008E0085007B00710067005D005389
:10D9F000004A004100390031002A0023001E0019AE
:10DA000000150012001100100000000000000000CE
:10DA100000000000000000000000000000FF00FF08
:10DA200000FF00FF00FF00FF00FF00FF00FF00FFFE
:10DA300000FF00FF00FF00FF00FF00FF00FF00FFEE
:10DA400000FF00FF00FF00FF00FF00FF00FF00FFDE
:10DA500000FF00FF00FF00FF00FF00FF00FF00FFCE
:10DA600000FF00FF00FF00FF00FF00FF00FF00FFBE
:10DA700000FF00FF00FF00FF00FF00FF00FF00FFAE
:10DA800000FF00FF00FF00FF00FF00FF00FF00FF9E
:10DA900000FF00FF00FF00FF00FF00FF00FF00FF8E
:10DAA00000FF00FF00FF00FF00FF00FF00FF00FF7E
:10DAB00000FF00FF00FF00FF00FF00FF00FF00FF6E
:10DAC00000FF00FF00FF00FF00FF00FF00FF00FF5E
:10DAD00000FF00FF00FF00FF00FF00FF00FF00FF4E
:10DAE00000FF00FF00FF00FF00FF00FF00FF00FF3E
:10DAF00000FF00FF00FF00FF00FF00FF00FF00FF2E
:10DB000000FF00FF00FF00FF00FF00FF00FF00FF1D
:10DB100000FF00FF00FF00FF00FF00FF00FF00FF0D
:10DB200000FF00FF00FF00FF00FF00FF00FF00FFFD
:10DB300000FF00FF00FF00FF00FF00FF00FF00FFED
:10DB400000FF00FF00FF00FF00FF00FF00FF00FFDD
:10DB500000FF00FF00FF00FF00FF00FF00FF00FFCD
:10DB600000FF00FF00FF00FF00FF00FF00FF00FFBD
:10DB700000FF00FF00FF00FF00FF00FF00FF00FFAD
:10DB800000FF00FF00FF00FF00FF00FF00FF00FF9D
:10DB900000FF00FF00FF00FF00FF00FF00FF00FF8D
:10DBA00000FF00FF00FF00FF00FF00FF00FF00FF7D
:10DBB00000FF00FF00FF00FF00FF00FF00FF00FF6D
:10DBC00000FF00FF00FF00FF00FF00FF00FF00FF5D
:10DBD00000FF00FF00FF00FF00FF00FF00FF00FF4D
:10DBE00000FF00FF00FF00FF00FF00FF00FF00FF3D
:10DBF00000FF00FF00FF00FF00FF00FF00FF00FF2D
:10DC000000FF00FF00FF00FF00FF00FF00FF00FF1C
:10DC10000000000000000000000000000000000004
:10DC200000000000000000000000000000000000F4
:10DC300000000000000000000000000000000000E4
:10DC400000000000000000000000000000000000D4
:10DC500000000000000000000000000000000000C4
:10DC600000038A02E80396005E017C15A00F7C1574
:10DC7000103C5802080714060300001E9600010A13
:10DC80002C0104142C012C01101E0FC80003286461
:10DC90000000004914000403500050003C009600AE
:10DCA000EA6400322500080802025A00C201142862
:10DCB0004600050A0F0F0F0A00010A1E03000000AC
:10DCC0000000000002640005640005002378006481
:10DCD000003C0014B00400C80000F4017800070400
:10DCE0000000000100008A2000008A2000000000DF
:10DCF0000000000000000000000000000000000024
:10DD000009032510251D25031410141D14030310E9
:10DD1000031D03000C03250A2517251D2503140ADE
:10DD20001417141D1403030A0317031D03000B1219
:10DD30000032460800B400080E96003C983A3200C3
:10DD40000A4600642C012C010000000000000000C5
:10DD500088800F001040B900B900F000B80000330F
:10DD600000337800950000030000FF03000000006E
:10DD700000000A000E00000000000000000000008B
:10DD8000000000020008039F08464690013200048C
:10DD900064C800B60390012C01C800280028005078
:10DDA0000F1403C800022C0164000000000064008E
:04DDB0009AAF55C809
:00000001FF
