:1000000048005D62480000304800002E4800002C87
:100010004800002A4800004948000069480000895B
:10002000480000A9480000DA4800012C4800012ED1
:1000300048000130480001324800012048000132E8
:10004000E4BA4000E4BA4000E4BA40002ABB4000F1
:1000500032BB40003ABB400042BB40004ABB4000BC
:1000600052BB4000D5003A0F943C3AFFBFBC64023B
:1000700000026412A402642204023A0F883C9E0229
:100080006402000364000008805F543F8004523122
:10009000800441FF8C013A2F883C46F0040B58F74E
:1000A0008AE44A003C00D5003A0F943C3AFFBFBCBA
:1000B000640200026412A402642204023A0F883C23
:1000C0009E026402000364000008805F543F8004C5
:1000D0005231800441FF8C013A2F883C840546F060
:1000E000040B58F78AE44A003C00D5003A0F943CD0
:1000F0003AFFBFBC640200026412A402642204023C
:100100003A0F883C9E026402000364000008805F8E
:10011000543F80045231800441FF8C013A2F883CC7
:10012000840646F0040B58F78AE44A003C00D500E8
:100130003A0F943C3AFFBFBC640200026412A4026E
:10014000642204023A0F883C9E02640200036400A9
:100150000008805F543F80045231800441FF8C01CD
:100160003A2F883C840746F0040B58F78AE44A008B
:100170003C003A1FA43C3AFFBFBC646200026472B8
:10018000A4029DFC648204023A6FA03C9FB26462A8
:1001900000036400000880DF547F800452738004F1
:1001A00041FF9C013A6F983C46F0040B58F78AE4F3
:1001B0004BE03C0105FF80003A6FA004646200033D
:1001C000640000086472A403648204033AFFBF84DD
:1001D0003A1FA404640000043A0F943C3AFFBFBCE9
:1001E000805F543F80045231800441FF8C013A2FDC
:1001F000883C84004610040B58108B2ADD2105FF33
:1002000080003AFFBF843A0F9404640000043A1F50
:10021000943C3AFFBFBC641200026422A402643220
:1002200004023A1F8C3C9E4A64120003805F543FD4
:1002300080045231800441FF8C013A2F883C4610E3
:1002400004005810804C38108202DD2105FF800028
:100250003A0F88046402004364000008640200034B
:100260006412A403642204033AFFBF843A1F940477
:100270003A0F8004640000043A0F803C8405D5C81E
:100280003A0F803C8401D5C43A0F803C8402D5C02B
:100290003A0F803C8403D5BC3A0F803C8404D5B827
:1002A0003A0F943C3AFFBFBC640200026412A402FD
:1002B000642204023A0F883C9E0264020003640038
:1002C0000008805F543F80045231800441FF8C015C
:1002D0003A2F883C840F4610040B58108AE4DD2125
:1002E00005FF80003A0F88046402000364000008E0
:1002F0006412A403642204033AFFBF843A0F9404F7
:100300006400000440000009462FFC00880284417C
:100310003E27F7EA4620090084661431001B463068
:100320000850B443464008509686CAFC46200870E0
:10033000846C10310008846D1031000C403040098D
:1003400096D8AED0FA72AED440203008924C463CDB
:100350000000886250520020B66546300F00FE1E35
:1003600040002008FE87460003C08820A8A9A86A8C
:10037000DD9E46200998FEC2848096D81041001860
:10038000AE10AED444303A41FE1CFE444000C009D9
:10039000AC16841F12010008440FFFC31041001463
:1003A00010010020000100F058000001100100F0D1
:1003B0008400DD9E462008203E5FEF7C46394535AF
:1003C0005040000C503184729521A8D28885383273
:1003D000810112310206A4E11231020850300018E6
:1003E00094D98865A4DA1231020A5A1801048420CB
:1003F000A8523E1FEFD03800810114010380840110
:1004000010010E0C8400DD9EFC003FCFF9648401D6
:100410004900074084C080268401490011218026BC
:100420008CC1840097B04900111B5A6804F68401FE
:100430003E07F7FC3E07F83B3E07F81E3E07F8294B
:1004400084003E07F84C3E07F84F3E07F8093E0788
:10045000F8663E07F7F1B90C84175A180207B9007D
:10046000FE0E5A080417D507FE0E5A080413B800EA
:100470005A08021046600900440000AC1203001044
:100480004400003249001024840012030010D505F6
:10049000460008208420AE44461009008400140061
:1004A000803046300508583180C480204620050041
:1004B00058210ED038118109381101098C015A0BCD
:1004C00020FBFC80FC002E07EF4B2E17EF492E2758
:1004D000EF4A49000DC64900031D80C05A00241A86
:1004E0008401490006D7460008208421AE44490013
:1004F000003F46000900441000DD1210004E460087
:1005000003D18420AE452E07F7F3C803490006C285
:100510008006FC80FC40409030084060A80880E2E3
:1005200088C94900002588C74600090046300300F5
:10053000441000DD88C31210004EA630FCC0FC4001
:1005400040A030084060A80880E288CA812388C2A1
:100550004900000E464003004600090088C44410CC
:1005600000DD1210004E10930000FCC04600090090
:10057000441000A512100140441000DD1210004E7E
:100580004602E108461003B950000300B601DD9EA3
:100590003E07FE0484603E37FE053E17FE063E170A
:1005A000FE073E27FE08C007FC0049000064490022
:1005B0000004FC80DD9E46000990001000405810A9
:1005C000800110100040842F1010006000100044C3
:1005D000541080FE10100044DD9E2E07FE04C00A59
:1005E00046100990A60858000001AE0884013E0795
:1005F000FE05DD9E2E07FE04C03C2E07FE05C80248
:10060000DD9E46003000462009908C0150210048B4
:10061000B422464009909646C9058E01C8FAFA14DC
:10062000D5288400A0E13E07FE05001200602E4799
:10063000FE078C213C2DFEE9FEA4FE542E07FE068B
:100640002E27FE08FE84FE9CE222E804C00A8E01EA
:10065000D5045A00FF078C014610040C3E07FE0625
:10066000461005092E07FE0610008E6C8400DD9EE4
:10067000DD9E4600099000100040581080021010C6
:10068000004084201010006400100044541080FDCD
:1006900010100044DD9E84003E07F7FA3E07F80381
:1006A0003E07F824DD9EFC002E27F85D5A18010451
:1006B0008C44D5129E42E622E80B2E101A845A0072
:1006C0000304940AD508840C3E07F81AD5072E00B7
:1006D0001A86940288403E27F81A49FFFFDEFC8004
:1006E000FC40507100303C5DFE48949595F950A255
:1006F000860084C05021060040811800848098E65E
:1007000040908C003832900194D940F00C00503168
:10071000864002F78000886040F7801112F4800064
:10072000A4D840922000892196DB8C82123480006C
:100730005A4860E75052806088C74C557FDFFCC044
:10074000FC0146300900022180769248968F102FD6
:10075000800602218076924A968F102F8007002F04
:100760008006E643E814002F80069690AE80000FC6
:10077000800796005A0002095A000306C8088443FD
:10078000AE88FC818401AE088400FC8144000050E6
:10079000FC81FC0049FFFEEC46000900441000DD2E
:1007A0001210004E460003298420AE404900001379
:1007B000FC80FC0049FFFEDC46000900441000DD1F
:1007C0001210004E460003118420AE404900000381
:1007D000FC80FC0049000E014600098884211010AD
:1007E00000A046300900461001168C21804050318F
:1007F00080E8B4039606C0058E21C9FCFA14FC807B
:10080000100100A0FC804630080084405031803444
:10081000B403461008009606C0065A2064318C4185
:100820009690D5F75A20642CA80CA08C58210080F3
:10083000A88CA0CC442FE0FFFE9E58210700A88C76
:10084000A0CC442CFFFFFE9E44320000FE9FA88CEB
:1008500050408020B604B464462F0FFF50210FFF94
:10086000FE9E46307000FE9FB644B46446240000ED
:10087000FE9FB644844410208024DD9EFA11DD9E44
:10088000FC224600050746100507020007A0920853
:1008900040002008580000E0120087A04600090030
:1008A0000410001592309648C107001000505410F3
:1008B00080FE10100050040000164610090092102F
:1008C0009600C00700008050540000FD10008050CA
:1008D00046600900040300175A08A5543C0DFE5356
:1008E000C80946000E7546100850500006781400DE
:1008F000800A84003E07F7EA3C0DFE53C827467085
:1009000009005073805C8007490009AE5A088707C8
:1009100046000CE08420B620D51984CCF7818EC126
:10092000F001441000A597B0490009DEC6F2840A20
:1009300049000DCEF001490009975A08A5F2F001CF
:10094000490009925A0887EDD5E449FFFD5FB002DE
:100950008420101F8008AE41AE43AE44AE453A003D
:1009600004004900018D460009004410008714105E
:10097000001749000D32440003E849000DA9D5FADB
:10098000040300175A08C10949000D27460A55AA51
:100990005000055AD50B040300175A08C01049002F
:1009A0000D1C460A33AA5000033A461005061400EF
:1009B00083BE840014030017FCA2460005074610FE
:1009C0000507020007A0920840002008580000E137
:1009D000120087A0FCA2FC433E1812D83C1FFE4820
:1009E000F18284003E4FF26C8463B1C59442882446
:1009F000041080284020A40996975A200406B14488
:100A000038228008D504B08438310008922D9657DA
:100A10005A10040538101C08D50338301C088C0106
:100A20005A0804E684A02E07F81C80C5961FB61F3E
:100A300044A1D00045E000C8380514014410FFFF70
:100A40004C00805F44000060048F8002428300738A
:100A50004401D0008805F083B41F84605C900004DA
:100A600087849419F081F00338100D015CF08191B6
:100A7000E81A8E214020F016969096004E93000AB8
:100A8000848840F09036E424E90452000003960084
:100A90008420B10438F204004CF000258C215A184F
:100AA00004FAD52554F080034007801340208809BC
:100AB0005A00032D5207800296005221002B969077
:100AC0004E93000C5210831E848840F09036E4242C
:100AD000E904520000039600842038F384004CF0AF
:100AE00040049608D5048C215A1804F942207873E2
:100AF000F0018C61382400095A3830B58CC150524D
:100B0000806044000600D899FCC35221002AD5D841
:100B10002E07F835E602E9463C0DFE53C81C460098
:100B20000900502000685000005CB4229656C104B1
:100B3000B4205A18A5FC46000900502000688461C2
:100B40005000005CB662B4229656C927B4205A18E9
:100B5000A5FBD5233C0DFE535A080125460009008C
:100B600084201410001A502000685000005CB42249
:100B7000965EC904B4205A18A5FC460009008422D8
:100B80001410001A502000685000005CB422965ED9
:100B9000C104B4205A18A5FC460009008420141092
:100BA000001A8400DD9E46100990A6085800000433
:100BB000AE08DD9E46000900441000DD1210004E14
:100BC00046100990A60858000008AE08DD9EFC00FB
:100BD00049000C8449000CBF3C0DFE598E02E6060C
:100BE000E8063E1FEF3438008000D502840049003B
:100BF0000CE9FC80461008600000801458000002D8
:100C000010008014DD9E4600086000000010FE0306
:100C10009606DD9E46200860FA60103100244630BA
:100C2000088084411021802444202000504181000C
:100C3000A8A1462FFC00880246200F00FE86400037
:100C4000300840212008920CFE17A82246080060B8
:100C5000A82344030291A865B604DD9E4630092806
:100C60008421A49A4010800CFE4BFE56AC5A4610CC
:100C7000024A8C3D88019402A600DD9EFC013A0FD9
:100C80008420001F8000840140208002001F80011A
:100C9000FE464010800C8822002F8002FE8694922F
:100CA0008822002F8003FE8694938822002F8004E0
:100CB000FE8694948822002F8005FE1694058801F4
:100CC0006403000364120043640000086400000829
:100CD000FC81FC00460008204610050700000E209D
:100CE00046000507020007A09208400020085800AF
:100CF00000A0120087A084003E07F85B3E07F80AB8
:100D000084013E07F828840049000768460005076B
:100D100046100507020007A092084000200858006E
:100D200000A1120087A0FC8040000009DD9E460063
:100D3000050746100507020007A09208400020089A
:100D4000580000B0120087A0460009000410003AC5
:100D500092389646C108441000491210000E8420B3
:100D60001210000E0400003A921A9606C0064600C1
:100D70000900441000A5AC464600050746100507CB
:100D8000020007A0920840002008580000B112009D
:100D900087A0DD9EFC403FCFF9484600050746107E
:100DA0000507020007A0920840002008580000C074
:100DB000120087A0460009308C08A7840020000C90
:100DC00000107FF8FF96965FFE4B979FFF8E0010F6
:100DD000000C00107FF88421AE40A6804610093038
:100DE000CAFD0000800C9786968000008014960053
:100DF000CE07960656000001FE16C806D551A60875
:100E000058000001AE08B8078E02E602E90D49FF5E
:100E1000FBAF46000900441000DD1210004E4600F2
:100E200003B1843AAE4284E0BF803E77F82C2E971F
:100E3000F7EF49FFFB9D46000900441000DD12104A
:100E4000004E460003BF8027109000038007490032
:100E50004FFA490052FC49FFFECF49FFFE5BB8350F
:100E6000C8038404D502840C8421490009E3C61810
:100E7000462009308C4CA650460009309646C9FCE5
:100E800000200014843EFE8E102000140020001468
:100E9000542100FD10200014A680FE56AE404600EE
:100EA000050746100507020007A092084000200829
:100EB000580000C1120087A0FCC0FC2180C0460081
:100EC0000920A084B646A005B601B44640114409E5
:100ED0009646C9054031400996C6D50384618023F2
:100EE000400148099606C0038461842240014C09F0
:100EF0009606C00384618423400150099606C0030E
:100F000084608023400154099606C00384608421D4
:100F1000400158099606C00384608422925784E1F8
:100F2000FEBEC2092E001A1BFE3EC01880074900F3
:100F30000B77D514C3145A18020CF18149000A4DDD
:100F4000F1018001441007D0490008D5D50B800776
:100F500049000B863E77F828D50584238400490094
:100F60000B7FA6339606C00A461008800000800852
:100F70005800000110008008FCA1FCA1FC423FCFFA
:100F8000F94C4600050746100507020007A084C17A
:100F9000920840002008580000D0120087A0B0023C
:100FA000B04349FFFF8CF0039201FE364E02005E13
:100FB0008026840049004F474900524946000509F0
:100FC00000000E6C3E07FE0649FFFE1646AFFC27EA
:100FD0003E67F83946900900460003D8501503FFD4
:100FE00050700C013E8FEF1C5094809C44A000DD9B
:100FF00050600C199839F18138040000B61F49FF80
:10100000FAB7B41F12A4800018038001F1014C73D9
:101010007FF3B800C81F466009005063005CD50428
:10102000B4065A00A51846000507041003C446007C
:10103000050758000F1049000657460005075800DD
:101040000F104900061146100507041083C44C0018
:10105000FFE949FFFD5F84218402490008EB840118
:101060003E07F85B3E07F80AF00392039606C0308D
:10107000BA069E12E602E92C2E07F7FDC8292E07B4
:10108000F7E19C4196483E17F7E15A2807075A10A6
:10109000010F5A18081ED50B8437FE565A1804192A
:1010A0009E41E625E9048E08E605E81249FFFA604C
:1010B00046000900441000DD1210004E460003B146
:1010C0008432AE422E07F7F28C013E07F7F2F003AE
:1010D000920B9606C01684003E07F7E13E07F7FD27
:1010E000B8068E02E602E90D49FFFA424600090001
:1010F000441000DD1210004E460003B1843AAE42A7
:10110000F003920A9606C02BB9065A180710B800C9
:10111000C82646000998000000F09606C820440042
:10112000003C802049FFF927D51A8417FE0E5A0883
:10113000041746000998001000F09646C11084205C
:1011400010100020001000F0541080FE101000F06D
:10115000001000F0541080FD101000F0F002921CFE
:101160009606C004840249000539F002920C9606E6
:10117000C01046200850B4228401FE46C9FD462016
:101180000CE0B6223E07F85B3E17F7EA4900052659
:10119000F002921D9606C00784034900051F8401D2
:1011A0003E07F80AF00292199606C006460008307B
:1011B00084211010011CF00254002000C0034900DB
:1011C00003AF4600050746100507020007A0920876
:1011D00040002008580000D1120087A0FCC2FC404B
:1011E00046700900449000DD466003CB49FFF9C01A
:1011F0001293804EA63254A000FD49FFF9B9129314
:10120000804E10A3000249FFF9B31293804E0003F1
:101210000008FCC0FC002E07FBA0C01C4610099073
:101220000400801292029606C015A18B4900032388
:101230003C1DFEECE226E804C0038E0196003C1D36
:10124000FEEDE2C1E805E61FE8038C0196004900C7
:10125000032E2E07FAD4C01C4610099004008012F9
:1012600092039606C015A18C49FFFFBB3C1DFEB939
:10127000E226E804C0038E0196003C1DFEBAE2C1DE
:10128000E805E61FE8038C0196004900032DFC8069
:10129000FC205470000146600900C7184400003269
:1012A00049000916440000DD1203004E84071003B4
:1012B00000C4440007D04900090B84001203001247
:1012C0004400003249000904FCA0440000CA120393
:1012D000001244000032490008FB107300C412736E
:1012E000004EFCA0FC413FCFF94C84003E07F86162
:1012F0004600050784E0147000B03E1FF8353E0F2D
:10130000F94C49FFFA1F4600050746100507020081
:1013100007A046600900920840002008580000021B
:10132000120087A03E77F7EA46000850B400460056
:10133000000F1273004C040002C049FFFA664E030E
:1013400002224600050746100507020007A0920882
:101350004000200858000004120087A0440000CA82
:101360001203001249FFF852460005074610050710
:10137000020007A092084000200858000005120053
:1013800087A049FFF98A46000507461005070200B5
:1013900007A092084000200858000006120087A00D
:1013A00084091403001B020087A092084000200853
:1013B00058000007120087A0B8004E0200ED46005A
:1013C000050746100507020007A085419208400066
:1013D000200858000008120087A0020087A080DFC4
:1013E00092084000200858000090120087A0840056
:1013F000100F8004100F8005840F10AF800010AF15
:10140000800110AF800210AF8003640300036412F8
:1014100000436400000864000008020087A04670D2
:10142000092092084000200858000091120087A06F
:10143000852244002200B6078420149380014600D0
:10144000300E490009318029460F2FFF4900092736
:10145000A039842E58000400A839A039449000DD3A
:1014600058000800A839A039468003BF580000087A
:10147000A839460009304670090010A00014AE409B
:101480004600050746100507020007A09208400025
:1014900020085800000A120087A049FFF86949FF98
:1014A000F867460003D1843F1293804EAE4349FF54
:1014B000F85F440FFF841293804E10040002460030
:1014C000050746100507020007A092084000200803
:1014D0005800000B120087A04900401849FFF84847
:1014E000460003BB1293804E10A0000D49FFF84048
:1014F0001293804E000400033E07F7EF46000507F5
:1015000046100507020007A0920840002008580076
:10151000000C120087A0490009BD460005074610CF
:101520000507020007A09208400020085800000D9F
:10153000120087A04900041746000507461005075A
:10154000020007A09208400020085800000E120078
:1015500087A049003EDC460005074610050702004B
:1015600007A09208400020085800000F120087A032
:10157000B800C84446000507041003C1460005072B
:1015800058000F04490003B03E0FFA28B93749004C
:1015900003ABD5344900030350630080A630960E98
:1015A0009600C8FD4610092044202000B6411420B2
:1015B000800946100501100F80001000851C100FD7
:1015C0008001100F8002100F8003100F800484012F
:1015D000100F8005FA1064030003641200436400D6
:1015E000000864000008460005010000051C4E03C9
:1015F000FEE884054900076CD5F749FFFA8B4900DE
:1016000040CB4900416D4600050746100507020022
:1016100007A084E192084000200858000010120042
:1016200087A04610050084001200800049FFFAE4FC
:101630004600050746100507020007A0854A9208E4
:101640004000200858000011120087A03E77FBA040
:10165000440001F43C0FFEE9449002583CAFFEEA1E
:101660003C9FFEEB460000CF500008503C0FFEECC4
:10167000460000C75000061A3C0FFEED49FFFA95E0
:101680003E77FAD4440002D0B8E33CAFFEB73C9FAB
:10169000FEB8460001295000009AB8E64600012035
:1016A00050000E65B8E749FFFA878445840144106D
:1016B000008049FFF76F4600050746100507020046
:1016C00007A0469009009208400020085800001228
:1016D000120087A03E77F82849003F2E0414803A74
:1016E00080E092218400964649004BAD0404803A84
:1016F00092029606C0038404D5084600050900003E
:101700000E6C3E07FE0684028421490005934600C4
:10171000050746100507020007A0920840002008B0
:1017200058000013120087A0B806490043934900EF
:1017300042574600050746100507020007A0920819
:101740004000200858000014120087A08401AE3425
:10175000AE353A03040049FFFA93460005074610E8
:101760000507020007A09208400020085800001555
:10177000120087A0461009208417B441FE16B60156
:101780008007FCC1FC01100F8007000F8007960046
:10179000E606E8433EFF48BC3807800040F03C00C6
:1017A0004A003C0024060C12181E44600055D50E59
:1017B00044600066D50B44600077D508446000990A
:1017C000D505446000AAD50284C046100978000FF0
:1017D00080070000800858000001100080084610B3
:1017E0000970A40C58000001AC0C2E001A1C9202C7
:1017F0009606C80849FFFA09C805490034325A0854
:101800000104446000554600090097B11260005081
:10181000640000008400FC81FA02FC81461008206C
:101820004629453550210472A88A3E5FEF7C3C4D25
:10183000FE595032000C94D938229101886512204B
:101840008206A4991220820850220018949188459B
:10185000A4921220820A5A0801048400A80A3E0FAA
:10186000EFD03800110114008380840110008E0C29
:10187000DD9EFC4046700900449000DD466003CBCD
:1018800049FFF6761293804E0003080254A000FD33
:1018900049FFF66E1293804E10A3080249FFF668C6
:1018A0001293804E00030808FCC0FC4046700900FB
:1018B000449000DD466003CB810049FFF659129346
:1018C000804E0013080254A080FD49FFF651129388
:1018D000804E10A3080249FFF64B1293804E1083EE
:1018E0000808FCC0FC4046700900449000DD4660DA
:1018F00003CB810049FFF63C1293804EA67254A0A0
:1019000080FD49FFF6351293804E10A3000249FF77
:10191000F62F1293804E10830008FCC0FC46461040
:10192000050184011000851C3E7F31183E08251BEF
:101930009BC74600092046200870A0424660085018
:10194000F182B42092E2F183A04146900990F184A3
:10195000A6549648F18546100890A6CC96D8F386F2
:10196000A690443000DA9690F287A64844201000F2
:101970009648F1888420A842B64046200900A84134
:101980001231009646300E75502186785043002063
:10199000A8A246220000B644A8614013A400F18129
:1019A000A8626400000046200501B4261411014617
:1019B00046200501A0441411014446200501A076EB
:1019C0001411014546101007B620810050A30028CD
:1019D000F389460009208C1046100501B40014005C
:1019E000814454002000C031F00950000678B60A46
:1019F0000404000254002000C00C461005018401BC
:101A00001000851C04140002440FDFFFFE0ED51BDE
:101A100046100870FA70AEC8FA72AECC46120000DA
:101A200014130008461C000014130009461003C0DC
:101A30008827B62A461005011000851C0404000200
:101A4000580020001404000246000501040001446F
:101A5000540010004E02007CB4664690085096C6B2
:101A6000CBFC4612000050048020F38A4900013C60
:101A7000F30A500480248023490001365004802852
:101A8000F10149000131463008508003F38A4900D2
:101A900000EB46100501F30A1400814654100001C2
:101AA000C9F350018018490000DF461005011400F9
:101AB000814646100501043081454C01C020461086
:101AC00005018401463009001000851C50418080CA
:101AD000A620960EC00C50018048441000ECF48BF8
:101AE000F38A49000101F40BF30AD5F30001808069
:101AF000540000DF10018080D524461005074620E1
:101B00000507021087A092284010A0085810807185
:101B1000121107A0462005074011C009121107A2A3
:101B20004610050796D946200507123087A34010B6
:101B30004009121107A4461005079601120087A557
:101B40008048A052440FDFFFFE0EA8124600050198
:101B50000000051CC8056400000048FFFF3CF102BE
:101B600046000920A842F103B620F104A841000F65
:101B7000801446100870AE0C002F801846000890A4
:101B8000AE84002F801CAE88001F8020AE4046002F
:101B90000900842012100096FCC6FC204660090053
:101BA000506300A846700CF380064900005D4610A3
:101BB0000CF35A000C0DFA171403804044000095F2
:101BC00014038080840549000483D5EF8400140049
:101BD000804014008080FCA0FC015A0003045A08D5
:101BE00001074610090084491420801B3C1DFE5942
:101BF0008E22E62BE836F0813EFF4D203817840018
:101C000040F0BC004A003C0034480C58585058582A
:101C100058580C00840E49003CE7C005F00149000B
:101C2000422BD520FA0249003CDFC8F9FA064900E8
:101C30003CDBC8F5F001490006E7D514F001490086
:101C400006693C0DFE53C80349FFF4C98400D50A58
:101C5000F0014900069AD5F6F0014900090BD502BA
:101C6000FA00FC81FC2080C03C0DFE53C8354600C4
:101C70000900447000C85000006C4420FFFFB420ED
:101C80009646C9058EE197F94C717FFB2E07F7EA5E
:101C90005A080106840A4900041BD5F9C71F4600EB
:101CA0000FF04013000292305A185005461FFC00F6
:101CB000D5055A184005461FFE0088C1FE3646105D
:101CC0000870921040633008AE0892CC46000C00B9
:101CD00088C0B406FCA08400FCA0460948795000E6
:101CE0000487FCA0FC4080C03C0DFE53C835400377
:101CF0004009960081215A085005460FFC00D50581
:101D00005A084005460FFE0088C054030003C82649
:101D100046000900447000C85000006CB42096468C
:101D2000C9058EE197F85A78FFFB2E07F7EA5A08A3
:101D30000106840A490003CCD5F9C71240034009C3
:101D400046100870960040633008AE0892CC4600FA
:101D50000C0088C0B7268400FCC0FA00FCC0FA144E
:101D6000FCC0FC002E17EF492E07EF4B2E27EF4A41
:101D700049000177840149FFFA8D4600082084213B
:101D80001010020050000200A6405A1801FF8420E3
:101D90003C03F7E5463001809202464FFA003E5F71
:101DA000F26CE220E809988B949299948C21386225
:101DB0009802B6C2D5F7463001803C23F7E688602A
:101DC000924284203E5FF3C0E222E808991938620B
:101DD000860295228C21B6C4D5F888023C23F7E709
:101DE000463001809242842088033E4FF540E22233
:101DF000E80898C13852060294DA8C21B6A3D5F8C7
:101E000046000820842046200900101002005021BE
:101E100000F850100200A6089600C005B4028C011C
:101E2000B602D5FA46100820844110208E0C4620B8
:101E30000208502102023E4FF0549842383200000E
:101E4000944A8C01AEC85A0810FA84212E07F8353E
:101E5000E60246000820E802842010100610461909
:101E6000453550108472A8422E17EF4C10100418FC
:101E70008420A842FC80FC408E02E60B80E1E855FD
:101E800084214060800C5403043C46A00820C818FC
:101E9000978FC64C10150C5810050C002E97EF4567
:101EA00010050C08440F00001405030450248001A1
:101EB000841F2E67EF47969012050602D533878060
:101EC00011C50C582E17FE072E67EF442E07FE068D
:101ED000FF8C406300D6549300FF2E67EF46FE74DC
:101EE0004010803697882E07EF488E02548000FFFE
:101EF00049FFF33E46000900441000DD1210004E79
:101F0000460003E7502480011080081A843F8400B3
:101F100011C50C00969011C50C0814050304121588
:101F2000060212050606D50484C0812680464600B6
:101F300008204064980197B010200C1410600C54D5
:101F4000C70600300C548C6196D8D5028067842077
:101F500040709C0610300C2410200C1812700614CF
:101F6000FCC09E42E62B4EF2007B84614011840C43
:101F70005420843CCA04964FC92EDD9E2E17F83596
:101F8000E62246100820E907844310308A301020EA
:101F90008A00D506844010208A3010308A008440A0
:101FA00010208A1010208A34461008205A00060497
:101FB0005A080905844110208A0C3E2FEFEC382185
:101FC0000202142082813E2FF02038010202140008
:101FD0008282DD9E4610082010208A302E37F83588
:101FE000E662E902844210208A003C1DFE53C93794
:101FF00084812E27FE062E37FE0746100820144047
:1020000082868484144082855A0002063C5DFBD59A
:10201000FEACD5043C4DFBD4FEA440210C5714204B
:1020200082875A0802053C2DFBD6D5033C2DFBD7F1
:10203000142082885A0802053C1DFBD8D5033C1D9C
:10204000FBD94600082014100289842110100A28A8
:10205000842310100A10842010100A34DD9EFC40E6
:10206000E6228500E9049ECA54818007E64884C0C0
:10207000E9048E485461001FC036E603E83A47C0C1
:102080000900469003CB95B184208E0244A000DD68
:10209000506300404070800649FFF26A12AE004E65
:1020A0001064840749FFF2644004080858800080E7
:1020B00012AE004E1084840849FFF25A840212AE18
:1020C000004E1004840949FFF253943D95FC88E0CA
:1020D0008CE44400030012AE004E1074840A120E09
:1020E0000014D50746000900964912100014FCC0E0
:1020F000FCC0E604E82BFC4080E0812184018027BD
:10210000490002AE46300980943D8C6488604410DA
:1021100000658E219648B403B4C3C11AFF87CEFA76
:10212000443000642E17FE06402488094404C00091
:10213000FE9C88074021045794058C41B6408027B7
:102140008401490002788006FCC0FA02DD9EFA1480
:10215000FCC0FC213FCFF96480E1B900B98C844117
:10216000B88084C03E27F7FC3E27F83B3E27F81E88
:102170003E27F8293E67F84C3E67F84F3E67F8095E
:102180003E67F8663E67F7F13E27F7FD9E42E6227E
:10219000E913F08149FFF1EC46100900442000DD0D
:1021A0001220804E461003B1845AAE8A3E67F7E192
:1021B0003E67F7F2F0014610090084491420801BA5
:1021C000C704842049FFF271840049FFFB2949FFBD
:1021D000F50084003E07F7EBB8009E42E62BE818B6
:1021E00084614011840C544084FC46200820CC0AB1
:1021F000964FC10E441001001211020E3E37F7EB4C
:10220000D507001107F8501081001211020E461078
:1022100008208440A88A49FFFEA68421B80049FF0F
:10222000FE2CB8004900012F840549FFFCD7FCA112
:10223000FC413FCFF96480C044002710F081814108
:1022400085213E97F7FD84003E07F7EBB800B88C78
:102250009FF2E6E2BE80E80F49FFF18A46000900DE
:10226000441000DD1210004E460003D1109000050E
:102270003E97F7EB49FFF0CA84003E07F8663E0739
:10228000F7F14EA200068006842049FFF20E840179
:1022900049FFFAC649FFF49D800649FFFE64842188
:1022A000800649FFFDEA46200208842050210202F0
:1022B0003E4FF054980A3832040094028C21AEC08C
:1022C0005A1810FA49000089E6EBE85984014000E9
:1022D0001C0C5410043CC908960FC051460009005C
:1022E000500000E8D51846000900500000E84430CE
:1022F0003000B4A05452B000DB0584013E07F7F370
:10230000D520F1019E89F281C9F5D5F8F1019E89A8
:10231000F281C105B4205410B000C9F984003E0711
:10232000F7F346000507045003C4460A55AA5000B7
:10233000055AD00785212E601A1B92C49786C604C1
:1023400049FFF0C2D51C84053E07F8282E77F7EF29
:1023500049FFF10E46000900441000DD1210004E46
:10236000461003BF58738040AFCB1260004E3E97BB
:10237000F80A3E97F85B4900003AD51EB8004900BC
:102380000082840549FFFC2AB8008E02E602E912A9
:1023900049FFF0EE46000900441000DD1210004E27
:1023A000460003B1843AAE4284003E07F7E13E079F
:1023B000F7F2F001C0038400D502FA14FCC1FC005E
:1023C00084004900012D4400025849000081840125
:1023D00049000126FC8046000908441035CA025015
:1023E0000008D10312100008DD9E460009084410C1
:1023F000AC53A546D104441FAC53AC46DD9E460009
:102400000908A446C1038420AC46DD9E4620096825
:10241000C0085A0001095A00020A50010140D508BB
:102420008002D50650010040D503500101003E2F27
:10243000F1AC944C882250408008A48AA4CB8E41F1
:10244000A881A6A5A882A6A650500020B645462081
:10245000400040210C568C419041A8A9A48C8E616B
:102460008E41A8ABA4A1A8EA8E41A8ACB4414618FD
:102470000000401088378C219221A8458421B62085
:10248000DD9EFC008E02E602E8088400842149FFFC
:10249000FFBF84018424D5103C0DFE87C002840652
:1024A0004610040C3E07F86B2E17F86B840049FFAA
:1024B000FFAF8401842549FFFFAB8402802049FFE0
:1024C000FFA78403802049FFFFA3FC808E01C00486
:1024D00040000009D5FCDD9E46200830840384209E
:1024E000120101063E4FF054800198CC9404003153
:1024F00080178E2188033E3FF0545A1FF8F81401CC
:102500000089840080209898944C0021001F8E013F
:1025100088225A0FF8FA460008301410008A441F27
:10252000FFA01010021C44100F00121000F68420AF
:10253000101001F00410009792284010A008141009
:10254000009704200097441F00FFFE5614100097C8
:10255000DD9E46000830441FFFC8101000341010E4
:1025600000388420101000C084231010000C50503C
:10257000022C3C1DFE533E3FF054C9125000025045
:102580003C13F83A12107F36461FF7CF50108DF8E3
:1025900098A9382188011A228002D8FBDD9E5000BC
:1025A00002503C13F87612107F36461FF7CF5010BA
:1025B0008E7098A9382188011A228002D8FBDD9EEE
:1025C000FC00461008203E4FF1AC94C400508E0829
:1025D0009863A44B97684020A808FE923C6DFE5378
:1025E0005A08060A3C0DFE87C00E5A50050D5A586F
:1025F0000A05D5095A0801085000801E4000280825
:10260000FE02D50280024610083088648381B8B289
:102610000001800CBAB5100080C4FC804610092867
:1026200010008068DD9E461009289600100080602A
:10263000DD9EE624E813944DC00B460009808C1003
:1026400088208401AE08A6085A0809FFDD9E4600CE
:1026500009108C0888208408AE08DD9EE624E81D59
:10266000944DC011460009805030001088618442AA
:10267000AE98A6989690CAFE8C0C8820AE88A608C4
:10268000C8FFDD9E462009108C488822AE08440011
:102690000040AE08A608C8FFDD9E46200920B6020D
:1026A000A851DD9E46200920140100091411000ADA
:1026B000DD9E46100860B601DD9E46000500025012
:1026C00000004400A55AD019460005000250000041
:1026D0004400A33AD0124600050002500000440016
:1026E0005AA5D00B460005008420020000005000CF
:1026F000455D40008006DD9E8400DD9EFC20460096
:1027000005000250000044005AA5D009460005000B
:102710000250000044003AA34C5040722E67F84A21
:102720004E62006E5A600A0549003A1DD52A840E91
:102730004900375AC8FAFA0249003756C8F6FA066D
:1027400049003752C8F280064900374EC8EEFA0AEF
:102750004900374AC8EAFA1349003746C8E6FA0E74
:1027600049003742C8E2FA184900373EC8DEFA1C71
:102770004900373AC8DA4400003049003735C8D537
:10278000442000302E001A894640050058420004BB
:10279000501000304210087384402E001A7A4460B2
:1027A0005AA588203C33FC5E800246500500025248
:1027B0008000D6059953405284F7ADE00A520001DB
:1027C0008C418805E2419601E9F1FE0246100500C0
:1027D00096011200800146000500025000004400EE
:1027E0005AA5D804440FA55AD503440FA33A46105E
:1027F00005008C61120080003C3BFC5EFCA0FC00EC
:10280000461009000200807292039606C80B02006F
:10281000807292049606C80602008072920A96069A
:10282000C0362E001A1B9606C009460009288421CE
:102830001010006884221010006046100900020089
:102840008072920A9606C006460EBEBE50000BEB82
:10285000D50F0200807292049606C006460ECECEB8
:1028600050000CECD505460EDEDE50000DED4900A3
:1028700003F72E001A1B9606C00649FFF1C6C003D7
:1028800049FFFD9F44001388490003DFFC80DD9E63
:10289000FC0049FFEFA049FFEE6B440000F48420E8
:1028A00084434430005549FFEE4C443000AA4400B4
:1028B00000F48420844449FFEE448420844544008D
:1028C00000F449FFEE29842180419782440000D121
:1028D00049FFEE2284405A085F03FA408421FF97A3
:1028E000440000D1804149FFEE1784405A0840035C
:1028F000FA408421FF97440000D1804149FFEE0C4B
:1029000084205A087F03FA30FE773E17F81CFC80BB
:10291000FC003C1DFE53C9265A000117C00A5A0884
:10292000022E441001903C0DFC4549FFECEFD526EA
:102930002E07F84FE6013EF7F7FC2E07F7FC96004E
:102940003E07F84FD51B84043E07F8282E07F809E8
:10295000E6013EF7F83B2E07F83B96003E07F809E4
:10296000D50DC0075A08030B84043E07F828D50686
:102970004600090084261410001B460008302E175C
:10298000F178AE44FC80FC003C1DFE53C9265A0081
:102990000117C00A5A080231441000643C0DFC497A
:1029A00049FFECB4D5292E07F84FE6013EF7F7FCB6
:1029B0002E07F7FC96003E07F84FD51E84043E070D
:1029C000F8282E07F809E6013EF7F83B2E07F83BFA
:1029D00096003E07F809D510C0075A08030E840474
:1029E0003E07F828D5094600090084261410001B6C
:1029F00084013E07F84C460008302E17F17CAE44A7
:102A0000FC800000FC403FCFF94080E08E04E602ED
:102A1000E809460008302E17F17DAE44840049FFD6
:102A2000FDD14600082000600E0897B0CE0D2E079D
:102A3000F85196005A080A095A7801073E67F8517A
:102A400080C04800016750937FFF3E67F8514E7386
:102A500001D3440000B180278442443000FA49FF8A
:102A6000ED702E07F7F2E72E8E013E07F7F24EF2D9
:102A700001C53EFF5B983897A50140F4BC00DD0F0F
:102A80001C0090029002900290022000900290029E
:102A90009002DC03700370037003920349FFED9F03
:102AA000B8034E0300E65A780104480000DDC7056C
:102AB0005A7002324800011BB90E464005005842C8
:102AC0000D408C21B98E80208040383209018C4124
:102AD00088234630050058318D405A28C8F84010E8
:102AE0008837844FFE54844A401088378083B9B8B1
:102AF000844038518901E225E805385209018A01EC
:102B000088058C415A28C8F74610040C3C0FFE81FA
:102B1000480000EF3E0FF9F849FFF8A6B8AEB9310A
:102B2000880144107FFFE2204000BC1B5A68010767
:102B300084203E17F877B8B6D50584213E17F8777C
:102B4000B8B52E07F8785A08010C3E07F8744410FF
:102B50007FFFB9B62E17F85CC9033E07F8752E0043
:102B60001A1B92074E0200532E07F8035A08014F12
:102B7000B832C84C46000507045003F1460A33AA90
:102B80005000033AD04346000507045003F1460ABB
:102B900055AA5000055AD03AB837C8143C13FC75F2
:102BA000B8358801B936E201E8312E07F874C02E35
:102BB00049002AB5460005015800052450100C8034
:102BC000D51D5A080124B805C81C3C03FC70B93651
:102BD000E220E8173C03FC715CF001F4E8038C018F
:102BE000D511B800C8133C0BFC7149002A98460067
:102BF0000502580001A45010738049002ABDD50673
:102C000084004610040C3C0BFC71B8325A00010FD2
:102C1000506300333E0FF05495B288C044100064F6
:102C2000A03149FFEB73480000F6B8374670090041
:102C3000E6013CFFFE8784003E07F84F5073805C3E
:102C40003E07F8093E0FFA1CB93749FFF84D3E0F11
:102C5000FA1C49FFF809B9374C00BFDCB4075A0821
:102C6000A5F3D5D7B92D5A18013DB8ADD53AC7044B
:102C70005A700332D53BB80E4630050758318830BC
:102C80008C01B88E800738119D018CE188014620A7
:102C90000507582108305A78C8F840701CF7840F8F
:102CA000FFC4840A407380F78062BFB38400802031
:102CB00038410101E2E4E805384181018A2788248E
:102CC0008C015A08C8F7B9AE4600090084261410D2
:102CD000001BD50EB82D5A0801058420B9ADB8B235
:102CE000B809490029DB480000964E730094BE37AE
:102CF000C607840649FFFC6684008426D506800644
:102D000049FFFC608006802649FFFB824800008363
:102D10008520B803C8465A70012DC7105A78024A58
:102D2000506300333E0FF05495B288C044100064E5
:102D3000A03149FFEAEB4800009A5A6002045A6841
:102D400007082E07F84FE6013EF7F7FCD5345A6026
:102D500005045A680A312E07F7FC96003E07F84F23
:102D6000B832C02984003E07F84F3E07F809D52342
:102D70005A6002045A6807092E07F809E6013EF76F
:102D8000F83B480000745A6005065A600A0448007F
:102D9000006E2E07F83B96003E07F80948000067D2
:102DA0004E7300654600090084261410001BD503ED
:102DB0004E73005D5A680507840349FFFC038403D2
:102DC000D5145A680A07840249FFFBFC8402D50D1A
:102DD000BE37C607840649FFFBF584008426D50666
:102DE000800649FFFBEF8006802049FFFB11D53E9E
:102DF000B803D510E72EE910460008302E17F17DF4
:102E0000AE44840049FFFBDE4600082084201210F7
:102E1000032A8520D52B3EFF5F3C3897A60240F45D
:102E2000BC00DD0F7CFCFFFFECFEFFFFECFEFFFFB4
:102E3000ECFEFFFFECFEFFFF7CFCFFFFECFEFFFF64
:102E4000ECFEFFFFECFEFFFFECFEFFFFCCFFFFFF01
:102E5000CCFFFFFFCCFFFFFFEEFFFFFF49FFF1DCE0
:102E600049FFEBCA812048FFFF568009FCC0920051
:102E7000FC413FCFF94C80E08E04E602E8064600B4
:102E800008302E17F17EAE444600082000000E08E0
:102E9000549000FF4E920060CF0E440000B1842099
:102EA0008442443000FA49FFEB4C2E07F7F28E01C2
:102EB0003E07F7F25004FFFF8421E220E93DBE0007
:102EC000CE305A700124C70A5A7802424410006476
:102ED0003C0DFC5849FFEA1AD53AB8178C01B8974F
:102EE0002E07F84FE6013EF7F7FC2E07F7FC960099
:102EF0003E07F84F5A98012C49FFF18E49FFEB7CB1
:102F0000F08149FFEB6CF001D52A2E07F809E601A4
:102F10003EF7F83B2E07F83B96003E07F809D51719
:102F2000CF18B8178C01B8974600090084261410F2
:102F3000001B8007D514460008302E17F17EAE44E2
:102F40004600082084201210032AD5038006D507E6
:102F50008400D5058522CFB448FFFFA1FCC1FC4009
:102F60003FCFF9642E601A822E37F85DBA072E071C
:102F7000F824E203E8662E07F7FE5A0801322E57BE
:102F8000F8249E19D82D84A0BF00469005015894BE
:102F9000852044400C805012990440A114008829D7
:102FA0000205000002808000E300E8050205000041
:102FB000A448D504A408021500008A01E0C0E90372
:102FC0005A78020684003E07F7FED5038CA2DCE4A3
:102FD0002E07F7FE5A0801053E37F81AD5342E574A
:102FE000F7FECD31BD83B9008E22E62BE82C84019B
:102FF0004010040C54008405C80954108022C123D9
:103000004640050158420520D51146400501584269
:10301000052044100C8050029904880498D5A4001F
:103020008CA29601AC18D9F8D50E5010190488243A
:1030300098D0A4488C029649AC585A0B20F8D50376
:10304000490007C7FCC0FC01F081F001C00749FF3F
:10305000EDDCC00440000009D5F9FC81FC0184CE00
:10306000F081F0018EC149FFFB2697B0840549FF2E
:10307000FA2FCEF8FC81FC003FCFF940843BB80921
:10308000FE0E5A08030B4600050402000392E601F7
:103090003EF7F8368421D50BB801C8052E07F86035
:1030A000E601D50285E03EF7F83684242E001A1A90
:1030B00092029606C0102E07F836C00DB8005A00CE
:1030C000020B4900078684003E07F7F884003C0B9A
:1030D000FC54D51A84A0BD8C44000190FE0C4630EF
:1030E0000501583185208045946988238CA11220E0
:1030F00092C2D8FBB8005A08020549000A13D50449
:1031000084003E07F7E6FC8046300508583180C44D
:103110003C1DFE59841BFE0E4620050058210ED092
:103120005A0003195A100B174610050258108E2426
:103130008400384181011A408001384101018C012D
:103140001240831F5A0B20F72E07F8773E07F880AE
:10315000D5114610050258108E2484003841810193
:103160001A408001384101018C01124080C75A0881
:10317000C8F784003E07F84F3E07F809DD9E2E177A
:10318000FDF78405FE0C960054100003C9038C045F
:10319000D5028C08461005079600041083CA540017
:1031A00000FCC9045200007AD50352000062960068
:1031B0002E17FDFD920150108600400080579600AA
:1031C000C2028C014620040C3E07F8234400003D57
:1031D000400080379600C1028C014610040C3E0767
:1031E000F831DD9EFC423FCFF96484003E07F821B0
:1031F00046000507001002EC3E17F84A8400F083F1
:103200004E12013246000500469005005894800099
:10321000025000004400A55A4C500126460005000B
:10322000025000004400A33A4C50011E5A180F07E8
:10323000B831BA30E2404EF301179E09E607E804C0
:1032400084013E07F82184402E401A8980A22E3046
:103250001A8842020C248C02940188098864951112
:10326000E2438880E804AD608C41D5FA540080F7D1
:103270005A080142843BB800FE0E5A00033846004B
:10328000050858000704F083840E490031ADC003DF
:1032900085E0D529FA02490031A7C8FBFA064900A2
:1032A00031A3C8F7840A4900319FC8F3FA0A4900DC
:1032B000319BC8EFFA1349003197C8EBFA0E490069
:1032C0003193C8E7FA184900318FC8E3FA1C490066
:1032D000318BC8DF4400003049003186C8DABF3185
:1032E0008EE1E6E1547780FFD515460005095800C8
:1032F0000624D50B5A0802074600050258000E2482
:10330000D5045A080305B807F083D5035A1008FD01
:1033100084E03E0FF84AB043490033882E601A1CFF
:1033200092C69786C62346000507045003C13C0396
:10333000FBE0D00F46000507045003C13C03FBE24D
:10334000D00846000507045003C13C03FBE3D80D39
:103350002E17F84A540080F78E02E602E9035A1845
:10336000080544602710D50284C084A12E101A8954
:103370002E001A88FE0C8C0284208CA1D0043814F4
:103380009509D5FC843BB800FE0E5A080305F303EB
:103390008400D5078400F10349003380C8F9D513B0
:1033A000381180014024800088268C02AC525A0BD0
:1033B00020F92E07F84A540000F75A080153490033
:1033C0002D67D54FF103B8074C10400E46A00506F7
:1033D00058A50074F003802A844049FFE98314AFA4
:1033E0008003D50B4600050258000E244C103FF018
:1033F000840149003353C8EBF5032E001A89846019
:10340000B61F504280602EA01A88804340050408F1
:10341000F08187DEB43F9C1CE2418809E8CB441070
:1034200000608105428104738420E22AE814C70702
:1034300081E442F0F87302F7FFFFD50338F4050189
:1034400012F0000002F000008C2140F33C001AF062
:103450000001D5ECF0018C41886050420060D5DB62
:1034600049FFF94EFCC2FC4084A03C2DFE8A4690E8
:103470000508589487043C7DFE8980254660050434
:103480005863072C4440060094295A2001044C71CB
:103490000004381480098CA1381300094630050453
:1034A0005831872CDCF284A0804544100D4850022E
:1034B000994888038CA2AC80D9FB84A046300501D2
:1034C00058318520804544000C80986B8CA21220D6
:1034D00092C2D8FC84003C0FFE5C84013E07F87E5B
:1034E000FCC0FC003FCFF914BA149E12E602E804B7
:1034F00084A284C0D50384AF84C32E47F85C8403C0
:103500005A40013246000504020003933C13FC5A62
:10351000E2208420BB00E81446000506141003BB1B
:1035200046000506040003BAE206E8074610050651
:103530008C01140083BAD51BC31AB980D518460074
:103540000506141003BA46000506040003BBE20595
:10355000E807461005068C01140083BBD5085A30D5
:10356000020784024610040C3C0FFE452E37F87407
:10357000CB03B842C00CB8005A0802048400D5033B
:10358000C80684034610040C3C0FFE45B800C80C66
:103590002E101A213E17F7F43C13FC613C1BFC6D06
:1035A0002E17F80BD5265A0802192E101A223E178C
:1035B000F7F43C13FC633C1BFC6D2E17F80B3E1715
:1035C000F7E72E17F80C3E17F8642E101A3E3E1738
:1035D000F7ED2E101A3FD51B5A08031E2E101A2382
:1035E0003E17F7F43C13FC613C1BFC6D2E17F7F7FC
:1035F0004650040C3E17F7E72E17F7E53E17F86420
:103600002E101A3C3E17F7ED2E101A3D4650040CB2
:103610003E17F807CB03B942C1122E17F7E78C21EA
:103620003E17F7E72E17F8649D493E57F864C30725
:10363000BB42C305CC048C233E17F8644610050733
:10364000045083C5461A55AA5010855AD9362E17EC
:10365000F80FC9335A000309443000464440003C87
:103660004450012CD50644300050808344500190D2
:103670004610050402108393E2A1E902C9038423E2
:10368000D5052E17F80DC1068E214650040C3E17A5
:10369000F80D2E17F80DC1038420D5028421465061
:1036A000040C3E17F83C2E17F83C5A18010A3E4706
:1036B000F7F43C3BFC6DD50484203E17F83CFA2817
:1036C0003E17F84E46100507045083F8461A55AACF
:1036D0005010855AD90846300507043183FACB03C8
:1036E000FA30D50C46300507043183F8CB0B463051
:1036F0000507045183FAD906FA254630040C3E1713
:10370000F84E5A28021E2E101A253E17F7F4842070
:103710003E17F7E73E17F864FA483E27F84E2E109A
:103720001A3C92213E17F7ED5A0802053E27F8078A
:10373000D504FA103E07F80784003E07F83CFC80E9
:10374000FC4046100508840010008092840046105A
:103750000508581080004430FFFF8040467005097E
:1037600058738DA0449FFFB44660050958630D88C7
:103770004650050958528D944640050658420ED4CD
:10378000389380083823000838228008382200083F
:103790008C01B661A8C9102080088C2C5A080CF244
:1037A000FCC0FC013FCFF9142E17F82B2E07F86749
:1037B000C916B9005A10020B96412E201A48FE8CE9
:1037C0003C2BFC682E201A49D51396412E201A4C0A
:1037D000FE8C3C2BFC682E201A4DD50A96812E10AB
:1037E0001A4A5430800FFED43C3BFC689224FE54AD
:1037F0003C1BFC5D2E17F7F0C1082E101ADBFE44AF
:103800003C1BFC683C1BFC5D2E17F874C906B942D2
:10381000C9042E17F7EBC10E2E101A492E201A4894
:103820009601FE44FE1494013C0BFC6894093C0B89
:10383000FC5D49000FE2490010F52E07F8744E03B5
:103840000084B8424E030081B8145A0802044800AC
:10385000007C2E001A1B92069606C0062E07F7F370
:10386000C00349002A88B81CB90CE201E813C01251
:103870002E07F7F0C00F3C03FC6894013C0BFC687A
:103880003C03FC5D94013C0BFC5D49000FB6490014
:1038900010C984003E07F8482E001A1BBA0C920685
:1038A0009606C034B8105A080132E642E92F4600A5
:1038B000050900100BFC4600050900000BFEE201A3
:1038C000E8039A08D5028A012E301A72E003E81E36
:1038D0004600050900100BFD4600050900000BFF1E
:1038E000E201E8039A08D5028A01E003E80F4600E6
:1038F0000509461005090400025F04108263920165
:10390000E220E80484013E07F848B81CE240E825BC
:103910002E07F82BC0222E07F7F0C81F2E07F848F5
:10392000C81C2E001A4A2E27F8675410000FFE54A8
:103930003C1BFC689204FE143C0BFC5D49000F5DCF
:1039400049001070D50A84003E07F86C3E07F7F076
:103950003E07F8483E07F82B2E07F8745A0801096D
:10396000B8425A080106B910B80CE220E9052E0742
:10397000F7EB5A08010B49000D825A0001FEB80C02
:10398000E602E90349000F072E07F7F3C8104600C7
:103990000507045003C4460A55AA5000055AD0072B
:1039A0002E001A1B920496064E02005C4900122B50
:1039B000B8145A08021E46000509461005090400FD
:1039C000025F0410828F880196013C0BFC552E1774
:1039D000F85CC90EB90CC10C3C13FC48E201E808C4
:1039E0009A085EF000C9E90484013E07F8604900C6
:1039F0001A43490012E7490015D64900252E2E0723
:103A0000F7F3C0053E08053449001DAE4600050821
:103A1000580000004900265A4600050858000000DA
:103A200049001BADB8145A08021846100508462074
:103A300005080410800100210092B63F46100508D9
:103A400004108000F1813A0F8400490020DF5A0001
:103A5000FF043E07F9CC46100506840010008EF0E6
:103A6000B842B8BA4600050858000000FC81FC00C6
:103A70002E001A1B9606C0102E07F84AC8048402AE
:103A800049FFF5D349FFE8C1C0092E07FAC4C806AB
:103A900049FFF497FC8049FFF5C8FC80FC003FCF4C
:103AA000F92CB80E5A08020684018420490021AA84
:103AB000490022DA46100507045083F5461CDCDC79
:103AC00050108DCD4C5080ABBB0E5A3802132E17C0
:103AD000F8395A180104FA2AD5042E101A509221E6
:103AE0004620040C3E17F7E984203E17F839D50527
:103AF0002E101A503E17F7E946100506045083BEF3
:103B0000461A55AA5010855AD90484213E17F7E960
:103B10002E47F7E92E27F7E42E101A535A200104F6
:103B2000FE64D5072E47F7FB2E17F81488248C2146
:103B3000BC06CC042E47F860C4185A2001175A005E
:103B4000011746000507045003F5460ABABA5000AB
:103B50000BABD01246000506045003BE460A55AA18
:103B60005000055AD81FD5085A0801078417FE1EB1
:103B70005A000403B98D46000507045003F5460AB0
:103B8000BABA50000BABD802B98DBA0DE241E80DBC
:103B90002E001A1A92039606C0038C41BA8D5A3829
:103BA0000C3E8400B88DD53A8401B8874660090080
:103BB000B8A35063005C84213E0FF94849FFF0949C
:103BC0003E0FF94849FFF050B9074C008005B40694
:103BD0005A08A5F3466009005063005C84213E0F3B
:103BE000F9B849FFF0813E0FF9B849FFF03DB9231C
:103BF0004C008005B4065A08A5F384003E07F7E49C
:103C00008420B98046000507045003C5460A55AA1A
:103C10005000055AD8033E17F84DFC80FC003FCFFA
:103C2000F92C46000507045003F5460ABABA5000BD
:103C30000BAB4C50009D46000506045003BE460ADF
:103C400055AA5000055A4C500093B90E9E0AE60240
:103C5000E80D2E601A53440000FFFF845A18030930
:103C600084008020490020CED50344623280B80011
:103C7000E206E8048C01B880D50484013E07F7E42D
:103C8000B806C823B80E5A08030C46000504020003
:103C90000392C81B2E07F82E5A08010AD5165A0897
:103CA00007074600050402000392C80F2E07F7E439
:103CB0005A00010C46000507045003F5460CDCDCF5
:103CC00050000DCD4C504054490021CE4E030050C1
:103CD000B887B88D3E07F8652E17F82E5A100109DF
:103CE000840146600900B88C5063005CD51A4660B8
:103CF00009003E07F82E5063005CB9813E0FF93091
:103D0000842149FFEFF13E0FF93049FFEFAD5A0032
:103D100001E9B4065A08A5F4D5E4B4065A00A50E84
:103D200084203E0FF94849FFEFDF3E0FF94849FF75
:103D3000EF9BB9074C00FFF3466009005063005C3D
:103D400084213E0FF95C49FFEFCF3E0FF95C49FF3C
:103D5000EF8BB90C4C008005B4065A08A5F3843BE0
:103D6000B80EFE0E5A0803048400B880FC80FC00E4
:103D70003C0DFE595A08030B2E601A264900217487
:103D80005A08011444600032D51084C05A08070E46
:103D90002E601A3146000507045003C5460A55AA8D
:103DA0005000055AD802FAD8840046400509584206
:103DB00006248040802080A43832050196DBE0C3D1
:103DC000E80A5CF00095E8038C0196013832850121
:103DD00096DB88438C215A1990F146100504120095
:103DE00083923C0DFE595A0803085CF10082E804F6
:103DF00084001200839246000507045003C5460A5A
:103E000055AA5000055AD816460005040200039230
:103E1000C00F2E07F84D8C019600E6023E07F84DC4
:103E2000E80946100504840012008392D5033E077A
:103E3000F84DFC80FC403FCFF9142E07F85C5A0087
:103E400001048402D50284034610040C3C0FFE4595
:103E5000BE145A6803092E101A269449964B2E4018
:103E60001A5DD50C5A6807092E101A319449964BE1
:103E70002E401A59D503842080814600050704503E
:103E800003C5460A55AA5000055AD80344400064A9
:103E90008440BF1B80A28062469005015894852013
:103EA00046A0050958A5062450010C82408004084C
:103EB00040042400508466FC8907A40002840000AA
:103EC0008A089601408000114E850006E088E80AC5
:103ED0008A04D506400410004E07000384009603B0
:103EE000D502840040800400380509094E84001082
:103EF0008C6196D981E04E04000452F000005EF718
:103F00008BB9E9054E060003FE0288A08C415A29B0
:103F100090CD2E07F808C0068E0184A03E07F80851
:103F2000806584003E07F82E5A680307C515840192
:103F30003E07F82ED5112E001A8DE203E80D46003B
:103F400005064610050600000EF45800000110009A
:103F50008EF48401B895FCC0FC4084A03C4DFE600A
:103F6000466005045863072C3C2DFE484670050248
:103F700058738E2444800640842050A29948509261
:103F80009F88380104014035040040F1980039C28F
:103F9000010138338101500003208A7C96DB9601B1
:103FA0001237800038F38101380201014034840067
:103FB00088664007800196038C22AC185A1860E38B
:103FC00050528064502100604C547FD8FCC0FC41AA
:103FD0003FCFF9408461BC09841BFE265A000303CD
:103FE00084642E97F7FBB80C2E67F81488C9E20694
:103FF0004EF2008484003E07FA30BD0CC50684A052
:10400000B80CE209E856D51044000190FE1C467039
:104010000501587385208045946988278CA112205A
:1040200092C2D8FBD5ED3CADFE602E101A572E0083
:104030001A215A480C052E101AEAD5035A400204D8
:104040008801D508842A2E201A582E001A254201EC
:10405000047344100190FE5C84A0F1819402461028
:10406000050358108AA480E538F51D010220F9C027
:1040700083C18A4F969140F100114EF6000452F729
:10408000800040F78006E80502F08000884FAC8889
:10409000022F000044806D60884896914480DAC009
:1040A000E3028C22E80284A1F2018CE14C717FDEF4
:1040B000B80C8C01B88C5A5801214400019084A09E
:1040C000BA10FE1C4610050358108AA481E5228010
:1040D0008000BF0C8CA197FB40A41D56A5D088EA98
:1040E0001A7100011AF08001D8F38400B88C2E07F1
:1040F000F8578C013E07F857B80CE206E9442E0742
:10410000FA3084A08C013E07FA30BD8C80E52E0782
:10411000F8578C013E07F85744000190FEC4B910CF
:104120004600050358000AA422200000A58840216B
:10413000245688468CA11A2080011A700001DBF5F4
:104140008417FF065A4804202E07F7E62E201AE8A7
:10415000E240E8058401B8808400D5112E101A1BB6
:104160009227C1113C33FC70B936E261E90C3C3353
:10417000FC77B935E261E907C2068C014610040CF0
:104180003E07F7E6FCC1FC453FCFF91484C02E0082
:104190001A1A92049606C8032E601A5784003E0726
:1041A000F7E33E07F8788437B814FE0E5A08043156
:1041B000B842C82E2E07F85CC82B2E001A1B920797
:1041C000C0272E07F8743C13FC735A0001052E0714
:1041D000F87AC0093C03FC595CF004B0E9049E0A7B
:1041E000E608E90B9E09E609E8133C03FC5940F098
:1041F00005F75CF78384E90C84013E07F8784410E6
:1042000000643E17F87C3E07F7E33E07F8742E077C
:10421000F87CC0048E013E07F87C2E07F82FE602DA
:10422000E90A2E07F7E35A08010784003E07F82F32
:104230003E07F7E3B8005A08030584E18524D50357
:1042400084E0852140049C00F08484602EA01AE95B
:104250003EA7F8822E07F7E3F0822E07F874F08766
:104260002E07F7EBF08350057FFFF0882EF7F87EDE
:104270004600050858000704F081440000644281AC
:104280008024461005045810872C50040C668801C1
:1042900044100030FE5CF186441FFF9CFE5CF185FB
:1042A0009E5996495C10801E8480F189F1025A184B
:1042B0000107F10138109101121006710210067108
:1042C0008040F0064650050858528704880494013F
:1042D00088052BE10001A400964B96034EA2002412
:1042E000E922F5075A500105F5035A58011D4FE719
:1042F00000074E0700054E1400038020F509C5088D
:1043000050F27FFF40F780135CF7802EE904F5033D
:104310005A58010AF008421F00734010A8361211C3
:104320007FFFD509FE3C4200A473F104400004164F
:1043300012017FFFC60B22017FFFE0C0E8048A065E
:104340009603D502840012017FFFF002C809F00530
:10435000F1018802880802000670380091098C81FA
:1043600085E05A4030048002D5A2F0018C615000F3
:104370000060F0815A382083463005045831872C7C
:104380003EF7F87E3CFBFC483CFBFC45B8145A0861
:10439000021C80CF80AF802F44400C808440981551
:1043A0008803220006334E07000688068C21978179
:1043B00096498C425A2860F550528064DCF03C6B80
:1043C000FC483C1BFC4584A0442000FD44100D48E3
:1043D0005002994888038CA2AC80D9FBFCC52E17EB
:1043E000F867FE0C9601DD9E2E07F80FC0242E07FD
:1043F000F8322E101A56E201E91884003E07F80F31
:1044000084A03C5FFE5C2E07F8223E07F7FB463097
:10441000050158318520804544000C80986B8CA2A2
:10442000122092C2D8FCDD9E3C1DFE51C9048C01B5
:104430003E07F832DD9EFC003FCFF9642E17F824CA
:104440002E07F81AE220E90684013E07F803840AE1
:10445000D50484003E07F8034610040C3E07F81408
:104460002E07F803C04C840149FFF7FF84013E0783
:10447000F7FE84023E07F85D8437B800FE0E5A0846
:1044800004342E67F8835A68013049001E4884209E
:10449000B80049FFE10A84A03E67F87E4630050473
:1044A0005831872C804544100D4850028C008803F9
:1044B0008CA2AC80D9FBB829C00449FFEF8ED5FC93
:1044C00084023E07F883B82EC00646000502580055
:1044D00001A4D50546000501580005244610040C2A
:1044E0003C0FFE60D51D46100506840010008EE0CE
:1044F0002E07F8188C013E07F818D50C49FFF53146
:10450000460005064610050600000EE08C0110006E
:104510008EE02E07F8248C0196003E07F824FC80DC
:10452000FC2084A03C7DFE604660050158630520A8
:10453000846344200C80987D500299048806A50865
:10454000A40042020C73900296018CA2AC08DAF42B
:1045500084033C0FFE50FCA0FC018400120F80037A
:104560002E201A1A400110099606C02E2E07F7F3C6
:104570003C3DFE45C01B2E07F80FC8042E001A57FD
:10458000D5032E001A5A5A3803042E001A5B3C1D1C
:10459000FE875A1801042E001AEA2E17F874C1106B
:1045A0002E101AEB88019601D50B2E101A58840A8A
:1045B000FE445A380338501080969649D5332E174A
:1045C000F8605A100126802092459686C2133C2D31
:1045D000FE455A2002052E37F834C3042E201A60F7
:1045E000D5085A2803052E201A5FD5032E201A5EFF
:1045F0009693122F8003022F800396933C2BFC4F3F
:10460000964B3C1BFC6696033C0BFC53FC812E171F
:10461000F85CC9DA84632E101A57944940108C361E
:10462000D5D48001D5D2FC4D3FCFF96484002E1043
:104630001A61120F8022F18D4630050658318E9492
:104640003C0BFC594620050658210E543C0BFC57E8
:104650003E07F83F3C0BFC733C03FC669603F08975
:104660003C03FC4F9603120F8022840080203811F7
:104670008109381101098C014670050658738E9422
:104680005A0820F72E07F834F08B5A0802212E170B
:10469000FBC62E07FBCCE220E90484408461D503ED
:1046A000844184603E0FFBC4842680804241847331
:1046B00042010473A6E2A603E260E8068E62965801
:1046C000F1848060D5088E029600D5048460440091
:1046D00000FFF08484003C0BFC6A2E07F85CC804E1
:1046E00044000064D50344000096F08884204460B0
:1046F0000064469005045894872C84004250982406
:104700008040990588898C0222420CA4E044402212
:104710003C1B5A0860F8382385098C215A1820EF71
:1047200046100504840012008393469005045894B3
:10473000872C2E001A1A46A0050658A50E5492047E
:104740009606F08CB192B800F0863C53FC6A2E10AD
:104750001A248405FE0CF08E2E001A8DF08F460070
:10476000050600000EF4F085B801F08A3C03FC5900
:10477000B61F3C03FC57F0833C03FC73F0818400BC
:10478000F087F082021F8022964BC11FF10B5A184E
:104790000212F2049641E222E90DE261E90B4610B1
:1047A000050658108E94F20D38108101401088369D
:1047B000D50C4610050658108E94024F80223810F2
:1047C00081019723401090363815010938150111E1
:1047D000121F8023F10CC905021F8018121F8023AD
:1047E000F1065A1002078480501499488104D55B61
:1047F000842084403823060A8C215A1808FC802221
:10480000950954708007888938831E0222420CA4BF
:104810008C21888838431E0A5A1830F48420384383
:1048200006028446404208963843060A8C215A18EC
:1048300008F8D5DA5472000738731E024E77003834
:1048400023E08000E0FEE839407F1C01ADC8227003
:104850008000F208E047E8038CA197694E750031AB
:1048600002FF8023F20940F7801140F7880040F7EB
:104870009C07E83202FF802340F7801140F7880050
:104880008AEFADC8F2072A708001E047E928F20EEE
:1048900040F388004EF500294E7500388C81972131
:1048A0005A403046F2065A2802D4D5C5C7D123E073
:1048B000800040FF1C07D5C812808000D5C93CF39A
:1048C000FC5340F7801152F78000E0EFE8053CF31D
:1048D000FC5388EFD5D712808000D5D54E77FFD90D
:1048E00096B9F287D5D5F20250F100014027801326
:1048F00004FF800FF282E24FE9D0F2055821000157
:10490000F2858441F28AD5C9B45F8A479691B65F31
:10491000F20350F10001402780135EF3FE0CF28396
:10492000E8BEF7018CE196B9F281D5B98C015094BB
:1049300080645A00200448FFFF27021F800E3C5B62
:10494000FC6A46000504B45F121003934600050696
:10495000001F801410100EF4F10AB981021F8000AC
:104960003C1BFC59021F80063C1BFC57021F8002A7
:104970003C1BFC733C5BFC4E2E001ABE9405E0020F
:10498000E8113C03FC57E615E90D46000506461004
:10499000050600000EF45800000210008EF4840199
:1049A000B881F0065A0802182E07F81FC0143C03FD
:1049B000FC57E60AE9105CF103E8E90D460005063C
:1049C0004610050600000EF45800002010008EF47A
:1049D0008401B88146000507041003F2460005046F
:1049E00002000393E220E813460005064610050680
:1049F00000000EF45800000410008EF48421B981E8
:104A00002E07F7EE8801B8893E17F852FCCDFC005E
:104A1000840A490025E9C0052E67F20848000045D0
:104A2000840E490025E1C829FA02490025DDC82580
:104A3000FA06490025D9C821840A490025D5C81D90
:104A4000FA0A490025D1C819FA13490025CDC8151D
:104A5000FA0E490025C9C811FA18490025C5C80D24
:104A6000FA1C490025C1C80944000030490025BC92
:104A7000C8042E67F1B8D518FA0A490025B5C00454
:104A80002E67F1C8D511FA0E490025AEC8FAFA13FF
:104A9000490025AAC0042E67F1F8D506FA18490086
:104AA00025A3C8FA84C4840A4900259EC0063C0395
:104AB000FA633C2DFD32D5053C03F9F33C2DFCFA9D
:104AC000924496518A2044000146FE0C4000180D85
:104AD000FC803EF8251840FFBC015CF7803DE807EC
:104AE0004600050615F003B98401DD9E4610050653
:104AF00046000410041083B98A1FE220E80746101C
:104B00000506140083B98400DD9E8400DD9E3E1FEF
:104B1000F9E844200032A608A6498E014210087325
:104B2000463005045831872C804150108600940986
:104B3000384185013E1FFED088039723AD0802400F
:104B40007FFF9723AD0DA5019723AD0E02400032E4
:104B50009723AD0C024000319723AD0A0240003389
:104B60009723AD0B024000649723AD090240006318
:104B70009723AD0F020000659603120080085011C4
:104B80000CA49409382185013E1FFEBC880396932E
:104B9000AC8802207FFF9693AC8DA4819693AC8E57
:104BA000022000329693AC8C022000319693AC8A9E
:104BB000022000339693AC8B022000649693AC895C
:104BC000022000639693AC8F0200006596031200EA
:104BD0008008DD9EFC4049FFFF9C3C03FF6C960370
:104BE0004E05010A3E3FFB5C2E17F9E83C23FF6CA3
:104BF00038018501E202E803382185093E4FFAF8C1
:104C00002E07F9E938320101E2624EF300884430A0
:104C10000032808042408C73466005045863072C44
:104C200050320CA480E238430D114290082442F027
:104C300088244630050900318C13405180064E52BD
:104C4000008A9AC35E3180024E33008A46300509DD
:104C5000043182BB88E346300509045182B94630ED
:104C6000050988A946900509043182BA147482BBEB
:104C700046700509886F145382B9465005091432ED
:104C800082BA4430003080A042508C734630050810
:104C900058318704385195114E57000B463005099D
:104CA000043182F8886546500509143282F82E379F
:104CB000FC07E260E8054630040C3E07FC072E378F
:104CC000FC06E203E8054630040C3E07FC062E37DE
:104CD000FC08E261E8054630040C3E17FC082E375C
:104CE000FC09E223E8054630040C3E17FC095A4053
:104CF000FE615A40FB5F442000324200887350300E
:104D00000CA43C4DFE663E1FF9E884423E0FF9E4D8
:104D100038430D0949003850FCC04430003280A0AF
:104D200042508C7350328CA4466005045863072CA3
:104D30003822010938430D114630050980E200315F
:104D40008C13429008244051800642F088244E5330
:104D5000FF7A8A605E3180024E32FF7A4630050962
:104D600000318C12405184064E5201ED9ACB5E31D7
:104D700080024E32FF6D463005090431828B88E394
:104D800046300509045182894630050988A94690B4
:104D900005090431828A1474828B46700509886F74
:104DA00014538289465005091432828A48FFFF6BEA
:104DB0004430003242008C7350000CA43C1DFE664F
:104DC00038130109460005090410025CC2080400FA
:104DD000025C9C41460005091410025C2E07F8078E
:104DE000E201E8273E1FF9E884423E0FF9E449005A
:104DF00037E3FCC0442000322E17F9E84660050472
:104E00005863072C2E07F9E98520806042308873AB
:104E100050318CA438430D113C23FF6C85E09693F0
:104E20005A48FB044800019684E0844048FFFF0391
:104E300049FFFE51C8D884602E17F9E8C1323C03FF
:104E4000FF5E3C2DFE669743D22B3C03FF6C3C2358
:104E5000FC683C33FF68960396DB8802E003E80EAB
:104E6000442000322E07F9E94200887350000CA458
:104E70008061380301115A08FB158E213E17F9E8AD
:104E800049FFFEAA2E07F9E48C013E07F9E82E1728
:104E9000F9E53E17F9E949FFFE3C2E17F9E8806174
:104EA0002E07F8428E01E060E82F3C03FF5F3C2DA7
:104EB000FE669743D2293C03FF6C3C23FC683C43CD
:104EC000FF69960397238802E004E80E2E27F9E98C
:104ED0004400003280824241807350020CA43803A7
:104EE00001115A08FB148C213E17F9E849FFFE74A2
:104EF0002E07F9E48E013E07F9E82E17F9E53E1773
:104F0000F9E949FFFE062E27F9E98460C2333C0324
:104F1000FF603C1DFE669743D12C3C03FF6C3C13A5
:104F2000FC683C33FF6A960396DB8801E003E80FD8
:104F300080622E17F9E8440000324230807350013D
:104F40008CA48062380301115A08FB158E413E275C
:104F5000F9E949FFFE412E17F9E42E07F9E53E175E
:104F6000F9E88C013E07F9E949FFFDD32E27F9E95D
:104F700080622E07F8048E01E060E82E3C03FF619A
:104F80003C1DFE669743D1283C03FF6C3C13FC6834
:104F90003C43FF6B960397238801E004E80D2E172E
:104FA000F9E8440000324230807350318CA4380359
:104FB0000D115A08FB148C413E27F9E949FFFE0CFC
:104FC0002E17F9E42E07F9E53E17F9E88E013E07A2
:104FD000F9E949FFFD9E2E17F9E84E1200572E27DA
:104FE000F9E94E2300DB84602E07F8048E01E060AF
:104FF000E84C3C03FF643C4DFE669743D4463C536B
:10500000FC683C03FF6C3C43FF68960397238805CC
:10501000E0044EF301933C43FF6C97233C03FF6B8A
:1050200097C3982CE0074EF301893C03FF683C537B
:10503000FF6B976B3C73FF6E96033C43FC5D8805EA
:105040008804977BE005E80B44000032423080730F
:1050500050318CA438030D115A08FB188E213E17CD
:10506000F9E88C413E27F9E949FFFDB62E17F9E42E
:105070008C212E07F9E53E17F9E88E013E07F9E984
:1050800049FFFD472E17F9E82E07F8428E01E02070
:105090004EF2FEAA2E27F9E94E2300D684602E0791
:1050A000F8048E01E0604EF2FE9F3C03FF663C4D2B
:1050B000FE6697434C523E983C53FC683C03FF6CA1
:1050C0003C43FF69960397238805E0044EF30117DC
:1050D0003C43FF6C97233C03FF6B97C3982CE0077E
:1050E0004EF3010D3C03FF693C53FF6B976B3C7320
:1050F000FF7096033C43FC5D88058804977BE005C0
:10510000E80D440000324230807350318CA43803E3
:105110000D115A00FB0448FFFE678C213E17F9E889
:105120008C413E27F9E949FFFD572E17F9E48E21FE
:105130002E07F9E53E17F9E88E013E07F9E948FF29
:10514000FE538A615E3180024E32FD8248FFFE15B9
:1051500046300509FE92047182EB463005099691AE
:10516000045182E94630050988E2043182EA42307E
:10517000887342500873804346300509147182EBEE
:105180004630050984E0145182E9463005091421AE
:1051900082EA844048FFFD4F3C03FF633C3DFE66CE
:1051A0009743D34E3C43FC683C03FF6C3C33FF68A1
:1051B000960396DB8804E0034EF300CF3C33FF6C8C
:1051C00096DB3C03FF6A97439823E0054EF300C546
:1051D0003C03FF683C43FF6A97233C53FF6D9603F3
:1051E0003C33FC5D88048803972BE004E80F4400FF
:1051F000003280624230807350018CA48062380398
:1052000001115A00FB0448FFFEF18E213E17F9E818
:105210008E413E27F9E949FFFCDF2E17F9E48C2186
:105220002E07F9E53E17F9E88C013E07F9E949FF39
:10523000FC702E17F9E84E12FF292E27F9E980623B
:1052400048FFFED43C03FF653C3DFE6697434C514E
:1052500080533C43FC683C03FF6C3C33FF6996037E
:1052600096DB8804E0034EF300593C33FF6C96DB79
:105270003C03FF6A97439823E005E94F3C03FF692D
:105280003C43FF6A97233C53FF6F96033C33FC5D1E
:1052900088048803972BE004E80F44000032806202
:1052A0004230807350018CA48062380301115A008F
:1052B000FB0448FFFEF68C213E17F9E88E413E279D
:1052C000F9E949FFFC892E17F9E48E212E07F9E54B
:1052D0003E17F9E88C013E07F9E949FFFC1A2E0751
:1052E000F8422E17F9E88E01400080074E02FD7C3F
:1052F0002E27F9E9806248FFFED444000032808303
:105300004240807350020CA4380301115A00FB0480
:1053100048FFFD6A48FFFEE84400003280624230E8
:10532000807350018CA48062380301115A00FB0481
:1053300048FFFEB748FFFFA444000032808342408C
:10534000807350020CA4380301115A00FB0448FF7B
:10535000FE9D48FFFE6C4400003280624230807344
:1053600050018CA48062380301115A00FB0448FFED
:10537000FE3D48FFFF2FFC4081218140948946106B
:10538000050958108BFC9401880188228442490049
:1053900035134600050958000944406510083810C7
:1053A000260238102A0A4074900846000509580061
:1053B0000974984688073A201400460005095800E9
:1053C0000A343A209420984688073A2014003A205C
:1053D00094204600050958000BB4462005095821C1
:1053E0000AF488C288473810260238102A0A3A215F
:1053F00014003E1FFBC43A2314208001844642055A
:10540000087342148873490034D7FCC0462005094C
:105410005821094484203811020A463005095831C0
:10542000897494848862B623A859A85A463005091D
:1054300058318A348862B623A859A85A46300509DB
:1054400058318BB43811820A4630050958318AF434
:1054500088438466B622A851A8523E2FFBC442203E
:105460000C738002AE412E27F804AE42AE80AE44EB
:105470002E27F842AE45AE83DD9EFC433FCFF94474
:105480008420BF003FEFFBC4852AE2274EF2017F54
:105490008446801E42008873A681A740A782A60387
:1054A00088A288C04252A4244263242490A190C1BF
:1054B0009631F28196A9F083F2828400E2074EF2DF
:1054C0000162E2204EF2015B8466805E42200C7332
:1054D00000A10001A6D0048F8002886A4231A42472
:1054E00090619719F484A712A6938844422124243A
:1054F00090419711F485F404E2883E4FFBC4E8081C
:1055000040F28C015EF78014E909480000A040F1E8
:1055100094015EF780144EF2009F048F800504FF13
:105520008003E30F4EF2008740F308015EF7801F0F
:105530004EF200874630050958318BFC9581385171
:1055400085003821810088459041954988A33821FC
:105550008508886600928001A69946300509583171
:10556000894488499041AEA9385182023821860287
:10557000469005095894897488453821860A9544CF
:1055800094CC40648C0089250483000204F48002DA
:10559000890F1483000204F48000B506890FB70652
:1055A000048480010493000189281493000146605B
:1055B000050958630BB43883020238930602892820
:1055C0003893060A4690050958948A3440648C0042
:1055D00089250483000204F48002890F14830002E9
:1055E00004F48000B506890FB70604848001049393
:1055F00000018928149300014660050958630AF4E4
:10560000886688A6A19A0492800288C9A99AB525BD
:10561000B4C388C9B6C3A1A9A15988A6A959F301E1
:10562000E26AE82E846680A442508C7310A2800146
:10563000D52740F118015EF7801F4EF3FF7D048FE0
:10564000800404FF8002E30FE8069AEBE47FE90799
:10565000480000958A65E47F4EF20091F305048FBF
:105660008003E268E8079AB2E4544EF2008848FFEB
:10567000FF638A46E4544EF2008248FFFF5D846671
:1056800080A480C442500C7342608C73A76880660B
:10569000A7B0E2A6E802AF58846680A480C4425056
:1056A0000C7342608C73A76A8066A7B2E2C5E802F9
:1056B000AF5A846680A480C442500C7342608C73DD
:1056C000A76B8066A7B3E2A6E802AF5B846680A4FE
:1056D00042508C73A7A8A6E944F000648A668C61E6
:1056E00084CAFEF496D9446001D7FEF44031BC76FA
:1056F00096D985EA4031BCD797B1E6C596D8E9027C
:105700008C61AEEC846642408C73A6E3A66244F0E2
:1057100000648A238C21846AFE5C9649443001A986
:10572000FE5C4010BC36964985EA4010BC7796D99D
:10573000E6659648E9028C21AE652E17F807E2224D
:10574000E80C84003C0BFC5484013E07F8443E07FF
:10575000F8608400B880D51D8EE1BF80B900E201F9
:10576000E8079D81802649FFFE089630D5F8E60CB3
:10577000E80F49FFFE4D8401D50C8C01960048FFCF
:10578000FE9F8C21964848FFFE828400D50284014A
:10579000FCC3FC40468005095884097484C08148D4
:1057A0003C3DFE519E19E2C0E826943488089C7165
:1057B000549080FFA00280E68049E243E80C9454B4
:1057C000882AA04AE20140713C1B8C414000BC1B6E
:1057D0009690D5F44C73000E840B802749FFFDCDC5
:1057E0008007802649FFFDC98006842B49FFFDC53F
:1057F00080C9D5D7FCC0FC4384802E001A1A9204BD
:105800009606C8032E401A5746100504840012005D
:1058100083923C0BFC642E17F8743C0DFE875A18DB
:1058200001075A00010C2E27F85CCA0A84402E1783
:10583000F7EBE24114FF8000D504B61FD502B63F56
:1058400046A0050658A500DA2E77F7F446100504A1
:105850008887029083924022080994E296D94022D8
:10586000001B2E17F7ED9611F3828460F184F0830C
:1058700080A3804350057252F0814660050858634A
:105880000704440000609C5942618073810A8009CA
:10589000F1858520F10141E4840802F3000041E034
:1058A000F800F10240F78011E02FE8038C41969157
:1058B00002F3000040F78011E08FE819441000FE69
:1058C000121400003E18040800FF801438F081080C
:1058D00040F0040840F0BC0051E4800111E7800171
:1058E0005CF00095E8218C019601D51E02F30000C2
:1058F000F10340F78011E02FE8048CA19769D514DB
:10590000B43F5A18011202FF000040F780114EF513
:10591000000802F3000040F780114EF40006441026
:1059200000FB121400008D218CC28D025A9830B4F5
:10593000F1048120E201E91346100504120083926C
:105940003C5BFC6484013E07F8603E07F80084007D
:105950003E07F81F84003C0BFC54D50E8C6150A50B
:1059600000645A30200448FFFF87461005041200E7
:1059700083923C5BFC648E42E64AE8072E07F822DD
:1059800094018C013C0BFC4B2E17F85C3C03FC4B48
:10599000C910C80F2E07F8605A0001103C13FC64B0
:1059A0002E001A43E220E90984013E07F860D5057C
:1059B000C0048E013C0BFC4B2E001A8C9207C030A9
:1059C000460005045800072CFA32442000FC22F05F
:1059D0000600E0EFE80312200CA422F00631E0EF0D
:1059E000E80312200CD58E21964850000064C9F0BF
:1059F000461005055810832C44000032442000FC5A
:105A00002AF08001E0EFE803122086A322F08671DD
:105A1000E0EFE80312208D158E019600C8F2FCC35A
:105A2000FC403FCFF94484C080068CC197B049FF49
:105A3000FCEF5A680CFB8440BA80BA954600050416
:105A40002E17F807020003929221E201E8133C139B
:105A5000FC548C2196493C1BFC542E401A3B846A12
:105A6000FEE4E061E8073C2BFC543E27F8443E2767
:105A7000F860C8073C0BFC543E07F8443E07F8604A
:105A8000B9085A18023E2E17F85CC907844A4430F8
:105A9000003244F000C8D506FA444430004644F0D1
:105AA000012C2E17F800C911464005040252039339
:105AB000E2AFE80B3C13FC6AE223E91584213E17B0
:105AC000F8603E17F81FD50F2E37F81F5A38010718
:105AD000C9053E17F8443E17F86084203C1BFC6A59
:105AE0003E17F81FC80D3C13FC6AE222E8093C0B84
:105AF000FC543E07F8003E07F8443E07F8602E6766
:105B0000F860C6062E601A1A97864E6300D680E6A5
:105B10003E980408840B49FFFC7B46000504463090
:105B200005045831872C025003928400802044A041
:105B30000032E225E81C94898849384485000081B8
:105B4000000180484222287350F10CA438F1BD11A5
:105B50005AF8FE0B5021060038218911E002E804B2
:105B6000961180C880E48C219648D5E44E02009BB3
:105B700084003E1FFB5C8441382081098C015A0857
:105B800022FD84003E1FFAF88441382081098C01EF
:105B90005A0832FD460005094610050958108C12B6
:105BA00010700C1246000509844210600C133E0F61
:105BB000F9E84900310149FFF80F2E87F7F42E1755
:105BC000FC073E2FFAF88068444001D72E07FC06F8
:105BD0004900007481403EA7F81D2E17FC082E07CF
:105BE000FC093E2FFB5C8068444001A94900006627
:105BF0003E07F8023EA7FC0A3E07FC0B2E17F807EB
:105C0000460005090400025CE220E80784013E0723
:105C1000F84484003C0BFC542E001A1A9606C00D62
:105C20002E07F844C00A2E07F7F09600C806B88081
:105C300084013E07F860D540B800C0279E4146A0C9
:105C4000050958A50974944C882AA08A46100509AC
:105C50000410828BE241E8199600C01A50807FFF41
:105C600040141008882AA08A461005090410828B67
:105C7000E241E80E802849FFFB808008842B49FF21
:105C8000FB7C540400FFD5EA842B49FFFB76B80067
:105C9000E60BE8038C01B880B8158C01B89548FF75
:105CA000FF3B4610040C3E07F834B900E201E8045B
:105CB0008C019600D5FCFCC0FC4080E138511D01F0
:105CC000E2A3E90480A780C0D50AE207E8FC8EE1E0
:105CD00097F8D5F5E2C1E8078CC197B03891190162
:105CE000E323E9F9E2E68066E81880C1D505E2061B
:105CF000E8078EC197B038311901E662E9F980A64C
:105D00008060D505E261E8078C6196D838710D0195
:105D1000E6E2E9F9E2C3E93AD3409A2B95E995998D
:105D20005A08011E3811150138910D01840AE3212A
:105D3000E80C884642048024A491806540200856DF
:105D4000969080258400D52C8847FE0C02217FFF89
:105D500080234000081696008440D52288E238014E
:105D60001501842A0273FFFFFE0C40001C163871D7
:105D70000D018846FE7CA4918C61402088568EA13E
:105D800096589600969096E8D50B8E2196C884403A
:105D90009C4196488002D5048440802380028A6119
:105DA0008802842A8C61420184739601FF044400B6
:105DB0000064400200169601842A3C2DFE454000F6
:105DC0000437960096495A280204C106D503E625F1
:105DD000E9038C019600FCC04620050958210BFC04
:105DE00094418822A6498E225CF0802EE809380171
:105DF0000100FA2D8E02960040008006DD9E84018F
:105E0000DD9EFC203FCFF9142E07F852C81D460036
:105E10000506045003BE460A55AA5000055AD01480
:105E20002E67F85CC618B80CE605E912940150001C
:105E3000004696004610050402108392E220E90B0A
:105E400084013E07F8608400B88C480000BA440022
:105E50000046D5F1B81CC858B90C8E21E623E85489
:105E60002E17F7F3C10A49FFFFB9C0042E001A2FFD
:105E7000D5062E001A2ED5032E001A32C6052E1076
:105E80001A308801960149FFF2AC80C04600050730
:105E9000045003C5460A55AA5000055AD81B2E07C0
:105EA000F83C5A080118B8005A0002075A000308C3
:105EB0004460012CD50644600064D5034460005062
:105EC000840049FFFF8BC0064003040992C288C0CA
:105ED00097B12E07F7F3C018460005090400025FCA
:105EE0009201E206E90E4600050900000D7C5A0009
:105EF000FF0C46000509040002ED9201E206E804E9
:105F0000B842C802B88C461005090410825FB80C6C
:105F1000922149001EDDB80CE602E952B91CE220CC
:105F2000E84F3C63FC6D2E07F874C8072E07F7EBAB
:105F3000C80440230409D50B2E001A2C49FFF25146
:105F400080C02E001A2D49FFF24C80402E07F7F03A
:105F5000C00C2E001AD949FFF24480C02E001AD975
:105F600049FFF23F94019681464005095842097461
:105F7000B91C4650050958528D7CBB0C467005096A
:105F800058738BB4E223E81C940C8804E622A00228
:105F900083C2920141E33C1BE21EE803B98CD51099
:105FA000380284005A00FF0B38038602E62283C2BF
:105FB000920141E33C1BE21EE9F28C21D5E4FCA0F6
:105FC000FC4051FFFB903FCFF944BD004E5202E828
:105FD00084004637FFFF8020B194B1E0509F80B02D
:105FE00050318FFFB088504F82303811020AB0B85C
:105FF0003813020A3811020A502F81103813820A0E
:106000003811020A502F81403814820A3811020ACE
:10601000502F81703811020A502F81A03811020AC6
:106020004420003042400873844038320A0A8C41D0
:106030005A280CFD8C015A080CD78480B810806453
:10604000E2058020F0824012BC1B2E27FDFF3E8817
:1060500000282E07FDFEFE14F0844607FFFF5000C7
:106060000FFFF0839423F085380413024420FFFFD0
:106070004C01007F500F8230949A8840F00541E235
:1060800008088808F0868400F08180C0F00280E271
:10609000E2A014FF8007E0C1E84EE2C5E8464600F2
:1060A000050958000C2C40F30C0838901B02F00531
:1060B00038A400024600050958000C2C880F40A4A3
:1060C000A80104900001F006A00140F48001460000
:1060D00005064297BC2400000EF042952873B727AE
:1060E000C81CF007C01A4600050958000E3C3800CD
:1060F000780242A500244600050958000E0C38001D
:10610000780242078024E00AE80440050001D50235
:106110008A0A94058809B607B407049F8004E12021
:10612000E9068401F081D503F003B6078CC15073F2
:106130008030D5B2F0015A000108500F81A03840DC
:106140000E0A8C61D5158400F601E001E8F7E2053E
:10615000E809B4E2049F8004E127F70340733C1A86
:10616000D502F703B6E28C0150210030D5EF8C81C7
:106170005A400C0448FFFF784647FFFF4450003068
:1061800050420FFFE061E810500F8230949A88402F
:106190008400E001E807426014248C013841180AA9
:1061A000D5F98C61D5F08400845FB0D4B120505F04
:1061B000811080C0507F814040910409E001E80BCC
:1061C0003821820A3822020A3862820A3893820A07
:1061D0008C01D5F5502F8230800284A044700030AD
:1061E000E0A1E81EB4608481E081E80A42621C24D8
:1061F0008C8138601802E0C340333C1BD5F6C30DD8
:106200008480E081E80A42921C248C813860240258
:106210008AC33860240AD5F68CA18C04D5E2846048
:106220008003B1F8853F50AF80B0E001E82CB4A204
:106230008481E081E808386112028C81E0C5405316
:106240003C1BD5F83853820A8480E081E81238611B
:106250001202DE0DB194386312024E640009B14897
:106260003842820AB1543802920AD5098C81D5EE9F
:10627000B10838050E0A3892020A8C618C0150214F
:106280000030D5D4F381CB0C8400504F81D04670C0
:10629000050958738C2C4460FFFF480000CD460769
:1062A000FFFF50000FFFF201F083505F8140509FCD
:1062B000811084E0E0E2E839B02C50AF8230384001
:1062C0001E02B03851EF805038001202508F80808B
:1062D000F0824400003042A200738400E001E82311
:1062E00038F28202E81EF302386502028AC33834AB
:1062F000820288C3E0CFE815CE0E38FF02024EF5C9
:1063000000593862820AB1AC3844020A38F30A0AEA
:106310008C41D507503F81703862820A3841820A29
:106320008C01D5DD8CE1D5C73E0FEF3CB4C08400B5
:10633000E001E80938428202C404E08640623C1B66
:106340008C01D5F78400B1ECE002E80C38A382029E
:10635000B138B0F838422A028C0188863841AA0A3E
:10636000D5F480E24E24000384E0840050AF8080A6
:10637000508F80B0D50739E40A0A3845020A8C41AB
:10638000800FE001E8983842820250F00001C41EFC
:106390008A863842820ACCF5503F817038418202A9
:1063A000B0D439E182024FE4FFE8804FE041E904D4
:1063B000B1D4B1A0D51138728A02CF0638748A02DE
:1063C00088E638748A0A8C41D5F23844820288867D
:1063D0003844820AD5D6B088B0C838211202384372
:1063E000820A3801920A4E25000638430A028002CA
:1063F000D5F3F0018E01F0814E02FF488400B0A079
:10640000849FE001E808F3033841020A3832820A27
:106410008C01D5F884408002B12CE0014EF2FF4B94
:10642000B0C8386182024E64000538020A0A8C4105
:106430008C01D5F4987899443A208C003863800A0E
:106440008C083A228C20A9894650050958528C2C78
:106450005A0860F284C03E880028B800E2C04EF2BC
:10646000009FB00838001A02B910E201E865501F19
:1064700081A094B3387082028844943B8808381213
:106480001B02A0C19638F585F184F48304910001C4
:10649000F282F38138A41F0249000BB2F301F20229
:1064A000F403F104F505C8488B238A2A3CF3FC5B0E
:1064B00042A4A4243C33FC4D42A0847342F78C24B4
:1064C000846342378C24E26AE80E461005095810AE
:1064D0008E0C38009E0A4610050958108E3C380074
:1064E0009E0AD55AB008503F81A038001A023801E0
:1064F00082023A210C00940388053A200C204600C1
:10650000050958000C8C38601C0846000506000080
:106510000EF0C8424600050958000E0C38101E0A3D
:106520004600050958000E3C38901E0A3E0FFF98A1
:1065300038A01E0AD53184004420FFFF38340302FE
:1065400094434C3140273E3800284420FFFD382139
:10655000830A4620050958210E0C84E03871020A8E
:106560004620050958210E3C88253871020A94B34B
:1065700088443A210C003A208C2046100509581016
:106580008C8C386080083E1FFF983870820AD504D2
:106590008C015A080CD58CC148FFFF6151FF8470F3
:1065A000FCC0FC403FCFF98446A0050958A50C2C3F
:1065B0004680050958840D7C84C080EA81282E0716
:1065C000FDF7E2C04EF2009DB4AA4400FFFFD839A7
:1065D0009630490007974630050958318D702E27AF
:1065E000F8645A08010438219808380198004610C8
:1065F000050958108D70E202E80B8C0138009808EC
:106600004400FFFEB60A14050001480000763E284B
:10661000002884003804180838511B02841F3800F1
:1066200098084410FFFF9433D167461005095810AD
:106630008DAC882088023A200C003A208C20D55C52
:106640002E07F848C00EC60D3C0DFFE65CF000C9F1
:10665000E9082E101A73440FFF803E07F848D5034F
:106660002E17F7E738041800E201E8128C0138040D
:1066700018084400FFFF9471B60A14050001460093
:10668000050958000C148801843FAE41D5354630C9
:10669000050958318D70380198008E0196005CF024
:1066A00000FEE82494363E4805348804A0444400A3
:1066B000FFFF4C10001C2E17F7F5C1189C8994326F
:1066C00088408801940488049494B420A00188A18F
:1066D00004150001884488019201A8113E0FFEE4D0
:1066E00092A18420B6A238101808840038019808B6
:1066F000841F380498088CC18D4848FFFF628400CD
:10670000B8804630050958318C14845F98438C0258
:10671000AE895A0818FD84004660050958630C2CA0
:106720004490FFFF3E1800283EAFFF98810044F0E0
:10673000FFFE87DE3843820294824C448015BB0002
:106740008C61BB804C47C012993288413A210C00C1
:106750003A220C204620050958210C14884011E1EA
:106760000001D5093885010A990A88473A210C00A9
:106770003A220C208C025A0818DF3E0FF7F5490028
:1067800001AF490000054900029CFCC0FC443FCF1A
:10679000FDEC2E801A364600050600100E502E0025
:1067A0001A355A1801049204D502961F842AFE0C49
:1067B000F0822E07F874F084C00940040408408079
:1067C0000013F00294019601F082460005070400D0
:1067D00003FD96005A0011093C0DFE515A080105AF
:1067E0003E07F86DD50684003E07F86D3E07F86E4B
:1067F0002E07F7F54E02016884C02E07FDF7E2C0B0
:106800004EF2016D3E7805344630050958318C98BA
:1068100040A3180894B34003A80088433A0004003A
:106820003A210C0049000229F785C008E300E80678
:106830003E0FFA34842A381018083E0805544040A8
:1068400028009433F081F1014600050958000C2C12
:1068500099413A220C003A028400F587F4864900F7
:10686000020C8120F4063E080544880A3A220C00F6
:10687000F0833A0004004900020080E0F005F203D2
:1068800089403A210C003A050400490001F6F4065B
:10689000F50781403A220C00F4033A0284003A42A0
:1068A0001400490001B33E1FEF40E2E9B421E804BF
:1068B00040349C01D5034033A401E34796D9E80452
:1068C0004043A801D50340451C0197213E2FFA34CF
:1068D000C7134EA2001838211800E64A4EF200F7FE
:1068E000E307E904E30A4EF200F63E5FFA348C4116
:1068F00038229808D5074E9300064EA3000438A10D
:1069000018083E2FFA3438211800E64AE84A4E9219
:10691000002BC7292E27F80F5A280103C62440232D
:10692000A457F5029691E2A294B6E805E328E8039D
:10693000E307E9085CF18078E916E68BE814E74B99
:10694000E8124630050958318C2C4400FFFF38010D
:106950009B0AF3018823A8093E08055488023A20BF
:106960008C00D51BF30594B6385188024430FFFFE4
:10697000DB184630050958318C2C38319B024C32DB
:10698000C011C74BF304CB473E0805543E180544DD
:10699000880288413A210C003A200C2048000090DF
:1069A0004E92003CC73A4EA200392E27FA32CA3521
:1069B000F204CA333C23FF00E249E82FE414E82D37
:1069C0004600050958000C2C4420FFFF38201B0A04
:1069D000F0018801A8813E08002838501B02D20629
:1069E0003C2DFE618E413C2FFE61F201882288021F
:1069F0003A208C003A200C203E2805549436880218
:106A00003A208C003A200C203E0FFA3484203810B3
:106A10001808D5554E93FFC94610050958108D70BA
:106A200038109800C94C4610050958108D7C381054
:106A300098005A18FF452E17F86DC141CE40E72B3C
:106A40002E17F86EE938E6EBE936E74BE9345EF0ED
:106A50000060E931460005090420030B5CF10032B7
:106A6000E912B80050007FCEE202E90D46000509A8
:106A70000420030C5CF10037E906B80150007FC91F
:106A8000E202E8193C2C01515CF10032E910B80037
:106A900050007FCEE202E90B3C2C01525CF1003742
:106AA000E906B80150007FC9E202E805E625E807DB
:106AB0008C21D503C1048E213E17F86E8CC197B08E
:106AC00048FFFE9D3E07F86ED5094E93FF7048FFC4
:106AD000FF1A4E93FF2148FFFF16FCC4FC4384209D
:106AE0003E17FA322E601A1D92C44E63006F80E08A
:106AF0004630050958318C2C2E97FDF72E07FDFFE7
:106B000040A004083C0DFF7C8A0AF0812E07FDFEA0
:106B1000408004083C1DFF7B4000A001F0823C4304
:106B2000FF003C2DFE519630E209E82A38519B02C5
:106B30004410FFFF9433D1228803A001E20AE80643
:106B4000440000323E07FA31D51BF101F385E22003
:106B5000F484E9F7E2A8E9F5F002E205E9F23E0F74
:106B6000FF98F28338001A0249000031F404F2035E
:106B7000E280E9E7E642F305E8E48CC1D5D52E07CB
:106B8000FA31C022CA038E01D503440000324610F8
:106B9000040C3E07FA31A638C816409498083EA85F
:106BA00005344C04800E40102800506080208C304A
:106BB000500000403A2094003A231420D5F3840179
:106BC0003E07FA328401AE38FCC3E604E91C4020DB
:106BD000040984604010083788229221E241E803CA
:106BE0009A8AD5028A41E64AE904806F8041D5F34A
:106BF0008C61E663E9FC44007FFFE20140103C1B2E
:106C00009609DD9E8402DD9EFC43B1843A4F9420B8
:106C10003A030420B0023A200C20F3044400FFFFA2
:106C2000F6034C30002880E24C20002580444C4084
:106C300000229B0E9BAE8A67421218249BD7420209
:106C4000102442119C7342018C73814149FFFFBFA4
:106C500081204203182442039C7349FFFFB8442F4C
:106C6000FF9C4215082442048024400080169602AE
:106C7000FCC3841FFCC3FC02B1023A2F8C203A02F1
:106C80000420F00280234430FFFFF203B4BF4C0124
:106C90008016D314E2A0E8039B45D5028AA0E22225
:106CA00042029424E8039A51D5028A224200847356
:106CB00049FFFF8D8C019601FC828400FC82FC411F
:106CC0004600050600000E505A080113460005064E
:106CD00000000E51E615E907461005068400100075
:106CE0008E50D506461005068C0110008E513C03CF
:106CF000FC47E61F2E87FDF7E81A460005064610FA
:106D0000050658108E4400400E50460005064660A9
:106D1000050958630C2C00300E5184004470FFFFAD
:106D2000812046A0050958A50CF8D51E3C0DFE5142
:106D3000C8E54620050958210DAC4430FFFFE208A4
:106D4000E8DD944388223831030AA8C98C01D5F8BC
:106D500038530302A688DF128E41E653E9081090EB
:106D600080008C018C21E208E9F4D50D3825000063
:106D70005A2801F780828460D5F35A20FFF48C41B1
:106D8000AE88D5F0460005064690050958948D0456
:106D900010400E504600050646A0050958A50CF8FF
:106DA00010300E5184E0E2E8E8654600050958001D
:106DB0000C2C4410FFFF38501F0295BB46400509BC
:106DC00058420C98D909840138521F0A1005000056
:106DD00010048000D52A000500005A080127382237
:106DE00018024600050958000C2C40F218008806CD
:106DF0004C20C0073A200C003A278C20D5163A00C8
:106E000004003A278C00F481B6BF49FFFF36B4BFB7
:106E10003C13FF00F401E220E80846100506840058
:106E20001005000010008E50381218024400FFFFB9
:106E30004C10001DD01B000480005A080118462089
:106E4000050958210C984600050958000C2C8806A5
:106E500088C23A0004003A230C0049FFFF0E5CF0A0
:106E60000079E9048400100480008CE18D218D41BB
:106E7000D59BFCC1FC493FCFF94484202E07F82B59
:106E800050907FFFE72114FF8002B800E602E9047A
:106E90009E41FE44922184A0F1838045B04FD005ED
:106EA000382284088CA1D5FC4600050958000974D5
:106EB000B61F80C0840046A0050958A50AF4468084
:106EC000050958840A344630050958318BFCF08195
:106ED00080E0509F803CBC00E2E44EF2007B38032F
:106EE000A400C83D9C393C53FC6C83C39469F18475
:106EF0004C020036A659002F00038A224E140003CC
:106F0000FE4A9648E62CE804FE4C9648D503441009
:106F10000079A69800FF00028A4F4E240003FE92DB
:106F20009690E64CE804FE949690D50344200079B0
:106F300088229648E2A1E909843F3813A408381052
:106F400024088421F182D507F204E041E804F1012C
:106F50008C21F1818C0151EF0002D5CB461005093F
:106F6000581089442E001A4738109E02E220E90F7B
:106F7000A0728048A0128801A832B426B408880103
:106F8000B606A071A0118801A831D5079638F38400
:106F900049FFF724F304C8ED2E07F874C003B83690
:106FA000C8042E07F7EBC00EA072804AA012880119
:106FB000A832B426B40A8801B606A071A0118801CF
:106FC000A8318CE18CD08D508D108C6248FFFF85EC
:106FD000F501F103D9038400F082F0024900013F7A
:106FE000BF00CF053E77F8053E77F82A84433C8DF5
:106FF000FF7B44000030400400179201F08246609D
:10700000050958630C2C3CADFF7C40051809F08342
:1070100050047FFFF084808A2E001A8C54100001E7
:1070200092019606F088F1872E001B0350157FFF12
:1070300040301009961FF18542118824FE84F189A1
:10704000F28B843D804842200473424184732E07B2
:10705000F805F48AF081F28C2E97F82A943B880682
:10706000F08DF00D4C600065B41F84208048A002B4
:107070008061F086B41FB4004900265644200030D9
:1070800084604900256DF206846049002569C905C0
:10709000C907F102E220E804F1028A01D502840066
:1070A000B606B41F8420804A8061A0014900263CB6
:1070B0004020EC089205FE179225F20684604900F4
:1070C000254FC905C907F103E220E804F1038A014D
:1070D000D5028400A831B406E208E903F004B6063C
:1070E000F007C005B406F1049A08B606A031E20A1A
:1070F000E903F005A831F008C005A031F1059A08B0
:10710000A831A031F109E220E80EF10AE201E80B12
:10711000B406F10BE220E807F10CE201E804852156
:10712000149F8001B41F8CC88C10B61FD59B001F04
:1071300080043E17F805461005073E97F82A4600DA
:1071400005094420FFFF02000616120087AD460025
:1071500005094610050702000618120087AE461002
:10716000050958108C2CE6ECE808943B880138207F
:107170009F0AA8818CE1D5F8FCC9FC41469005071F
:107180005894824E2E17FDF78C04F1818440447090
:10719000FFFF838946A0050758A5023646800507EC
:1071A0005884021E47E0050759EF0206F301965086
:1071B000E223E8533E3FFC0C04507FFF38518B0A1A
:1071C00094533E4FFC0CB4608824A8C9D7434C3379
:1071D00080422E101A8C9666C11F84213844050106
:1071E000E285E8048C219648D5FA9EC954F180FFC7
:1071F000466005075863021E383F3D01381F0501F0
:1072000038F33D018A238AAFFF4C8A8F405290B7F2
:10721000886514307FFF2E101A8C966EC11BB4A0A7
:10722000842138448501E285E8048C219648D5FA0A
:107230009EC954F180FF3815050138353D0138FEEF
:107240003D018A238AAFFF4C8A8F405290B78865F0
:10725000B6608C418C0CD5ABFCC1FC002E17F874C9
:10726000C9042E17F7EBC10584003E07F82BD5376C
:107270003C1DFE455A1802072E37F8402E47F86984
:10728000D5052E37F8492E47F7E02E27F82BC812E0
:107290005A2801222E17FA408C219648E2243E17E4
:1072A000FA40E9193E07FA403E07F82B3E07FA413B
:1072B000D5125A080111CA0F2E17FA418C2196488F
:1072C000E2233E17FA41E9073E27FA413E07F82B31
:1072D0003E27FA402E57F82BD80A84004610040C9B
:1072E0003E07FA404610040C3E07FA41FC80FC4180
:1072F0003E7FFEE4382380005A2801139486990AC1
:107300004450FFFF043200084C32C00BA164DB087C
:10731000382088024C22C0058440382380082E275C
:10732000F7F54E2200EE4630050958318C142E60D8
:107330001B0294818843A6915A28FE0B9486443000
:10734000FFFF38508802D3048841A154DB142E2754
:10735000F8644E2300D694864430FFFF38508802EC
:107360004C5180CF8841A1544C5180CB045100082E
:107370004C51C0C741E01808509F00104020F80051
:10738000892105C10000B46904A10001E27C042444
:107390008001E804404E0C01D5034041F001E24A6F
:1073A000B69FE80440550801D503405128013873C1
:1073B00080004E7300A64670050958738DA038737F
:1073C00080004E73009E2E77F874F781CF214640DF
:1073D000050958420D1038720302E2C781074EF2C8
:1073E00000903C7DFF7B8EE18AE6E3074EF2008948
:1073F00095C340821C0004840001E2C84EF2008163
:107400003C7DFF7C8EE18AE6E3074EF2007AE2667D
:107410003C7DFF7BE90F5083FFFF8B06E303E90A06
:10742000E246E9223C8DFF7C8F018B06E302E915E1
:10743000FCC15083FFFFE303E80552838001890309
:10744000D5028B03E268E804E27CE957D50440FEEC
:107450000C06E91DE246E9083C8DFF7C8F01406483
:107460001801E2C2E84D3C8DFF7C50647FFFE2C210
:10747000E8055264000188C2D5028AC2E246E804E7
:10748000E24AE905FCC1E342E902FCC1F601CE058E
:10749000B49F92A19281B69FE27CE806B49FE283FA
:1074A000E80A8A64D509B49F8EE18864E2E3403338
:1074B000BC1BD5028460E24AE805E2A2E80B8A45DB
:1074C000D50A88453C5DFF7C8EA1E2A24022BC1B10
:1074D000D50284402E47F864CC05B6691424800197
:1074E000D506504F00208824B661A8893E1FFEE4CF
:1074F000844138208008FCC1F601C6CBD5D0FCC140
:107500003E1FFEE438008000DD9EFC003FCFF9C046
:1075100084203C1BFF56841F3C0BFF5D3E0FFE94F6
:107520008440FAC450407F94847F186000019954CD
:107530003832080A8C48A8E910107FF31010000BAD
:10754000101000195A2860F38400B881441007D045
:10755000B985B880B986B887441004B0B988B884B2
:10756000B982FC80FC423FCFF9842E101A8C9226FF
:1075700096464E12022546AA11AAF083490002340B
:107580005005011A84C0F0822E07FDF7E2C04EF2CA
:107590000217943650900010F00396708920440032
:1075A000FFFFB509F1813E7FFE284C8040623C031D
:1075B000FF5649000311987EC021462005070000B0
:1075C000806000210281E202E831E604E92F4600F2
:1075D00005070000028610008078943398783A20DE
:1075E0008C00441000643A248C20141480023E184D
:1075F000002888013A248C00D51400008078C01639
:107600008E0110008078943398783A208C004410D2
:107610000064141480023E1800283A248C2088014B
:107620003A200C20B8008C01B880983E3E2FFE28EE
:1076300000000078C808943388024410FFFF381116
:107640001B0AA84188E68400FA2410038060101306
:10765000806C10038086F1013E0FFEBA490002C023
:107660003E0FFEACF101490002C2480001A5F10144
:107670003C03FF5D04A48001490002AE4E02007E7F
:10768000B810E300E908B814E208E9053C03FFB0CC
:10769000E340E925B80FE300E90BB815E208E90873
:1076A0003C13FFB13C0DFF7C8A01E20AE918B816D1
:1076B000E340E908B817E20AE9053C03FFB2E3003A
:1076C000E90EB813E340E954B811E20AE9513C135A
:1076D000FFB33C0DFF7B8A01E208E84A84003E07C5
:1076E000F87146000507F102045003CF3C03FFBCCC
:1076F000D91B520004B0E20AE92A3C03FFBD52F054
:1077000004B0E34FE9242E07FF765A0801055CF424
:1077100003E8D5165A08021C5CF403E9E918840151
:107720003E07F871D525E300E9123C03FFBDE208EE
:10773000E90E2E07FF765A0801065CF50258E9F0BB
:10774000D5065A0802055CF50259D5E99433880735
:10775000F101B70014A000013E0FFEAC4900024049
:10776000983E8420101000608421101000863E0F87
:10777000FEBAF1014900023BF1013C03FF5649000A
:10778000022B4E0200A63E0FFE2888060010006065
:107790005A10FF058C2110100060983E00000086F2
:1077A0005A0003203E0FFE2838001B02E208E804BE
:1077B00040040001D5028A084610050700108280A7
:1077C000E220E90C94338807A001E20AE8044005AE
:1077D0000001D5028A0AE220E804F001490000F124
:1077E0003C03FFB8E208E90E3C13FFB4E341E92F84
:1077F0003C33FFB53C1DFF7C8A23E22AE928E300E5
:10780000E90F5CF407D1E80C3C13FFB6E341E91F34
:107810003C33FFB73C1DFF7C8A23E22AE918B916E6
:10782000E341E908B917E22AE9053C13FFB9E3018E
:10783000E90EB913E341E948B911E22AE9453C33BD
:10784000FFBA3C1DFF7B8A23E228E83E987E003089
:1078500080865A380105846310308086987E003017
:1078600080865A380305846010308060E208E90A97
:107870003C03FFB4E20AE90350A000013C03FFB55A
:10788000D5093C03FFB6E20AE90350A000013C031E
:10789000FFB752F004B0E34FE90352A004AF3C033A
:1078A000FFB9E208E903508000013C03FFBA52F03F
:1078B00007D0E30FE903528007CF94338807B7005E
:1078C00014A00001D505983E842210100086983E31
:1078D0003FEFFE280010006CE634E8608C21462063
:1078E000050796481010006C003102870000006008
:1078F000E2039433E83B5A30FF3A384F1B013C8D8A
:10790000FF7B401F000040241001A4CA96913C5DFB
:10791000FF7CE2829A6B9649E808E283E806E281FE
:10792000E804854038AF1B0AE244E808E243E80671
:10793000E241E8048F0138839B0AE264E80AE262CC
:10794000E808E261E80640838000854014A4000155
:10795000E224E808E222E806E223E80498788EA10F
:10796000A9498807B500A0C1D512880738439B02F2
:10797000A0014054100140250001FA64FF4CFE8C28
:1079800040828D1640310C768904886088E6841F19
:10799000B7091434800110038060F1013C03FF56E5
:1079A0004900011AC0084400FFFFB6098029A80950
:1079B0008400A80A8CC197B148FFFDE8FCC2FC20F6
:1079C0003E7FFE2880C0983884201010006C500341
:1079D000808480264900010B500380928026490054
:1079E0000106FCA0FC0046000507040003FD96000C
:1079F0005A00112484013E07F87084003C0BFFB04C
:107A00003C0BFFB13C0BFFB23C0BFFB33C0BFFB494
:107A10003C0BFFB53C0BFFB63C0BFFB73C0BFFB874
:107A20003C0BFFB93C0BFFBA3E07FF763C0BFFBC9B
:107A30003C0BFFBD480000CF460005074610050778
:107A4000045003CF46000507462A11AA0000026829
:107A500000308269461005075021011A0010826C1F
:107A60009601DA339649E2013C0BFFB04000BC1AA4
:107A70003C0BFFB496003C0BFFB53C3BFFB13C0B0D
:107A8000FFB6462005073C0BFFB7440007D03C0B70
:107A9000FFB8460005070031026A0000026EE2608E
:107AA0003C3BFFB240303C1A462005073C3BFFB947
:107AB000460005070021026B0000026FE2403C2BEC
:107AC000FFB340203C1AD52C96493C0BFFB0E20195
:107AD0003C3BFFB184403C2BFFB240103C1B3C2B95
:107AE000FFB33C1BFFB43C1BFFB54610050700105D
:107AF000826DE2014000BC1A3C0BFFB63C0BFFB7A5
:107B0000460005074610050700000270001082714C
:107B100040002008FE0F3C0BFFB83C2BFFB93C2B6C
:107B2000FFBA4600050700000274401018093E170E
:107B3000FF7684403C2BFFBC8E21E6223C2BFFBD10
:107B4000E81846100507962F00108275400020089F
:107B5000FE0F3C0BFFBC4600050746100507000062
:107B600002760010827740002008FE0F3C0BFFBD1C
:107B700046000507045003CF460A77AA5000077A4B
:107B8000D0052E07F8705A08010D3E1FFF2C3E0F3E
:107B9000FF60FA4C4900211084003E07F870D508B8
:107BA0003E0FFF2C3E1FFF60FA4C49002105840068
:107BB0003E07F86F3C13FFB13C03FFB0FE0F3C13D0
:107BC000FFB2FE0F3C13FFB3FE0FC80484013E0753
:107BD000F86FFC804000040E9606DD9E8441401143
:107BE000040CA480FE57AC40DD9E442EFFFF4011E4
:107BF000040CA4809230FE56AC40DD9E3E1FFE2851
:107C0000880100000078DD9EFC41978197C93A0FFA
:107C100084208122FD034900013A5A9801229E31B5
:107C200096014410FFFDE220E9253C03FD22C80B2C
:107C30003C03FD23C808490000343C6BFD223C7B1B
:107C4000FD23D5093C03FD215CF000C8E8048C014C
:107C50003C0BFD213C6BFD243C7BFD25D50B4E935D
:107C600000102E67F7D85A60FF08841F3E07F7D828
:107C7000D503446000FF2E07F8605A08010C3C034E
:107C8000FD215CF000C9E8048C013C0BFD2144603F
:107C900000FF4E930004490000048006FCC1FC2054
:107CA00084003C0BFD223C0BFD23843F3C1BFD2448
:107CB000846F3C1BFD253C0BFD263C0BFD273C0B3C
:107CC000FD283C0BFD293C1BFD2A3C1BFD2B3C1BCE
:107CD000FD2C3C1BFD2D3E07FA643C0BFD212E4084
:107CE0001AF1405210093C2DFF7C971F40110C37B0
:107CF000FE6C96913C1BFD4884AA3C1DFF7B4030E6
:107D00008C77FEE43C3BFD493C0BFD4A44000048B7
:107D10003E07FA9684053E07FA97FA143E07FA984A
:107D200084013E07FA99443000403E37FA9A3E07F4
:107D3000FA9B2E301AF044000058FEC4403194766D
:107D40003E37FA9C2E601AEF847640431009FF04F8
:107D500040720CF688E23C7BFD4F979F40421496A0
:107D6000FE343C4BFD5040300C76970988643C3B18
:107D7000FD51400014163C0BFD522E001AF340102A
:107D800010092E37FDFF8407405180B7FF4C8A450C
:107D90003C2BFD533C5BFD542E27FDFE400100179C
:107DA000FE0C9A603C1BFD553E4FFA683C0BFD569D
:107DB0002E001AF43C0BFD572E001AF53C0BFD5813
:107DC0002E001AF240101009961FFE84FECC3C2BA8
:107DD000FD5A84003C3BFD5980403E3FFA7C3822EE
:107DE0000109382181098C0184205A080AFA3C1BB8
:107DF000FD2E3C1BFD2F3C1BFD303C1BFD31FCA030
:107E000084003E07FAB78400DD9EFC0049FFC6FDF2
:107E10002E67F9CC2E17F872C10D2E17F873C10515
:107E20008E213E17F873D506FA243E17F8732E6795
:107E3000F9ECC82B9E3196005CF000FEE82640135A
:107E4000200840034008880188064013600895B266
:107E5000880152637FF049FFD42E406360084400DC
:107E600044CC880649FFD42784CC8EC1841F97B0A8
:107E700049FFD421CEFB840A49FFD32A841F3E0741
:107E8000F9CC84013E07FAB6FC80FC00E642E90426
:107E900084653E37FAB83C33FD21CB072E47FAB84C
:107EA0005A4805043E37FAB82E37FAB8C31F5A307D
:107EB000051E5A3004073C33FD5D8C613C3BFD5D83
:107EC000C2153C33FD50E2604EF200C53C33FD4F1D
:107ED000E2034EF200C03C33FD52E2614EF200BBC1
:107EE0003C33FD51E2234EF200B62E37FAB8CB18E0
:107EF0005A2001044800008F4440FFFF4C02008BD1
:107F00003E27FAB83C0BFD5E3C1BFD5F3C3BFD5D34
:107F10003C3BFD60841F3E07F7D84800007C54417D
:107F200080FD5A4801475A2801253C53FD5EE20571
:107F3000E8039A28D5028A052E37FA9CE060E90A00
:107F40003C03FD5FE220E8039A41D5028A20E0610C
:107F5000E80684053E07FAB84800005D3C13FD5D65
:107F60003C33FD602E07FA988803E001E9F3D5520F
:107F7000CA513C43FD603C03FD5D2E17FA998824ED
:107F8000E001E9E884225A30010E5A3803102E1716
:107F9000FA97E220E8062E17FA96E2018424E90215
:107FA00084254630040C3E17FAB83C0BFD60D532F0
:107FB0005A3802313C33FD5D3C43FD60E264E9CA5E
:107FC0002E57FA9A88A4E065E8C55A28012444503F
:107FD000FFFF4C0280203C53FD5EE205E8039A2837
:107FE000D5028A052E57FA9CE0A0E9B43C03FD5F58
:107FF000E220E8039A41D5028A20E0A1E9AB2E07EE
:10800000FA9B8804E060E9A684033E07FAB83C3B8B
:10801000FD602E07F860C00484053E07FAB82E07FD
:10802000FAB85A080412440FFF803E07F7D884209C
:108030003E17FAB884213E17F8723E07F9ECFA04AD
:108040003E07F873D50C5A08050BCA093E27FAB843
:10805000D50684653E37FAB848FFFF49FC802E07F5
:10806000FAB6DD9E2E07FAB7DD9EFC01F1813C0FCA
:10807000FE59842149FFC1A046100820000087F85E
:10808000500001001200820EF00149FFD29B8400D3
:10809000F10149FFD1BDFC81FC003FCFFA08B800D7
:1080A0005A08011049FFC536B9055A180105840C54
:1080B0008426D503C904840449FFFFD98402D5046A
:1080C0005A08020784004610040C3C0FFE82FC8014
:1080D000FC003C13FC743C23FC72E222E90C84009B
:1080E0003E07F87484203C1BFC743E17F8753E076D
:1080F000F881D513C8082E07F874C00F8C213C1BDB
:10810000FC74D50B2E07F85CC8053C0DFE875A0899
:10811000010584003C0BFC74FC80FC003FCFF9702F
:108120008401B8A884203C1BFC7646600900B8A6F0
:108130005063005CB8A13E0FF9F4842149FFCDD40F
:108140003E0FF9F449FFCD905A000105B4065A08D4
:10815000A5F484003E07F7E384213E17F87E8420CF
:10816000B9803C1BFC743E17F87A3E07F87B3E074B
:10817000F884FC8084A03C1FFE6046300501583125
:1081800085203C5FFE5C804544000C80986B8CA28F
:10819000122092C2D8FCDD9EFC003FCFF9402E0792
:1081A000F87FE60AE8048C013E07F87F2E07F87F87
:1081B000E6024EF3013C2E07F8035A000104480082
:1081C0000136BE374E630081B8363C13FC70E220A6
:1081D000E8282E17F85CC1085CF01771E9088401E3
:1081E0003E07F884D5045CF00FA1D5F92E07F87A84
:1081F000E602E91384213E17F87484003C0BFC74FA
:108200003E07F87A3E07F87B2E27F884C21E3E17F9
:10821000F8753E07F884D5198C013E07F87AD51514
:10822000B80149FFFF572E07F87AC00F2E07F87BD9
:10823000E604E9083E67F87A3E67F87B3E67F88413
:10824000D5048C013E07F87B843DB800FE0E5A0829
:1082500001182E001A1B9207C01346000507045090
:1082600003F1460A33AA5000033AD00A4600050734
:10827000045003F1460A55AA5000055AD80B46008F
:108280000507045003F1460A55AA5000055A4C5000
:1082900040CE49FFFF444600050158000524501018
:1082A0000C8049FFFF69B8005A0801048402D50612
:1082B0005A000304480000BB84004610040C3C0F25
:1082C000FE50480000B45A600104480000B0B835C0
:1082D0003C13FC77E220E81F5CF01F41E9048401B5
:1082E0003E07F8842E07F87AE602E91184213E174A
:1082F000F87484003C0BFC743E07F87A3E07F87B68
:108300002E27F884C21F3E17F875D5148C013E073E
:10831000F87AD518B80149FFFEDD2E07F87AC012A9
:108320002E07F87BE604E90B84003E07F87A3E0747
:10833000F87B4610040C3E07F884D5048C013E07F8
:10834000F87BB900841DFE0E5A0801182E101A1B66
:108350009227C11346100507045083F1461A33AA29
:108360005010833AD10A46100507045083F1461A8B
:1083700055AA5010855AD90A46100507045083F1B2
:10838000461A33AA5010833AD9512E17F85CC90304
:108390005A0801182E001A1B9207C0134600050741
:1083A000045003F1460A33AA5000033AD00A4600AB
:1083B0000507045003F1460A55AA5000055AD80A89
:1083C00046000507045003F1460A33AA5000033A59
:1083D000D80B49FFFEA446000502580001A4501026
:1083E000738048FFFF60B836B93588015CF03A9871
:1083F000E818B805C0162E07FAC25CF00033E90F82
:1084000084003E07FAC249FFFE8A46000502580072
:1084100001A45010738049FFFEAFD5088C01D5022E
:1084200084004610040C3E07FAC2B901B834C00EED
:10843000C90D3C03FC762E27F87DE240E805B9B46F
:108440003C1BFC76D5088C01D50284004610040C38
:108450003C0BFC76FC80FC413FCFF94484E02E6766
:10846000F7F53E0805348CC194B498508E503E9F69
:10847000FBB8F28181472E27FDF7E1424EF200C89A
:10848000810087C050F4001051EF00013A2794009A
:108490003A241420810F40FF1807E9F5462005090A
:1084A00058210C8C46300509583189743851280000
:1084B00094AC88434630050958318C2C04F10002F5
:1084C0003881AB024430FFFF2E47F83740250C08B7
:1084D0004C81800A4047900D2E37F80EE2644041EF
:1084E000BC1BD50284804630050958318C2C88434A
:1084F0003A210C003A208C20A08A8467424188737C
:1085000092834420FFFFA90A4C8140088440102434
:10851000800084408062D50984463E3FFBC44232DD
:1085200088738043A6DCA6952E57F84E0040000CB9
:10853000E2A4E80F0040001CE2A4E80BE2A3E80973
:108540000040000DE2A4E8050040001DE2A4E90C93
:10855000BC085A48020B2E400550E2A4E9052E4003
:108560000551E2A4E80284E100448000E2A39521E1
:108570005442001EE803E2A2E912E243E80440810B
:108580008801D50340810C01E50554F780FFE80818
:10859000E24381024081BC1BE2A8E8028C811044C6
:1085A000800008F48001E81184A080854087940E43
:1085B000548400014E8200048C8197208CA15A586B
:1085C00008F7E683E90284E11020800D1030800C6A
:1085D000B4A04420FFFFDA14A144D2125A60011162
:1085E000042000084430FFFF4C21C06984415A68D0
:1085F00003080430000C4440FFFF4C3240358D41ED
:10860000501080405000004048FFFF372E07F8749C
:10861000C01AB836C018C7172E07FAC35CF000326C
:10862000E90E84003C0BFC5484013E07F8443E07ED
:10863000F8608400B880490016ECD5098C013E072B
:10864000FAC3D50584003E07FAC3CFEC84C02E07D9
:10865000FDF7E0C0E83996303E18053449FFF64989
:108660008CC1D5F6CACDA1092E27FDFEA0C541E1DA
:108670000809B5012E27FDFF9AE3924240541401E8
:10868000FEDCFE9442329473422F7873E062E8B8C5
:10869000F2018461382008028902F20193018840C6
:1086A000A0918882928180408C61E0C31481000493
:1086B000A9158C50E8FA48FFFFA484405A680304C7
:1086C00048FFFF99D5D1FCC1FC433FCFF944F0816D
:1086D000F101840012008048100080922E27F82BB0
:1086E0002E101A392E001A3ACA042E27F875C229FC
:1086F0005800000FBA3692245A2801122E27F85C2F
:10870000CA0E2E27F875C20BBA355CF10FA1E80529
:10871000BA345CF11F41E9038446D5052E27F88160
:10872000C2068E414630040C3E27F8812E27F88180
:10873000CA048443FE14D50294039600F082D50B3C
:10874000961F2E27F86EE643E9039403D5029402A0
:10875000F082965F8C21E6298001E902840854A00A
:1087600000FF2E07F7E2E20AE8068C0154A000FFA2
:1087700084C0D552E340E8FD8E01D5F93E2FFC0CB4
:108780003E58054438011B024610050958108D94C7
:10879000B61F943388404430FFFF0481000194B633
:1087A00088A238409800B525A1E9465005095852DD
:1087B0008D884C91C0384C74C0364600050958006D
:1087C0000DA0442FFFB43820180884003800980802
:1087D0004610050958108D103802980838709B0A09
:1087E0004610050658108ED4380098083E0FFF7CBE
:1087F000842838101808840CF1014213007380019A
:10880000B721A9C93E280534947688228CC1A04E90
:1088100097B0101000082E07FDF7E2C0E9B048003D
:1088200001F2F101F30185E10010809240F7980C0C
:108830008C2110118092021180484017840446F068
:10884000050658F78ED412118048381798005A1030
:10885000FF058C213817980838129800C91A46303D
:10886000050958318D8884A1385198083E38008810
:1088700088618C283891880A8862A9D95A1840F8EA
:108880004610050958108D108801B720A9C1D5B42C
:10889000B41FE209E80440048001D503B41F8A092B
:1088A000E307F083E8044033A001D50340341C0102
:1088B000F0034210002442118C7340008409F085BB
:1088C0004600050958000DA039E018004FE30007E5
:1088D0002E201A332E101A34D5052E201A372E10BA
:1088E0001A382E07F874F084C038B800E604E93569
:1088F0004600050958000C8C46100509581089449B
:108900003820180038108A022E07F827E201842345
:10891000E9068421B8365A08010384223C03FC5935
:108920005CF007D1E9038C219648FA04FE4496488E
:10893000E321E9073C0DFF7B8E018A01E209E80390
:108940008440D5028041E2E1E9223C0DFF7C8E01AA
:108950008A01E207E81DD51B2E07F8785A0801198D
:108960004600050958000C8C4650050958528944A8
:1089700038F018003852BE022E07F827E205E80842
:108980008403FE84FE4496909648D50284202E5798
:10899000F875CD174FE30016E322E9093C0DFF7B84
:1089A0008E018A02E209402F3C1BD502805EE2E183
:1089B000E9073C0DFF7C8E018A01E207E802842072
:1089C000B8005A0801092E07F881C005949194490E
:1089D0009690964846000507040003F85A080107D8
:1089E00046000507040003FAC0072E07F878C816EA
:1089F000CD15F004C8134FE20012460005065800DA
:108A00000ED4844538001800E61FE802844A840525
:108A10004205002454A000FF8022F003E202E80394
:108A2000E261E9094600050958000DA084203810CC
:108A30001808D50380E8B53FF002C8038401F0822E
:108A4000F105F0029222401080378C21E631E902D4
:108A5000FA20F0049648C805E628E8168428D514BC
:108A6000C5132E07F85CC8103E2FFF7C3801180094
:108A7000E201E8038C01D504E220E8048E0138010C
:108A80001808381118002E07F7F5C81E4024900862
:108A90003C5DFF7B52008010405114B79768B45F73
:108AA0004250A47342500873409290093C5DFF7C91
:108AB00094BC405114B7976842509C734250207345
:108AC00040729009D51394363E280534880204502C
:108AD00000084400FFFFD8DB8006F484F18349FFDF
:108AE000F511F103F4045A0801D340F30C084007D0
:108AF000900094033E18008888018440B720A9C1E3
:108B000080A280024C550015401790003E38008826
:108B100039E18702944B8823881EA0498841C40408
:108B20009E619708D50284878CA19768D5EC405543
:108B30000409880588454650050958528D9440100F
:108B4000283738029800402128578C0196005A088F
:108B500008038400380298082E07F7F5C04F3E58E6
:108B6000053494368805045000084400FFFFD846B9
:108B7000E74C8400E80C8006F284F18349FFF4C2DC
:108B80008E0184A040028006F103F2042E57F8748F
:108B9000C519B47F84AAE269E80440348C01D50386
:108BA000B47F8A69E2A3E810E307846AE8054053CA
:108BB000A001E265D5038B07E268E8064430006453
:108BC000D5048065D502806F52F18768E32F4EF29D
:108BD000FE1450518018E2A94EF2FE0F52F1849A11
:108BE000E2EF4EF2FE0A8C75E2674EF2FE0640712D
:108BF000001B4090801B48FFFE0080E2812148FF5F
:108C0000FDFC3EA7F7E2FCC32E001A8C92074E0231
:108C100000B1FC203C2DFE452E17F8052E07F82A42
:108C20005A28030CC90444300068D503443000FFBF
:108C3000C80E44500068D50DC9042E301B04D5035E
:108C4000443000FFC8082E501B04D507445000FFD5
:108C50008445D504445000FF844446000504580070
:108C6000072C848184C02210063322700634E0E190
:108C7000E8078A27FE6C902812100632D50312608E
:108C800006322210066222700661E0E1E8078A27B8
:108C9000FE6C902812100663D503126006638C8167
:108CA0009720500000645A4821E04600050558000E
:108CB0000392848184A02A10000122600031E0C167
:108CC000E8078A26FE5C902812107FCDD50312504B
:108CD0007FCD2210060D226005DBE0C1E8078A2661
:108CE000FE5C90281210063FD5031250063F8C817F
:108CF00097205A4831E246000505221001974600A8
:108D00000505220001C88801461005054000081627
:108D1000120081964600050622100009460005054E
:108D2000220007D6880146100506400008161200EA
:108D3000800846000505221001C6460005052200F0
:108D400001F988014610050540000816120081C788
:108D500046000506221000384600050622000007DE
:108D60008801402008564600050612200039FCA064
:108D7000DD9EFC403FCFF94484222E47FBC52E5791
:108D8000FBC42E77FBC62E67FBC79A258C014000DB
:108D9000041646100509880500208BFD96009A826E
:108DA0004E240003FE929A7E9CC984224011843690
:108DB00046300509882600318BFC96489ACB4E3404
:108DC0000003FEDA88434690050796D1123487B532
:108DD0002E37F7F0CB1DB800C0594600050900003A
:108DE0000D04C8542E101AD8E022E80F2E07F86C94
:108DF0008C0196003E07F86C2E07F86C2E17F7FFD3
:108E0000E2208401E93FD5423E07F86CD53FBA0421
:108E1000CA07BA00CA053E27F86C3E27F7F02E3085
:108E20001ADC4620050904210251E262E82F449031
:108E30000032804042232473463005045831872C89
:108E400050210CA4382189115A20FD214203A4731A
:108E500050200CA4380189115A00FD194210A42495
:108E6000980D50000CA4380181115A00FD10888122
:108E700050420CA4380191115A00FD0984003E07AC
:108E8000F86C4610040C3E07F7F0FCC0FC003FCF26
:108E9000F9142E07F857E60AE90484003E07F8574C
:108EA000B90CBA0D2E37F82B440003E8FE14442009
:108EB000271042018873BA002E47F85C8802844A62
:108EC000420088734430006442020C734630050748
:108ED0009601120187A284853C33FC6696DB2E073F
:108EE000F81F4660050758630F44940142019073D0
:108EF0002E37F7EB880394012E37F860880346304D
:108F000005079601120187A34600050446300507B0
:108F100002000392120187A54600050946300507A5
:108F2000020004BE9201120187A6460005094630E0
:108F30000507020004C69201120187A74630050703
:108F40002E07F824120187A8BB172E07F8574201F5
:108F50008873462005079601120107A946200507D8
:108F60003C03FCB0120107AA462005073C03FC683D
:108F7000120107AB462005073C03FC5D120107AC5C
:108F8000462005073C03FC4E120107AF3C23FC6A58
:108F9000CA0DC00C4600050746200507020007AFB2
:108FA000500027109601120107AF46000506462023
:108FB000050702000772120107B0462005072E07B9
:108FC000F818120107B15A18030B46100506840061
:108FD00010008EF44610050610008EF546000506BA
:108FE0004610050700000EF4120087B24600050681
:108FF0004610050700000EF5120087B34410006408
:109000002E27F7F0846A2E07F848420104734620A1
:109010000507120107B42E27F86C46000507020069
:1090200007B542010473462005079601120107B5F2
:10903000442003E82E47F874B842FE1442020C7331
:10904000463005079601120187B6463005073C03F6
:10905000FD0C120187B7463005073C03FD0A1201DB
:1090600087B8BB0B2E07F7E642018473463005072D
:109070009601120187B92E37F83C2E07F80D4201F0
:109080008873462005079601120107BA4620050796
:109090003C03FC59120107BB462005073C03FC5763
:1090A000120107BC2E27F81D2E07F8024201047397
:1090B00046100507120087BD461005073C03FD1248
:1090C000120087BE2E001A1C9207C8152E001ADD4A
:1090D00092074E0200692E101A892E001A88FE0C83
:1090E0008C024610050058108000940188018420ED
:1090F00048000051840E49000277C8E9FA0249008D
:109100000273C8E5FA064900026FC8E1840A490003
:10911000026BC8DDFA0A49000267C8D9FA13490090
:109120000263C8D5FA0E4900025FC8D1FA18490097
:10913000025BC8CDFA1C49000257C8C94400003080
:1091400049000252C8C4B8455A0801C24620050069
:1091500058210000B9142E001A885A1803092E103D
:109160001A89FE448C2294499811D5082E101ADDD4
:109170009677FE0C8C0294018802844038330901F2
:109180009451882096D98C41ACC85A281EF948FFC2
:10919000FF9F383305019489884096D98C21ACD043
:1091A0005A181EF9FC80FC003FCFF9448437B808F8
:1091B000FE0E5A08044246000506045003BE460A45
:1091C00033AA5000033AD0383C13FC70B835E22083
:1091D000E807B836C8052E07F852C802B889B8099A
:1091E000C0224600050600000EF45A08011D2E0795
:1091F000F85CC8192E07F8745A0001052E07F87A92
:10920000C012B8365A0801103C03FC595CF000C982
:10921000E90A3C03FC578E01E60AE8058400B88998
:10922000480000742E07F860C007460005060000DD
:109230000EF45A0804F546000506045003BE460A1B
:1092400055AA5000055AD8078400B889B8913E073E
:10925000F852D51246000506045003BE460A33AA4A
:109260005000033AD8098421B9892E07F7EE880106
:10927000B8913E17F852B809C047B9112E07F7EE5A
:10928000E201E838B800C0042E07F852C0334600A7
:10929000050746100507020007A48C01960112007D
:1092A00087A446000506045003BE460A33AA5000B0
:1092B000033AD806461005068400140083BE8401D4
:1092C000B89EB936C102B892466009005063005C8E
:1092D0003E0FF9BCB91E49FFC5073E0FF9BC49FF57
:1092E000C4C3B91E4C00BF9CB4065A08A5F348FF7E
:1092F000FF972E001A1A920196064E02FF918C21BA
:10930000B99148FFFF8DB891FC80FC203FCFF90C4C
:109310003E3819182E0019185A00A504480000F507
:10932000460005074610050758108000045003C08A
:109330004400A55A9769D80F4600050700000000B1
:109340005A08A50A46000507005000012E00191909
:109350004C500076840038218000382080088C0131
:109360005A0878FB3E181A18460005075800008670
:10937000442001804900152084004610050758103C
:1093800082663E381BF838218000382080088C0126
:109390005A082AFB840046700507587382063E5817
:1093A0001B98466005075863021E3E481BB0944157
:1093B00098A938328100A691882440212008FE9F78
:1093C00038238109A649382201004010A008FE5721
:1093D000381301098C015A080CEC8400467005070B
:1093E000587382363E581BC8466005075863024EC4
:1093F0003E481BE0944198A938328100A691882408
:1094000040212008FE9F38238109A6493822010007
:109410004010A008FE57381301098C015A080CECC3
:10942000461005073C0C0715140080A5B8C7461068
:1094300005073C0C0714140080BBD5064600050741
:10944000040000A5B8C746100507840A1000800272
:10945000461005074400005310008003442001809B
:1094600046100507581080863E081A18490014A4B3
:109470002E001A8A3E07FDF7440000503E07FDFD0E
:109480002E001B883E07FE024610050784001400CC
:1094900080B1B810C80F49FFBAA02E001A1C96065A
:1094A000C005460A55AA5000055A46100507140083
:1094B00083CA49FFBB2F461005073C0C090914005D
:1094C00083F7461005074400043E120087ED46105E
:1094D00005073C001210120087EC3C0C0907B8800D
:1094E000461005073C0C0906140083F446100507D6
:1094F000FA01140083FD49FFB988461005074400AE
:1095000072C0140080B0FCA0FC4046700908449072
:1095100035CA1293800849FFB95E80C0C80949FF67
:10952000BAF912938008800612938008FCC04400A8
:1095300000F0FCC0FC0046000908441035CA463063
:1095400009001210000802018072920354200001E9
:10955000CA4602118072922454008001C84202114E
:109560008072922A9646C93E020180729606C8060B
:109570000201807292029606C0352E001A1B40101E
:1095800008099646C90646200900502100E8D5067C
:1095900049FFB911440000F1FC80B4229656C1FE87
:1095A000461009089203442035CA96061220800806
:1095B0008041C80646300900503180E8D50649FF91
:1095C000B8EA440000F2FC80B423922C964F5A185B
:1095D00003FD441035CA12110008FC808400FC8091
:1095E0008002FC80FC00E6174EF200D33EFFC71459
:1095F0003807810140F03C004A003C002E003A0050
:109600004A005A006A007A008A009E00AC00BA0044
:10961000C800DE00EC00FA00080116012401320146
:1096200040015401620170018201460005070400F7
:1096300003C1480000A446000507040003C1500010
:1096400076F74800009C46000507041003C144005B
:1096500099994800009346000507040003C1500093
:109660007EFF4800008C46000507040003C150003F
:109670007E6F4800008446000507041003C14400C3
:1096800091914800007B840449FFFFAE80C0C00474
:1096900085E14800007F8405D55846000507040091
:1096A00003C150005DDED56A46000507040003C112
:1096B00050005BDCD56346000507040003C156007B
:1096C0004444D55C840749FFFF8FC8E3840849FF01
:1096D000FF8B80C08409CEDDD53846000507041015
:1096E00003C14400AAAAD54946000507041003C1D6
:1096F0004400ACACD54246000507041003C1440049
:10970000CCCCD53B840C49FFFF6F80C0840DCEC10B
:10971000D51C46000507040003C150006EEFD52E8E
:1097200046000507040003C150006CEDD527460034
:109730000507040003C150004CCDD520FA0049FFB5
:10974000FF5380C0C8A6FA0149FFFF4EE2C0D521F1
:1097500046000507040003C156007777D50F460081
:109760000507040003C156007878D50846000507B0
:10977000041003C144008888FE0DE601D50AFA04EE
:1097800049FFFF3280C04E03FF85FA05D5DE85E034
:10979000800FFC80FC0046000507040003C1C05197
:1097A000460005074410AAAA045003C14400ACAC0B
:1097B000D14A46100507045083C1D045045083C1E7
:1097C0004410CCCCD1404600050744101111045080
:1097D00003C144001313D13746100507045083C159
:1097E000D032045083C144103333D12D46000507D5
:1097F00044107777045003C144007878D124461090
:109800000507045083C1D01F045083C144108888C9
:10981000D11A46000507045003C144002222D01388
:1098200046100507045083C144102424D10C46007F
:109830000507040003C15A09010544000191D5033D
:109840004400090946100507140083C1FC80FC0090
:10985000840E49FFFEC9C00B46000507045003C132
:109860004400ACACD8214400CCCCD531FA0249FF3D
:10987000FEBBC8F3FA0649FFFEB7C8EF840A49FFEA
:10988000FEB3C00444004444D50A840649FFFEAC3C
:10989000C00444009191D5034400999946100507EE
:1098A000140083C1D51B46000507045003C14400C2
:1098B0001313D80444003333D50A46000507045077
:1098C00003C144007878D80A440088884610050708
:1098D000140083C184013E07F84FFC80FC003FCF99
:1098E000FA2484A246200500582100008460441018
:1098F0000602383115098CA18400D9FC3E07F88690
:109900003E07F8878420B9804620050746172C803B
:10991000141100B23E07F8853E07F888441072C85B
:10992000B80140504009D9079601B88184013E072B
:10993000F885D50944107F0CD9069601B8818401B9
:109940003E07F8884410FFFEB8018E01E220E803CC
:109950008401B881840E49FFFE47C0072E001A1B00
:1099600096373E001A1BD510FA0249FFFE3DC8F794
:10997000FA0649FFFE39C8F3840A49FFFE35C8EFED
:10998000B8015A0801ED3E0FF3083E1FFFC8FA4028
:10999000490006B83E0FF3E03E180008844849002D
:1099A00006B13E0FF5803E180388FA40490006AA2A
:1099B0003E0FF5803E1803C8FA40490006A33E1F3B
:1099C000F1AC3E0FFF883A2094003A201420840422
:1099D0003E07FF94FC80FC00840E49FFFE05C00496
:1099E00049FFFF37FC80FA0249FFFDFEC8FAFA067C
:1099F00049FFFDFAC8F6840A49FFFDF680C0C0049D
:109A000049000203FC80840649FFFDEEC00B2E00D6
:109A10001A1A540000F73E001A1A3C6FFE523C6FAF
:109A2000FE584900010EFC80FC00A60080C15A08C7
:109A30000A14840E49FFFDD8C006460005025800EE
:109A40000E24D529FA0249FFFDCFC8F8FA0649FFCE
:109A5000FDCBC8F4FC805A080B0BFA0649FFFDC485
:109A6000C01B4600050158000524D50B5A080C0EF2
:109A7000FA0649FFFDB9C0104600050358000AA4C4
:109A8000B606490000ADFC805A080F0746000508DD
:109A900058000704B606FC805A0801134620050248
:109AA00058210E244C11000E503167004C11800AD1
:109AB00050210C80400088035C000001DD9E840082
:109AC000DD9E2E07F8248C0196003E07F8242E0711
:109AD000F8242E101A86E201560780013E07F8038B
:109AE000461005072E07F824120087A5DD9EFC000E
:109AF0002E17F7E92E001A53FE0C3C0FFE58840077
:109B00003C0FFE5149FFCFCCFC80FC4084A02EA727
:109B1000F88844800C00998D846099C52223000048
:109B200038438D114EA2001181244E4400045292FC
:109B3000000081E24E24000452F1000040F7A40727
:109B400040223C1BD505E04440223C1B96938C618F
:109B50001A2300015A3830E4505280604C547FDDA3
:109B6000FCC03E181A1800008070001080718C0133
:109B70004200807396012E37F8859E8646100500B8
:109B80005810800038308909463005079E8502311B
:109B9000816438308909462005079EC4042103F2F8
:109BA000969138208D099E833C33FD123830890907
:109BB0009E823C33FD1438308909462005079EC13A
:109BC000042103C19691924838208D09462005074B
:109BD000042103C1969038208109DD9EFC00FA0221
:109BE00049FFFD02C0062E101B5144000064D51031
:109BF000FA0649FFFCF9C0122E17F84A4400006427
:109C00005A180C052E101B53D5032E101B52FE0C98
:109C10004900033E46100507D51049FFD6FA461005
:109C20000507140083F22E001A1C92069606C00740
:109C3000040083F250002710140083F2FC80FC40E3
:109C40003FCFF964B831B930E220E818843BB8005E
:109C5000FE0E5A0803074600050958000624D508D9
:109C60002E07F885C80B4600050858000704461063
:109C700005005810800449FFFF4ABD30B931E2A108
:109C8000E8208CA1E622BDB0E91CD91B84A04620A7
:109C90000508582107044660050058630004447015
:109CA0000C00503280609815991A8AA040901400D8
:109CB000389324011A9000014C027FFA80A3DFF24E
:109CC000B830E201E90349FFFDC4FCC03C0DFE8A47
:109CD0003C2DFE89E240E83146000507040000B251
:109CE0009681E241E82A9210400040089649882077
:109CF00046000507141000B22E07F8855A08011E09
:109D0000FC0084A0462005005821000046300508CC
:109D100058318704444006009C6A94498822840094
:109D2000998538619901386081098C015A0830FAA7
:109D300050528030DCF2FC80DD9EFC008400490043
:109D400005513E181A18840A0040812C00108139F0
:109D5000FF0480644400006442308073842496D9F8
:109D6000840F804180A44900050CFC80FC00840124
:109D7000490005383E181A18840A0040812D003029
:109D8000813AFF040020812F4400006480A44251E6
:109D9000807396E90000812E80A440111009969FDF
:109DA000490004EFFC80FC0084004900051B3E18BC
:109DB0001A188405004081320030813BFF040020E6
:109DC00081344400006480A44251807396E900000D
:109DD000813380A440111009969F490004D2FC8071
:109DE000FC0084A0446006403841150138309501DC
:109DF0008A64808396DB4E340003848038401509E2
:109E00008CA1DEF3FC80FC0046000507045003C172
:109E100044002222D00B46000507045003C1440031
:109E20002424D81449FFFF0DD5133C0DFE595A00C8
:109E300002045A08040549FFFE5CD50A46100507CE
:109E400044002424140083C1D50349FFFD02FC8093
:109E5000FC01F08146000968842010100904840E7A
:109E600049FFFBC2C006840E49FFFBBEC81ED50ACF
:109E7000FA0249FFFBB9C8F8FA0649FFFBB5C8F476
:109E8000FC81FA0249FFFBB0C00749000446F0011B
:109E900049FFFF55D50AFA0649FFFBA6C00649004F
:109EA000043CF00149FFFF64F001490000072E0760
:109EB000F88649000064FC81FC003E0FFFC8464F55
:109EC000A79150120101463FA792B620462FA794B2
:109ED00050118201A84150110401A8425010BBFF4B
:109EE0005050880150108811A94350420111465F1B
:109EF000879050318211502104118380B9888420C9
:109F0000B98AB98BB98CB98DB98EB98FA944A90515
:109F1000A8C6A887BD89FA204900039AFC80FC02E4
:109F20003A0F8C20021F8002460009688E21022F02
:109F30008003A841001F800DA842001F800E83806F
:109F4000B98846104000401088368C219021B9898C
:109F5000021F80048E418E21B98B021F8005BA8AB0
:109F60008E21B98CB45F46180000401088378C21D0
:109F70009221A8458421B620FC82FC209401978080
:109F80003E7803888007802680468464FA8A4900E8
:109F900001FF9C7196485003804080418464FA8A96
:109FA000490001F68007FA3084404900036BFCA0A9
:109FB000FC40C0084660050058630ED044000320F2
:109FC000D50546600508586300C4975950928068CB
:109FD0003EAFF26C447000C85CF28064E9068CBA53
:109FE00097694C54FFFBFCC098689449882285000F
:109FF00040342800043180284041A40997175A486A
:10A0000004038483926D96D75A380403846381E5F0
:10A0100042F21C7338433D018D04AD0880854241F6
:10A020009C73503200645010819038330D0112300F
:10A03000FF9C5A8810DFD5D4FC023A0F8C20809FF9
:10A040002E101B4D440000325420807F9227FE8446
:10A050008401C102841FA463FE144010A8088A0171
:10A06000461008308381B8B2B8B50002000C100069
:10A0700080C4FC82FC203FCFF94C80E08E04E602D5
:10A08000E80C460008302E17F17DAE443E0FFF88E5
:10A090003A000C0049FFFFD24600082000600E087D
:10A0A00097B0CE0C2E07F85196005A080A085A7835
:10A0B00001063E67F85180C0D5033E67F851FA06A5
:10A0C00049FFFA922E17F8868061C00BE62DE90E43
:10A0D0005030FFF396D84620050358210AA4D50A2C
:10A0E0004620050258210E24D50546200501582199
:10A0F0000524B8004E03009D5A7801044800005D15
:10A10000C7125A700204480000C1506300343E0F69
:10A11000F05495B288C044100064A03149FFB0F6F5
:10A12000480000B45A68010EC1055A100D044800D9
:10A1300000AD2E07F84FE6013EF7F7FC480000A6F9
:10A140005A6004045A68090E8405406300D794D904
:10A1500088668400802096D849FFFF2C480000962E
:10A160005A600A04480000925A100C045A18190741
:10A170002E07F7FC96003E07F84F8C213E17F88615
:10A18000FA0649FFFA312E17F886C00D5A180D0449
:10A1900048000064E63A4EF3006FB80649FFFDE858
:10A1A0008400D504E62D4EF300674610040C3E07EC
:10A1B000F886480000615A68010EC1055A100D0466
:10A1C000480000642E07F809E6013EF7F83B480016
:10A1D000005D5A6004045A68090C840540030017A6
:10A1E00094D988608026840196D849FFFEE35A6896
:10A1F0000A4DFA0649FFF9F8C00F2E07F8865A08EB
:10A20000190C4600050258000E245010670050201B
:10A210000C8049FFFDE72E07F8865A000C04E6196A
:10A22000E9342E07F83B96003E07F809D52ECF2DCE
:10A230004600090084261410001B5A680A272E07BE
:10A24000F8868C013E07F886FA0649FFF9CD2E17ED
:10A25000F886C00D5A180D06B80649FFFDA6D50BA5
:10A26000E63AE909B80649FFFD83D503E62DE9037F
:10A270003E77F886842D2E07F886E60DE8028420C6
:10A280008A01960049FFFE7B8400FCA044104545EE
:10A2900050007C18FE0C441186A0400004165000AB
:10A2A00000B79601DD9EFC40464FF000B4A050423E
:10A2B00000FFFF2EA5824010A00840920404401128
:10A2C0004008FF8FA0438490FF0E40113009FF0F1C
:10A2D000465E00019E5750528FFF9649FF2E401058
:10A2E000B40840720404A04440413408FE6EFE6786
:10A2F000A10240815008971F40A22004951C4045B0
:10A300001004A9029D1940A2700892CC9084406369
:10A31000300854420FFFFF37A901953B4061F40814
:10A320009283922D40718C09FF374010B408A90325
:10A33000FE7FA105944B9223928DFE774042340814
:10A340009B9AA84440121C049731FE6E4042340888
:10A35000FE67944A4041F8089222FE67A845A0464D
:10A3600040949008922E4010B80893249262409432
:10A37000A804FECFB720A8C63E0FFF889492AD83F5
:10A38000B6403A000C0049FFFDCCFCC0FC40467FC3
:10A39000F00F80A05090003450738F00B4C5FFBE02
:10A3A000ABA94C54FFFDFEE480C18A4184E1852CB9
:10A3B0009B719768E0A3E83C5CF30064E8365CF3CB
:10A3C0000060E80D40A324B79768956A88A040A371
:10A3D000A80CB50540A42804B745D50904A0000C75
:10A3E0004053980C405514041450000C997297680F
:10A3F0005CF28060E8104052A55754A500FF40A5CC
:10A40000080889408CB0B50A4053940C4054140499
:10A41000B6AAD50B04A0000C5052FFB04053940CC8
:10A42000405514041450000C88C497B0D5C2FCC029
:10A43000FC2095CA88E096A7B467446FE0FF4051BE
:10A440002008FEF6464E0FFFFEEF50420FFF8C3005
:10A4500040216008FEE6944AFED78801B667B42022
:10A46000FF8EFF77FF2EFEA7B640FCA0FC41844F75
:10A47000404090094030A0090460000D0450000CD9
:10A4800040708802FF16FED6442FF0FF40F3A0086C
:10A4900040822008FF56FF9647EF0FFF51EF0FFF56
:10A4A00041C2A00440633C040450000B4073E00828
:10A4B0004063780240A1A008FFBFFF564052A804A5
:10A4C000404260081460000D406E7802FFA7F581DD
:10A4D0001460000CF6014031E00840637802FF9FF1
:10A4E0000450000A1460000B0460001C922C409081
:10A4F000A008FF96FF56408320044052A404046045
:10A50000001B4010E0084052F802FF96FF4F40A3A6
:10A5100028041450000A0460001A0450001DFF565D
:10A52000FEB64052BC044064780240212404FF3748
:10A530004052F8024065780240217802FFEFFEF7B2
:10A54000FE8F1470001D1440001C1430001B1420DA
:10A55000001AFCC1FC444020B0084050900996917C
:10A56000F2814022B0084040A0099691F282402238
:10A57000300896914030C009F2834021B00896918E
:10A5800041C2F0085050003C500000BCF284F085FD
:10A590004020D0094400F0004071300840F27008BB
:10A5A000FE0E4040B00997F941E0F0084082700883
:10A5B00040A1F00840917008446F0FFFF087B48508
:10A5C000F0010432FFFFFF36FF07F0020422FFFE16
:10A5D000FEF6FEC7F003FEB6FE870402FFFDF1079C
:10A5E000FE36FE0FF0860402FFFCF1049494FE3662
:10A5F0009244FE0F40213C0480201422FFFE0402FE
:10A60000FFFBF206FE369494FE3F92444021200464
:10A6100094041422FFFD952494DC948C9204400051
:10A6200024049284926492441402FFFB4042780412
:10A630004031F00440212804F005B6851432FFFFB4
:10A640001422FFFC50528040D8BBFCC4FC01B61F52
:10A65000F1813C03F7C2B43F92029600F201490037
:10A66000001FFC81FC01B61F94933C03F7CFF181DE
:10A67000920288029600B43FF20149000011FC8169
:10A68000FC01B61F94943C03F7DCF181920288022E
:10A690009600B43FF20149000003FC81FC4080E0D9
:10A6A0004600082080C28441814110200200509061
:10A6B0000200000480005A000106840549FFBF081B
:10A6C000D5F995FA95B28AEA4600060080AA88CAAA
:10A6D00088E0D605983DA2A9B640D5FC46000820E2
:10A6E0008420101002004610090050000200501093
:10A6F00080F8A680C205B4418C41B641D5FBFCC0B0
:10A7000084609719E282E80738400E0238408E0ACA
:10A710008C61D5F8DD9EFC203E68038846100B1244
:10A7200080065010842449FFFF17460009683E78D0
:10A730000008842F101009048006FA2349FFFE98B0
:10A74000A07B440FFC0FFE0EA83B84298006844F9B
:10A7500049FFFE7080068421FA4F49FFFE6B800698
:10A760008423FA4F49FFFE6680078428844149FF0D
:10A77000FF7B8006FA30844049FFFF84FCA0FC4246
:10A780003E680388B61F80E181228006B45F842280
:10A79000F583F381F48249FFFE4D846740248C02E7
:10A7A00046400A1250420404FEFE9493FEA7401154
:10A7B000C8088006FE573E78000849FFFECD800796
:10A7C000F102F203F30149FFFD7080078428844100
:10A7D00049FFFF4A8006FA30844049FFFF53FCC21C
:10A7E000FC00C00444100033D502FA233E0803885D
:10A7F00049FFFE3E3E080388FA30844049FFFF428D
:10A80000FC80FC014600050658000DBC3C0FFE47CD
:10A810008400F081D50B3C1DFE47F00194018801B6
:10A820008420AC40F0018C01F081F0015CF000402C
:10A83000E9F3FC81FC20FE8C8C423C5DFE47949148
:10A840004630050058318000884384609519E261E4
:10A850008885E80A80C20A710001ADE0A5308C61EC
:10A8600088049601D5F494498825FE0296019C8AB5
:10A870003C2FFE47AC08FCA0FC002E001A1B9606DD
:10A88000C01549FFB1C2C0052E07FAC4E611E9059B
:10A8900084003E07FAC4FC808C013E07FAC42E07F0
:10A8A000FAC58C013E07FAC5FC80840249FFBEBD93
:10A8B000FC80FC203FCFF91C4450FFFF2E07FDF722
:10A8C00084DF9C418E019002882096C894598C2187
:10A8D000B800964880808041C20AA5E04C7280048E
:10A8E000ADA0D5FC8E4196908C82D5F79449880115
:10A8F000442003FCB880421188245210FE0396497C
:10A900004010A008581080FF9649A540D103AC40E4
:10A91000D5FD8C02B88046100507041083CAC128F3
:10A9200080602E17FDF74440FFFF8C219648804140
:10A9300084BFC20AA5984C620004AD58D5FC8E4174
:10A9400096908C62D5F794898802B880442001FEE5
:10A95000FE545210800196494010A008581080FF04
:10A960009649A540D103AC40D5FD8C02B880840047
:10A970003E07F854FCA0FC423FCFF91C84603C8D9C
:10A98000FE622E17F7EEB63F2E17F7F09648F181CC
:10A9900046100507045083C5461A55AA5010855A1B
:10A9A000D9032E37F83C84E02E17F86F8120F1820E
:10A9B00081472E17F87145E0FFFFF183BC008C84BE
:10A9C0009F642E17FDF7E341E8614610050784C038
:10A9D000041083FD96485A181103F602B449041472
:10A9E00080015A600104F603C619B4C94C6F001700
:10A9F000E6C68445E9085CF307CAE8038046D50348
:10AA0000442007CA04148001E626E9075CF084AA02
:10AA1000E905441004AAD50284252E601A8C979665
:10AA2000C614978940F32008978992C84067980414
:10AA300097B1ADA8979140F32008979192C84067CD
:10AA4000980497B1ADA9D513979140F32008979139
:10AA500092C84067980497B1ADA8978940F3200841
:10AA6000978992C84067980497B1ADA940512009D1
:10AA70009690884588E24020A00988E2964888E1BF
:10AA800097F98D418C848D2CD59C001000140020EA
:10AA900000084010A00888229649AC6800200020D9
:10AAA000BC800010002C4010A00888229649AC6998
:10AAB0002E17FDF7E625E9150010004400200038A8
:10AAC0004010A00888229649AC6A8C84BC80001093
:10AAD000005C002000504010A00888229649AC6B12
:10AAE0002E17FDF7E629E91000200068BC000010D1
:10AAF00000744010A0088822804496491A11000270
:10AB0000BA808420AC6184802E27FDF784ACE28279
:10AB1000E80A802042121473001080088C8188E1BA
:10AB200097F9D5F62E101A1C92219646C1342E475D
:10AB3000F860BA40F10196869646944D949640F09E
:10AB4000880454220001B90B94939646944C401704
:10AB50008404FE57B45FE24840F0BC042E27F8742A
:10AB600096862E17F87840212C0896464010B0089B
:10AB7000FE8F2E17F85C944F9648FE8F541180017B
:10AB80004010A0084031040440378C0412300048C3
:10AB90003E47F85500100092584080F002100048DF
:10ABA000BB0097884023200880A3884496911A22EE
:10ABB000800202000048BD804020A0099872521017
:10ABC00081008A249BCF92084073A00888E097F9FF
:10ABD00046000507ADD9040003CAC0138420BB009A
:10ABE000808194092E27FDF78803E2228440E8043F
:10ABF000AD008C21D5F780201A208002B980AC816D
:10AC0000FCC2FC403FCFF91C4E02011C4610050758
:10AC1000041083CAC10444600050D5034460003866
:10AC200080E046000507040000BB3E07F84A49FFE4
:10AC3000FE2549FFAFEA85204E0200E2B8128E02DF
:10AC4000E60246000507040000BBE811C8108402B4
:10AC5000802749FFE8D7B8125A0002062E07F8727B
:10AC60004E0200F049FFE8D3480000ECC004841F06
:10AC70003E07F9CC49FFBD234E0200E4840249FFA0
:10AC8000F4B3C006000380924E0300CBD534840D8C
:10AC900049FFF4AAC8F8FA0149FFF4A6C8F4FA0576
:10ACA00049FFF4A2C8F0840949FFF49EC8ECFA09F0
:10ACB00049FFF49AC8E8FA0D49FFF496C8E4FA127D
:10ACC00049FFF492C8E0FA1749FFF48EC8DCFA1B7A
:10ACD00049FFF48AC8D8840549FFF486C8D4FA1F0E
:10ACE00049FFF482C8D046000507040000BBC0CB72
:10ACF000480000A82E001A1C92019606C00B2E5781
:10AD0000F8602E07F855D006B8128E02E6024EF211
:10AD10000088B80EC0174E92001349FFFD7449FF1A
:10AD2000FDCA46000507040000BBC80C4600050626
:10AD300058000DBC802649FFAF6FD50484013E0743
:10AD4000F85446000507040000BB4E02007B2E07A6
:10AD5000F8214E0200774E9200752E001A1B9606BF
:10AD6000C80349FFBC6249FFC20C462005065821B2
:10AD70000DBC98D6BB802E07F8065213007A8C01C2
:10AD800096003E07F80690212E57F8234043040909
:10AD9000E2A096488002E80484413E27F8069D5CC4
:10ADA0002E67F8032E27F806C614446FA33A3860BE
:10ADB0001109BD8046000507040000BB40002008C3
:10ADC00088029601AC19443FA33A88039601D50A3C
:10ADD0004460020138601109BD8044000403AC19CD
:10ADE000840A8E41969049FFFD27460005065800CB
:10ADF0000DBC4410008049FFAF0FD52385212E07DD
:10AE0000F8544E02FF1D49FFFCFE49FFFD54460069
:10AE1000050658000DBC802649FFAEFED5125A909B
:10AE2000010448FFFF9049FFFCEE800749FFFDA5A4
:10AE300046000507040000BB4E03FF8548FFFF786E
:10AE4000FCC0FC403FCFF91480E04600050781219B
:10AE5000045003F04400A11A92B0D80449FFBAC7C5
:10AE6000D50349FFBACE2E001A1B92049606C009DC
:10AE7000460A55AA461005075000055A140083C417
:10AE800049FFC46084003E07F85B466005095863CB
:10AE90000BE43E07F80A4680050958840E0C3E076D
:10AEA000F82C84003C0BFC4C490002B3840084BFA6
:10AEB0003E4800284430FFFF804046A0050958A5C1
:10AEC0000E3C984638530008AF49944288243832E3
:10AED000020A3824010A3825010A8C02A8C95A0836
:10AEE00018F249FFC14E84003E07F8062E001A27CB
:10AEF0003E07F867C7042E001A83D5104E9200094A
:10AF000046000506127007202E001A85D507460058
:10AF100005061290071F2E001A878C013E07F85D68
:10AF2000440003E83C0BFC4784C03E67F8443E679E
:10AF3000F8603E67F8553E67F8003E67F81F3E67C9
:10AF4000F7F93E67F8544600050610600EF08400DD
:10AF5000B88CB8A14610050412008392B89CB89032
:10AF6000B89D3E07F836B8973E67F84B3E67F857EE
:10AF7000B8933E67F8622E101A8E4010A0082E007B
:10AF80001A8F402080043C2FFF7B2E101A912E0038
:10AF90001A9040002008FE0F3C0FFF7C4410003048
:10AFA0004011043792053E17FDFE96483E07FDFF0F
:10AFB0009600FE044200847349FFDE093C0BFF004B
:10AFC0003C3DFF7B92678C6196D83E37F86A3C0D1A
:10AFD000FF7C2E47FDFE92078C0196003E07F8503D
:10AFE000FA323E17F842441000323E17F8042E1091
:10AFF0001A363E17F8435420800F42511024403235
:10B000008C7692243C3BFC51FF0C2E37FDFFFE9CBE
:10B0100040010016FE5C3C0BFC653C4BFC5B3C1BA2
:10B02000FC4D2E001A355410000F3E17F8339204D1
:10B030003E07F8582E001A1D92043E07F7F58402C9
:10B04000B8802E001A2049FFC9CC3C0BFC5A2E00B8
:10B050001A2A49FFC9C63C0BFC612E001A2B49FF76
:10B06000C9C03C0BFC633E67F8153E67F8633E675A
:10B07000F8172E001A3E3E07F7ED2E001A3F3E0746
:10B08000F8072E001A41401010093E17F837961F96
:10B09000842AFE0C3E07F80E2E001A4B3C0BFC6C6B
:10B0A0004E92000C2E001A465410000F3E17F80B5B
:10B0B00092043E07F7F7D5132E001A445410000FE0
:10B0C0003E17F80B92043E07F7F72E001A4554106E
:10B0D000000F3E17F7E592043E07F80C46200509DD
:10B0E00058210D702E17FDF7847F8400E201E805DA
:10B0F000383100088C01D5FB84003E07F832460049
:10B100000507045003C4460A55AA5000055AD8043E
:10B1100085E05A9001062E101A568400E201541759
:10B1200080FF3E17F80F84003C0BFC463E17F841A9
:10B130002E001A4E3E07F7EE2E301A4FFA44420107
:10B14000887396003E07F822C10284044610040C5E
:10B150003E07F7FB2E001A503E07F7E984003E0732
:10B16000F7EC2E101A573E17F8163E07F83C3E072C
:10B17000F80D3E07F84D3E07F8342E101A403E17E2
:10B18000F8272E101B785420800F3E27F840922479
:10B190003E17F8692E101B795420800F3E27F8497E
:10B1A00092243E17F7E03E07F874CF02BFC28440F6
:10B1B000BABBBAB73E27F8803E27F8763E27F87725
:10B1C0003E27F8793E27F87FBAC1BAC02E101A1B65
:10B1D00040009C09C80284423E27F8834E92000733
:10B1E0008400B8C284023E07F8838440BABF3C2B77
:10B1F000FC76BABDBAB82E301AE244000064FEC430
:10B200003C3BFC752E301AE3FEC43C3BFC782E30F0
:10B210001AE4FEC43C3BFC702E301AE5FE1C3C0BCD
:10B22000FC772E001AE63C0BFC722E001AE73E0754
:10B23000F87D2E001AE93E07F8823C2BFC743C2B6B
:10B24000FC713E27F7E6BA8B84013E07F87E3E2765
:10B25000F8753E27F8813E27F7EB3E27F82EFA04D3
:10B260003C0BFC4F3E27F8683E27F86C3E27F7F072
:10B270002E001ADA403010093E37F7FF961F3E07BE
:10B28000F83A3E27F8463C2BFC5ECF419646BF8DF0
:10B2900046000507147003F1C107840149FFB9C0D6
:10B2A000840249FFB9C284004610050758108F4434
:10B2B0008040382081098C015A081EFD84204620D8
:10B2C000050758210F808061383104088C218400E3
:10B2D0005A1840FC4610050610008EF4461005066C
:10B2E00010008EF53E07F8393E07F80884213E1716
:10B2F000F7FE4610050610008EE046100506840095
:10B30000140083BA46100506140083BB4E92000554
:10B310008400B8C2D5112E001A1B9207C0FA2E075E
:10B32000F883C808B842E6013CFFFE8784013E0767
:10B33000F883B842C8064600050158000524D50523
:10B3400046000502580001A44610040C84A03C0FDE
:10B35000FE6084003E07F814463005015831852010
:10B36000804544000C80986B8CA284C0122092C24D
:10B37000D8FB46000908A400852092013C0BFC582C
:10B380003C9FFE528401B8873E67F8653E67F7E44C
:10B390003C9FFE4B3C9FFE6E3C9FFE5749FFE0B733
:10B3A000841F3E07F9CC3E07F9EC84283E67F8720B
:10B3B0003E67F87346000504129003933C6BFC54FF
:10B3C0003C6BFC4B3E67F85F3E67F7E33E67F82F48
:10B3D0003E67F7E83E67F8523E67F8013C9FFE5D26
:10B3E0003E67F8253E0FFF7C381024088D215A98BF
:10B3F0000CFD84003E07F86E8400B8AACF02B89E08
:10B4000046100507140083F5B899B8A5FCC0FC00E8
:10B4100084403E58053480624440FFFF3E6FFBB8D5
:10B4200094168C08880584248E219648B6601440B2
:10B430007FFE14407FFFAEC4AEC58C10C9F6381332
:10B4400008088C415A280CEEFC80FC0046100506CA
:10B4500058108EF48400AE08AE0984203C1BFC52C8
:10B460003E17F87C3E07F8703E07F8714610050756
:10B470008400140083F846100507140083FA461070
:10B480000506140083BEFC80FC41460000104610F7
:10B49000050704000000F0814600001004000200CF
:10B4A000F0814600001F040003FFF081F0019601C7
:10B4B000120087A246000507045003F04400A11AB9
:10B4C00092B0D80349FFB79349FFB99B46000507DF
:10B4D00046100507020007A0920840002008580007
:10B4E0000001120087A049FFAEFF46000507461085
:10B4F0000507020007A08444920840002008580075
:10B500000016120087A03C1DFE53440000D1C90361
:10B510008465D5038420806149FFA813440000D1CD
:10B5200084208443443000FF49FFA80B84003C0F73
:10B53000FE684600050746100507020007A09208AE
:10B540004000200858000017120087A049FFFF7F25
:10B550003C0DFE595A00020584013E07F854467A14
:10B5600055AA84C05073855A46900820840149FF2B
:10B57000AB77461005078C05140083F984003E075D
:10B58000F85C46000507045003CED70746000507C0
:10B59000040003F95A08050584013E07F85C3C03E2
:10B5A000FC528C013C0BFC523C0DFE53C00E2E078E
:10B5B000F84C5A08010B3C0DFE595A08030749FF85
:10B5C000A81B84003E07F84C4600050746100507F7
:10B5D000020007A09208400020085800001712003F
:10B5E00087A03C0DFE534E0301562E07F84F5A001C
:10B5F00001044800015C2E07F8095A0001044800C4
:10B60000015649FFB6EA4600050746100507020045
:10B6100007A092084000200858000019120087A0D7
:10B6200000048E0846100506960010008E3C2E077A
:10B63000F7F3C00B46000506461005060200071F7B
:10B640008C011200871FD50A460005064610050624
:10B65000020007208C0112008720840E49FFEFC4EE
:10B66000C00584003E07F84FD510FA0249FFEFBC31
:10B67000C8F9FA0649FFEFB8C8F54400003049FFA1
:10B68000EFB3C8F049FFBD4249FFB9032E07F803E5
:10B69000C826840E49FFEFA8C00449FFF214D51054
:10B6A000FA0249FFEFA1C8FAFA0649FFEF9DC8F672
:10B6B0004400003049FFEF98C8F149FFC6BE46007C
:10B6C000050746100507020007A092084000200861
:10B6D00058000018120087A0480000E9840E49FFB6
:10B6E000EF834E030079FA0249FFEF7E4E030074A8
:10B6F000FA0649FFEF794E03006F4400003049FF1E
:10B70000EF734E0300693C0DFE8A5A0001063C5D52
:10B71000FE894C5000613C0DFE595A080304480054
:10B72000004D5A0807044800004B4E0200492E17EE
:10B73000F7F3C1073C1DFE52C90449FFE52FD5129E
:10B740008E02E602E80F84003E07F87484203C1B5A
:10B75000FC743E17F87A3E07F87B3E07F8753E0703
:10B76000F8843CADFE824EA3002F49FFC3F749FF8A
:10B77000C6F549FFC75A49FFC50849FFEA4749FFCF
:10B78000BEB22E87F7E34E83000D49FFC00C80C088
:10B790003E87F82F00030092C0163E87F7E4D513CA
:10B7A0002E07F82F8C013E07F82F3CAFFE5A3EA71C
:10B7B000F8523EA7F7E4D50749FFA71E49FFC33C4F
:10B7C00049FFC2D73C0DFE82C8062E07F7E3C80327
:10B7D00049FFBC5349FFF1013C0DFE82C8132E07FF
:10B7E000F7E3C81049FFBD00800649FFFA0C0003CB
:10B7F00000923C0FFE55020300483C0FFE5649FFE5
:10B80000C13849FFC5F3840E49FFEEEE4E03004FE9
:10B81000FA0249FFEEE94E03004AFA0649FFEEE458
:10B820004E030045840A49FFEEDFC840FA0A49FF8B
:10B83000EEDBC83CFA1349FFEED7C838FA0E49FFD1
:10B84000EED3C834FA1849FFEECFC830FA1C49FFCE
:10B85000EECBC82C4400003049FFEEC6C8273C0D93
:10B86000FE8A5A0801243C0DFE82C8202E07F7E309
:10B87000C81D3C0DFE52C00949FFC1D22E07F84A2F
:10B88000C80649FFA9B9D50349FFC10A49FFEC8D94
:10B89000D50D49FFB5A22E07F81C9204C0072E074C
:10B8A000F8665A0801042E07F7F1840E49FFEE9C52
:10B8B000C81AFA0249FFEE98C816FA0649FFEE9434
:10B8C000C812840A49FFEE90C80EFA0A49FFEE8CAE
:10B8D000C80AFA1349FFEE88C8064400003049FF41
:10B8E000EE83C007840149FFAF4FC8FD48FFFE400B
:10B8F0003C0DFE53C8222E07F85B5A08011A3C0D76
:10B90000FE6FC8163C0DFE6EC8133C0DFE57C810E6
:10B910002E07F84AC80D49FFA978C80A2E07F8284B
:10B9200049FFAF32C8FC3C0DFE6FC023D52884010F
:10B9300049FFAF2AC8FDD5F83C0DFE535A0801F562
:10B940002E07F80A5A0801113C0DFE6FC80D3C0D78
:10B95000FE6EC80A3C0DFE57C8072E07F82849FF9F
:10B96000AF13C8FCD5E1840149FFAF0EC8FDD5DC9B
:10B970003C0DFE63C03F3C0DFE87C83C49FFA8CA92
:10B980003C1DFE598417FE0E5A0004045A1807265F
:10B990002E17F7F384015C10800149FFFA543C0D27
:10B9A000FE63C00484003C0FFE633C0DFE87C803A9
:10B9B0008404D502840C842149FFB3CD3C0DFE5391
:10B9C000C81484211003009280063E17F85449FFE2
:10B9D000F91A49FFC04ED5098401802049FFFA3386
:10B9E0008402842149FFB42684003C0FFE6F48FF87
:10B9F000FDBF3C1DFE598417FE0E5A0004045A1860
:10BA0000022A3CADFE6E5AA8012149FFA8833C0DD5
:10BA1000FE595A080207802A840349FFB40BD50651
:10BA200084072E17F93049FFB39684023E07F808C1
:10BA3000840049FFBD1A46000509580003043C0F65
:10BA4000FE6084003C0FFE4C84003C0FFE6E48FFFD
:10BA5000FD8F841BFE0E5A08032D3C0DFE575A081D
:10BA6000012749FFA8573C0DFE595A0803078420B7
:10BA7000840249FFB3DFD5073C1DFE87C909840452
:10BA800049FFB3694600050158000524D509840C17
:10BA9000842049FFB36046000502580001A4461007
:10BAA000040C3C0FFE60840049FFBCDF8400D50419
:10BAB00084003C0FFE6E4610040C3C0FFE5748FFFE
:10BAC000FD57000047D0040C59DE8EE83FC8000047
:10BAD0003FF83118490000224900001C49FFFCD6FC
:10BAE000D5009200D50084006405E40346000400FC
:10BAF00064022403460005008C016404E003641220
:10BB000000028419FE0E6402000364000008DD9E3A
:10BB1000FC0049FFFFEAFC803E0F3118580000018D
:10BB20006404C00364000008DD9EFC0049FFA6AA6F
:10BB3000FC80FC0049FFA8CFFC80FC0049FFA8F670
:10BB4000FC80FC0049FFA8F5FC80FC0049FFA9240B
:10BB5000FC80FC0049FFAA14FC8000008480D52DE5
:10BB600040A14009974192104040A83796D140101B
:10BB7000C008FE4742020C24E220E8099F21984AAF
:10BB8000E222E905E220E8039F21984A9A48401002
:10BB9000A81740004008FE2FFECCE203E8099802F7
:10BBA0009E49E202E905E203E80398029E499A03EE
:10BBB00040424008FE67DD9EEFD83A6FAAA0FD30F4
:10BBC000FD418384CB51E2E8E81A8008490000CCAB
:10BBD000F087C00C4084000C525000204053140DDC
:10BBE0004073800CFFEF4063000CFD03804849FF69
:10BBF000FFB9F18880C084A0F589D525C22C8008C2
:10BC0000490000B2F087C8058AE884A1F589D514F7
:10BC100052F000204084000C804840433C0D4053CB
:10BC2000800C4063000C400290044013BC0D49FF9F
:10BC3000FF99F18980E0FD03804849FFFF93F18877
:10BC4000506000004FC20055F3074470000040638D
:10BC50000C0DD54C407420D7842084004FC2004C7A
:10BC6000B6DCBF81D548E2E9E9F880094900007CEB
:10BC7000F087C045524000204054100D4024800CF5
:10BC8000FEAF81224084000C4033100D4063000C55
:10BC90004003800C4013900DFE1F49FFFF63F188A5
:10BCA00080E0800849000070E2E1E9054C13C00D16
:10BCB000E2C0E80AF3088A299ED9F38840302001BF
:10BCC000E2038A2F80038460F3894FC200129A3006
:10BCD0009A79E2C08A2FF307524180204070900C7D
:10BCE00040600C0DFFBF40708C0DB6DCBF81F008CA
:10BCF000041F80093A6FAA80EC28DD9E8460E32748
:10BD0000E903E2C8E90A84A1F588404320018AE9F1
:10BD1000E2C48AEF80C4D502F388F3894FC3FFE7FA
:10BD2000D5E79200425088244010400942500C73DD
:10BD3000960140314009969142F00C24424008247B
:10BD4000FE8C40078800E20240F7C008402040080F
:10BD500042F08C7340104009882F9822E204882F0B
:10BD6000984DDD9EC00EFA20FA6F9B194020040DFD
:10BD70004032081B4001081B9221C9F88003DD9E58
:10BD8000FA10DD9E9681403040099609923042516A
:10BD90000424FE84FE1C9968E2A040F7C00842F12A
:10BDA00084734012C009882F4002C0089802E20242
:10BDB000882FDD9E8060E644E91C54418003545086
:10BDC0008003DC174E52000C525280049A959969F8
:10BDD00008408001184180014C12FFFC40510809C5
:10BDE000C508956A9969968FA309AB194C12FFFE95
:10BDF000C208994A08408001184180014C12FFFC9A
:10BE0000DD9E9200AAAAA8000000AAAAA80000002D
:10BE10005555540000005555540000000104000021
:10BE200000050000FFFFFF7F2C9C50000A14050551
:10BE300003031201010000008D200000D430000037
:10BE40009500000095000000313D0100B115000093
:10BE50006C00D1443151B201B60D00000000000069
:10BE60008200000000004000800094009C00DC0084
:10BE7000DC00F000F000F000FC00000014015401B0
:10BE8000540154015401540154015401540154010A
:10BE90005401540100005401D402D402D402D4024B
:10BEA000D402D402D402D402D402D402D4020000B8
:10BEB000D402540180018002FF7FFF7F080001004F
:10BEC000FF7FFF7FFF7FFF7FFF7FFF7F100000006E
:10BED000FF7F0000FFFFFFFFFFFFFFFFFFFFFFFFF0
:10BEE000FFFFFFFF3E1FFFFF0F0000000F000000DD
:10BEF000810000000020000001000000FFFFFFFFA4
:10BF0000000000003E1FFFFFFFFFFFFFFCFFFFFFE1
:10BF1000FFFFFFFFFFFFFFFF3E1FFFFF0F000000BF
:10BF20000000000081000000002000000000000070
:10BF3000FFFFFFFF000000003E1FFFFF00030003A4
:10BF400003030000000000030000000000010203E2
:10BF50000A0A00040506060100000000C480500023
:10BF6000C4805000C4805000C480500080735000D2
:10BF7000C4805000400D5000C4805000C480500068
:10BF8000C4805000C480500054825000E4835000AC
:10BF900074855000C4805000400D5000C480500093
:10BFA00054825000E483500074855000400D5000CE
:10BFB000C480500054825000E483500074855000C7
:10BFC000C4805000C4805000C4805000C480500021
:10BFD000C4805000D00E5000D00E5000D00E500043
:10BFE000D00E5000C0795000D00E50003078500074
:10BFF000D00E5000D00E5000D00E5000D00E500089
:10C0000060105000F011500080135000D00E50000E
:10C0100030785000D00E500060105000F0115000E9
:10C020008013500030785000D00E50006010500047
:10C03000F011500080135000D00E5000D00E500070
:10C04000D00E5000D00E5000D00E50000000000066
:10C0500000000000000000000000000000000000E0
:10C060001C1C1C1C1C1C1C0000000000000000000C
:10C0700000000000000000000000000000000000C0
:10C0800000000000000000000000000000000000B0
:10C090000000000000050000FFFF800C0000000011
:10C0A00005003000E4020000FFFF020D0000000068
:10C0B0000400300000050000FFFF800C00000000BD
:10C0C00005003000E4020000FFFF020D0000000048
:10C0D0000700300008070000FFFF8C0A0000000086
:10C0E0000600300008070000FFFF8C0A0000000077
:10C0F00006003000E4020000FFFF020D0000000017
:10C1000004003000A0050000FFFFD8090000000077
:10C1100004003000000000000000000000000000EB
:10C12000000000000000000000000000000000000F
:10C1300000000000000000000000000000000000FF
:10C1400000000000000000000000000000000000EF
:10C150000000000077FF79FA111179FA112279FABB
:10C1600029FF79FA114479FA118879FA77FF79FA77
:10C17000111179FA112279FA29FF79FA114479FA21
:10C18000118879FA21FF79F231FFC9FA86FF79FA2D
:10C190000000000064FF79FA75FF79FA111179FA4D
:10C1A00064FF79FA75FF79FA112279FA64FF79FA56
:10C1B00075FF79FA114479FA64FF79FA75FF79FA13
:10C1C000118879FA21FF79F231FFC9FA86FF79FAED
:10C1D00000000000938879F2932269F2934469F297
:10C1E000931169FA0000000032FF79FA00000000A4
:10C1F00029FF79FA118879FA112279FA114479FA2A
:10C20000111179FA2AFF79FA118879FA112279FA4B
:10C21000114479FA111179FA0000000000000000C1
:10C22000000000000000000000000000000000000E
:10C23000111179FA112279FA114479FA118879FAEF
:10C240000000000058FF79FA58FF79FA000000005A
:10C25000111179F2112269F2114469F2118869F21F
:10C2600029FF69F20000000029FF79FA4B8879FA6A
:10C270004B2279FA4B4479FA4B1179FA2AFF79FA71
:10C280004B8879FA4B2279FA4B4479FA4B1179FAB7
:10C29000000000000000000000000000000000009E
:10C2A0000000000000000000044E01009D004E014F
:10C2B000F09CC014200029E039C129E0392110C1C7
:10C2C000738200000000010004400100DC00400116
:10C2D00000DC001430002800B8012800B8E18F21EC
:10C2E000708300000000010004C201E0C400C2012C
:10C2F000E0C4201C404038C0894138C0896151A148
:10C30000138300000000020004B900B0DB00B90094
:10C31000B0DB900B50201760B7211760B721A0E168
:10C320006E83000000000100045A0030A3005A0090
:10C3300020A3A00520600A4046410B4046C14EA004
:10C340008C8200000000040004E100C0A800E100AD
:10C35000B0A8100E40401B6051211C60514135C1F6
:10C36000A282000000000100040A00D00E010A00B1
:10C37000CA0EA105206800000040010000C04E0068
:10C380003B84000000000400040A00309E000A0004
:10C390002A9EA005206000403C4101403C013BA199
:10C3A000788200000000030004C201E0C400C20162
:10C3B000E0C4201C404038C0894138C0896151A187
:10C3C000138300000000020004400100DC00400173
:10C3D00000DC001430002800B8012800B8E18F21EB
:10C3E000708300000000030004B900B0DB00B90056
:10C3F000B0DB900B50201760B7211760B721A0E188
:10C400006E8300000000040004B900B0DB00B90036
:10C41000B0DB900B50201760B7211760B721A0E167
:10C420006E8300000000010000000000000000001A
:10C4300000000000000000000000000000000000FC
:10C4400000000000000000000000000000000000EC
:10C4500000000000000000000000000000000000DC
:10C460000000000000000000FF50FF50FF5BFF5B7A
:10C47000FF10FF10FF07FF07FF0BFF0BFF10FF1060
:10C48000FF17FF17FF00FF00FF00FF00FF0EFF0E6A
:10C49000FF90FF90FF0DFF0D0093009310201020E0
:10C4A00000660066E020E020FF50FF50FF50FF5084
:10C4B000FF10FF10FF10FF10FF0BFF0BFF10FF100E
:10C4C000FF17FF17FF00FF00FF00FF00FF0EFF0E2A
:10C4D000FF90FF90FF05FF050F930F931020102092
:10C4E00000160016E020E020FF50FF50FF5BFF5BCE
:10C4F000FF10FF10FF07FF07FF0BFF0BFF10FF10E0
:10C50000FF17FF17FF00FF00FF00FF00FF0EFF0EE9
:10C51000FF90FF90FF0DFF0D00930093102010205F
:10C5200000160016E0A0E0A0FF50FF50FF58FF5893
:10C53000FF10FF10FF0AFF0AFF0BFF0BFF10FF1099
:10C54000FF17FF17FF00FF00FF00FF00FF0EFF0EA9
:10C55000FF90FF90FF45FF450093009310201020AF
:10C5600000A600A6E020E020FF50FF50FF5BFF5B2D
:10C57000FF10FF10FF07FF07FF0BFF0BFF10FF105F
:10C58000FF17FF17FF00FF00FF00FF00FF0EFF0E69
:10C59000FF90FF90FF0DFF0D0F930F9310201020C1
:10C5A00000560056E0A0E0A0FF50FF50FF5BFF5B8D
:10C5B000FF10FF10FF07FF07FF0BFF0BFF10FF101F
:10C5C000FF17FF17FF00FF00FF00FF00FF0BFF0B2F
:10C5D000FF90FF90FF05FF050F910F911020102095
:10C5E00000010001E0A0E0A0FF50FF50FF5BFF5BF7
:10C5F000FF10FF10FF07FF07FF0BFF0BFF10FF10DF
:10C60000FF17FF17FF00FF00FF00FF00FF0BFF0BEE
:10C61000FF90FF90FF05FF050F910F911020102054
:10C6200000020002E0A0E0A000500050005B005BB0
:10C630000010001000070007000B000B0010001096
:10C64000001700170000000000000000000B000BA6
:10C65000009000900005000500910091102010202E
:10C6600000020002E0A0E0A0FF50FF50FF58FF587A
:10C67000FF10FF10FF0AFF0AFF0BFF0BFF10FF1058
:10C68000FF17FF17FF00FF00FF00FF00FF0EFF0E68
:10C69000FF90FF90FF45FF4500930093102010206E
:10C6A00000A600A6E020E0200000000009099999FA
:10C6B000000000000000000000000000000000007A
:10C6C000FF0000000000000000000000000000006B
:10C6D000000000000000000000000000000000005A
:10C6E000000000000000000000000000000000004A
:10C6F000000000000000000000000000000000003A
:10C700000000000000000000000000000000000029
:10C710000000000000000000000000000000000019
:10C720000000000000000000000000000000000009
:10C7300000000000000000000000000000000000F9
:10C7400000000000000000000000000000000000E9
:10C7500000000000000000000000000000000000D9
:10C7600000000000000000000000000000000000C9
:10C7700000000000000000000000000000000000B9
:10C7800000000000000000000000000000000000A9
:10C790000000000000000000000000000000000099
:10C7A0000000000000000000000000000000000089
:10C7B0000000000000000000000000000000000079
:10C7C0000000000000000000000000000000000069
:10C7D0000000000000000000000000000000000059
:10C7E0000000000000000000000000000000000049
:10C7F0000000000000000000000000000000000039
:10C800000000000000000000000000000000000028
:10C810000000000000000000000000000000000018
:10C820000000000000000000000000000000000008
:10C8300000000000000000000000000000000000F8
:10C8400000000000000000000000000000000000E8
:10C8500000000000000000000000000000000000D8
:10C8600000000000000000000000000000000000C8
:10C8700000000000000000000000000000000000B8
:10C8800000000000000000000000000000000000A8
:10C890000000000000000000000000000000000098
:10C8A0000000000000000000000000000000000088
:10C8B0000000000000000000000000000000000078
:10C8C0000000000000000000000000000000000068
:10C8D0000000000000000000000000000000000058
:10C8E0000000000000000000000000000000000048
:10C8F0000000000000000000000000000000000038
:10C900000000000000000000000000000000000027
:10C910000000000000000000000000000000000017
:10C920000000000000000000000000000000000007
:10C9300000000000000000000000000000000000F7
:10C9400000000000000000000000000000000000E7
:10C9500000000000000000000000000000000000D7
:10C9600000000000000000000000000000000000C7
:10C9700000000000000000000000000000000000B7
:10C9800000000000000000000000000000000000A7
:10C990000000000000000000000000000000000097
:10C9A0000000000000000000000000000000000087
:10C9B0000000000000000000000000000000000077
:10C9C0000000000000000000000000000000000067
:10C9D0000000000000000000000000000000000057
:10C9E0000000000000000000000000000000000047
:10C9F0000000000000000000000000000000000037
:10CA00000000000000000000000000000000000026
:10CA10000000000000000000000000000000000016
:10CA20000000000000000000000000000000000006
:10CA300000000000000000000000000000000000F6
:10CA400000000000000000000000000000000000E6
:10CA500000000000000000000000000000000000D6
:10CA600000000000000000000000000000000000C6
:10CA700000000000000000000000000000000000B6
:10CA800000000000000000000000000000000000A6
:10CA90000000000000000000000000000000000096
:10CAA0000000000000000000000000000000000086
:10CAB0000000000000000000000000000000000076
:10CAC0000000000000000000000000000000000066
:10CAD0000000000000000000000000000000000056
:10CAE0000000000000000000000000000000000046
:10CAF0000000000000000000000000000000000036
:10CB00000000000000000000000000000000000025
:10CB10000000000000000000000000000000000015
:10CB20000000000000000000000000000000000005
:10CB300000000000000000000000000000000000F5
:10CB400000000000000000000000000000000000E5
:10CB500000000000000000000000000000000000D5
:10CB600000000000000000000000000000000000C5
:10CB700000000000000000000000000000000000B5
:10CB800000000000000000000000000000000000A5
:10CB90000000000000000000000000000000000095
:10CBA0000000000000000000000000000000000085
:10CBB0000000000000000000000000000000000075
:10CBC0000000000000000000000000000000000065
:10CBD0000000000000000000000000000000000055
:10CBE0000000000000000000000000000000000045
:10CBF0000000000000000000000000000000000035
:10CC00000000000000000000000000000000000024
:10CC10000000000000000000000000000000000014
:10CC20000000000000000000000000000000000004
:10CC300000000000000000000000000000000000F4
:10CC400000000000000000000000000000000000E4
:10CC500000000000000000000000000000000000D4
:10CC600000000000000000000000000000000000C4
:10CC700000000000000000000000000000000000B4
:10CC800000000000000000000000000000000000A4
:10CC90000000000000000000000000000000000094
:10CCA0000000000000000000000000000000000084
:10CCB0000000000000000000000000000000000074
:10CCC0000000000000000000000000000000000064
:10CCD0000000000000000000000000000000000054
:10CCE0000000000000000000000000000000000044
:10CCF0000000000000000000000000000000000034
:10CD00000000000000000000000000000000000023
:10CD10000000000000000000000000000000000013
:10CD20000000000000000000000000000000000003
:10CD300000000000000000000000000000000000F3
:10CD400000000000000000000000000000000000E3
:10CD500000000000000000000000000000000000D3
:10CD600000000000000000000000000000000000C3
:10CD700000000000000000000000000000000000B3
:10CD800000000000000000000000000000000000A3
:10CD90000000000000000000000000000000000093
:10CDA0000000000000000000000000000000000083
:10CDB0000000000000000000000000000000000073
:10CDC0000000000000000000000000000000000063
:10CDD0000000000000000000000000000000000053
:10CDE0000000000000000000000000000000000043
:10CDF0000000000000000000000000000000000033
:10CE00000000000000000000000000000000000022
:10CE10000000000000000000000000000000000012
:10CE20000000000000000000000000000000000002
:10CE300000000000000000000000000000000000F2
:10CE400000000000000000000000000000000000E2
:10CE500000000000000000000000000000000000D2
:10CE600000000000000000000000000000000000C2
:10CE700000000000000000000000000000000000B2
:10CE800000000000000000000000000000000000A2
:10CE90000000000000000000000000000000000092
:10CEA0000000000000000000000000000000000082
:10CEB0000000000000000000000000000000000072
:10CEC0000000000000000000000000000000000062
:10CED0000000000000000000000000000000000052
:10CEE0000000000000000000000000000000000042
:10CEF0000000000000000000000000000000000032
:10CF00000000000000000000000000000000000021
:10CF10000000000000000000000000000000000011
:10CF20000000000000000000000000000000000001
:10CF300000000000000000000000000000000000F1
:10CF400000000000000000000000000000000000E1
:10CF500000000000000000000000000000000000D1
:10CF600000000000000000000000000000000000C1
:10CF700000000000000000000000000000000000B1
:10CF800000000000000000000000000000000000A1
:10CF90000000000000000000000000000000000091
:10CFA0000000000000000000000000000000000081
:10CFB0000000000000000000000000000000000071
:10CFC0000000000000000000000000000000000061
:10CFD0000000000000000000000000000000000051
:10CFE0000000000000000000000000000000000041
:10CFF0000000000000000000000000000000000031
:10D000000000000000000000000000000000000020
:10D010000000000000000000000000000000000010
:10D020000000000000000000000000000000000000
:10D0300000000000000000000000000000000000F0
:10D0400000000000000000000000000000000000E0
:10D0500000000000000000000000000000000000D0
:10D0600000000000000000000000000000000000C0
:10D0700000000000000000000000000000000000B0
:10D0800000000000000000000000000000000000A0
:10D090000000000000000000000000000000000090
:10D0A0000000000000000000000000000000000080
:10D0B0000000000000000000000000000000000070
:10D0C0000000000000000000000000000000000060
:10D0D0000000000000000000000000000000000050
:10D0E0000000000000000000000000000000000040
:10D0F0000000000000000000000000000000000030
:10D10000000000000000000000000000000000001F
:10D11000000000000000000000000000000000000F
:10D1200000000000000000000000000000000000FF
:10D1300000000000000000000000000000000000EF
:10D1400000000000000000000000000000000000DF
:10D1500000000000000000000000000000000000CF
:10D1600000000000000000000000000000000000BF
:10D1700000000000000000000000000000000000AF
:10D18000000000000000000000000000000000009F
:10D19000000000000000000000000000000000008F
:10D1A000000000000000000000000000000000007F
:10D1B000000000000000000000000000000000006F
:10D1C000000000000000000000000000000000005F
:10D1D000000000000000000000000000000000004F
:10D1E000000000000000000000000000000000003F
:10D1F000000000000000000000000000000000002F
:10D20000000000000000000000000000000000001E
:10D21000000000000000000000000000000000000E
:10D2200000000000000000000000000000000000FE
:10D2300000000000000000000000000000000000EE
:10D2400000000000000000000000000000000000DE
:10D2500000000000000000000000000000000000CE
:10D2600000000000000000000000000000000000BE
:10D2700000000000000000000000000000000000AE
:10D28000000000000000000000000000000000009E
:10D29000000000000000000000000000000000008E
:10D2A000000000000000000000000000000000007E
:10D2B000000000000000000000000000000000006E
:10D2C000000000000000000000000000000000005E
:10D2D000000000000000000000000000000000004E
:10D2E000000000000000000000000000000000003E
:10D2F000000000000000000000000000000000002E
:10D30000000000000000000000000000000000001D
:10D31000000000000000000000000000000000000D
:10D3200000000000000000000000000000000000FD
:10D3300000000000000000000000000000000000ED
:10D3400000000000000000000000000000000000DD
:10D3500000000000000000000000000000000000CD
:10D3600000000000000000000000000000000000BD
:10D3700000000000000000000000000000000000AD
:10D38000000000000000000000000000000000009D
:10D39000000000000000000000000000000000008D
:10D3A000000000000000000000000000000000007D
:10D3B000000000000000000000000000000000006D
:10D3C000000000000000000000000000000000005D
:10D3D000000000000000000000000000000000004D
:10D3E000000000000000000000000000000000003D
:10D3F000000000000000000000000000000000002D
:10D40000000000000000000000000000000000001C
:10D41000000000000000000000000000000000000C
:10D4200000000000000000000000000000000000FC
:10D4300000000000000000000000000000000000EC
:10D4400000000000000000000000000000000000DC
:10D4500000000000000000000000000000000000CC
:10D4600000000000000000000000000000000000BC
:10D4700000000000000000000000000000000000AC
:10D48000000000000000000000000000000000009C
:10D49000000000000000000000000000000000008C
:10D4A000000000000000000000000000000000007C
:10D4B000000000000000000000000000000000006C
:10D4C000000000000000000000000000000000005C
:10D4D000000000000000000000000000000000004C
:10D4E000000000000000000000000000000000003C
:10D4F000000000000000000000000000000000002C
:10D50000000000000000000000000000000000001B
:10D51000000000000000000000000000000000000B
:10D5200000000000000000000000000000000000FB
:10D5300000000000000000000000000000000000EB
:10D5400000000000000000000000000000000000DB
:10D5500000000000000000000000000000000000CB
:10D5600000000000000000000000000000000000BB
:10D5700000000000000000000000000000000000AB
:10D58000000000000000000000000000000000009B
:10D59000000000000000000000000000000000008B
:10D5A000000000000000000000000000000000007B
:10D5B000000000000000000000000000000000006B
:10D5C000000000000000000000000000000000005B
:10D5D000000000000000000000000000000000004B
:10D5E000000000000000000000000000000000003B
:10D5F000000000000000000000000000000000002B
:10D60000000000000000000000000000000000001A
:10D61000000000000000000000000000000000000A
:10D6200000000000000000000000000000000000FA
:10D6300000000000000000000000000000000000EA
:10D6400000000000000000000000000000000000DA
:10D6500000000000000000000000000000000000CA
:10D6600000000000000000000000000000000000BA
:10D6700000000000000000000000000000000000AA
:10D68000000000000000000000000000000000009A
:10D69000000000000000000000000000000000008A
:10D6A000000000000000000000000000000000007A
:10D6B000000000000000000000000000000000006A
:10D6C000000000000000000000000000000000005A
:10D6D000000000000000000000000000000000004A
:10D6E000000000000000000000000000000000003A
:10D6F000000000000000000000000000000000002A
:10D700000000000000000000000000000000000019
:10D710000000000000000000000000000000000009
:10D7200000000000000000000000000000000000F9
:10D7300000000000000000000000000000000000E9
:10D7400000000000000000000000000000000000D9
:10D7500000000000000000000000000000000000C9
:10D7600000000000000000000000000000000000B9
:10D7700000000000000000000000000000000000A9
:10D780000000000000000000000000000000000099
:10D790000000000000000000000000000000000089
:10D7A0000000000000000000000000000000000079
:10D7B0000000000000000000000000000000000069
:10D7C0000000000000000000000000000000000059
:10D7D0000000000000000000000000000000000049
:10D7E0000000000000000000000000000000000039
:10D7F0000000000000000000000000000000000029
:10D800000000000000000000000000000000000018
:10D810000000000000000000000000000000000008
:10D8200000000000000000000000000000000000F8
:10D8300000000000000000000000000000000000E8
:10D8400000000000000000000000000000000000D8
:10D8500000000000000000000000000000000000C8
:10D8600000000000000000000000000000000000B8
:10D8700000000000000000000000000000000000A8
:10D880000000000000000000000000000000000098
:10D890000000000000000000000000000000000088
:10D8A0000000000000000000000000000000000078
:10D8B0000000000000000000000000000000000068
:10D8C0000000000000000000000000000000000058
:10D8D0000000000000000000000000000000000048
:10D8E0000000000000000000000000000000000038
:10D8F0000000000000000000000000000000000028
:10D900000000000000000000000000000000000017
:10D910000000000000000000000000000000000007
:10D9200000000000000000000000000000000000F7
:10D9300000000000000000000000000000000000E7
:10D9400000000000000000000000000000000000D7
:10D9500000000000000000000000000000000000C7
:10D9600000000000000000000000000000000000B7
:10D9700000000000000000000000000000000000A7
:10D980000000000000000000000000000000000097
:10D990000000000000000000000000000000000087
:10D9A0000000000000000000000000000000000077
:10D9B0000000000000000000000000000000000067
:10D9C0000000000000000000000000000000000057
:10D9D0000000000000000000000000000000000047
:10D9E0000000000000000000000000000000000037
:10D9F0000000000000000000000000000000000027
:10DA00000000000000000000000000000000000016
:10DA10000000000000000000000000000000000006
:10DA200000000000000000000000000000000000F6
:10DA300000000000000000000000000000000000E6
:10DA400000000000000000000000000000000000D6
:10DA500000000000000000000000000000000000C6
:10DA600000000000000000000000000000000000B6
:10DA700000000000000000000000000000000000A6
:10DA80000000000000000000000000000000000096
:10DA90000000000000000000000000000000000086
:10DAA0000000000000000000000000000000000076
:10DAB0000000000000000000000000000000000066
:10DAC0000000000000000000000000000000000056
:10DAD0000000000000000000000000000000000046
:10DAE0000000000000000000000000000000000036
:10DAF0000000000000000000000000000000000026
:10DB00000000000000000000000000000000000015
:10DB10000000000000000000000000000000000005
:10DB200000000000000000000000000000000000F5
:10DB300000000000000000000000000000000000E5
:10DB400000000000000000000000000000000000D5
:10DB500000000000000000000000000000000000C5
:10DB600000000000000000000000000000000000B5
:10DB700000000000000000000000000000000000A5
:10DB80000000000000000000000000000000000095
:10DB90000000000000000000000000000000000085
:10DBA0000000000000000000000000000000000075
:10DBB0000000000000000000000000000000000065
:10DBC0000000000000000000000000000000000055
:10DBD0000000000000000000000000000000000045
:10DBE0000000000000000000000000000000000035
:10DBF0000000000000000000000000000000000025
:10DC00000000000000000000000000000000000014
:10DC10000000000000000000000000000000000004
:10DC200000000000000000000000000000000000F4
:10DC300000000000000000000000000000000000E4
:10DC400000000000000000000000000000000000D4
:10DC500000000000000000000000000000000000C4
:10DC600000000000000000000000000000000000B4
:10DC700000000000000000000000000000000000A4
:10DC80000000000000000000000000000000000094
:10DC90000000000000000000000000000000000084
:10DCA0000000000000000000000000000000000074
:10DCB0000000000000000000000000000000000064
:10DCC0000000000000000000000000000000000054
:10DCD0000000000000000000000000000000000044
:10DCE0000000000000000000000000000000000034
:10DCF0000000000000000000000000000000000024
:10DD00000000000000000000000000000000000013
:10DD10000000000000000000000000000000000003
:10DD200000000000000000000000000000000000F3
:10DD300000000000000000000000000000000000E3
:10DD400000000000000000000000000000000000D3
:10DD500000000000000000000000000000000000C3
:10DD600000000000000000000000000000000000B3
:10DD700000000000000000000000000000000000A3
:10DD80000000000000000000000000000000000093
:10DD90000000000000000000000000000000000083
:10DDA0000000000000000000000000000000000073
:10DDB0000000000000000000000000000000000063
:10DDC0000000000000000000000000000000000053
:10DDD0000000000000000000000000000000000043
:10DDE0000000000000000000000000000000000033
:10DDF0000000000000000000000000000000000023
:10DE00000000000000000000000000000000000012
:10DE10000000000000000000000000000000000002
:10DE200000000000000000000000000000000000F2
:10DE300000000000000000000000000000000000E2
:10DE400000000000000000000000000000000000D2
:10DE500000000000000000000000000000000000C2
:10DE600000000000000000000000000000000000B2
:10DE700000000000000000000000000000000000A2
:10DE80000000000000000000000000000000000092
:10DE90000000000000000000000000000000000082
:10DEA0000000000000000000000000000000000072
:10DEB0000000000000000000000000000000000062
:10DEC0000000000000000000000000000000000052
:10DED0000000000000000000000000000000000042
:10DEE0000000000000000000000000000000000032
:10DEF0000000000000000000000000000000000022
:10DF00000000000000000000000000000000000011
:10DF10000000000000000000000000000000000001
:10DF200000000000000000000000000000000000F1
:10DF300000000000000000000000000000000000E1
:10DF400000000000000000000000000000000000D1
:10DF500000000000000000000000000000000000C1
:10DF600000000000000000000000000000000000B1
:10DF700000000000000000000000000000000000A1
:10DF80000000000000000000000000000000000091
:10DF90000000000000000000000000000000000081
:10DFA0000000000000000000000000000000000071
:10DFB0000000000000000000000000000000000061
:10DFC0000000000000000000000000000000000051
:10DFD0000000000000000000000000000000000041
:10DFE0000000000000000000000000000000000031
:10DFF0000000000000000000000000000000000021
:10E000000000000000000000000000000000000010
:10E010000000000000000000000000000000000000
:10E0200000000000000000000000000000000000F0
:10E0300000000000000000000000000000000000E0
:10E0400000000000000000000000000000000000D0
:10E0500000000000000000000000000000000000C0
:10E0600000000000000000000000000000000000B0
:10E0700000000000000000000000000000000000A0
:10E080000000000000000000000000000000000090
:10E090000000000000000000000000000000000080
:10E0A0000000000000000000000000000000000070
:10E0B0000000000000000000000000000000000060
:10E0C0000000000000000000000000000000000050
:10E0D0000000000000000000000000000000000040
:10E0E0000000000000000000000000000000000030
:10E0F0000000000000000000000000000000000020
:10E10000000000000000000000000000000000000F
:10E1100000000000000000000000000000000000FF
:10E1200000000000000000000000000000000000EF
:10E1300000000000000000000000000000000000DF
:10E1400000000000000000000000000000000000CF
:10E1500000000000000000000000000000000000BF
:10E1600000000000000000000000000000000000AF
:10E17000000000000000000000000000000000009F
:10E18000000000000000000000000000000000008F
:10E19000000000000000000000000000000000007F
:10E1A000000000000000000000000000000000006F
:10E1B000000000000000000000000000000000005F
:10E1C000000000000000000000000000000000004F
:10E1D000000000000000000000000000000000003F
:10E1E000000000000000000000000000000000002F
:10E1F000000000000000000000000000000000001F
:10E20000000000000000000000000000000000000E
:10E2100000000000000000000000000000000000FE
:10E2200000000000000000000000000000000000EE
:10E2300000000000000000000000000000000000DE
:10E2400000000000000000000000000000000000CE
:10E2500000000000000000000000000000000000BE
:10E2600000000000000000000000000000000000AE
:10E27000000000000000000000000000000000009E
:10E28000000000000000000000000000000000008E
:10E29000000000000000000000000000000000007E
:10E2A000000000000000000000000000000000006E
:10E2B000000000000000000000000000000000005E
:10E2C000000000000000000000000000000000004E
:10E2D000000000000000000000000000000000003E
:10E2E000000000000000000000000000000000002E
:10E2F000000000000000000000000000000000001E
:10E30000000000000000000000000000000000000D
:10E3100000000000000000000000000000000000FD
:10E3200000000000000000000000000000000000ED
:10E3300000000000000000000000000000000000DD
:10E3400000000000000000000000000000000000CD
:10E3500000000000000000000000000000000000BD
:10E3600000000000000000000000000000000000AD
:10E37000000000000000000000000000000000009D
:10E38000000000000000000000000000000000008D
:10E39000000000000000000000000000000000007D
:10E3A000000000000000000000000000000000006D
:10E3B000000000000000000000000000000000005D
:10E3C000000000000000000000000000000000004D
:10E3D000000000000000000000000000000000003D
:10E3E000000000000000000000000000000000002D
:10E3F000000000000000000000000000000000001D
:10E40000000000000000000000000000000000000C
:10E4100000000000000000000000000000000000FC
:10E4200000000000000000000000000000000000EC
:10E4300000000000000000000000000000000000DC
:10E4400000000000000000000000000000000000CC
:10E4500000000000000000000000000000000000BC
:10E4600000000000000000000000000000000000AC
:10E47000000000000000000000000000000000009C
:10E48000000000000000000000000000000000008C
:10E49000000000000000000000000000000000007C
:10E4A000000000000000000000000000000000006C
:10E4B000000000000000000000000000000000005C
:10E4C000000000000000000000000000000000004C
:10E4D000000000000000000000000000000000003C
:10E4E000000000000000000000000000000000002C
:10E4F000000000000000000000000000000000001C
:10E50000000000000000000000000000000000000B
:10E5100000000000000000000000000000000000FB
:10E5200000000000000000000000000000000000EB
:10E5300000000000000000000000000000000000DB
:10E5400000000000000000000000000000000000CB
:10E5500000000000000000000000000000000000BB
:10E5600000000000000000000000000000000000AB
:10E57000000000000000000000000000000000009B
:10E58000000000000000000000000000000000008B
:10E59000000000000000000000000000000000007B
:10E5A000000000000000000000000000000000006B
:10E5B000000000000000000000000000000000005B
:10E5C000000000000000000000000000000000004B
:10E5D000000000000000000000000000000000003B
:10E5E000000000000000000000000000000000002B
:10E5F000000000000000000000000000000000001B
:10E60000000000000000000000000000000000000A
:10E6100000000000000000000000000000000000FA
:10E6200000000000000000000000000000000000EA
:10E6300000000000000000000000000000000000DA
:10E6400000000000000000000000000000000000CA
:10E6500000000000000000000000000000000000BA
:10E6600000000000000000000000000000000000AA
:10E67000000000000000000000000000000000009A
:10E68000000000000000000000000000000000008A
:10E69000000000000000000000000000000000007A
:10E6A000000000000000000000000000000000006A
:10E6B000000000000000000000000000000000005A
:10E6C000000000000000000000000000000000004A
:10E6D000000000000000000000000000000000003A
:10E6E000000000000000000000000000000000002A
:10E6F000000000000000000000000000000000001A
:10E700000000000000000000000000000000000009
:10E7100000000000000000000000000000000000F9
:10E7200000000000000000000000000000000000E9
:10E7300000000000000000000000000000000000D9
:10E7400000000000000000000000000000000000C9
:10E7500000000000000000000000000000000000B9
:10E7600000000000000000000000000000000000A9
:10E770000000000000000000000000000000000099
:10E780000000000000000000000000000000000089
:10E790000000000000000000000000000000000079
:10E7A0000000000000000000000000000000000069
:10E7B0000000000000000000000000000000000059
:10E7C0000000000000000000000000000000000049
:10E7D0000000000000000000000000000000000039
:10E7E0000000000000000000000000000000000029
:10E7F0000000000000000000000000000000000019
:10E80000A55A0A5308020157637573746F6D6572D8
:10E810000000000070726F6A656374000000000001
:10E8200000000000000000000000000000000000E8
:10E8300000000000000000003137313132320000AA
:10E8400000000000000000000000000000000000C8
:10E8500000000000000000000000000000000000B8
:10E8600000000000000000000000000000000000A8
:10E870000000000000000000000000000000000098
:10E880000000000000000000000000000000000088
:10E890000000000000000000000000000000000078
:10E8A0000000000000000000000000000000000068
:10E8B0000000000000000000000000000000000058
:10E8C0000000000000000000000000000000000048
:10E8D0000000000000000000000000000000000038
:10E8E0000000000000000000000000000000000028
:10E8F0000000000000000000000000000000000018
:10E9000011001F836300040340694C698F4C5F0A48
:10E910001414131013131613054C0D050511641070
:10E9200010550401644164410F0C004611000008B9
:10E93000110C190909060A0414640614000078640D
:10E940001E32646408820F08040300000000000007
:10E950000A0400000000000000000A0A0000000095
:10E9600000000000001E20222400500201050202C7
:10E9700030200A06F50007D004B0007F0344473476
:10E980000004560DD4530F00007F034447340004A5
:10E99000560DD4530F00000000000000782800003E
:10E9A000000001000A1480000000000000000000C8
:10E9B00000000F0C1B6450251AA00F030028A2644E
:10E9C000063C551E328000000000285A1E2A643280
:10E9D0000002FA000120124410653300960000097D
:10E9E000060A0A783CC83214780664FF70000000FA
:10E9F000000F1E503000000000000005060000005F
:10EA00001E0000000002D005000A05FF0A03E8030B
:10EA1000E8030201F400000303000000000000020C
:10EA2000141414141870000011111870300A0F33E8
:10EA300000000C18221618181818181800000000EA
:10EA40000000000000140AFF00000A0A0000000095
:10EA50000000000000010A06640000000000000041
:10EA6000525200000000000000000001640000009D
:10EA70000000000000000000000000000000000096
:10EA8000000000000A000F00BF07C407CF07CF0730
:10EA900000000000000000000000070009000E0058
:10EAA000BF07C407C607CF07000000000000000032
:10EAB0000000000009000C00A304A604AF04AF048A
:10EAC00000000000000000000000070009000C002A
:10EAD000A304A604A804AF04000000000000000086
:10EAE0000000000000000000000000000000000026
:10EAF00000000000640C64FF96961930C8FFB45AF9
:10EB000005FF000000000000000000000000000001
:10EB100000000000000000000000000000000000F5
:10EB200000000000000000000000000000000000E5
:10EB300000000000000000000000000000000000D5
:10EB400000000000000000000000000000000000C5
:10EB500000000000000000000000000000000000B5
:10EB600000000000000000000000000000000000A5
:10EB70000000000000000000000000000000000095
:10EB80000000000000000000000000000000000085
:10EB90000000000000000000000000000000000075
:10EBA0000000000000000000000000000000000065
:10EBB0000000000000000000000000000000000055
:10EBC0000000000000000000000000000000000045
:10EBD0000000000000000000000000000000000035
:10EBE0000000000000000000000000000000000025
:10EBF0000000000000000000000000000000000015
:10EC00000000000000000000000000000000000004
:10EC100000000000000000000000000000000000F4
:10EC200000000000000000000000000000000000E4
:10EC300000000000000000000000000000000000D4
:10EC400000000000000000000000000000000000C4
:10EC500000000000000000000000000000000000B4
:10EC600000000000000000000000000000000000A4
:10EC70000000000000000000000000000000000094
:10EC80000000000000000000000000000000000084
:10EC90000000000000000000000000000000000074
:10ECA0000000000000000000000000000000000064
:10ECB0000000000000000000000000000000000054
:10ECC0000000000000000000000000000000000044
:10ECD0000000000000000000000000000000000034
:10ECE0000000000000000000000000000000000024
:10ECF0000000000000000000000000000000000014
:10ED00000000000000000000000000000000000003
:10ED100000000000000000000000000000000000F3
:10ED200000000000000000000000000000000000E3
:10ED300000000000000000000000000000000000D3
:10ED400000000000000000000000000000000000C3
:10ED500000000000000000000000000000000000B3
:10ED600000000000000000000000000000000000A3
:10ED70000000000000000000000000000000000093
:10ED80000000000000000000000000000000000083
:10ED90000000000000000000000000000000000073
:10EDA0000000000000000000000000000000000063
:10EDB0000000000000000000000000000000000053
:10EDC0000000000000000000000000000000000043
:10EDD0000000000000000000000000000000000033
:10EDE0000000000000000000000000000000000023
:10EDF0000000000000000000000000000000000013
:10EE00000000000000000000000000000000000002
:10EE100000000000000000000000000000000000F2
:10EE200000000000000000000000000000000000E2
:10EE300000000000000000000000000000000000D2
:10EE400000000000000000000000000000000000C2
:10EE500000000000000000000000000000000000B2
:10EE600000000000000000000000000000000000A2
:10EE70000000000000000000000000000000000092
:10EE80000000000000000000000000000000000082
:10EE90000000000000000000000000000000000072
:10EEA0000000000000000000000000000000000062
:10EEB0000000000000000000000000000000000052
:10EEC0000000000000000000000000000000000042
:10EED0000000000000000000000000000000000032
:10EEE0000000000000000000000000000000000022
:10EEF0000000000000000000000000000000000012
:10EF00000000000000000000000000000000000001
:10EF100000000000000000000000000000000000F1
:10EF200000000000000000000000000000000000E1
:10EF300000000000000000000000000000000000D1
:10EF400000000000000000000000000000000000C1
:10EF500000000000000000000000000000000000B1
:10EF600000000000000000000000000000000000A1
:10EF70000000000000000000000000000000000091
:10EF80000000000000000000000000000000000081
:10EF90000000000000000000000000000000000071
:10EFA0000000000000000000000000000000000061
:10EFB0000000000000000000000000000000000051
:10EFC0000000000000000000000000000000000041
:10EFD0000000000000000000000000000000000031
:10EFE0000000000000000000000000000000000021
:10EFF0000000000000000000000000000000000011
:10F000000000000000000000000000000000000000
:10F0100000000000000000000000000000000000F0
:10F0200000000000000000000000000000000000E0
:10F0300000000000000000000000000000000000D0
:10F0400000000000000000000000000000000000C0
:10F0500000000000000000000000000000000000B0
:10F0600000000000000000000000000000000000A0
:10F070000000000000000000000000000000000090
:10F080000000000000000000000000000000000080
:10F090000000000000000000000000000000000070
:10F0A0000000000000000000000000000000000060
:10F0B0000000000000000000000000000000000050
:10F0C0000000000000000000000000000000000040
:10F0D0000000000000000000000000000000000030
:10F0E0000000000000000000000000000000000020
:10F0F0000000000000000000000000000000000010
:10F1000000000000000000000000000000000000FF
:10F1100000000000000000000000000000000000EF
:10F1200000000000000000000000000000000000DF
:10F1300000000000000000000000000000000000CF
:10F1400000000000000000000000000000000000BF
:10F1500000000000000000000000000000000000AF
:10F16000000000000000000000000000000000009F
:10F17000000000000000000000000000000000008F
:10F18000000000000000000000000000000000007F
:10F19000000000000000000000000000000000006F
:10F1A000000000000000000000000000000000005F
:10F1B000000000000000000000000000000000004F
:10F1C000000000000000000000000000000000003F
:10F1D000000000000000000000000000000000002F
:10F1E000000000000000000000000000000000001F
:10F1F000000000000000000000000000000000000F
:10F2000000000000000000000000000000000000FE
:10F2100000000000000000000000000000000000EE
:10F2200000000000000000000000000000000000DE
:10F2300000000000000000000000000000000000CE
:10F24000000000000000000026003900240C360CED
:10F25000FF34004500FF37002600FF36002400FF82
:10F26000FF0000000000000000000000000000009F
:10F27000000000000000000000000000000000008E
:10F28000050200FA00FA01C20320012C2020004BE5
:10F290003232000001F40096C8181801F420000072
:10F2A000000000000000000000000000000000005E
:10F2B000000000000000000000000000000000004E
:10F2C000000000000000000000000000000000003E
:10F2D000000000000000000000000000000000002E
:10F2E000000000000000000000000000000000001E
:10F2F000000000000000000000000000000000000E
:10F30000DAF71B040100008009003E040000000041
:10F3100000000000000000000000000000000000ED
:10F3200000000000000000000000000000000000DD
:10F3300000000000000000000000000000000000CD
:10F3400000000000000000000000000000000000BD
:10F3500000000000000000000000000000000000AD
:10F36000000000000000000000000000000000009D
:10F37000000000000000000000000000000000008D
:10F38000000000000000000000000000000000007D
:10F39000000000000000000000000000000000006D
:10F3A000000000000000000000000000000000005D
:10F3B000000000000000000000000000000000004D
:10F3C000000000000000000000000000000000003D
:10F3D000000000000000000000000000000000002D
:10F3E000000000000000000000000000000000001D
:10F3F0000000000000000000000000000000CB5BE7
:10F4000000000000000000000000000000000000FC
:10F4100000000000000000000000000000000000EC
:10F4200000000000000000000000000000000000DC
:10F4300000000000000000000000000000000000CC
:10F4400000000000000000000000000000000000BC
:10F4500000000000000000000000000000000000AC
:10F46000000000000000000000000000000000009C
:10F47000000000000000000000000000000000008C
:10F48000000000000000000000000000000000007C
:10F49000000000000000000000000000000000006C
:10F4A000000000000000000000000000000000005C
:10F4B000000000000000000000000000000000004C
:10F4C000000000000000000000000000000000003C
:10F4D000000000000000000000000000000000002C
:10F4E000000000000000000000000000000000001C
:10F4F000000000000000000000000000000000000C
:10F5000000000000000000000000000000000000FB
:10F5100000000000000000000000000000000000EB
:10F5200000000000000000000000000000000000DB
:10F5300000000000000000000000000000000000CB
:10F5400000000000000000000000000000000000BB
:10F5500000000000000000000000000000000000AB
:10F56000000000000000000000000000000000009B
:10F57000000000000000000000000000000000008B
:10F58000000000000000000000000000000000007B
:10F59000000000000000000000000000000000006B
:10F5A000000000000000000000000000000000005B
:10F5B000000000000000000000000000000000004B
:10F5C000000000000000000000000000000000003B
:10F5D000000000000000000000000000000000002B
:10F5E000000000000000000000000000000000001B
:10F5F000000000000000000000000000000000000B
:10F6000000000000000000000000000000000000FA
:10F6100000000000000000000000000000000000EA
:10F6200000000000000000000000000000000000DA
:10F6300000000000000000000000000000000000CA
:10F6400000000000000000000000000000000000BA
:10F6500000000000000000000000000000000000AA
:10F66000000000000000000000000000000000009A
:10F67000000000000000000000000000000000008A
:10F68000000000000000000000000000000000007A
:10F69000000000000000000000000000000000006A
:10F6A000000000000000000000000000000000005A
:10F6B000000000000000000000000000000000004A
:10F6C000000000000000000000000000000000003A
:10F6D000000000000000000000000000000000002A
:10F6E000000000000000000000000000000000001A
:10F6F000000000000000000000000000000000000A
:10F7000000000000000000000000000000000000F9
:10F7100000000000000000000000000000000000E9
:10F7200000000000000000000000000000000000D9
:10F7300000000000000000000000000000000000C9
:10F7400000000000000000000000000000000000B9
:10F7500000000000000000000000000000000000A9
:10F760000000000000000000000000000000000099
:10F770000000000000000000000000000000000089
:10F780000000000000000000000000000000000079
:10F790000000000000000000000000000000000069
:10F7A0000000000000000000000000000000000059
:10F7B0000000000000000000000000000000000049
:10F7C0000000000000000000000000000000000039
:10F7D0000000000000000000000000000000000029
:10F7E0000000000000000000000000000000000019
:10F7F0000000000000000000000000000000000009
:10F8000000000000000000000000000000000000F8
:10F8100000000000000000000000000000000000E8
:10F8200000000000000000000000000000000000D8
:10F8300000000000000000000000000000000000C8
:10F8400000000000000000000000000000000000B8
:10F8500000000000000000000000000000000000A8
:10F860000000000000000000000000000000000098
:10F870000000000000000000000000000000000088
:10F880000000000000000000000000000000000078
:10F890000000000000000000000000000000000068
:10F8A0000000000000000000000000000000000058
:10F8B0000000000000000000000000000000000048
:10F8C0000000000000000000000000000000000038
:10F8D0000000000000000000000000000000000028
:10F8E0000000000000000000000000000000000018
:10F8F0000000000000000000000000000000000008
:10F9000000000000000000000000000000000000F7
:10F9100000000000000000000000000000000000E7
:10F9200000000000000000000000000000000000D7
:10F9300000000000000000000000000000000000C7
:10F9400000000000000000000000000000000000B7
:10F9500000000000000000000000000000000000A7
:10F960000000000000000000000000000000000097
:10F970000000000000000000000000000000000087
:10F980000000000000000000000000000000000077
:10F990000000000000000000000000000000000067
:10F9A0000000000000000000000000000000000057
:10F9B0000000000000000000000000000000000047
:10F9C0000000000000000000000000000000000037
:10F9D0000000000000000000000000000000000027
:10F9E0000000000000000000000000000000000017
:10F9F0000000000000000000000000000000000007
:10FA000000000000000000000000000000000000F6
:10FA100000000000000000000000000000000000E6
:10FA200000000000000000000000000000000000D6
:10FA300000000000000000000000000000000000C6
:10FA400000000000000000000000000000000000B6
:10FA500000000000000000000000000000000000A6
:10FA60000000000000000000000000000000000096
:10FA70000000000000000000000000000000000086
:10FA80000000000000000000000000000000000076
:10FA90000000000000000000000000000000000066
:10FAA0000000000000000000000000000000000056
:10FAB0000000000000000000000000000000000046
:10FAC0000000000000000000000000000000000036
:10FAD0000000000000000000000000000000000026
:10FAE0000000000000000000000000000000000016
:10FAF0000000000000000000000000000000000006
:10FB0000000000004000008000000F18000000000E
:10FB1000000000200040C31C000000000000002086
:10FB20000000E706000000000000000000000000E8
:10FB300000000000000000000000000000000000C5
:10FB400000000000000000000000000000000000B5
:10FB500000000000000000000000000000000000A5
:10FB60000000000000000000000000000000000095
:10FB70000000000000000000000000000000000085
:10FB80000000000000000000000000000000000075
:10FB90000000000000000000000000000000000065
:10FBA0000000000000000000000000000000000055
:10FBB0000000000000000000000000000000000045
:10FBC0000000000000000000000000000000000035
:10FBD0000000000000000000000000000000000025
:10FBE0000000000000000000000000000000000015
:10FBF0000000000000000000000000000000000005
:10FC000000000000000000000000000000000000F4
:10FC100000000000000000000000000000000000E4
:10FC200000000000000000000000000000000000D4
:10FC300000000000000000000000000000000000C4
:10FC400000000000000000000000000000000000B4
:10FC500000000000000000000000000000000000A4
:10FC60000000000000000000000000000000000094
:10FC70000000000000000000000000000000000084
:10FC80000000000000000000000000000000000074
:10FC90000000000000000000000000000000000064
:10FCA0000000000000000000000000000000000054
:10FCB0000000000000000000000000000000000044
:10FCC0000000000000000000000000000000000034
:10FCD0000000000000000000000000000000000024
:10FCE0000000000000000000000000000000000014
:10FCF0000000000000000000000000000000000004
:10FD000000000000000000000000000000000000F3
:10FD100000000000000000000000000000000000E3
:10FD200000000000000000000000000000000000D3
:10FD300000000000000000000000000000000000C3
:10FD400000000000000000000000000000000000B3
:10FD500000000000000000000000000000000000A3
:10FD60000000000000000000000000000000000093
:10FD70000000000000000000000000000000000083
:10FD80000000000000000000000000000000000073
:10FD90000000000000000000000000000000000063
:10FDA0000000000000000000000000000000000053
:10FDB0000000000000000000000000000000000043
:10FDC0000000000000000000000000000000000033
:10FDD0000000000000000000000000000000000023
:10FDE0000000000000000000000000000000000013
:10FDF0000000000000000000000000000000000003
:10FE000000000000000000000000000000000000F2
:10FE100000000000000000000000000000000000E2
:10FE200000000000000000000000000000000000D2
:10FE300000000000000000000000000000000000C2
:10FE400000000000000000000000000000000000B2
:10FE500000000000000000000000000000000000A2
:10FE60000000000000000000000000000000000092
:10FE70000000000000000000000000000000000082
:10FE80000000000000000000000000000000000072
:10FE90000000000000000000000000000000000062
:10FEA0000000000000000000000000000000000052
:10FEB0000000000000000000000000000000000042
:10FEC0000000000000000000000000000000000032
:10FED0000000000000000000000000000000000022
:10FEE0000000000000000000000000000000000012
:10FEF0000000000000000000000000000000000002
:10FF000000000000000000000000000000000000F1
:10FF100000000000000000000000000000000000E1
:10FF200000000000000000000000000000000000D1
:10FF300000000000000000000000000000000000C1
:10FF400000000000000000000000000000000000B1
:10FF500000000000000000000000000000000000A1
:10FF60000000000000000000000000000000000091
:10FF70000000000000000000000000000000000081
:10FF80000000000000000000000000000000000071
:10FF90000000000000000000000000000000000061
:10FFA0000000000000000000000000000000000051
:10FFB0000000000000000000000000000000000041
:10FFC0000000000000000000000000000000000031
:10FFD0000000000000000000000000000000000021
:10FFE0000000000000000000000000000000000011
:10FFF000000000000F00000053000000AF95FCDD82
:020000021000EC
:100000000000000800C00000000000000800000020
:1000100000000000000000000000000000000000E0
:1000200000000000000000000000000000000000D0
:1000300000000000000000000000000000000000C0
:1000400000000000000000000000000000000000B0
:1000500000000000000000000000000000000000A0
:100060000000000000000000000000000000000090
:100070000000000000000000000000000000000080
:100080000000000000000000000000000000000070
:100090000000000000000000000000000000000060
:1000A0000000000000000000000000000000000050
:1000B0000000000000000000000000000000000040
:1000C0000000000000000000000000000000000030
:1000D0000000000000000000000000000000000020
:1000E0000000000000000000000000000000000010
:1000F0000000000000000000000000000000000000
:1001000000000000000000000000000000000000EF
:1001100000000000000000000000000000000000DF
:1001200000000000000000000000000000000000CF
:1001300000000000000000000000000000000000BF
:1001400000000000000000000000000000000000AF
:10015000000000000000000000000000000000009F
:10016000000000000000000000000000000000008F
:10017000000000000000000000000000000000007F
:10018000000000000000000000000000000000006F
:10019000000000000000000000000000000000005F
:1001A000000000000000000000000000000000004F
:1001B000000000000000000000000000000000003F
:1001C000000000000000000000000000000000002F
:1001D000000000000000000000000000000000001F
:1001E000000000000000000000000000000000000F
:1001F00000000000000000000000000000000000FF
:1002000000000000000000000000000000000000EE
:1002100000000000000000000000000000000000DE
:1002200000000000000000000000000000000000CE
:1002300000000000000000000000000000000000BE
:1002400000000000000000000000000000000000AE
:10025000000000000000000000000000000000009E
:10026000000000000000000000000000000000008E
:10027000000000000000000000000000000000007E
:10028000000000000000000000000000000000006E
:10029000000000000000000000000000000000005E
:1002A000000000000000000000000000000000004E
:1002B000000000000000000000000000000000003E
:1002C000000000000000000000000000000000002E
:1002D000000000000000000000000000000000001E
:1002E000000000000000000000000000000000000E
:1002F00000000000000000000000000000000000FE
:1003000000000000000000000000000000000000ED
:1003100000000000000000000000000000000000DD
:1003200000000000000000000000000000000000CD
:1003300000000000000000000000000000000000BD
:1003400000000000000000000000000000000000AD
:10035000000000000000000000000000000000009D
:10036000000000000000000000000000000000008D
:10037000000000000000000000000000000000007D
:10038000000000000000000000000000000000006D
:10039000000000000000000000000000000000005D
:1003A000000000000000000000000000000000004D
:1003B000000000000000000000000000000000003D
:1003C000000000000000000000000000000000002D
:1003D000000000000000000000000000000000001D
:1003E000000000000000000000000000000000000D
:1003F00000000000000000000000000000000000FD
:1004000000000000000000000000000000000000EC
:1004100000000000000000000000000000000000DC
:1004200000000000000000000000000000000000CC
:1004300000000000000000000000000000000000BC
:1004400000000000000000000000000000000000AC
:10045000000000000000000000000000000000009C
:10046000000000000000000000000000000000008C
:10047000000000000000000000000000000000007C
:10048000000000000000000000000000000000006C
:10049000000000000000000000000000000000005C
:1004A000000000000000000000000000000000004C
:1004B000000000000000000000000000000000003C
:1004C000000000000000000000000000000000002C
:1004D000000000000000000000000000000000001C
:1004E000000000000000000000000000000000000C
:1004F00000000000000000000000000000000000FC
:1005000000000000000000000000000000000000EB
:1005100000000000000000000000000000000000DB
:1005200000000000000000000000000000000000CB
:1005300000000000000000000000000000000000BB
:1005400000000000000000000000000000000000AB
:10055000000000000000000000000000000000009B
:10056000000000000000000000000000000000008B
:10057000000000000000000000000000000000007B
:10058000000000000000000000000000000000006B
:10059000000000000000000000000000000000005B
:1005A000000000000000000000000000000000004B
:1005B000000000000000000000000000000000003B
:1005C000000000000000000000000000000000002B
:1005D000000000000000000000000000000000001B
:1005E000000000000000000000000000000000000B
:1005F00000000000000000000000000000000000FB
:1006000000000000000000000000000000000000EA
:1006100000000000000000000000000000000000DA
:1006200000000000000000000000000000000000CA
:1006300000000000000000000000000000000000BA
:1006400000000000000000000000000000000000AA
:10065000000000000000000000000000000000009A
:10066000000000000000000000000000000000008A
:10067000000000000000000000000000000000007A
:10068000000000000000000000000000000000006A
:10069000000000000000000000000000000000005A
:1006A000000000000000000000000000000000004A
:1006B000000000000000000000000000000000003A
:1006C000000000000000000000000000000000002A
:1006D000000000000000000000000000000000001A
:1006E000000000000000000000000000000000000A
:1006F00000000000000000000000000000000000FA
:1007000000000000000000000000000000000000E9
:1007100000000000000000000000000000000000D9
:1007200000000000000000000000000000000000C9
:1007300000000000000000000000000000000000B9
:1007400000000000000000000000000000000000A9
:100750000000000000000000000000000000000099
:100760000000000000000000000000000000000089
:100770000000000000000000000000000000000079
:100780000000000000000000000000000000000069
:100790000000000000000000000000000000000059
:1007A0000000000000000000000000000000000049
:1007B0000000000000000000000000000000000039
:1007C0000000000000000000000000000000000029
:1007D0000000000000000000000000000000000019
:1007E0000000000000000000000000000000000009
:1007F00000000000000000000000000000000000F9
:1008000002000000010000000A0000005300000088
:100810001F000000000000000000000000000000B9
:1008200000000000000000000000000000000000C8
:1008300000000000000000000000000000000000B8
:1008400000000000000000000000000000000000A8
:100850000000000000000000000000000000000098
:100860000000000000000000000000000000000088
:100870000000000000000000000000000000000078
:100880000000000000000000000000000000000068
:100890000000000000000000000000000000000058
:1008A0000000000000000000000000000000000048
:1008B0000000000000000000000000000000000038
:1008C0000000000000000000000000000000000028
:1008D0000000000000000000000000000000000018
:1008E0000000000000000000000000000000000008
:1008F00000000000000000000000000000000000F8
:1009000000000000000000000000000000000000E7
:1009100000000000000000000000000000000000D7
:1009200000000000000000000000000000000000C7
:1009300000000000000000000000000000000000B7
:1009400000000000000000000000000000000000A7
:100950000000000000000000000000000000000097
:100960000000000000000000000000000000000087
:100970000000000000000000000000000000000077
:100980000000000000000000000000000000000067
:100990000000000000000000000000000000000057
:1009A0000000000000000000000000000000000047
:1009B0000000000000000000000000000000000037
:1009C0000000000000000000000000000000000027
:1009D0000000000000000000000000000000000017
:1009E0000000000000000000000000000000000007
:1009F00000000000000000000000000000000000F7
:100A000000000000000000000000000000000000E6
:100A100000000000000000000000000000000000D6
:100A200000000000000000000000000000000000C6
:100A300000000000000000000000000000000000B6
:100A400000000000000000000000000000000000A6
:100A50000000000000000000000000000000000096
:100A60000000000000000000000000000000000086
:100A70000000000000000000000000000000000076
:100A80000000000000000000000000000000000066
:100A90000000000000000000000000000000000056
:100AA0000000000000000000000000000000000046
:100AB0000000000000000000000000000000000036
:100AC0000000000000000000000000000000000026
:100AD0000000000000000000000000000000000016
:100AE0000000000000000000000000000000000006
:100AF00000000000000000000000000000000000F6
:100B000000000000000000000000000000000000E5
:100B100000000000000000000000000000000000D5
:100B200000000000000000000000000000000000C5
:100B300000000000000000000000000000000000B5
:100B400000000000000000000000000000000000A5
:100B50000000000000000000000000000000000095
:100B60000000000000000000000000000000000085
:100B70000000000000000000000000000000000075
:100B80000000000000000000000000000000000065
:100B90000000000000000000000000000000000055
:100BA0000000000000000000000000000000000045
:100BB0000000000000000000000000000000000035
:100BC0000000000000000000000000000000000025
:100BD0000000000000000000000000000000000015
:100BE0000000000000000000000000000000000005
:100BF00000000000000000000000000000000000F5
:100C000000000000000000000000000000000000E4
:100C100000000000000000000000000000000000D4
:100C200000000000000000000000000000000000C4
:100C300000000000000000000000000000000000B4
:100C400000000000000000000000000000000000A4
:100C50000000000000000000000000000000000094
:100C60000000000000000000000000000000000084
:100C70000000000000000000000000000000000074
:100C80000000000000000000000000000000000064
:100C90000000000000000000000000000000000054
:100CA0000000000000000000000000000000000044
:100CB0000000000000000000000000000000000034
:100CC0000000000000000000000000000000000024
:100CD0000000000000000000000000000000000014
:100CE0000000000000000000000000000000000004
:100CF00000000000000000000000000000000000F4
:100D000000000000000000000000000000000000E3
:100D100000000000000000000000000000000000D3
:100D200000000000000000000000000000000000C3
:100D300000000000000000000000000000000000B3
:100D400000000000000000000000000000000000A3
:100D50000000000000000000000000000000000093
:100D60000000000000000000000000000000000083
:100D70000000000000000000000000000000000073
:100D80000000000000000000000000000000000063
:100D90000000000000000000000000000000000053
:100DA0000000000000000000000000000000000043
:100DB0000000000000000000000000000000000033
:100DC0000000000000000000000000000000000023
:100DD0000000000000000000000000000000000013
:100DE0000000000000000000000000000000000003
:100DF00000000000000000000000000000000000F3
:100E000000000000000000000000000000000000E2
:100E100000000000000000000000000000000000D2
:100E200000000000000000000000000000000000C2
:100E300000000000000000000000000000000000B2
:100E400000000000000000000000000000000000A2
:100E50000000000000000000000000000000000092
:100E60000000000000000000000000000000000082
:100E70000000000000000000000000000000000072
:100E80000000000000000000000000000000000062
:100E90000000000000000000000000000000000052
:100EA0000000000000000000000000000000000042
:100EB0000000000000000000000000000000000032
:100EC0000000000000000000000000000000000022
:100ED0000000000000000000000000000000000012
:100EE0000000000000000000000000000000000002
:100EF00000000000000000000000000000000000F2
:100F000000000000000000000000000000000000E1
:100F100000000000000000000000000000000000D1
:100F200000000000000000000000000000000000C1
:100F300000000000000000000000000000000000B1
:100F400000000000000000000000000000000000A1
:100F50000000000000000000000000000000000091
:100F60000000000000000000000000000000000081
:100F70000000000000000000000000000000000071
:100F80000000000000000000000000000000000061
:100F90000000000000000000000000000000000051
:100FA0000000000000000000000000000000000041
:100FB0000000000000000000000000000000000031
:100FC0000000000000000000000000000000000021
:100FD0000000000000000000000000000000000011
:100FE0000000000000000000000000000000000001
:100FF00000000000000000000000000000000000F1
:1010000000000000000000000000000000000000E0
:1010100000000000000000000000000000000000D0
:1010200000000000000000000000000000000000C0
:1010300000000000000000000000000000000000B0
:1010400000000000000000000000000000000000A0
:101050000000000000000000000000000000000090
:101060000000000000000000000000000000000080
:101070000000000000000000000000000000000070
:101080000000000000000000000000000000000060
:101090000000000000000000000000000000000050
:1010A0000000000000000000000000000000000040
:1010B0000000000000000000000000000000000030
:1010C0000000000000000000000000000000000020
:1010D0000000000000000000000000000000000010
:1010E0000000000000000000000000000000000000
:1010F00000000000000000000000000000000000F0
:1011000000000000000000000000000000000000DF
:1011100000000000000000000000000000000000CF
:1011200000000000000000000000000000000000BF
:1011300000000000000000000000000000000000AF
:10114000000000000000000000000000000000009F
:10115000000000000000000000000000000000008F
:10116000000000000000000000000000000000007F
:10117000000000000000000000000000000000006F
:10118000000000000000000000000000000000005F
:10119000000000000000000000000000000000004F
:1011A000000000000000000000000000000000003F
:1011B000000000000000000000000000000000002F
:1011C000000000000000000000000000000000001F
:1011D000000000000000000000000000000000000F
:1011E00000000000000000000000000000000000FF
:1011F00000000000000000000000000000000000EF
:1012000000000000000000000000000000000000DE
:1012100000000000000000000000000000000000CE
:1012200000000000000000000000000000000000BE
:1012300000000000000000000000000000000000AE
:10124000000000000000000000000000000000009E
:10125000000000000000000000000000000000008E
:10126000000000000000000000000000000000007E
:10127000000000000000000000000000000000006E
:10128000000000000000000000000000000000005E
:10129000000000000000000000000000000000004E
:1012A000000000000000000000000000000000003E
:1012B000000000000000000000000000000000002E
:1012C000000000000000000000000000000000001E
:1012D000000000000000000000000000000000000E
:1012E00000000000000000000000000000000000FE
:1012F00000000000000000000000000000000000EE
:1013000000000000000000000000000000000000DD
:1013100000000000000000000000000000000000CD
:1013200000000000000000000000000000000000BD
:1013300000000000000000000000000000000000AD
:10134000000000000000000000000000000000009D
:10135000000000000000000000000000000000008D
:10136000000000000000000000000000000000007D
:10137000000000000000000000000000000000006D
:10138000000000000000000000000000000000005D
:10139000000000000000000000000000000000004D
:1013A000000000000000000000000000000000003D
:1013B000000000000000000000000000000000002D
:1013C000000000000000000000000000000000001D
:1013D000000000000000000000000000000000000D
:1013E00000000000000000000000000000000000FD
:1013F00000000000000000000000000000000000ED
:1014000000000000000000000000000000000000DC
:1014100000000000000000000000000000000000CC
:1014200000000000000000000000000000000000BC
:1014300000000000000000000000000000000000AC
:10144000000000000000000000000000000000009C
:10145000000000000000000000000000000000008C
:10146000000000000000000000000000000000007C
:10147000000000000000000000000000000000006C
:10148000000000000000000000000000000000005C
:10149000000000000000000000000000000000004C
:1014A000000000000000000000000000000000003C
:1014B000000000000000000000000000000000002C
:1014C000000000000000000000000000000000001C
:1014D000000000000000000000000000000000000C
:1014E00000000000000000000000000000000000FC
:1014F00000000000000000000000000000000000EC
:1015000000000000000000000000000000000000DB
:1015100000000000000000000000000000000000CB
:1015200000000000000000000000000000000000BB
:1015300000000000000000000000000000000000AB
:10154000000000000000000000000000000000009B
:10155000000000000000000000000000000000008B
:10156000000000000000000000000000000000007B
:10157000000000000000000000000000000000006B
:10158000000000000000000000000000000000005B
:10159000000000000000000000000000000000004B
:1015A000000000000000000000000000000000003B
:1015B000000000000000000000000000000000002B
:1015C000000000000000000000000000000000001B
:1015D000000000000000000000000000000000000B
:1015E00000000000000000000000000000000000FB
:1015F00000000000000000000000000000000000EB
:1016000000000000000000000000000000000000DA
:1016100000000000000000000000000000000000CA
:1016200000000000000000000000000000000000BA
:1016300000000000000000000000000000000000AA
:10164000000000000000000000000000000000009A
:10165000000000000000000000000000000000008A
:10166000000000000000000000000000000000007A
:10167000000000000000000000000000000000006A
:10168000000000000000000000000000000000005A
:10169000000000000000000000000000000000004A
:1016A000000000000000000000000000000000003A
:1016B000000000000000000000000000000000002A
:1016C000000000000000000000000000000000001A
:1016D000000000000000000000000000000000000A
:1016E00000000000000000000000000000000000FA
:1016F00000000000000000000000000000000000EA
:1017000000000000000000000000000000000000D9
:1017100000000000000000000000000000000000C9
:1017200000000000000000000000000000000000B9
:1017300000000000000000000000000000000000A9
:101740000000000000000000000000000000000099
:101750000000000000000000000000000000000089
:101760000000000000000000000000000000000079
:101770000000000000000000000000000000000069
:101780000000000000000000000000000000000059
:101790000000000000000000000000000000000049
:1017A0000000000000000000000000000000000039
:1017B0000000000000000000000000000000000029
:1017C0000000000000000000000000000000000019
:1017D0000000000000000000000000000000000009
:1017E00000000000000000000000000000000000F9
:1017F00000000000000000000000000000000000E9
:1018000000000000000000000000000000000000D8
:1018100000000000000000000000000000000000C8
:1018200000000000000000000000000000000000B8
:1018300000000000000000000000000000000000A8
:101840000000000000000000000000000000000098
:101850000000000000000000000000000000000088
:101860000000000000000000000000000000000078
:101870000000000000000000000000000000000068
:101880000000000000000000000000000000000058
:101890000000000000000000000000000000000048
:1018A0000000000000000000000000000000000038
:1018B0000000000000000000000000000000000028
:1018C0000000000000000000000000000000000018
:1018D0000000000000000000000000000000000008
:1018E00000000000000000000000000000000000F8
:1018F00000000000000000000000000000000000E8
:1019000000000000000000000000000000000000D7
:1019100000000000000000000000000000000000C7
:1019200000000000000000000000000000000000B7
:1019300000000000000000000000000000000000A7
:101940000000000000000000000000000000000097
:101950000000000000000000000000000000000087
:101960000000000000000000000000000000000077
:101970000000000000000000000000000000000067
:101980000000000000000000000000000000000057
:101990000000000000000000000000000000000047
:1019A0000000000000000000000000000000000037
:1019B0000000000000000000000000000000000027
:1019C0000000000000000000000000000000000017
:1019D0000000000000000000000000000000000007
:1019E00000000000000000000000000000000000F7
:1019F00000000000000000000000000000000000E7
:101A000000000000000000000000000000000000D6
:101A100000000000000000000000000000000000C6
:101A200000000000000000000000000000000000B6
:101A300000000000000000000000000000000000A6
:101A40000000000000000000000000000000000096
:101A50000000000000000000000000000000000086
:101A60000000000000000000000000000000000076
:101A70000000000000000000000000000000000066
:101A80000000000000000000000000000000000056
:101A90000000000000000000000000000000000046
:101AA0000000000000000000000000000000000036
:101AB0000000000000000000000000000000000026
:101AC0000000000000000000000000000000000016
:101AD0000000000000000000000000000000000006
:101AE00000000000000000000000000000000000F6
:101AF00000000000000000000000000000000000E6
:101B000000000000000000000000000000000000D5
:101B100000000000000000000000000000000000C5
:101B200000000000000000000000000000000000B5
:101B300000000000000000000000000000000000A5
:101B40000000000000000000000000000000000095
:101B50000000000000000000000000000000000085
:101B60000000000000000000000000000000000075
:101B70000000000000000000000000000000000065
:101B80000000000000000000000000000000000055
:101B90000000000000000000000000000000000045
:101BA0000000000000000000000000000000000035
:101BB0000000000000000000000000000000000025
:101BC0000000000000000000000000000000000015
:101BD0000000000000000000000000000000000005
:101BE00000000000000000000000000000000000F5
:101BF00000000000000000000000000000000000E5
:101C000000000000000000000000000000000000D4
:101C100000000000000000000000000000000000C4
:101C200000000000000000000000000000000000B4
:101C300000000000000000000000000000000000A4
:101C40000000000000000000000000000000000094
:101C50000000000000000000000000000000000084
:101C60000000000000000000000000000000000074
:101C70000000000000000000000000000000000064
:101C80000000000000000000000000000000000054
:101C90000000000000000000000000000000000044
:101CA0000000000000000000000000000000000034
:101CB0000000000000000000000000000000000024
:101CC0000000000000000000000000000000000014
:101CD0000000000000000000000000000000000004
:101CE00000000000000000000000000000000000F4
:101CF00000000000000000000000000000000000E4
:101D000000000000000000000000000000000000D3
:101D100000000000000000000000000000000000C3
:101D200000000000000000000000000000000000B3
:101D300000000000000000000000000000000000A3
:101D40000000000000000000000000000000000093
:101D50000000000000000000000000000000000083
:101D60000000000000000000000000000000000073
:101D70000000000000000000000000000000000063
:101D80000000000000000000000000000000000053
:101D90000000000000000000000000000000000043
:101DA0000000000000000000000000000000000033
:101DB0000000000000000000000000000000000023
:101DC0000000000000000000000000000000000013
:101DD0000000000000000000000000000000000003
:101DE00000000000000000000000000000000000F3
:101DF00000000000000000000000000000000000E3
:101E000000000000000000000000000000000000D2
:101E100000000000000000000000000000000000C2
:101E200000000000000000000000000000000000B2
:101E300000000000000000000000000000000000A2
:101E40000000000000000000000000000000000092
:101E50000000000000000000000000000000000082
:101E60000000000000000000000000000000000072
:101E70000000000000000000000000000000000062
:101E80000000000000000000000000000000000052
:101E90000000000000000000000000000000000042
:101EA0000000000000000000000000000000000032
:101EB0000000000000000000000000000000000022
:101EC0000000000000000000000000000000000012
:101ED0000000000000000000000000000000000002
:101EE00000000000000000000000000000000000F2
:101EF00000000000000000000000000000000000E2
:101F000000000000000000000000000000000000D1
:101F100000000000000000000000000000000000C1
:101F200000000000000000000000000000000000B1
:101F300000000000000000000000000000000000A1
:101F40000000000000000000000000000000000091
:101F50000000000000000000000000000000000081
:101F60000000000000000000000000000000000071
:101F70000000000000000000000000000000000061
:101F80000000000000000000000000000000000051
:101F90000000000000000000000000000000000041
:101FA0000000000000000000000000000000000031
:101FB0000000000000000000000000000000000021
:101FC0000000000000000000000000000000000011
:101FD0000000000000000000000000000000000001
:101FE00000000000000000000000000000000000F1
:101FF00000000000000000000000000000000000E1
:1020000000000000000000000000000000000000D0
:1020100000000000000000000000000000000000C0
:1020200000000000000000000000000000000000B0
:1020300000000000000000000000000000000000A0
:102040000000000000000000000000000000000090
:102050000000000000000000000000000000000080
:102060000000000000000000000000000000000070
:102070000000000000000000000000000000000060
:102080000000000000000000000000000000000050
:102090000000000000000000000000000000000040
:1020A0000000000000000000000000000000000030
:1020B0000000000000000000000000000000000020
:1020C0000000000000000000000000000000000010
:1020D0000000000000000000000000000000000000
:1020E00000000000000000000000000000000000F0
:1020F00000000000000000000000000000000000E0
:1021000000000000000000000000000000000000CF
:1021100000000000000000000000000000000000BF
:1021200000000000000000000000000000000000AF
:10213000000000000000000000000000000000009F
:10214000000000000000000000000000000000008F
:10215000000000000000000000000000000000007F
:10216000000000000000000000000000000000006F
:10217000000000000000000000000000000000005F
:10218000000000000000000000000000000000004F
:10219000000000000000000000000000000000003F
:1021A000000000000000000000000000000000002F
:1021B000000000000000000000000000000000001F
:1021C000000000000000000000000000000000000F
:1021D00000000000000000000000000000000000FF
:1021E00000000000000000000000000000000000EF
:1021F00000000000000000000000000000000000DF
:1022000000000000000000000000000000000000CE
:1022100000000000000000000000000000000000BE
:1022200000000000000000000000000000000000AE
:10223000000000000000000000000000000000009E
:10224000000000000000000000000000000000008E
:10225000000000000000000000000000000000007E
:10226000000000000000000000000000000000006E
:10227000000000000000000000000000000000005E
:10228000000000000000000000000000000000004E
:10229000000000000000000000000000000000003E
:1022A000000000000000000000000000000000002E
:1022B000000000000000000000000000000000001E
:1022C000000000000000000000000000000000000E
:1022D00000000000000000000000000000000000FE
:1022E00000000000000000000000000000000000EE
:1022F00000000000000000000000000000000000DE
:1023000000000000000000000000000000000000CD
:1023100000000000000000000000000000000000BD
:1023200000000000000000000000000000000000AD
:10233000000000000000000000000000000000009D
:10234000000000000000000000000000000000008D
:10235000000000000000000000000000000000007D
:10236000000000000000000000000000000000006D
:10237000000000000000000000000000000000005D
:10238000000000000000000000000000000000004D
:10239000000000000000000000000000000000003D
:1023A000000000000000000000000000000000002D
:1023B000000000000000000000000000000000001D
:1023C000000000000000000000000000000000000D
:1023D00000000000000000000000000000000000FD
:1023E00000000000000000000000000000000000ED
:1023F00000000000000000000000000000000000DD
:1024000000000000000000000000000000000000CC
:1024100000000000000000000000000000000000BC
:1024200000000000000000000000000000000000AC
:10243000000000000000000000000000000000009C
:10244000000000000000000000000000000000008C
:10245000000000000000000000000000000000007C
:10246000000000000000000000000000000000006C
:10247000000000000000000000000000000000005C
:10248000000000000000000000000000000000004C
:10249000000000000000000000000000000000003C
:1024A000000000000000000000000000000000002C
:1024B000000000000000000000000000000000001C
:1024C000000000000000000000000000000000000C
:1024D00000000000000000000000000000000000FC
:1024E00000000000000000000000000000000000EC
:1024F00000000000000000000000000000000000DC
:1025000000000000000000000000000000000000CB
:1025100000000000000000000000000000000000BB
:1025200000000000000000000000000000000000AB
:10253000000000000000000000000000000000009B
:10254000000000000000000000000000000000008B
:10255000000000000000000000000000000000007B
:10256000000000000000000000000000000000006B
:10257000000000000000000000000000000000005B
:10258000000000000000000000000000000000004B
:10259000000000000000000000000000000000003B
:1025A000000000000000000000000000000000002B
:1025B000000000000000000000000000000000001B
:1025C000000000000000000000000000000000000B
:1025D00000000000000000000000000000000000FB
:1025E00000000000000000000000000000000000EB
:1025F00000000000000000000000000000000000DB
:1026000000000000000000000000000000000000CA
:1026100000000000000000000000000000000000BA
:1026200000000000000000000000000000000000AA
:10263000000000000000000000000000000000009A
:10264000000000000000000000000000000000008A
:10265000000000000000000000000000000000007A
:10266000000000000000000000000000000000006A
:10267000000000000000000000000000000000005A
:10268000000000000000000000000000000000004A
:10269000000000000000000000000000000000003A
:1026A000000000000000000000000000000000002A
:1026B000000000000000000000000000000000001A
:1026C000000000000000000000000000000000000A
:1026D00000000000000000000000000000000000FA
:1026E00000000000000000000000000000000000EA
:1026F00000000000000000000000000000000000DA
:1027000000000000000000000000000000000000C9
:1027100000000000000000000000000000000000B9
:1027200000000000000000000000000000000000A9
:102730000000000000000000000000000000000099
:102740000000000000000000000000000000000089
:102750000000000000000000000000000000000079
:102760000000000000000000000000000000000069
:102770000000000000000000000000000000000059
:102780000000000000000000000000000000000049
:102790000000000000000000000000000000000039
:1027A0000000000000000000000000000000000029
:1027B0000000000000000000000000000000000019
:1027C0000000000000000000000000000000000009
:1027D00000000000000000000000000000000000F9
:1027E00000000000000000000000000000000000E9
:1027F00000000000000000000000000000000000D9
:1028000000000000000000000000000000000000C8
:1028100000000000000000000000000000000000B8
:1028200000000000000000000000000000000000A8
:102830000000000000000000000000000000000098
:102840000000000000000000000000000000000088
:102850000000000000000000000000000000000078
:102860000000000000000000000000000000000068
:102870000000000000000000000000000000000058
:102880000000000000000000000000000000000048
:102890000000000000000000000000000000000038
:1028A0000000000000000000000000000000000028
:1028B0000000000000000000000000000000000018
:1028C0000000000000000000000000000000000008
:1028D00000000000000000000000000000000000F8
:1028E00000000000000000000000000000000000E8
:1028F00000000000000000000000000000000000D8
:1029000000000000000000000000000000000000C7
:1029100000000000000000000000000000000000B7
:1029200000000000000000000000000000000000A7
:102930000000000000000000000000000000000097
:102940000000000000000000000000000000000087
:102950000000000000000000000000000000000077
:102960000000000000000000000000000000000067
:102970000000000000000000000000000000000057
:102980000000000000000000000000000000000047
:102990000000000000000000000000000000000037
:1029A0000000000000000000000000000000000027
:1029B0000000000000000000000000000000000017
:1029C0000000000000000000000000000000000007
:1029D00000000000000000000000000000000000F7
:1029E00000000000000000000000000000000000E7
:1029F00000000000000000000000000000000000D7
:102A000000000000000000000000000000000000C6
:102A100000000000000000000000000000000000B6
:102A200000000000000000000000000000000000A6
:102A30000000000000000000000000000000000096
:102A40000000000000000000000000000000000086
:102A50000000000000000000000000000000000076
:102A60000000000000000000000000000000000066
:102A70000000000000000000000000000000000056
:102A80000000000000000000000000000000000046
:102A90000000000000000000000000000000000036
:102AA0000000000000000000000000000000000026
:102AB0000000000000000000000000000000000016
:102AC0000000000000000000000000000000000006
:102AD00000000000000000000000000000000000F6
:102AE00000000000000000000000000000000000E6
:102AF00000000000000000000000000000000000D6
:102B000000000000000000000000000000000000C5
:102B100000000000000000000000000000000000B5
:102B200000000000000000000000000000000000A5
:102B30000000000000000000000000000000000095
:102B40000000000000000000000000000000000085
:102B50000000000000000000000000000000000075
:102B60000000000000000000000000000000000065
:102B70000000000000000000000000000000000055
:102B80000000000000000000000000000000000045
:102B90000000000000000000000000000000000035
:102BA0000000000000000000000000000000000025
:102BB0000000000000000000000000000000000015
:102BC0000000000000000000000000000000000005
:102BD00000000000000000000000000000000000F5
:102BE00000000000000000000000000000000000E5
:102BF00000000000000000000000000000000000D5
:102C000000000000000000000000000000000000C4
:102C100000000000000000000000000000000000B4
:102C200000000000000000000000000000000000A4
:102C30000000000000000000000000000000000094
:102C40000000000000000000000000000000000084
:102C50000000000000000000000000000000000074
:102C60000000000000000000000000000000000064
:102C70000000000000000000000000000000000054
:102C80000000000000000000000000000000000044
:102C90000000000000000000000000000000000034
:102CA0000000000000000000000000000000000024
:102CB0000000000000000000000000000000000014
:102CC0000000000000000000000000000000000004
:102CD00000000000000000000000000000000000F4
:102CE00000000000000000000000000000000000E4
:102CF00000000000000000000000000000000000D4
:102D000000000000000000000000000000000000C3
:102D100000000000000000000000000000000000B3
:102D200000000000000000000000000000000000A3
:102D30000000000000000000000000000000000093
:102D40000000000000000000000000000000000083
:102D50000000000000000000000000000000000073
:102D60000000000000000000000000000000000063
:102D70000000000000000000000000000000000053
:102D80000000000000000000000000000000000043
:102D90000000000000000000000000000000000033
:102DA0000000000000000000000000000000000023
:102DB0000000000000000000000000000000000013
:102DC0000000000000000000000000000000000003
:102DD00000000000000000000000000000000000F3
:102DE00000000000000000000000000000000000E3
:102DF00000000000000000000000000000000000D3
:102E000000000000000000000000000000000000C2
:102E100000000000000000000000000000000000B2
:102E200000000000000000000000000000000000A2
:102E30000000000000000000000000000000000092
:102E40000000000000000000000000000000000082
:102E50000000000000000000000000000000000072
:102E60000000000000000000000000000000000062
:102E70000000000000000000000000000000000052
:102E80000000000000000000000000000000000042
:102E90000000000000000000000000000000000032
:102EA0000000000000000000000000000000000022
:102EB0000000000000000000000000000000000012
:102EC0000000000000000000000000000000000002
:102ED00000000000000000000000000000000000F2
:102EE00000000000000000000000000000000000E2
:102EF00000000000000000000000000000000000D2
:102F000000000000000000000000000000000000C1
:102F100000000000000000000000000000000000B1
:102F200000000000000000000000000000000000A1
:102F30000000000000000000000000000000000091
:102F40000000000000000000000000000000000081
:102F50000000000000000000000000000000000071
:102F60000000000000000000000000000000000061
:102F70000000000000000000000000000000000051
:102F80000000000000000000000000000000000041
:102F90000000000000000000000000000000000031
:102FA0000000000000000000000000000000000021
:102FB0000000000000000000000000000000000011
:102FC0000000000000000000000000000000000001
:102FD00000000000000000000000000000000000F1
:102FE00000000000000000000000000000000000E1
:102FF00000000000000000000000000000000000D1
:1030000000000000000000000000000000000000C0
:1030100000000000000000000000000000000000B0
:1030200000000000000000000000000000000000A0
:103030000000000000000000000000000000000090
:103040000000000000000000000000000000000080
:103050000000000000000000000000000000000070
:103060000000000000000000000000000000000060
:103070000000000000000000000000000000000050
:103080000000000000000000000000000000000040
:103090000000000000000000000000000000000030
:1030A0000000000000000000000000000000000020
:1030B0000000000000000000000000000000000010
:1030C0000000000000000000000000000000000000
:1030D00000000000000000000000000000000000F0
:1030E00000000000000000000000000000000000E0
:1030F00000000000000000000000000000000000D0
:1031000000000000000000000000000000000000BF
:1031100000000000000000000000000000000000AF
:10312000000000000000000000000000000000009F
:10313000000000000000000000000000000000008F
:10314000000000000000000000000000000000007F
:10315000000000000000000000000000000000006F
:10316000000000000000000000000000000000005F
:10317000000000000000000000000000000000004F
:10318000000000000000000000000000000000003F
:10319000000000000000000000000000000000002F
:1031A000000000000000000000000000000000001F
:1031B000000000000000000000000000000000000F
:1031C00000000000000000000000000000000000FF
:1031D00000000000000000000000000000000000EF
:1031E00000000000000000000000000000000000DF
:1031F00000000000000000000000000000000000CF
:1032000000000000000000000000000000000000BE
:1032100000000000000000000000000000000000AE
:10322000000000000000000000000000000000009E
:10323000000000000000000000000000000000008E
:10324000000000000000000000000000000000007E
:10325000000000000000000000000000000000006E
:10326000000000000000000000000000000000005E
:10327000000000000000000000000000000000004E
:10328000000000000000000000000000000000003E
:10329000000000000000000000000000000000002E
:1032A000000000000000000000000000000000001E
:1032B000000000000000000000000000000000000E
:1032C00000000000000000000000000000000000FE
:1032D00000000000000000000000000000000000EE
:1032E00000000000000000000000000000000000DE
:1032F00000000000000000000000000000000000CE
:1033000000000000000000000000000000000000BD
:1033100000000000000000000000000000000000AD
:10332000000000000000000000000000000000009D
:10333000000000000000000000000000000000008D
:10334000000000000000000000000000000000007D
:10335000000000000000000000000000000000006D
:10336000000000000000000000000000000000005D
:10337000000000000000000000000000000000004D
:10338000000000000000000000000000000000003D
:10339000000000000000000000000000000000002D
:1033A000000000000000000000000000000000001D
:1033B000000000000000000000000000000000000D
:1033C00000000000000000000000000000000000FD
:1033D00000000000000000000000000000000000ED
:1033E00000000000000000000000000000000000DD
:1033F00000000000000000000000000000000000CD
:1034000000000000000000000000000000000000BC
:1034100000000000000000000000000000000000AC
:10342000000000000000000000000000000000009C
:10343000000000000000000000000000000000008C
:10344000000000000000000000000000000000007C
:10345000000000000000000000000000000000006C
:10346000000000000000000000000000000000005C
:10347000000000000000000000000000000000004C
:10348000000000000000000000000000000000003C
:10349000000000000000000000000000000000002C
:1034A000000000000000000000000000000000001C
:1034B000000000000000000000000000000000000C
:1034C00000000000000000000000000000000000FC
:1034D00000000000000000000000000000000000EC
:1034E00000000000000000000000000000000000DC
:1034F00000000000000000000000000000000000CC
:1035000000000000000000000000000000000000BB
:1035100000000000000000000000000000000000AB
:10352000000000000000000000000000000000009B
:10353000000000000000000000000000000000008B
:10354000000000000000000000000000000000007B
:10355000000000000000000000000000000000006B
:10356000000000000000000000000000000000005B
:10357000000000000000000000000000000000004B
:10358000000000000000000000000000000000003B
:10359000000000000000000000000000000000002B
:1035A000000000000000000000000000000000001B
:1035B000000000000000000000000000000000000B
:1035C00000000000000000000000000000000000FB
:1035D00000000000000000000000000000000000EB
:1035E00000000000000000000000000000000000DB
:1035F00000000000000000000000000000000000CB
:1036000000000000000000000000000000000000BA
:1036100000000000000000000000000000000000AA
:10362000000000000000000000000000000000009A
:10363000000000000000000000000000000000008A
:10364000000000000000000000000000000000007A
:10365000000000000000000000000000000000006A
:10366000000000000000000000000000000000005A
:10367000000000000000000000000000000000004A
:10368000000000000000000000000000000000003A
:10369000000000000000000000000000000000002A
:1036A000000000000000000000000000000000001A
:1036B000000000000000000000000000000000000A
:1036C00000000000000000000000000000000000FA
:1036D00000000000000000000000000000000000EA
:1036E00000000000000000000000000000000000DA
:1036F00000000000000000000000000000000000CA
:1037000000000000000000000000000000000000B9
:1037100000000000000000000000000000000000A9
:103720000000000000000000000000000000000099
:103730000000000000000000000000000000000089
:103740000000000000000000000000000000000079
:103750000000000000000000000000000000000069
:103760000000000000000000000000000000000059
:103770000000000000000000000000000000000049
:103780000000000000000000000000000000000039
:103790000000000000000000000000000000000029
:1037A0000000000000000000000000000000000019
:1037B0000000000000000000000000000000000009
:1037C00000000000000000000000000000000000F9
:1037D00000000000000000000000000000000000E9
:1037E00000000000000000000000000000000000D9
:1037F00000000000000000000000000000000000C9
:1038000000000000000000000000000000000000B8
:1038100000000000000000000000000000000000A8
:103820000000000000000000000000000000000098
:103830000000000000000000000000000000000088
:103840000000000000000000000000000000000078
:103850000000000000000000000000000000000068
:103860000000000000000000000000000000000058
:103870000000000000000000000000000000000048
:103880000000000000000000000000000000000038
:103890000000000000000000000000000000000028
:1038A0000000000000000000000000000000000018
:1038B0000000000000000000000000000000000008
:1038C00000000000000000000000000000000000F8
:1038D00000000000000000000000000000000000E8
:1038E00000000000000000000000000000000000D8
:1038F00000000000000000000000000000000000C8
:1039000000000000000000000000000000000000B7
:1039100000000000000000000000000000000000A7
:103920000000000000000000000000000000000097
:103930000000000000000000000000000000000087
:103940000000000000000000000000000000000077
:103950000000000000000000000000000000000067
:103960000000000000000000000000000000000057
:103970000000000000000000000000000000000047
:103980000000000000000000000000000000000037
:103990000000000000000000000000000000000027
:1039A0000000000000000000000000000000000017
:1039B0000000000000000000000000000000000007
:1039C00000000000000000000000000000000000F7
:1039D00000000000000000000000000000000000E7
:1039E00000000000000000000000000000000000D7
:1039F00000000000000000000000000000000000C7
:103A000000000000000000000000000000000000B6
:103A100000000000000000000000000000000000A6
:103A20000000000000000000000000000000000096
:103A30000000000000000000000000000000000086
:103A40000000000000000000000000000000000076
:103A50000000000000000000000000000000000066
:103A60000000000000000000000000000000000056
:103A70000000000000000000000000000000000046
:103A80000000000000000000000000000000000036
:103A90000000000000000000000000000000000026
:103AA0000000000000000000000000000000000016
:103AB0000000000000000000000000000000000006
:103AC00000000000000000000000000000000000F6
:103AD00000000000000000000000000000000000E6
:103AE00000000000000000000000000000000000D6
:103AF00000000000000000000000000000000000C6
:103B000000000000000000000000000000000000B5
:103B100000000000000000000000000000000000A5
:103B20000000000000000000000000000000000095
:103B30000000000000000000000000000000000085
:103B40000000000000000000000000000000000075
:103B50000000000000000000000000000000000065
:103B60000000000000000000000000000000000055
:103B70000000000000000000000000000000000045
:103B80000000000000000000000000000000000035
:103B90000000000000000000000000000000000025
:103BA0000000000000000000000000000000000015
:103BB0000000000000000000000000000000000005
:103BC00000000000000000000000000000000000F5
:103BD00000000000000000000000000000000000E5
:103BE00000000000000000000000000000000000D5
:103BF00000000000000000000000000000000000C5
:103C000000000000000000000000000000000000B4
:103C100000000000000000000000000000000000A4
:103C20000000000000000000000000000000000094
:103C30000000000000000000000000000000000084
:103C40000000000000000000000000000000000074
:103C50000000000000000000000000000000000064
:103C60000000000000000000000000000000000054
:103C70000000000000000000000000000000000044
:103C80000000000000000000000000000000000034
:103C90000000000000000000000000000000000024
:103CA0000000000000000000000000000000000014
:103CB0000000000000000000000000000000000004
:103CC00000000000000000000000000000000000F4
:103CD00000000000000000000000000000000000E4
:103CE00000000000000000000000000000000000D4
:103CF00000000000000000000000000000000000C4
:103D000000000000000000000000000000000000B3
:103D100000000000000000000000000000000000A3
:103D20000000000000000000000000000000000093
:103D30000000000000000000000000000000000083
:103D40000000000000000000000000000000000073
:103D50000000000000000000000000000000000063
:103D60000000000000000000000000000000000053
:103D70000000000000000000000000000000000043
:103D80000000000000000000000000000000000033
:103D90000000000000000000000000000000000023
:103DA0000000000000000000000000000000000013
:103DB0000000000000000000000000000000000003
:103DC00000000000000000000000000000000000F3
:103DD00000000000000000000000000000000000E3
:103DE00000000000000000000000000000000000D3
:103DF00000000000000000000000000000000000C3
:103E000000000000000000000000000000000000B2
:103E100000000000000000000000000000000000A2
:103E20000000000000000000000000000000000092
:103E30000000000000000000000000000000000082
:103E40000000000000000000000000000000000072
:103E50000000000000000000000000000000000062
:103E60000000000000000000000000000000000052
:103E70000000000000000000000000000000000042
:103E80000000000000000000000000000000000032
:103E90000000000000000000000000000000000022
:103EA0000000000000000000000000000000000012
:103EB0000000000000000000000000000000000002
:103EC00000000000000000000000000000000000F2
:103ED00000000000000000000000000000000000E2
:103EE00000000000000000000000000000000000D2
:103EF00000000000000000000000000000000000C2
:103F000000000000000000000000000000000000B1
:103F100000000000000000000000000000000000A1
:103F20000000000000000000000000000000000091
:103F30000000000000000000000000000000000081
:103F40000000000000000000000000000000000071
:103F50000000000000000000000000000000000061
:103F60000000000000000000000000000000000051
:103F70000000000000000000000000000000000041
:103F80000000000000000000000000000000000031
:103F90000000000000000000000000000000000021
:103FA0000000000000000000000000000000000011
:103FB0000000000000000000000000000000000001
:103FC00000000000000000000000000000000000F1
:103FD00000000000000000000000000000000000E1
:103FE00000000000000000000000000000000000D1
:103FF00000000000000000000000000000000000C1
:1040000000000000000000000000000000000000B0
:1040100000000000000000000000000000000000A0
:104020000000000000000000000000000000000090
:104030000000000000000000000000000000000080
:104040000000000000000000000000000000000070
:104050000000000000000000000000000000000060
:104060000000000000000000000000000000000050
:104070000000000000000000000000000000000040
:104080000000000000000000000000000000000030
:104090000000000000000000000000000000000020
:1040A0000000000000000000000000000000000010
:1040B0000000000000000000000000000000000000
:1040C00000000000000000000000000000000000F0
:1040D00000000000000000000000000000000000E0
:1040E00000000000000000000000000000000000D0
:1040F00000000000000000000000000000000000C0
:1041000000000000000000000000000000000000AF
:10411000000000000000000000000000000000009F
:10412000000000000000000000000000000000008F
:10413000000000000000000000000000000000007F
:10414000000000000000000000000000000000006F
:10415000000000000000000000000000000000005F
:10416000000000000000000000000000000000004F
:10417000000000000000000000000000000000003F
:10418000000000000000000000000000000000002F
:10419000000000000000000000000000000000001F
:1041A000000000000000000000000000000000000F
:1041B00000000000000000000000000000000000FF
:1041C00000000000000000000000000000000000EF
:1041D00000000000000000000000000000000000DF
:1041E00000000000000000000000000000000000CF
:1041F00000000000000000000000000000000000BF
:1042000000000000000000000000000000000000AE
:10421000000000000000000000000000000000009E
:10422000000000000000000000000000000000008E
:10423000000000000000000000000000000000007E
:10424000000000000000000000000000000000006E
:10425000000000000000000000000000000000005E
:10426000000000000000000000000000000000004E
:10427000000000000000000000000000000000003E
:10428000000000000000000000000000000000002E
:10429000000000000000000000000000000000001E
:1042A000000000000000000000000000000000000E
:1042B00000000000000000000000000000000000FE
:1042C00000000000000000000000000000000000EE
:1042D00000000000000000000000000000000000DE
:1042E00000000000000000000000000000000000CE
:1042F00000000000000000000000000000000000BE
:1043000000000000000000000000000000000000AD
:10431000000000000000000000000000000000009D
:10432000000000000000000000000000000000008D
:10433000000000000000000000000000000000007D
:10434000000000000000000000000000000000006D
:10435000000000000000000000000000000000005D
:10436000000000000000000000000000000000004D
:10437000000000000000000000000000000000003D
:10438000000000000000000000000000000000002D
:10439000000000000000000000000000000000001D
:1043A000000000000000000000000000000000000D
:1043B00000000000000000000000000000000000FD
:1043C00000000000000000000000000000000000ED
:1043D00000000000000000000000000000000000DD
:1043E00000000000000000000000000000000000CD
:1043F00000000000000000000000000000000000BD
:1044000000000000000000000000000000000000AC
:10441000000000000000000000000000000000009C
:10442000000000000000000000000000000000008C
:10443000000000000000000000000000000000007C
:10444000000000000000000000000000000000006C
:10445000000000000000000000000000000000005C
:10446000000000000000000000000000000000004C
:10447000000000000000000000000000000000003C
:10448000000000000000000000000000000000002C
:10449000000000000000000000000000000000001C
:1044A000000000000000000000000000000000000C
:1044B00000000000000000000000000000000000FC
:1044C00000000000000000000000000000000000EC
:1044D00000000000000000000000000000000000DC
:1044E00000000000000000000000000000000000CC
:1044F00000000000000000000000000000000000BC
:1045000000000000000000000000000000000000AB
:10451000000000000000000000000000000000009B
:10452000000000000000000000000000000000008B
:10453000000000000000000000000000000000007B
:10454000000000000000000000000000000000006B
:10455000000000000000000000000000000000005B
:10456000000000000000000000000000000000004B
:10457000000000000000000000000000000000003B
:10458000000000000000000000000000000000002B
:10459000000000000000000000000000000000001B
:1045A000000000000000000000000000000000000B
:1045B00000000000000000000000000000000000FB
:1045C00000000000000000000000000000000000EB
:1045D00000000000000000000000000000000000DB
:1045E00000000000000000000000000000000000CB
:1045F00000000000000000000000000000000000BB
:1046000000000000000000000000000000000000AA
:10461000000000000000000000000000000000009A
:10462000000000000000000000000000000000008A
:10463000000000000000000000000000000000007A
:10464000000000000000000000000000000000006A
:10465000000000000000000000000000000000005A
:10466000000000000000000000000000000000004A
:10467000000000000000000000000000000000003A
:10468000000000000000000000000000000000002A
:10469000000000000000000000000000000000001A
:1046A000000000000000000000000000000000000A
:1046B00000000000000000000000000000000000FA
:1046C00000000000000000000000000000000000EA
:1046D00000000000000000000000000000000000DA
:1046E00000000000000000000000000000000000CA
:1046F00000000000000000000000000000000000BA
:1047000000000000000000000000000000000000A9
:104710000000000000000000000000000000000099
:104720000000000000000000000000000000000089
:104730000000000000000000000000000000000079
:104740000000000000000000000000000000000069
:104750000000000000000000000000000000000059
:104760000000000000000000000000000000000049
:104770000000000000000000000000000000000039
:104780000000000000000000000000000000000029
:104790000000000000000000000000000000000019
:1047A0000000000000000000000000000000000009
:1047B00000000000000000000000000000000000F9
:1047C00000000000000000000000000000000000E9
:1047D00000000000000000000000000000000000D9
:1047E00000000000000000000000000000000000C9
:1047F00000000000000000000000000000000000B9
:1048000000000000000000000000000000000000A8
:104810000000000000000000000000000000000098
:104820000000000000000000000000000000000088
:104830000000000000000000000000000000000078
:104840000000000000000000000000000000000068
:104850000000000000000000000000000000000058
:104860000000000000000000000000000000000048
:104870000000000000000000000000000000000038
:104880000000000000000000000000000000000028
:104890000000000000000000000000000000000018
:1048A0000000000000000000000000000000000008
:1048B00000000000000000000000000000000000F8
:1048C00000000000000000000000000000000000E8
:1048D00000000000000000000000000000000000D8
:1048E00000000000000000000000000000000000C8
:1048F00000000000000000000000000000000000B8
:1049000000000000000000000000000000000000A7
:104910000000000000000000000000000000000097
:104920000000000000000000000000000000000087
:104930000000000000000000000000000000000077
:104940000000000000000000000000000000000067
:104950000000000000000000000000000000000057
:104960000000000000000000000000000000000047
:104970000000000000000000000000000000000037
:104980000000000000000000000000000000000027
:104990000000000000000000000000000000000017
:1049A0000000000000000000000000000000000007
:1049B00000000000000000000000000000000000F7
:1049C00000000000000000000000000000000000E7
:1049D00000000000000000000000000000000000D7
:1049E00000000000000000000000000000000000C7
:1049F00000000000000000000000000000000000B7
:104A000000000000000000000000000000000000A6
:104A10000000000000000000000000000000000096
:104A20000000000000000000000000000000000086
:104A30000000000000000000000000000000000076
:104A40000000000000000000000000000000000066
:104A50000000000000000000000000000000000056
:104A60000000000000000000000000000000000046
:104A70000000000000000000000000000000000036
:104A80000000000000000000000000000000000026
:104A90000000000000000000000000000000000016
:104AA0000000000000000000000000000000000006
:104AB00000000000000000000000000000000000F6
:104AC00000000000000000000000000000000000E6
:104AD00000000000000000000000000000000000D6
:104AE00000000000000000000000000000000000C6
:104AF00000000000000000000000000000000000B6
:104B000000000000000000000000000000000000A5
:104B10000000000000000000000000000000000095
:104B20000000000000000000000000000000000085
:104B30000000000000000000000000000000000075
:104B40000000000000000000000000000000000065
:104B50000000000000000000000000000000000055
:104B60000000000000000000000000000000000045
:104B70000000000000000000000000000000000035
:104B80000000000000000000000000000000000025
:104B90000000000000000000000000000000000015
:104BA0000000000000000000000000000000000005
:104BB00000000000000000000000000000000000F5
:104BC00000000000000000000000000000000000E5
:104BD00000000000000000000000000000000000D5
:104BE00000000000000000000000000000000000C5
:104BF00000000000000000000000000000000000B5
:104C000000000000000000000000000000000000A4
:104C10000000000000000000000000000000000094
:104C20000000000000000000000000000000000084
:104C30000000000000000000000000000000000074
:104C40000000000000000000000000000000000064
:104C50000000000000000000000000000000000054
:104C60000000000000000000000000000000000044
:104C70000000000000000000000000000000000034
:104C80000000000000000000000000000000000024
:104C90000000000000000000000000000000000014
:104CA0000000000000000000000000000000000004
:104CB00000000000000000000000000000000000F4
:104CC00000000000000000000000000000000000E4
:104CD00000000000000000000000000000000000D4
:104CE00000000000000000000000000000000000C4
:104CF00000000000000000000000000000000000B4
:104D000000000000000000000000000000000000A3
:104D10000000000000000000000000000000000093
:104D20000000000000000000000000000000000083
:104D30000000000000000000000000000000000073
:104D40000000000000000000000000000000000063
:104D50000000000000000000000000000000000053
:104D60000000000000000000000000000000000043
:104D70000000000000000000000000000000000033
:104D80000000000000000000000000000000000023
:104D90000000000000000000000000000000000013
:104DA0000000000000000000000000000000000003
:104DB00000000000000000000000000000000000F3
:104DC00000000000000000000000000000000000E3
:104DD00000000000000000000000000000000000D3
:104DE00000000000000000000000000000000000C3
:104DF00000000000000000000000000000000000B3
:104E000000000000000000000000000000000000A2
:104E10000000000000000000000000000000000092
:104E20000000000000000000000000000000000082
:104E30000000000000000000000000000000000072
:104E40000000000000000000000000000000000062
:104E50000000000000000000000000000000000052
:104E60000000000000000000000000000000000042
:104E70000000000000000000000000000000000032
:104E80000000000000000000000000000000000022
:104E90000000000000000000000000000000000012
:104EA0000000000000000000000000000000000002
:104EB00000000000000000000000000000000000F2
:104EC00000000000000000000000000000000000E2
:104ED00000000000000000000000000000000000D2
:104EE00000000000000000000000000000000000C2
:104EF00000000000000000000000000000000000B2
:104F000000000000000000000000000000000000A1
:104F10000000000000000000000000000000000091
:104F20000000000000000000000000000000000081
:104F30000000000000000000000000000000000071
:104F40000000000000000000000000000000000061
:104F50000000000000000000000000000000000051
:104F60000000000000000000000000000000000041
:104F70000000000000000000000000000000000031
:104F80000000000000000000000000000000000021
:104F90000000000000000000000000000000000011
:104FA0000000000000000000000000000000000001
:104FB00000000000000000000000000000000000F1
:104FC00000000000000000000000000000000000E1
:104FD00000000000000000000000000000000000D1
:104FE00000000000000000000000000000000000C1
:104FF00000000000000000000000000000000000B1
:1050000000000000000000000000000000000000A0
:105010000000000000000000000000000000000090
:105020000000000000000000000000000000000080
:105030000000000000000000000000000000000070
:105040000000000000000000000000000000000060
:105050000000000000000000000000000000000050
:105060000000000000000000000000000000000040
:105070000000000000000000000000000000000030
:105080000000000000000000000000000000000020
:105090000000000000000000000000000000000010
:1050A0000000000000000000000000000000000000
:1050B00000000000000000000000000000000000F0
:1050C00000000000000000000000000000000000E0
:1050D00000000000000000000000000000000000D0
:1050E00000000000000000000000000000000000C0
:1050F00000000000000000000000000000000000B0
:10510000000000000000000000000000000000009F
:10511000000000000000000000000000000000008F
:10512000000000000000000000000000000000007F
:10513000000000000000000000000000000000006F
:10514000000000000000000000000000000000005F
:10515000000000000000000000000000000000004F
:10516000000000000000000000000000000000003F
:10517000000000000000000000000000000000002F
:10518000000000000000000000000000000000001F
:10519000000000000000000000000000000000000F
:1051A00000000000000000000000000000000000FF
:1051B00000000000000000000000000000000000EF
:1051C00000000000000000000000000000000000DF
:1051D00000000000000000000000000000000000CF
:1051E00000000000000000000000000000000000BF
:1051F00000000000000000000000000000000000AF
:10520000000000000000000000000000000000009E
:10521000000000000000000000000000000000008E
:10522000000000000000000000000000000000007E
:10523000000000000000000000000000000000006E
:10524000000000000000000000000000000000005E
:10525000000000000000000000000000000000004E
:10526000000000000000000000000000000000003E
:10527000000000000000000000000000000000002E
:10528000000000000000000000000000000000001E
:10529000000000000000000000000000000000000E
:1052A00000000000000000000000000000000000FE
:1052B00000000000000000000000000000000000EE
:1052C00000000000000000000000000000000000DE
:1052D00000000000000000000000000000000000CE
:1052E00000000000000000000000000000000000BE
:1052F00000000000000000000000000000000000AE
:10530000000000000000000000000000000000009D
:10531000000000000000000000000000000000008D
:10532000000000000000000000000000000000007D
:10533000000000000000000000000000000000006D
:10534000000000000000000000000000000000005D
:10535000000000000000000000000000000000004D
:10536000000000000000000000000000000000003D
:10537000000000000000000000000000000000002D
:10538000000000000000000000000000000000001D
:10539000000000000000000000000000000000000D
:1053A00000000000000000000000000000000000FD
:1053B00000000000000000000000000000000000ED
:1053C00000000000000000000000000000000000DD
:1053D00000000000000000000000000000000000CD
:1053E00000000000000000000000000000000000BD
:1053F00000000000000000000000000000000000AD
:10540000000000000000000000000000000000009C
:10541000000000000000000000000000000000008C
:10542000000000000000000000000000000000007C
:10543000000000000000000000000000000000006C
:10544000000000000000000000000000000000005C
:10545000000000000000000000000000000000004C
:10546000000000000000000000000000000000003C
:10547000000000000000000000000000000000002C
:10548000000000000000000000000000000000001C
:10549000000000000000000000000000000000000C
:1054A00000000000000000000000000000000000FC
:1054B00000000000000000000000000000000000EC
:1054C00000000000000000000000000000000000DC
:1054D00000000000000000000000000000000000CC
:1054E00000000000000000000000000000000000BC
:1054F00000000000000000000000000000000000AC
:10550000000000000000000000000000000000009B
:10551000000000000000000000000000000000008B
:10552000000000000000000000000000000000007B
:10553000000000000000000000000000000000006B
:10554000000000000000000000000000000000005B
:10555000000000000000000000000000000000004B
:10556000000000000000000000000000000000003B
:10557000000000000000000000000000000000002B
:10558000000000000000000000000000000000001B
:10559000000000000000000000000000000000000B
:1055A00000000000000000000000000000000000FB
:1055B00000000000000000000000000000000000EB
:1055C00000000000000000000000000000000000DB
:1055D00000000000000000000000000000000000CB
:1055E00000000000000000000000000000000000BB
:1055F00000000000000000000000000000000000AB
:10560000000000000000000000000000000000009A
:10561000000000000000000000000000000000008A
:10562000000000000000000000000000000000007A
:10563000000000000000000000000000000000006A
:10564000000000000000000000000000000000005A
:10565000000000000000000000000000000000004A
:10566000000000000000000000000000000000003A
:10567000000000000000000000000000000000002A
:10568000000000000000000000000000000000001A
:10569000000000000000000000000000000000000A
:1056A00000000000000000000000000000000000FA
:1056B00000000000000000000000000000000000EA
:1056C00000000000000000000000000000000000DA
:1056D00000000000000000000000000000000000CA
:1056E00000000000000000000000000000000000BA
:1056F00000000000000000000000000000000000AA
:105700000000000000000000000000000000000099
:105710000000000000000000000000000000000089
:105720000000000000000000000000000000000079
:105730000000000000000000000000000000000069
:105740000000000000000000000000000000000059
:105750000000000000000000000000000000000049
:105760000000000000000000000000000000000039
:105770000000000000000000000000000000000029
:105780000000000000000000000000000000000019
:105790000000000000000000000000000000000009
:1057A00000000000000000000000000000000000F9
:1057B00000000000000000000000000000000000E9
:1057C00000000000000000000000000000000000D9
:1057D00000000000000000000000000000000000C9
:1057E00000000000000000000000000000000000B9
:1057F00000000000000000000000000000000000A9
:105800000000000000000000000000000000000098
:105810000000000000000000000000000000000088
:105820000000000000000000000000000000000078
:105830000000000000000000000000000000000068
:105840000000000000000000000000000000000058
:105850000000000000000000000000000000000048
:105860000000000000000000000000000000000038
:105870000000000000000000000000000000000028
:105880000000000000000000000000000000000018
:105890000000000000000000000000000000000008
:1058A00000000000000000000000000000000000F8
:1058B00000000000000000000000000000000000E8
:1058C00000000000000000000000000000000000D8
:1058D00000000000000000000000000000000000C8
:1058E00000000000000000000000000000000000B8
:1058F00000000000000000000000000000000000A8
:105900000000000000000000000000000000000097
:105910000000000000000000000000000000000087
:105920000000000000000000000000000000000077
:105930000000000000000000000000000000000067
:105940000000000000000000000000000000000057
:105950000000000000000000000000000000000047
:105960000000000000000000000000000000000037
:105970000000000000000000000000000000000027
:105980000000000000000000000000000000000017
:105990000000000000000000000000000000000007
:1059A00000000000000000000000000000000000F7
:1059B00000000000000000000000000000000000E7
:1059C00000000000000000000000000000000000D7
:1059D00000000000000000000000000000000000C7
:1059E00000000000000000000000000000000000B7
:1059F00000000000000000000000000000000000A7
:105A00000000000000000000000000000000000096
:105A10000000000000000000000000000000000086
:105A20000000000000000000000000000000000076
:105A30000000000000000000000000000000000066
:105A40000000000000000000000000000000000056
:105A50000000000000000000000000000000000046
:105A60000000000000000000000000000000000036
:105A70000000000000000000000000000000000026
:105A80000000000000000000000000000000000016
:105A90000000000000000000000000000000000006
:105AA00000000000000000000000000000000000F6
:105AB00000000000000000000000000000000000E6
:105AC00000000000000000000000000000000000D6
:105AD00000000000000000000000000000000000C6
:105AE00000000000000000000000000000000000B6
:105AF00000000000000000000000000000000000A6
:105B00000000000000000000000000000000000095
:105B10000000000000000000000000000000000085
:105B20000000000000000000000000000000000075
:105B30000000000000000000000000000000000065
:105B40000000000000000000000000000000000055
:105B50000000000000000000000000000000000045
:105B60000000000000000000000000000000000035
:105B70000000000000000000000000000000000025
:105B80000000000000000000000000000000000015
:105B90000000000000000000000000000000000005
:105BA00000000000000000000000000000000000F5
:105BB00000000000000000000000000000000000E5
:105BC00000000000000000000000000000000000D5
:105BD00000000000000000000000000000000000C5
:105BE00000000000000000000000000000000000B5
:105BF00000000000000000000000000000000000A5
:105C00000000000000000000000000000000000094
:105C10000000000000000000000000000000000084
:105C20000000000000000000000000000000000074
:105C30000000000000000000000000000000000064
:105C40000000000000000000000000000000000054
:105C50000000000000000000000000000000000044
:105C60000000000000000000000000000000000034
:105C70000000000000000000000000000000000024
:105C80000000000000000000000000000000000014
:105C90000000000000000000000000000000000004
:105CA00000000000000000000000000000000000F4
:105CB00000000000000000000000000000000000E4
:105CC00000000000000000000000000000000000D4
:105CD00000000000000000000000000000000000C4
:105CE00000000000000000000000000000000000B4
:105CF00000000000000000000000000000000000A4
:105D00000000000000000000000000000000000093
:105D10000000000000000000000000000000000083
:105D20000000000000000000000000000000000073
:105D30000000000000000000000000000000000063
:105D40000000000000000000000000000000000053
:105D50000000000000000000000000000000000043
:105D60000000000000000000000000000000000033
:105D70000000000000000000000000000000000023
:105D80000000000000000000000000000000000013
:105D90000000000000000000000000000000000003
:105DA00000000000000000000000000000000000F3
:105DB00000000000000000000000000000000000E3
:105DC00000000000000000000000000000000000D3
:105DD00000000000000000000000000000000000C3
:105DE00000000000000000000000000000000000B3
:105DF00000000000000000000000000000000000A3
:105E00000000000000000000000000000000000092
:105E10000000000000000000000000000000000082
:105E20000000000000000000000000000000000072
:105E30000000000000000000000000000000000062
:105E40000000000000000000000000000000000052
:105E50000000000000000000000000000000000042
:105E60000000000000000000000000000000000032
:105E70000000000000000000000000000000000022
:105E80000000000000000000000000000000000012
:105E90000000000000000000000000000000000002
:105EA00000000000000000000000000000000000F2
:105EB00000000000000000000000000000000000E2
:105EC00000000000000000000000000000000000D2
:105ED00000000000000000000000000000000000C2
:105EE00000000000000000000000000000000000B2
:105EF00000000000000000000000000000000000A2
:105F00000000000000000000000000000000000091
:105F10000000000000000000000000000000000081
:105F20000000000000000000000000000000000071
:105F30000000000000000000000000000000000061
:105F40000000000000000000000000000000000051
:105F50000000000000000000000000000000000041
:105F60000000000000000000000000000000000031
:105F70000000000000000000000000000000000021
:105F80000000000000000000000000000000000011
:105F90000000000000000000000000000000000001
:105FA00000000000000000000000000000000000F1
:105FB00000000000000000000000000000000000E1
:105FC00000000000000000000000000000000000D1
:105FD00000000000000000000000000000000000C1
:105FE00000000000000000000000000000000000B1
:105FF00000000000000000000000000000000000A1
:106000000000000000000000000000000000000090
:106010000000000000000000000000000000000080
:106020000000000000000000000000000000000070
:106030000000000000000000000000000000000060
:106040000000000000000000000000000000000050
:106050000000000000000000000000000000000040
:106060000000000000000000000000000000000030
:106070000000000000000000000000000000000020
:106080000000000000000000000000000000000010
:106090000000000000000000000000000000000000
:1060A00000000000000000000000000000000000F0
:1060B00000000000000000000000000000000000E0
:1060C00000000000000000000000000000000000D0
:1060D00000000000000000000000000000000000C0
:1060E00000000000000000000000000000000000B0
:1060F00000000000000000000000000000000000A0
:10610000000000000000000000000000000000008F
:10611000000000000000000000000000000000007F
:10612000000000000000000000000000000000006F
:10613000000000000000000000000000000000005F
:10614000000000000000000000000000000000004F
:10615000000000000000000000000000000000003F
:10616000000000000000000000000000000000002F
:10617000000000000000000000000000000000001F
:10618000000000000000000000000000000000000F
:1061900000000000000000000000000000000000FF
:1061A00000000000000000000000000000000000EF
:1061B00000000000000000000000000000000000DF
:1061C00000000000000000000000000000000000CF
:1061D00000000000000000000000000000000000BF
:1061E00000000000000000000000000000000000AF
:1061F000000000000000000000000000000000009F
:10620000000000000000000000000000000000008E
:10621000000000000000000000000000000000007E
:10622000000000000000000000000000000000006E
:10623000000000000000000000000000000000005E
:10624000000000000000000000000000000000004E
:10625000000000000000000000000000000000003E
:10626000000000000000000000000000000000002E
:10627000000000000000000000000000000000001E
:10628000000000000000000000000000000000000E
:1062900000000000000000000000000000000000FE
:1062A00000000000000000000000000000000000EE
:1062B00000000000000000000000000000000000DE
:1062C00000000000000000000000000000000000CE
:1062D00000000000000000000000000000000000BE
:1062E00000000000000000000000000000000000AE
:1062F000000000000000000000000000000000009E
:10630000000000000000000000000000000000008D
:10631000000000000000000000000000000000007D
:10632000000000000000000000000000000000006D
:10633000000000000000000000000000000000005D
:10634000000000000000000000000000000000004D
:10635000000000000000000000000000000000003D
:10636000000000000000000000000000000000002D
:10637000000000000000000000000000000000001D
:10638000000000000000000000000000000000000D
:1063900000000000000000000000000000000000FD
:1063A00000000000000000000000000000000000ED
:1063B00000000000000000000000000000000000DD
:1063C00000000000000000000000000000000000CD
:1063D00000000000000000000000000000000000BD
:1063E00000000000000000000000000000000000AD
:1063F000000000000000000000000000000000009D
:10640000000000000000000000000000000000008C
:10641000000000000000000000000000000000007C
:10642000000000000000000000000000000000006C
:10643000000000000000000000000000000000005C
:10644000000000000000000000000000000000004C
:10645000000000000000000000000000000000003C
:10646000000000000000000000000000000000002C
:10647000000000000000000000000000000000001C
:10648000000000000000000000000000000000000C
:1064900000000000000000000000000000000000FC
:1064A00000000000000000000000000000000000EC
:1064B00000000000000000000000000000000000DC
:1064C00000000000000000000000000000000000CC
:1064D00000000000000000000000000000000000BC
:1064E00000000000000000000000000000000000AC
:1064F000000000000000000000000000000000009C
:10650000000000000000000000000000000000008B
:10651000000000000000000000000000000000007B
:10652000000000000000000000000000000000006B
:10653000000000000000000000000000000000005B
:10654000000000000000000000000000000000004B
:10655000000000000000000000000000000000003B
:10656000000000000000000000000000000000002B
:10657000000000000000000000000000000000001B
:10658000000000000000000000000000000000000B
:1065900000000000000000000000000000000000FB
:1065A00000000000000000000000000000000000EB
:1065B00000000000000000000000000000000000DB
:1065C00000000000000000000000000000000000CB
:1065D00000000000000000000000000000000000BB
:1065E00000000000000000000000000000000000AB
:1065F000000000000000000000000000000000009B
:10660000000000000000000000000000000000008A
:10661000000000000000000000000000000000007A
:10662000000000000000000000000000000000006A
:10663000000000000000000000000000000000005A
:10664000000000000000000000000000000000004A
:10665000000000000000000000000000000000003A
:10666000000000000000000000000000000000002A
:10667000000000000000000000000000000000001A
:10668000000000000000000000000000000000000A
:1066900000000000000000000000000000000000FA
:1066A00000000000000000000000000000000000EA
:1066B00000000000000000000000000000000000DA
:1066C00000000000000000000000000000000000CA
:1066D00000000000000000000000000000000000BA
:1066E00000000000000000000000000000000000AA
:1066F000000000000000000000000000000000009A
:106700000000000000000000000000000000000089
:106710000000000000000000000000000000000079
:106720000000000000000000000000000000000069
:106730000000000000000000000000000000000059
:106740000000000000000000000000000000000049
:106750000000000000000000000000000000000039
:106760000000000000000000000000000000000029
:106770000000000000000000000000000000000019
:106780000000000000000000000000000000000009
:1067900000000000000000000000000000000000F9
:1067A00000000000000000000000000000000000E9
:1067B00000000000000000000000000000000000D9
:1067C00000000000000000000000000000000000C9
:1067D00000000000000000000000000000000000B9
:1067E00000000000000000000000000000000000A9
:1067F0000000000000000000000000000000000099
:106800000000000000000000000000000000000088
:106810000000000000000000000000000000000078
:106820000000000000000000000000000000000068
:106830000000000000000000000000000000000058
:106840000000000000000000000000000000000048
:106850000000000000000000000000000000000038
:106860000000000000000000000000000000000028
:106870000000000000000000000000000000000018
:106880000000000000000000000000000000000008
:1068900000000000000000000000000000000000F8
:1068A00000000000000000000000000000000000E8
:1068B00000000000000000000000000000000000D8
:1068C00000000000000000000000000000000000C8
:1068D00000000000000000000000000000000000B8
:1068E00000000000000000000000000000000000A8
:1068F0000000000000000000000000000000000098
:106900000000000000000000000000000000000087
:106910000000000000000000000000000000000077
:106920000000000000000000000000000000000067
:106930000000000000000000000000000000000057
:106940000000000000000000000000000000000047
:106950000000000000000000000000000000000037
:106960000000000000000000000000000000000027
:106970000000000000000000000000000000000017
:106980000000000000000000000000000000000007
:1069900000000000000000000000000000000000F7
:1069A00000000000000000000000000000000000E7
:1069B00000000000000000000000000000000000D7
:1069C00000000000000000000000000000000000C7
:1069D00000000000000000000000000000000000B7
:1069E00000000000000000000000000000000000A7
:1069F0000000000000000000000000000000000097
:106A00000000000000000000000000000000000086
:106A10000000000000000000000000000000000076
:106A20000000000000000000000000000000000066
:106A30000000000000000000000000000000000056
:106A40000000000000000000000000000000000046
:106A50000000000000000000000000000000000036
:106A60000000000000000000000000000000000026
:106A70000000000000000000000000000000000016
:106A80000000000000000000000000000000000006
:106A900000000000000000000000000000000000F6
:106AA00000000000000000000000000000000000E6
:106AB00000000000000000000000000000000000D6
:106AC00000000000000000000000000000000000C6
:106AD00000000000000000000000000000000000B6
:106AE00000000000000000000000000000000000A6
:106AF0000000000000000000000000000000000096
:106B00000000000000000000000000000000000085
:106B10000000000000000000000000000000000075
:106B20000000000000000000000000000000000065
:106B30000000000000000000000000000000000055
:106B40000000000000000000000000000000000045
:106B50000000000000000000000000000000000035
:106B60000000000000000000000000000000000025
:106B70000000000000000000000000000000000015
:106B80000000000000000000000000000000000005
:106B900000000000000000000000000000000000F5
:106BA00000000000000000000000000000000000E5
:106BB00000000000000000000000000000000000D5
:106BC00000000000000000000000000000000000C5
:106BD00000000000000000000000000000000000B5
:106BE00000000000000000000000000000000000A5
:106BF0000000000000000000000000000000000095
:106C00000000000000000000000000000000000084
:106C10000000000000000000000000000000000074
:106C20000000000000000000000000000000000064
:106C30000000000000000000000000000000000054
:106C40000000000000000000000000000000000044
:106C50000000000000000000000000000000000034
:106C60000000000000000000000000000000000024
:106C70000000000000000000000000000000000014
:106C80000000000000000000000000000000000004
:106C900000000000000000000000000000000000F4
:106CA00000000000000000000000000000000000E4
:106CB00000000000000000000000000000000000D4
:106CC00000000000000000000000000000000000C4
:106CD00000000000000000000000000000000000B4
:106CE00000000000000000000000000000000000A4
:106CF0000000000000000000000000000000000094
:106D00000000000000000000000000000000000083
:106D10000000000000000000000000000000000073
:106D20000000000000000000000000000000000063
:106D30000000000000000000000000000000000053
:106D40000000000000000000000000000000000043
:106D50000000000000000000000000000000000033
:106D60000000000000000000000000000000000023
:106D70000000000000000000000000000000000013
:106D80000000000000000000000000000000000003
:106D900000000000000000000000000000000000F3
:106DA00000000000000000000000000000000000E3
:106DB00000000000000000000000000000000000D3
:106DC00000000000000000000000000000000000C3
:106DD00000000000000000000000000000000000B3
:106DE00000000000000000000000000000000000A3
:106DF0000000000000000000000000000000000093
:106E00000000000000000000000000000000000082
:106E10000000000000000000000000000000000072
:106E20000000000000000000000000000000000062
:106E30000000000000000000000000000000000052
:106E40000000000000000000000000000000000042
:106E50000000000000000000000000000000000032
:106E60000000000000000000000000000000000022
:106E70000000000000000000000000000000000012
:106E80000000000000000000000000000000000002
:106E900000000000000000000000000000000000F2
:106EA00000000000000000000000000000000000E2
:106EB00000000000000000000000000000000000D2
:106EC00000000000000000000000000000000000C2
:106ED00000000000000000000000000000000000B2
:106EE00000000000000000000000000000000000A2
:106EF0000000000000000000000000000000000092
:106F00000000000000000000000000000000000081
:106F10000000000000000000000000000000000071
:106F20000000000000000000000000000000000061
:106F30000000000000000000000000000000000051
:106F40000000000000000000000000000000000041
:106F50000000000000000000000000000000000031
:106F60000000000000000000000000000000000021
:106F70000000000000000000000000000000000011
:106F80000000000000000000000000000000000001
:106F900000000000000000000000000000000000F1
:106FA00000000000000000000000000000000000E1
:106FB00000000000000000000000000000000000D1
:106FC00000000000000000000000000000000000C1
:106FD00000000000000000000000000000000000B1
:106FE00000000000000000000000000000000000A1
:106FF0000000000000000000000000000000000091
:107000000000000000000000000000000000000080
:107010000000000000000000000000000000000070
:107020000000000000000000000000000000000060
:107030000000000000000000000000000000000050
:107040000000000000000000000000000000000040
:107050000000000000000000000000000000000030
:107060000000000000000000000000000000000020
:107070000000000000000000000000000000000010
:107080000000000000000000000000000000000000
:1070900000000000000000000000000000000000F0
:1070A00000000000000000000000000000000000E0
:1070B00000000000000000000000000000000000D0
:1070C00000000000000000000000000000000000C0
:1070D00000000000000000000000000000000000B0
:1070E00000000000000000000000000000000000A0
:1070F0000000000000000000000000000000000090
:10710000000000000000000000000000000000007F
:10711000000000000000000000000000000000006F
:10712000000000000000000000000000000000005F
:10713000000000000000000000000000000000004F
:10714000000000000000000000000000000000003F
:10715000000000000000000000000000000000002F
:10716000000000000000000000000000000000001F
:10717000000000000000000000000000000000000F
:1071800000000000000000000000000000000000FF
:1071900000000000000000000000000000000000EF
:1071A00000000000000000000000000000000000DF
:1071B00000000000000000000000000000000000CF
:1071C00000000000000000000000000000000000BF
:1071D00000000000000000000000000000000000AF
:1071E000000000000000000000000000000000009F
:1071F000000000000000000000000000000000008F
:10720000000000000000000000000000000000007E
:10721000000000000000000000000000000000006E
:10722000000000000000000000000000000000005E
:10723000000000000000000000000000000000004E
:10724000000000000000000000000000000000003E
:10725000000000000000000000000000000000002E
:10726000000000000000000000000000000000001E
:10727000000000000000000000000000000000000E
:1072800000000000000000000000000000000000FE
:1072900000000000000000000000000000000000EE
:1072A00000000000000000000000000000000000DE
:1072B00000000000000000000000000000000000CE
:1072C00000000000000000000000000000000000BE
:1072D00000000000000000000000000000000000AE
:1072E000000000000000000000000000000000009E
:1072F000000000000000000000000000000000008E
:10730000000000000000000000000000000000007D
:10731000000000000000000000000000000000006D
:10732000000000000000000000000000000000005D
:10733000000000000000000000000000000000004D
:10734000000000000000000000000000000000003D
:10735000000000000000000000000000000000002D
:10736000000000000000000000000000000000001D
:10737000000000000000000000000000000000000D
:1073800000000000000000000000000000000000FD
:1073900000000000000000000000000000000000ED
:1073A00000000000000000000000000000000000DD
:1073B00000000000000000000000000000000000CD
:1073C00000000000000000000000000000000000BD
:1073D00000000000000000000000000000000000AD
:1073E000000000000000000000000000000000009D
:1073F000000000000000000000000000000000008D
:10740000000000000000000000000000000000007C
:10741000000000000000000000000000000000006C
:10742000000000000000000000000000000000005C
:10743000000000000000000000000000000000004C
:10744000000000000000000000000000000000003C
:10745000000000000000000000000000000000002C
:10746000000000000000000000000000000000001C
:10747000000000000000000000000000000000000C
:1074800000000000000000000000000000000000FC
:1074900000000000000000000000000000000000EC
:1074A00000000000000000000000000000000000DC
:1074B00000000000000000000000000000000000CC
:1074C00000000000000000000000000000000000BC
:1074D00000000000000000000000000000000000AC
:1074E000000000000000000000000000000000009C
:1074F000000000000000000000000000000000008C
:10750000000000000000000000000000000000007B
:10751000000000000000000000000000000000006B
:10752000000000000000000000000000000000005B
:10753000000000000000000000000000000000004B
:10754000000000000000000000000000000000003B
:10755000000000000000000000000000000000002B
:10756000000000000000000000000000000000001B
:10757000000000000000000000000000000000000B
:1075800000000000000000000000000000000000FB
:1075900000000000000000000000000000000000EB
:1075A00000000000000000000000000000000000DB
:1075B00000000000000000000000000000000000CB
:1075C00000000000000000000000000000000000BB
:1075D00000000000000000000000000000000000AB
:1075E000000000000000000000000000000000009B
:1075F000000000000000000000000000000000008B
:10760000000000000000000000000000000000007A
:10761000000000000000000000000000000000006A
:10762000000000000000000000000000000000005A
:10763000000000000000000000000000000000004A
:10764000000000000000000000000000000000003A
:10765000000000000000000000000000000000002A
:10766000000000000000000000000000000000001A
:10767000000000000000000000000000000000000A
:1076800000000000000000000000000000000000FA
:1076900000000000000000000000000000000000EA
:1076A00000000000000000000000000000000000DA
:1076B00000000000000000000000000000000000CA
:1076C00000000000000000000000000000000000BA
:1076D00000000000000000000000000000000000AA
:1076E000000000000000000000000000000000009A
:1076F000000000000000000000000000000000008A
:107700000000000000000000000000000000000079
:107710000000000000000000000000000000000069
:107720000000000000000000000000000000000059
:107730000000000000000000000000000000000049
:107740000000000000000000000000000000000039
:107750000000000000000000000000000000000029
:107760000000000000000000000000000000000019
:107770000000000000000000000000000000000009
:1077800000000000000000000000000000000000F9
:1077900000000000000000000000000000000000E9
:1077A00000000000000000000000000000000000D9
:1077B00000000000000000000000000000000000C9
:1077C00000000000000000000000000000000000B9
:1077D00000000000000000000000000000000000A9
:1077E0000000000000000000000000000000000099
:1077F0000000000000000000000000000000000089
:107800000000000000000000000000000000000078
:107810000000000000000000000000000000000068
:107820000000000000000000000000000000000058
:107830000000000000000000000000000000000048
:107840000000000000000000000000000000000038
:107850000000000000000000000000000000000028
:107860000000000000000000000000000000000018
:107870000000000000000000000000000000000008
:1078800000000000000000000000000000000000F8
:1078900000000000000000000000000000000000E8
:1078A00000000000000000000000000000000000D8
:1078B00000000000000000000000000000000000C8
:1078C00000000000000000000000000000000000B8
:1078D00000000000000000000000000000000000A8
:1078E0000000000000000000000000000000000098
:1078F0000000000000000000000000000000000088
:107900000000000000000000000000000000000077
:107910000000000000000000000000000000000067
:107920000000000000000000000000000000000057
:107930000000000000000000000000000000000047
:107940000000000000000000000000000000000037
:107950000000000000000000000000000000000027
:107960000000000000000000000000000000000017
:107970000000000000000000000000000000000007
:1079800000000000000000000000000000000000F7
:1079900000000000000000000000000000000000E7
:1079A00000000000000000000000000000000000D7
:1079B00000000000000000000000000000000000C7
:1079C00000000000000000000000000000000000B7
:1079D00000000000000000000000000000000000A7
:1079E0000000000000000000000000000000000097
:1079F0000000000000000000000000000000000087
:107A00000000000000000000000000000000000076
:107A10000000000000000000000000000000000066
:107A20000000000000000000000000000000000056
:107A30000000000000000000000000000000000046
:107A40000000000000000000000000000000000036
:107A50000000000000000000000000000000000026
:107A60000000000000000000000000000000000016
:107A70000000000000000000000000000000000006
:107A800000000000000000000000000000000000F6
:107A900000000000000000000000000000000000E6
:107AA00000000000000000000000000000000000D6
:107AB00000000000000000000000000000000000C6
:107AC00000000000000000000000000000000000B6
:107AD00000000000000000000000000000000000A6
:107AE0000000000000000000000000000000000096
:107AF0000000000000000000000000000000000086
:107B00000000000000000000000000000000000075
:107B10000000000000000000000000000000000065
:107B20000000000000000000000000000000000055
:107B30000000000000000000000000000000000045
:107B40000000000000000000000000000000000035
:107B50000000000000000000000000000000000025
:107B60000000000000000000000000000000000015
:107B70000000000000000000000000000000000005
:107B800000000000000000000000000000000000F5
:107B900000000000000000000000000000000000E5
:107BA00000000000000000000000000000000000D5
:107BB00000000000000000000000000000000000C5
:107BC00000000000000000000000000000000000B5
:107BD00000000000000000000000000000000000A5
:107BE0000000000000000000000000000000000095
:107BF0000000000000000000000000000000000085
:107C00000000000000000000000000000000000074
:107C10000000000000000000000000000000000064
:107C20000000000000000000000000000000000054
:107C30000000000000000000000000000000000044
:107C40000000000000000000000000000000000034
:107C50000000000000000000000000000000000024
:107C60000000000000000000000000000000000014
:107C70000000000000000000000000000000000004
:107C800000000000000000000000000000000000F4
:107C900000000000000000000000000000000000E4
:107CA00000000000000000000000000000000000D4
:107CB00000000000000000000000000000000000C4
:107CC00000000000000000000000000000000000B4
:107CD00000000000000000000000000000000000A4
:107CE0000000000000000000000000000000000094
:107CF0000000000000000000000000000000000084
:107D00000000000000000000000000000000000073
:107D10000000000000000000000000000000000063
:107D20000000000000000000000000000000000053
:107D30000000000000000000000000000000000043
:107D40000000000000000000000000000000000033
:107D50000000000000000000000000000000000023
:107D60000000000000000000000000000000000013
:107D70000000000000000000000000000000000003
:107D800000000000000000000000000000000000F3
:107D900000000000000000000000000000000000E3
:107DA00000000000000000000000000000000000D3
:107DB00000000000000000000000000000000000C3
:107DC00000000000000000000000000000000000B3
:107DD00000000000000000000000000000000000A3
:107DE0000000000000000000000000000000000093
:107DF0000000000000000000000000000000000083
:107E00000000000000000000000000000000000072
:107E10000000000000000000000000000000000062
:107E20000000000000000000000000000000000052
:107E30000000000000000000000000000000000042
:107E40000000000000000000000000000000000032
:107E50000000000000000000000000000000000022
:107E60000000000000000000000000000000000012
:107E70000000000000000000000000000000000002
:107E800000000000000000000000000000000000F2
:107E900000000000000000000000000000000000E2
:107EA00000000000000000000000000000000000D2
:107EB00000000000000000000000000000000000C2
:107EC00000000000000000000000000000000000B2
:107ED00000000000000000000000000000000000A2
:107EE0000000000000000000000000000000000092
:107EF0000000000000000000000000000000000082
:107F00000000000000000000000000000000000071
:107F10000000000000000000000000000000000061
:107F20000000000000000000000000000000000051
:107F30000000000000000000000000000000000041
:107F40000000000000000000000000000000000031
:107F50000000000000000000000000000000000021
:107F60000000000000000000000000000000000011
:107F70000000000000000000000000000000000001
:107F800000000000000000000000000000000000F1
:107F900000000000000000000000000000000000E1
:107FA00000000000000000000000000000000000D1
:107FB00000000000000000000000000000000000C1
:107FC00000000000000000000000000000000000B1
:107FD00000000000000000000000000000000000A1
:107FE0000000000000000000000000000000000091
:107FF0000000000000000000000000000000000081
:108000000000000000000000000000000000000070
:108010000000000000000000000000000000000060
:108020000000000000000000000000000000000050
:108030000000000000000000000000000000000040
:108040000000000000000000000000000000000030
:108050000000000000000000000000000000000020
:108060000000000000000000000000000000000010
:108070000000000000000000000000000000000000
:1080800000000000000000000000000000000000F0
:1080900000000000000000000000000000000000E0
:1080A00000000000000000000000000000000000D0
:1080B00000000000000000000000000000000000C0
:1080C00000000000000000000000000000000000B0
:1080D00000000000000000000000000000000000A0
:1080E0000000000000000000000000000000000090
:1080F0000000000000000000000000000000000080
:10810000000000000000000000000000000000006F
:10811000000000000000000000000000000000005F
:10812000000000000000000000000000000000004F
:10813000000000000000000000000000000000003F
:10814000000000000000000000000000000000002F
:10815000000000000000000000000000000000001F
:10816000000000000000000000000000000000000F
:1081700000000000000000000000000000000000FF
:1081800000000000000000000000000000000000EF
:1081900000000000000000000000000000000000DF
:1081A00000000000000000000000000000000000CF
:1081B00000000000000000000000000000000000BF
:1081C00000000000000000000000000000000000AF
:1081D000000000000000000000000000000000009F
:1081E000000000000000000000000000000000008F
:1081F000000000000000000000000000000000007F
:10820000000000000000000000000000000000006E
:10821000000000000000000000000000000000005E
:10822000000000000000000000000000000000004E
:10823000000000000000000000000000000000003E
:10824000000000000000000000000000000000002E
:10825000000000000000000000000000000000001E
:10826000000000000000000000000000000000000E
:1082700000000000000000000000000000000000FE
:1082800000000000000000000000000000000000EE
:1082900000000000000000000000000000000000DE
:1082A00000000000000000000000000000000000CE
:1082B00000000000000000000000000000000000BE
:1082C00000000000000000000000000000000000AE
:1082D000000000000000000000000000000000009E
:1082E000000000000000000000000000000000008E
:1082F000000000000000000000000000000000007E
:10830000000000000000000000000000000000006D
:10831000000000000000000000000000000000005D
:10832000000000000000000000000000000000004D
:10833000000000000000000000000000000000003D
:10834000000000000000000000000000000000002D
:10835000000000000000000000000000000000001D
:10836000000000000000000000000000000000000D
:1083700000000000000000000000000000000000FD
:1083800000000000000000000000000000000000ED
:1083900000000000000000000000000000000000DD
:1083A00000000000000000000000000000000000CD
:1083B00000000000000000000000000000000000BD
:1083C00000000000000000000000000000000000AD
:1083D000000000000000000000000000000000009D
:1083E000000000000000000000000000000000008D
:1083F000000000000000000000000000000000007D
:10840000000000000000000000000000000000006C
:10841000000000000000000000000000000000005C
:10842000000000000000000000000000000000004C
:10843000000000000000000000000000000000003C
:10844000000000000000000000000000000000002C
:10845000000000000000000000000000000000001C
:10846000000000000000000000000000000000000C
:1084700000000000000000000000000000000000FC
:1084800000000000000000000000000000000000EC
:1084900000000000000000000000000000000000DC
:1084A00000000000000000000000000000000000CC
:1084B00000000000000000000000000000000000BC
:1084C00000000000000000000000000000000000AC
:1084D000000000000000000000000000000000009C
:1084E000000000000000000000000000000000008C
:1084F000000000000000000000000000000000007C
:10850000000000000000000000000000000000006B
:10851000000000000000000000000000000000005B
:10852000000000000000000000000000000000004B
:10853000000000000000000000000000000000003B
:10854000000000000000000000000000000000002B
:10855000000000000000000000000000000000001B
:10856000000000000000000000000000000000000B
:1085700000000000000000000000000000000000FB
:1085800000000000000000000000000000000000EB
:1085900000000000000000000000000000000000DB
:1085A00000000000000000000000000000000000CB
:1085B00000000000000000000000000000000000BB
:1085C00000000000000000000000000000000000AB
:1085D000000000000000000000000000000000009B
:1085E000000000000000000000000000000000008B
:1085F000000000000000000000000000000000007B
:10860000000000000000000000000000000000006A
:10861000000000000000000000000000000000005A
:10862000000000000000000000000000000000004A
:10863000000000000000000000000000000000003A
:10864000000000000000000000000000000000002A
:10865000000000000000000000000000000000001A
:10866000000000000000000000000000000000000A
:1086700000000000000000000000000000000000FA
:1086800000000000000000000000000000000000EA
:1086900000000000000000000000000000000000DA
:1086A00000000000000000000000000000000000CA
:1086B00000000000000000000000000000000000BA
:1086C00000000000000000000000000000000000AA
:1086D000000000000000000000000000000000009A
:1086E000000000000000000000000000000000008A
:1086F000000000000000000000000000000000007A
:108700000000000000000000000000000000000069
:108710000000000000000000000000000000000059
:108720000000000000000000000000000000000049
:108730000000000000000000000000000000000039
:108740000000000000000000000000000000000029
:108750000000000000000000000000000000000019
:108760000000000000000000000000000000000009
:1087700000000000000000000000000000000000F9
:1087800000000000000000000000000000000000E9
:1087900000000000000000000000000000000000D9
:1087A00000000000000000000000000000000000C9
:1087B00000000000000000000000000000000000B9
:1087C00000000000000000000000000000000000A9
:1087D0000000000000000000000000000000000099
:1087E0000000000000000000000000000000000089
:1087F0000000000000000000000000000000000079
:108800000000000000000000000000000000000068
:108810000000000000000000000000000000000058
:108820000000000000000000000000000000000048
:108830000000000000000000000000000000000038
:108840000000000000000000000000000000000028
:108850000000000000000000000000000000000018
:108860000000000000000000000000000000000008
:1088700000000000000000000000000000000000F8
:1088800000000000000000000000000000000000E8
:1088900000000000000000000000000000000000D8
:1088A00000000000000000000000000000000000C8
:1088B00000000000000000000000000000000000B8
:1088C00000000000000000000000000000000000A8
:1088D0000000000000000000000000000000000098
:1088E0000000000000000000000000000000000088
:1088F0000000000000000000000000000000000078
:108900000000000000000000000000000000000067
:108910000000000000000000000000000000000057
:108920000000000000000000000000000000000047
:108930000000000000000000000000000000000037
:108940000000000000000000000000000000000027
:108950000000000000000000000000000000000017
:108960000000000000000000000000000000000007
:1089700000000000000000000000000000000000F7
:1089800000000000000000000000000000000000E7
:1089900000000000000000000000000000000000D7
:1089A00000000000000000000000000000000000C7
:1089B00000000000000000000000000000000000B7
:1089C00000000000000000000000000000000000A7
:1089D0000000000000000000000000000000000097
:1089E0000000000000000000000000000000000087
:1089F0000000000000000000000000000000000077
:108A00000000000000000000000000000000000066
:108A10000000000000000000000000000000000056
:108A20000000000000000000000000000000000046
:108A30000000000000000000000000000000000036
:108A40000000000000000000000000000000000026
:108A50000000000000000000000000000000000016
:108A60000000000000000000000000000000000006
:108A700000000000000000000000000000000000F6
:108A800000000000000000000000000000000000E6
:108A900000000000000000000000000000000000D6
:108AA00000000000000000000000000000000000C6
:108AB00000000000000000000000000000000000B6
:108AC00000000000000000000000000000000000A6
:108AD0000000000000000000000000000000000096
:108AE0000000000000000000000000000000000086
:108AF0000000000000000000000000000000000076
:108B00000000000000000000000000000000000065
:108B10000000000000000000000000000000000055
:108B20000000000000000000000000000000000045
:108B30000000000000000000000000000000000035
:108B40000000000000000000000000000000000025
:108B50000000000000000000000000000000000015
:108B60000000000000000000000000000000000005
:108B700000000000000000000000000000000000F5
:108B800000000000000000000000000000000000E5
:108B900000000000000000000000000000000000D5
:108BA00000000000000000000000000000000000C5
:108BB00000000000000000000000000000000000B5
:108BC00000000000000000000000000000000000A5
:108BD0000000000000000000000000000000000095
:108BE0000000000000000000000000000000000085
:108BF0000000000000000000000000000000000075
:108C00000000000000000000000000000000000064
:108C10000000000000000000000000000000000054
:108C20000000000000000000000000000000000044
:108C30000000000000000000000000000000000034
:108C40000000000000000000000000000000000024
:108C50000000000000000000000000000000000014
:108C60000000000000000000000000000000000004
:108C700000000000000000000000000000000000F4
:108C800000000000000000000000000000000000E4
:108C900000000000000000000000000000000000D4
:108CA00000000000000000000000000000000000C4
:108CB00000000000000000000000000000000000B4
:108CC00000000000000000000000000000000000A4
:108CD0000000000000000000000000000000000094
:108CE0000000000000000000000000000000000084
:108CF0000000000000000000000000000000000074
:108D00000000000000000000000000000000000063
:108D10000000000000000000000000000000000053
:108D20000000000000000000000000000000000043
:108D30000000000000000000000000000000000033
:108D40000000000000000000000000000000000023
:108D50000000000000000000000000000000000013
:108D60000000000000000000000000000000000003
:108D700000000000000000000000000000000000F3
:108D800000000000000000000000000000000000E3
:108D900000000000000000000000000000000000D3
:108DA00000000000000000000000000000000000C3
:108DB00000000000000000000000000000000000B3
:108DC00000000000000000000000000000000000A3
:108DD0000000000000000000000000000000000093
:108DE0000000000000000000000000000000000083
:108DF0000000000000000000000000000000000073
:108E00000000000000000000000000000000000062
:108E10000000000000000000000000000000000052
:108E20000000000000000000000000000000000042
:108E30000000000000000000000000000000000032
:108E40000000000000000000000000000000000022
:108E50000000000000000000000000000000000012
:108E60000000000000000000000000000000000002
:108E700000000000000000000000000000000000F2
:108E800000000000000000000000000000000000E2
:108E900000000000000000000000000000000000D2
:108EA00000000000000000000000000000000000C2
:108EB00000000000000000000000000000000000B2
:108EC00000000000000000000000000000000000A2
:108ED0000000000000000000000000000000000092
:108EE0000000000000000000000000000000000082
:108EF0000000000000000000000000000000000072
:108F00000000000000000000000000000000000061
:108F10000000000000000000000000000000000051
:108F20000000000000000000000000000000000041
:108F30000000000000000000000000000000000031
:108F40000000000000000000000000000000000021
:108F50000000000000000000000000000000000011
:108F60000000000000000000000000000000000001
:108F700000000000000000000000000000000000F1
:108F800000000000000000000000000000000000E1
:108F900000000000000000000000000000000000D1
:108FA00000000000000000000000000000000000C1
:108FB00000000000000000000000000000000000B1
:108FC00000000000000000000000000000000000A1
:108FD0000000000000000000000000000000000091
:108FE0000000000000000000000000000000000081
:108FF0000000000000000000000000000000000071
:109000000000000000000000000000000000000060
:109010000000000000000000000000000000000050
:109020000000000000000000000000000000000040
:109030000000000000000000000000000000000030
:109040000000000000000000000000000000000020
:109050000000000000000000000000000000000010
:109060000000000000000000000000000000000000
:1090700000000000000000000000000000000000F0
:1090800000000000000000000000000000000000E0
:1090900000000000000000000000000000000000D0
:1090A00000000000000000000000000000000000C0
:1090B00000000000000000000000000000000000B0
:1090C00000000000000000000000000000000000A0
:1090D0000000000000000000000000000000000090
:1090E0000000000000000000000000000000000080
:1090F0000000000000000000000000000000000070
:10910000000000000000000000000000000000005F
:10911000000000000000000000000000000000004F
:10912000000000000000000000000000000000003F
:10913000000000000000000000000000000000002F
:10914000000000000000000000000000000000001F
:10915000000000000000000000000000000000000F
:1091600000000000000000000000000000000000FF
:1091700000000000000000000000000000000000EF
:1091800000000000000000000000000000000000DF
:1091900000000000000000000000000000000000CF
:1091A00000000000000000000000000000000000BF
:1091B00000000000000000000000000000000000AF
:1091C000000000000000000000000000000000009F
:1091D000000000000000000000000000000000008F
:1091E000000000000000000000000000000000007F
:1091F000000000000000000000000000000000006F
:10920000000000000000000000000000000000005E
:10921000000000000000000000000000000000004E
:10922000000000000000000000000000000000003E
:10923000000000000000000000000000000000002E
:10924000000000000000000000000000000000001E
:10925000000000000000000000000000000000000E
:1092600000000000000000000000000000000000FE
:1092700000000000000000000000000000000000EE
:1092800000000000000000000000000000000000DE
:1092900000000000000000000000000000000000CE
:1092A00000000000000000000000000000000000BE
:1092B00000000000000000000000000000000000AE
:1092C000000000000000000000000000000000009E
:1092D000000000000000000000000000000000008E
:1092E000000000000000000000000000000000007E
:1092F000000000000000000000000000000000006E
:10930000000000000000000000000000000000005D
:10931000000000000000000000000000000000004D
:10932000000000000000000000000000000000003D
:10933000000000000000000000000000000000002D
:10934000000000000000000000000000000000001D
:10935000000000000000000000000000000000000D
:1093600000000000000000000000000000000000FD
:1093700000000000000000000000000000000000ED
:1093800000000000000000000000000000000000DD
:1093900000000000000000000000000000000000CD
:1093A00000000000000000000000000000000000BD
:1093B00000000000000000000000000000000000AD
:1093C000000000000000000000000000000000009D
:1093D000000000000000000000000000000000008D
:1093E000000000000000000000000000000000007D
:1093F000000000000000000000000000000000006D
:10940000000000000000000000000000000000005C
:10941000000000000000000000000000000000004C
:10942000000000000000000000000000000000003C
:10943000000000000000000000000000000000002C
:10944000000000000000000000000000000000001C
:10945000000000000000000000000000000000000C
:1094600000000000000000000000000000000000FC
:1094700000000000000000000000000000000000EC
:1094800000000000000000000000000000000000DC
:1094900000000000000000000000000000000000CC
:1094A00000000000000000000000000000000000BC
:1094B00000000000000000000000000000000000AC
:1094C000000000000000000000000000000000009C
:1094D000000000000000000000000000000000008C
:1094E000000000000000000000000000000000007C
:1094F000000000000000000000000000000000006C
:10950000000000000000000000000000000000005B
:10951000000000000000000000000000000000004B
:10952000000000000000000000000000000000003B
:10953000000000000000000000000000000000002B
:10954000000000000000000000000000000000001B
:10955000000000000000000000000000000000000B
:1095600000000000000000000000000000000000FB
:1095700000000000000000000000000000000000EB
:1095800000000000000000000000000000000000DB
:1095900000000000000000000000000000000000CB
:1095A00000000000000000000000000000000000BB
:1095B00000000000000000000000000000000000AB
:1095C000000000000000000000000000000000009B
:1095D000000000000000000000000000000000008B
:1095E000000000000000000000000000000000007B
:1095F000000000000000000000000000000000006B
:10960000000000000000000000000000000000005A
:10961000000000000000000000000000000000004A
:10962000000000000000000000000000000000003A
:10963000000000000000000000000000000000002A
:10964000000000000000000000000000000000001A
:10965000000000000000000000000000000000000A
:1096600000000000000000000000000000000000FA
:1096700000000000000000000000000000000000EA
:1096800000000000000000000000000000000000DA
:1096900000000000000000000000000000000000CA
:1096A00000000000000000000000000000000000BA
:1096B00000000000000000000000000000000000AA
:1096C000000000000000000000000000000000009A
:1096D000000000000000000000000000000000008A
:1096E000000000000000000000000000000000007A
:1096F000000000000000000000000000000000006A
:109700000000000000000000000000000000000059
:109710000000000000000000000000000000000049
:109720000000000000000000000000000000000039
:109730000000000000000000000000000000000029
:109740000000000000000000000000000000000019
:109750000000000000000000000000000000000009
:1097600000000000000000000000000000000000F9
:1097700000000000000000000000000000000000E9
:1097800000000000000000000000000000000000D9
:1097900000000000000000000000000000000000C9
:1097A00000000000000000000000000000000000B9
:1097B00000000000000000000000000000000000A9
:1097C0000000000000000000000000000000000099
:1097D0000000000000000000000000000000000089
:1097E0000000000000000000000000000000000079
:1097F0000000000000000000000000000000000069
:109800000000000000000000000000000000000058
:109810000000000000000000000000000000000048
:109820000000000000000000000000000000000038
:109830000000000000000000000000000000000028
:109840000000000000000000000000000000000018
:109850000000000000000000000000000000000008
:1098600000000000000000000000000000000000F8
:1098700000000000000000000000000000000000E8
:1098800000000000000000000000000000000000D8
:1098900000000000000000000000000000000000C8
:1098A00000000000000000000000000000000000B8
:1098B00000000000000000000000000000000000A8
:1098C0000000000000000000000000000000000098
:1098D0000000000000000000000000000000000088
:1098E0000000000000000000000000000000000078
:1098F0000000000000000000000000000000000068
:109900000000000000000000000000000000000057
:109910000000000000000000000000000000000047
:109920000000000000000000000000000000000037
:109930000000000000000000000000000000000027
:109940000000000000000000000000000000000017
:109950000000000000000000000000000000000007
:1099600000000000000000000000000000000000F7
:1099700000000000000000000000000000000000E7
:1099800000000000000000000000000000000000D7
:1099900000000000000000000000000000000000C7
:1099A00000000000000000000000000000000000B7
:1099B00000000000000000000000000000000000A7
:1099C0000000000000000000000000000000000097
:1099D0000000000000000000000000000000000087
:1099E0000000000000000000000000000000000077
:1099F0000000000000000000000000000000000067
:109A00000000000000000000000000000000000056
:109A10000000000000000000000000000000000046
:109A20000000000000000000000000000000000036
:109A30000000000000000000000000000000000026
:109A40000000000000000000000000000000000016
:109A50000000000000000000000000000000000006
:109A600000000000000000000000000000000000F6
:109A700000000000000000000000000000000000E6
:109A800000000000000000000000000000000000D6
:109A900000000000000000000000000000000000C6
:109AA00000000000000000000000000000000000B6
:109AB00000000000000000000000000000000000A6
:109AC0000000000000000000000000000000000096
:109AD0000000000000000000000000000000000086
:109AE0000000000000000000000000000000000076
:109AF0000000000000000000000000000000000066
:109B00000000000000000000000000000000000055
:109B10000000000000000000000000000000000045
:109B20000000000000000000000000000000000035
:109B30000000000000000000000000000000000025
:109B40000000000000000000000000000000000015
:109B50000000000000000000000000000000000005
:109B600000000000000000000000000000000000F5
:109B700000000000000000000000000000000000E5
:109B800000000000000000000000000000000000D5
:109B900000000000000000000000000000000000C5
:109BA00000000000000000000000000000000000B5
:109BB00000000000000000000000000000000000A5
:109BC0000000000000000000000000000000000095
:109BD0000000000000000000000000000000000085
:109BE0000000000000000000000000000000000075
:109BF0000000000000000000000000000000000065
:109C00000000000000000000000000000000000054
:109C10000000000000000000000000000000000044
:109C20000000000000000000000000000000000034
:109C30000000000000000000000000000000000024
:109C40000000000000000000000000000000000014
:109C50000000000000000000000000000000000004
:109C600000000000000000000000000000000000F4
:109C700000000000000000000000000000000000E4
:109C800000000000000000000000000000000000D4
:109C900000000000000000000000000000000000C4
:109CA00000000000000000000000000000000000B4
:109CB00000000000000000000000000000000000A4
:109CC0000000000000000000000000000000000094
:109CD0000000000000000000000000000000000084
:109CE0000000000000000000000000000000000074
:109CF0000000000000000000000000000000000064
:109D00000000000000000000000000000000000053
:109D10000000000000000000000000000000000043
:109D20000000000000000000000000000000000033
:109D30000000000000000000000000000000000023
:109D40000000000000000000000000000000000013
:109D50000000000000000000000000000000000003
:109D600000000000000000000000000000000000F3
:109D700000000000000000000000000000000000E3
:109D800000000000000000000000000000000000D3
:109D900000000000000000000000000000000000C3
:109DA00000000000000000000000000000000000B3
:109DB00000000000000000000000000000000000A3
:109DC0000000000000000000000000000000000093
:109DD0000000000000000000000000000000000083
:109DE0000000000000000000000000000000000073
:109DF0000000000000000000000000000000000063
:109E00000000000000000000000000000000000052
:109E10000000000000000000000000000000000042
:109E20000000000000000000000000000000000032
:109E30000000000000000000000000000000000022
:109E40000000000000000000000000000000000012
:109E50000000000000000000000000000000000002
:109E600000000000000000000000000000000000F2
:109E700000000000000000000000000000000000E2
:109E800000000000000000000000000000000000D2
:109E900000000000000000000000000000000000C2
:109EA00000000000000000000000000000000000B2
:109EB00000000000000000000000000000000000A2
:109EC0000000000000000000000000000000000092
:109ED0000000000000000000000000000000000082
:109EE0000000000000000000000000000000000072
:109EF0000000000000000000000000000000000062
:109F00000000000000000000000000000000000051
:109F10000000000000000000000000000000000041
:109F20000000000000000000000000000000000031
:109F30000000000000000000000000000000000021
:109F40000000000000000000000000000000000011
:109F50000000000000000000000000000000000001
:109F600000000000000000000000000000000000F1
:109F700000000000000000000000000000000000E1
:109F800000000000000000000000000000000000D1
:109F900000000000000000000000000000000000C1
:109FA00000000000000000000000000000000000B1
:109FB00000000000000000000000000000000000A1
:109FC0000000000000000000000000000000000091
:109FD0000000000000000000000000000000000081
:109FE0000000000000000000000000000000000071
:109FF0000000000000000000000000000000000061
:10A000000000000000000000000000000000000050
:10A010000000000000000000000000000000000040
:10A020000000000000000000000000000000000030
:10A030000000000000000000000000000000000020
:10A040000000000000000000000000000000000010
:10A050000000000000000000000000000000000000
:10A0600000000000000000000000000000000000F0
:10A0700000000000000000000000000000000000E0
:10A0800000000000000000000000000000000000D0
:10A0900000000000000000000000000000000000C0
:10A0A00000000000000000000000000000000000B0
:10A0B00000000000000000000000000000000000A0
:10A0C0000000000000000000000000000000000090
:10A0D0000000000000000000000000000000000080
:10A0E0000000000000000000000000000000000070
:10A0F0000000000000000000000000000000000060
:10A10000000000000000000000000000000000004F
:10A11000000000000000000000000000000000003F
:10A12000000000000000000000000000000000002F
:10A13000000000000000000000000000000000001F
:10A14000000000000000000000000000000000000F
:10A1500000000000000000000000000000000000FF
:10A1600000000000000000000000000000000000EF
:10A1700000000000000000000000000000000000DF
:10A1800000000000000000000000000000000000CF
:10A1900000000000000000000000000000000000BF
:10A1A00000000000000000000000000000000000AF
:10A1B000000000000000000000000000000000009F
:10A1C000000000000000000000000000000000008F
:10A1D000000000000000000000000000000000007F
:10A1E000000000000000000000000000000000006F
:10A1F000000000000000000000000000000000005F
:10A20000000000000000000000000000000000004E
:10A21000000000000000000000000000000000003E
:10A22000000000000000000000000000000000002E
:10A23000000000000000000000000000000000001E
:10A24000000000000000000000000000000000000E
:10A2500000000000000000000000000000000000FE
:10A2600000000000000000000000000000000000EE
:10A2700000000000000000000000000000000000DE
:10A2800000000000000000000000000000000000CE
:10A2900000000000000000000000000000000000BE
:10A2A00000000000000000000000000000000000AE
:10A2B000000000000000000000000000000000009E
:10A2C000000000000000000000000000000000008E
:10A2D000000000000000000000000000000000007E
:10A2E000000000000000000000000000000000006E
:10A2F000000000000000000000000000000000005E
:10A30000000000000000000000000000000000004D
:10A31000000000000000000000000000000000003D
:10A32000000000000000000000000000000000002D
:10A33000000000000000000000000000000000001D
:10A34000000000000000000000000000000000000D
:10A3500000000000000000000000000000000000FD
:10A3600000000000000000000000000000000000ED
:10A3700000000000000000000000000000000000DD
:10A3800000000000000000000000000000000000CD
:10A3900000000000000000000000000000000000BD
:10A3A00000000000000000000000000000000000AD
:10A3B000000000000000000000000000000000009D
:10A3C000000000000000000000000000000000008D
:10A3D000000000000000000000000000000000007D
:10A3E000000000000000000000000000000000006D
:10A3F000000000000000000000000000000000005D
:10A40000000000000000000000000000000000004C
:10A41000000000000000000000000000000000003C
:10A42000000000000000000000000000000000002C
:10A43000000000000000000000000000000000001C
:10A44000000000000000000000000000000000000C
:10A4500000000000000000000000000000000000FC
:10A4600000000000000000000000000000000000EC
:10A4700000000000000000000000000000000000DC
:10A4800000000000000000000000000000000000CC
:10A4900000000000000000000000000000000000BC
:10A4A00000000000000000000000000000000000AC
:10A4B000000000000000000000000000000000009C
:10A4C000000000000000000000000000000000008C
:10A4D000000000000000000000000000000000007C
:10A4E000000000000000000000000000000000006C
:10A4F000000000000000000000000000000000005C
:10A50000000000000000000000000000000000004B
:10A51000000000000000000000000000000000003B
:10A52000000000000000000000000000000000002B
:10A53000000000000000000000000000000000001B
:10A54000000000000000000000000000000000000B
:10A5500000000000000000000000000000000000FB
:10A5600000000000000000000000000000000000EB
:10A5700000000000000000000000000000000000DB
:10A5800000000000000000000000000000000000CB
:10A5900000000000000000000000000000000000BB
:10A5A00000000000000000000000000000000000AB
:10A5B000000000000000000000000000000000009B
:10A5C000000000000000000000000000000000008B
:10A5D000000000000000000000000000000000007B
:10A5E000000000000000000000000000000000006B
:10A5F000000000000000000000000000000000005B
:10A60000000000000000000000000000000000004A
:10A61000000000000000000000000000000000003A
:10A62000000000000000000000000000000000002A
:10A63000000000000000000000000000000000001A
:10A64000000000000000000000000000000000000A
:10A6500000000000000000000000000000000000FA
:10A6600000000000000000000000000000000000EA
:10A6700000000000000000000000000000000000DA
:10A6800000000000000000000000000000000000CA
:10A6900000000000000000000000000000000000BA
:10A6A00000000000000000000000000000000000AA
:10A6B000000000000000000000000000000000009A
:10A6C000000000000000000000000000000000008A
:10A6D000000000000000000000000000000000007A
:10A6E000000000000000000000000000000000006A
:10A6F000000000000000000000000000000000005A
:10A700000000000000000000000000000000000049
:10A710000000000000000000000000000000000039
:10A720000000000000000000000000000000000029
:10A730000000000000000000000000000000000019
:10A740000000000000000000000000000000000009
:10A7500000000000000000000000000000000000F9
:10A7600000000000000000000000000000000000E9
:10A7700000000000000000000000000000000000D9
:10A7800000000000000000000000000000000000C9
:10A7900000000000000000000000000000000000B9
:10A7A00000000000000000000000000000000000A9
:10A7B0000000000000000000000000000000000099
:10A7C0000000000000000000000000000000000089
:10A7D0000000000000000000000000000000000079
:10A7E0000000000000000000000000000000000069
:10A7F0000000000000000000000000000000000059
:10A800000000000000000000000000000000000048
:10A810000000000000000000000000000000000038
:10A820000000000000000000000000000000000028
:10A830000000000000000000000000000000000018
:10A840000000000000000000000000000000000008
:10A8500000000000000000000000000000000000F8
:10A8600000000000000000000000000000000000E8
:10A8700000000000000000000000000000000000D8
:10A8800000000000000000000000000000000000C8
:10A8900000000000000000000000000000000000B8
:10A8A00000000000000000000000000000000000A8
:10A8B0000000000000000000000000000000000098
:10A8C0000000000000000000000000000000000088
:10A8D0000000000000000000000000000000000078
:10A8E0000000000000000000000000000000000068
:10A8F0000000000000000000000000000000000058
:10A900000000000000000000000000000000000047
:10A910000000000000000000000000000000000037
:10A920000000000000000000000000000000000027
:10A930000000000000000000000000000000000017
:10A940000000000000000000000000000000000007
:10A9500000000000000000000000000000000000F7
:10A9600000000000000000000000000000000000E7
:10A9700000000000000000000000000000000000D7
:10A9800000000000000000000000000000000000C7
:10A9900000000000000000000000000000000000B7
:10A9A00000000000000000000000000000000000A7
:10A9B0000000000000000000000000000000000097
:10A9C0000000000000000000000000000000000087
:10A9D0000000000000000000000000000000000077
:10A9E0000000000000000000000000000000000067
:10A9F0000000000000000000000000000000000057
:10AA00000000000000000000000000000000000046
:10AA10000000000000000000000000000000000036
:10AA20000000000000000000000000000000000026
:10AA30000000000000000000000000000000000016
:10AA40000000000000000000000000000000000006
:10AA500000000000000000000000000000000000F6
:10AA600000000000000000000000000000000000E6
:10AA700000000000000000000000000000000000D6
:10AA800000000000000000000000000000000000C6
:10AA900000000000000000000000000000000000B6
:10AAA00000000000000000000000000000000000A6
:10AAB0000000000000000000000000000000000096
:10AAC0000000000000000000000000000000000086
:10AAD0000000000000000000000000000000000076
:10AAE0000000000000000000000000000000000066
:10AAF0000000000000000000000000000000000056
:10AB00000000000000000000000000000000000045
:10AB10000000000000000000000000000000000035
:10AB20000000000000000000000000000000000025
:10AB30000000000000000000000000000000000015
:10AB40000000000000000000000000000000000005
:10AB500000000000000000000000000000000000F5
:10AB600000000000000000000000000000000000E5
:10AB700000000000000000000000000000000000D5
:10AB800000000000000000000000000000000000C5
:10AB900000000000000000000000000000000000B5
:10ABA00000000000000000000000000000000000A5
:10ABB0000000000000000000000000000000000095
:10ABC0000000000000000000000000000000000085
:10ABD0000000000000000000000000000000000075
:10ABE0000000000000000000000000000000000065
:10ABF0000000000000000000000000000000000055
:10AC00000000000000000000000000000000000044
:10AC10000000000000000000000000000000000034
:10AC20000000000000000000000000000000000024
:10AC30000000000000000000000000000000000014
:10AC40000000000000000000000000000000000004
:10AC500000000000000000000000000000000000F4
:10AC600000000000000000000000000000000000E4
:10AC700000000000000000000000000000000000D4
:10AC800000000000000000000000000000000000C4
:10AC900000000000000000000000000000000000B4
:10ACA00000000000000000000000000000000000A4
:10ACB0000000000000000000000000000000000094
:10ACC0000000000000000000000000000000000084
:10ACD0000000000000000000000000000000000074
:10ACE0000000000000000000000000000000000064
:10ACF0000000000000000000000000000000000054
:10AD00000000000000000000000000000000000043
:10AD10000000000000000000000000000000000033
:10AD20000000000000000000000000000000000023
:10AD30000000000000000000000000000000000013
:10AD40000000000000000000000000000000000003
:10AD500000000000000000000000000000000000F3
:10AD600000000000000000000000000000000000E3
:10AD700000000000000000000000000000000000D3
:10AD800000000000000000000000000000000000C3
:10AD900000000000000000000000000000000000B3
:10ADA00000000000000000000000000000000000A3
:10ADB0000000000000000000000000000000000093
:10ADC0000000000000000000000000000000000083
:10ADD0000000000000000000000000000000000073
:10ADE0000000000000000000000000000000000063
:10ADF0000000000000000000000000000000000053
:10AE00000000000000000000000000000000000042
:10AE10000000000000000000000000000000000032
:10AE20000000000000000000000000000000000022
:10AE30000000000000000000000000000000000012
:10AE40000000000000000000000000000000000002
:10AE500000000000000000000000000000000000F2
:10AE600000000000000000000000000000000000E2
:10AE700000000000000000000000000000000000D2
:10AE800000000000000000000000000000000000C2
:10AE900000000000000000000000000000000000B2
:10AEA00000000000000000000000000000000000A2
:10AEB0000000000000000000000000000000000092
:10AEC0000000000000000000000000000000000082
:10AED0000000000000000000000000000000000072
:10AEE0000000000000000000000000000000000062
:10AEF0000000000000000000000000000000000052
:10AF00000000000000000000000000000000000041
:10AF10000000000000000000000000000000000031
:10AF20000000000000000000000000000000000021
:10AF30000000000000000000000000000000000011
:10AF40000000000000000000000000000000000001
:10AF500000000000000000000000000000000000F1
:10AF600000000000000000000000000000000000E1
:10AF700000000000000000000000000000000000D1
:10AF800000000000000000000000000000000000C1
:10AF900000000000000000000000000000000000B1
:10AFA00000000000000000000000000000000000A1
:10AFB0000000000000000000000000000000000091
:10AFC0000000000000000000000000000000000081
:10AFD0000000000000000000000000000000000071
:10AFE0000000000000000000000000000000000061
:10AFF0000000000000000000000000000000000051
:10B000000000000000000000000000000000000040
:10B010000000000000000000000000000000000030
:10B020000000000000000000000000000000000020
:10B030000000000000000000000000000000000010
:10B040000000000000000000000000000000000000
:10B0500000000000000000000000000000000000F0
:10B0600000000000000000000000000000000000E0
:10B0700000000000000000000000000000000000D0
:10B0800000000000000000000000000000000000C0
:10B0900000000000000000000000000000000000B0
:10B0A00000000000000000000000000000000000A0
:10B0B0000000000000000000000000000000000090
:10B0C0000000000000000000000000000000000080
:10B0D0000000000000000000000000000000000070
:10B0E0000000000000000000000000000000000060
:10B0F0000000000000000000000000000000000050
:10B10000000000000000000000000000000000003F
:10B11000000000000000000000000000000000002F
:10B12000000000000000000000000000000000001F
:10B13000000000000000000000000000000000000F
:10B1400000000000000000000000000000000000FF
:10B1500000000000000000000000000000000000EF
:10B1600000000000000000000000000000000000DF
:10B1700000000000000000000000000000000000CF
:10B1800000000000000000000000000000000000BF
:10B1900000000000000000000000000000000000AF
:10B1A000000000000000000000000000000000009F
:10B1B000000000000000000000000000000000008F
:10B1C000000000000000000000000000000000007F
:10B1D000000000000000000000000000000000006F
:10B1E000000000000000000000000000000000005F
:10B1F000000000000000000000000000000000004F
:10B20000000000000000000000000000000000003E
:10B21000000000000000000000000000000000002E
:10B22000000000000000000000000000000000001E
:10B23000000000000000000000000000000000000E
:10B2400000000000000000000000000000000000FE
:10B2500000000000000000000000000000000000EE
:10B2600000000000000000000000000000000000DE
:10B2700000000000000000000000000000000000CE
:10B2800000000000000000000000000000000000BE
:10B2900000000000000000000000000000000000AE
:10B2A000000000000000000000000000000000009E
:10B2B000000000000000000000000000000000008E
:10B2C000000000000000000000000000000000007E
:10B2D000000000000000000000000000000000006E
:10B2E000000000000000000000000000000000005E
:10B2F000000000000000000000000000000000004E
:10B30000000000000000000000000000000000003D
:10B31000000000000000000000000000000000002D
:10B32000000000000000000000000000000000001D
:10B33000000000000000000000000000000000000D
:10B3400000000000000000000000000000000000FD
:10B3500000000000000000000000000000000000ED
:10B3600000000000000000000000000000000000DD
:10B3700000000000000000000000000000000000CD
:10B3800000000000000000000000000000000000BD
:10B3900000000000000000000000000000000000AD
:10B3A000000000000000000000000000000000009D
:10B3B000000000000000000000000000000000008D
:10B3C000000000000000000000000000000000007D
:10B3D000000000000000000000000000000000006D
:10B3E000000000000000000000000000000000005D
:10B3F000000000000000000000000000000000004D
:10B40000000000000000000000000000000000003C
:10B41000000000000000000000000000000000002C
:10B42000000000000000000000000000000000001C
:10B43000000000000000000000000000000000000C
:10B4400000000000000000000000000000000000FC
:10B4500000000000000000000000000000000000EC
:10B4600000000000000000000000000000000000DC
:10B4700000000000000000000000000000000000CC
:10B4800000000000000000000000000000000000BC
:10B4900000000000000000000000000000000000AC
:10B4A000000000000000000000000000000000009C
:10B4B000000000000000000000000000000000008C
:10B4C000000000000000000000000000000000007C
:10B4D000000000000000000000000000000000006C
:10B4E000000000000000000000000000000000005C
:10B4F000000000000000000000000000000000004C
:10B50000000000000000000000000000000000003B
:10B51000000000000000000000000000000000002B
:10B52000000000000000000000000000000000001B
:10B53000000000000000000000000000000000000B
:10B5400000000000000000000000000000000000FB
:10B5500000000000000000000000000000000000EB
:10B5600000000000000000000000000000000000DB
:10B5700000000000000000000000000000000000CB
:10B5800000000000000000000000000000000000BB
:10B5900000000000000000000000000000000000AB
:10B5A000000000000000000000000000000000009B
:10B5B000000000000000000000000000000000008B
:10B5C000000000000000000000000000000000007B
:10B5D000000000000000000000000000000000006B
:10B5E000000000000000000000000000000000005B
:10B5F000000000000000000000000000000000004B
:10B60000000000000000000000000000000000003A
:10B61000000000000000000000000000000000002A
:10B62000000000000000000000000000000000001A
:10B63000000000000000000000000000000000000A
:10B6400000000000000000000000000000000000FA
:10B6500000000000000000000000000000000000EA
:10B6600000000000000000000000000000000000DA
:10B6700000000000000000000000000000000000CA
:10B6800000000000000000000000000000000000BA
:10B6900000000000000000000000000000000000AA
:10B6A000000000000000000000000000000000009A
:10B6B000000000000000000000000000000000008A
:10B6C000000000000000000000000000000000007A
:10B6D000000000000000000000000000000000006A
:10B6E000000000000000000000000000000000005A
:10B6F000000000000000000000000000000000004A
:10B700000000000000000000000000000000000039
:10B710000000000000000000000000000000000029
:10B720000000000000000000000000000000000019
:10B730000000000000000000000000000000000009
:10B7400000000000000000000000000000000000F9
:10B7500000000000000000000000000000000000E9
:10B7600000000000000000000000000000000000D9
:10B7700000000000000000000000000000000000C9
:10B7800000000000000000000000000000000000B9
:10B7900000000000000000000000000000000000A9
:10B7A0000000000000000000000000000000000099
:10B7B0000000000000000000000000000000000089
:10B7C0000000000000000000000000000000000079
:10B7D0000000000000000000000000000000000069
:10B7E0000000000000000000000000000000000059
:10B7F0000000000000000000000000000000000049
:10B800000000000000000000000000000000000038
:10B810000000000000000000000000000000000028
:10B820000000000000000000000000000000000018
:10B830000000000000000000000000000000000008
:10B8400000000000000000000000000000000000F8
:10B8500000000000000000000000000000000000E8
:10B8600000000000000000000000000000000000D8
:10B8700000000000000000000000000000000000C8
:10B8800000000000000000000000000000000000B8
:10B8900000000000000000000000000000000000A8
:10B8A0000000000000000000000000000000000098
:10B8B0000000000000000000000000000000000088
:10B8C0000000000000000000000000000000000078
:10B8D0000000000000000000000000000000000068
:10B8E0000000000000000000000000000000000058
:10B8F0000000000000000000000000000000000048
:10B900000000000000000000000000000000000037
:10B910000000000000000000000000000000000027
:10B920000000000000000000000000000000000017
:10B930000000000000000000000000000000000007
:10B9400000000000000000000000000000000000F7
:10B9500000000000000000000000000000000000E7
:10B9600000000000000000000000000000000000D7
:10B9700000000000000000000000000000000000C7
:10B9800000000000000000000000000000000000B7
:10B9900000000000000000000000000000000000A7
:10B9A0000000000000000000000000000000000097
:10B9B0000000000000000000000000000000000087
:10B9C0000000000000000000000000000000000077
:10B9D0000000000000000000000000000000000067
:10B9E0000000000000000000000000000000000057
:10B9F0000000000000000000000000000000000047
:10BA00000000000000000000000000000000000036
:10BA10000000000000000000000000000000000026
:10BA20000000000000000000000000000000000016
:10BA30000000000000000000000000000000000006
:10BA400000000000000000000000000000000000F6
:10BA500000000000000000000000000000000000E6
:10BA600000000000000000000000000000000000D6
:10BA700000000000000000000000000000000000C6
:10BA800000000000000000000000000000000000B6
:10BA900000000000000000000000000000000000A6
:10BAA0000000000000000000000000000000000096
:10BAB0000000000000000000000000000000000086
:10BAC0000000000000000000000000000000000076
:10BAD0000000000000000000000000000000000066
:10BAE0000000000000000000000000000000000056
:10BAF0000000000000000000000000000000000046
:10BB00000000000000000000000000000000000035
:10BB10000000000000000000000000000000000025
:10BB20000000000000000000000000000000000015
:10BB30000000000000000000000000000000000005
:10BB400000000000000000000000000000000000F5
:10BB500000000000000000000000000000000000E5
:10BB600000000000000000000000000000000000D5
:10BB700000000000000000000000000000000000C5
:10BB800000000000000000000000000000000000B5
:10BB900000000000000000000000000000000000A5
:10BBA0000000000000000000000000000000000095
:10BBB0000000000000000000000000000000000085
:10BBC0000000000000000000000000000000000075
:10BBD0000000000000000000000000000000000065
:10BBE0000000000000000000000000000000000055
:10BBF0000000000000000000000000000000000045
:10BC00000000000000000000000000000000000034
:10BC10000000000000000000000000000000000024
:10BC20000000000000000000000000000000000014
:10BC30000000000000000000000000000000000004
:10BC400000000000000000000000000000000000F4
:10BC500000000000000000000000000000000000E4
:10BC600000000000000000000000000000000000D4
:10BC700000000000000000000000000000000000C4
:10BC800000000000000000000000000000000000B4
:10BC900000000000000000000000000000000000A4
:10BCA0000000000000000000000000000000000094
:10BCB0000000000000000000000000000000000084
:10BCC0000000000000000000000000000000000074
:10BCD0000000000000000000000000000000000064
:10BCE0000000000000000000000000000000000054
:10BCF0000000000000000000000000000000000044
:10BD00000000000000000000000000000000000033
:10BD10000000000000000000000000000000000023
:10BD20000000000000000000000000000000000013
:10BD30000000000000000000000000000000000003
:10BD400000000000000000000000000000000000F3
:10BD500000000000000000000000000000000000E3
:10BD600000000000000000000000000000000000D3
:10BD700000000000000000000000000000000000C3
:10BD800000000000000000000000000000000000B3
:10BD900000000000000000000000000000000000A3
:10BDA0000000000000000000000000000000000093
:10BDB0000000000000000000000000000000000083
:10BDC0000000000000000000000000000000000073
:10BDD0000000000000000000000000000000000063
:10BDE0000000000000000000000000000000000053
:10BDF0000000000000000000000000000000000043
:10BE00000000000000000000000000000000000032
:10BE10000000000000000000000000000000000022
:10BE20000000000000000000000000000000000012
:10BE30000000000000000000000000000000000002
:10BE400000000000000000000000000000000000F2
:10BE500000000000000000000000000000000000E2
:10BE600000000000000000000000000000000000D2
:10BE700000000000000000000000000000000000C2
:10BE800000000000000000000000000000000000B2
:10BE900000000000000000000000000000000000A2
:10BEA0000000000000000000000000000000000092
:10BEB0000000000000000000000000000000000082
:10BEC0000000000000000000000000000000000072
:10BED0000000000000000000000000000000000062
:10BEE0000000000000000000000000000000000052
:10BEF0000000000000000000000000000000000042
:10BF00000000000000000000000000000000000031
:10BF10000000000000000000000000000000000021
:10BF20000000000000000000000000000000000011
:10BF30000000000000000000000000000000000001
:10BF400000000000000000000000000000000000F1
:10BF500000000000000000000000000000000000E1
:10BF600000000000000000000000000000000000D1
:10BF700000000000000000000000000000000000C1
:10BF800000000000000000000000000000000000B1
:10BF900000000000000000000000000000000000A1
:10BFA0000000000000000000000000000000000091
:10BFB0000000000000000000000000000000000081
:10BFC0000000000000000000000000000000000071
:10BFD0000000000000000000000000000000000061
:10BFE0000000000000000000000000000000000051
:10BFF0000000000000000000000000000000000041
:10C000000000000000000000000000000000000030
:10C010000000000000000000000000000000000020
:10C020000000000000000000000000000000000010
:10C030000000000000000000000000000000000000
:10C0400000000000000000000000000000000000F0
:10C0500000000000000000000000000000000000E0
:10C0600000000000000000000000000000000000D0
:10C0700000000000000000000000000000000000C0
:10C0800000000000000000000000000000000000B0
:10C0900000000000000000000000000000000000A0
:10C0A0000000000000000000000000000000000090
:10C0B0000000000000000000000000000000000080
:10C0C0000000000000000000000000000000000070
:10C0D0000000000000000000000000000000000060
:10C0E0000000000000000000000000000000000050
:10C0F0000000000000000000000000000000000040
:10C10000000000000000000000000000000000002F
:10C11000000000000000000000000000000000001F
:10C12000000000000000000000000000000000000F
:10C1300000000000000000000000000000000000FF
:10C1400000000000000000000000000000000000EF
:10C1500000000000000000000000000000000000DF
:10C1600000000000000000000000000000000000CF
:10C1700000000000000000000000000000000000BF
:10C1800000000000000000000000000000000000AF
:10C19000000000000000000000000000000000009F
:10C1A000000000000000000000000000000000008F
:10C1B000000000000000000000000000000000007F
:10C1C000000000000000000000000000000000006F
:10C1D000000000000000000000000000000000005F
:10C1E000000000000000000000000000000000004F
:10C1F000000000000000000000000000000000003F
:10C20000000000000000000000000000000000002E
:10C21000000000000000000000000000000000001E
:10C22000000000000000000000000000000000000E
:10C2300000000000000000000000000000000000FE
:10C2400000000000000000000000000000000000EE
:10C2500000000000000000000000000000000000DE
:10C2600000000000000000000000000000000000CE
:10C2700000000000000000000000000000000000BE
:10C2800000000000000000000000000000000000AE
:10C29000000000000000000000000000000000009E
:10C2A000000000000000000000000000000000008E
:10C2B000000000000000000000000000000000007E
:10C2C000000000000000000000000000000000006E
:10C2D000000000000000000000000000000000005E
:10C2E000000000000000000000000000000000004E
:10C2F000000000000000000000000000000000003E
:10C30000000000000000000000000000000000002D
:10C31000000000000000000000000000000000001D
:10C32000000000000000000000000000000000000D
:10C3300000000000000000000000000000000000FD
:10C3400000000000000000000000000000000000ED
:10C3500000000000000000000000000000000000DD
:10C3600000000000000000000000000000000000CD
:10C3700000000000000000000000000000000000BD
:10C3800000000000000000000000000000000000AD
:10C39000000000000000000000000000000000009D
:10C3A000000000000000000000000000000000008D
:10C3B000000000000000000000000000000000007D
:10C3C000000000000000000000000000000000006D
:10C3D000000000000000000000000000000000005D
:10C3E000000000000000000000000000000000004D
:10C3F000000000000000000000000000000000003D
:10C40000000000000000000000000000000000002C
:10C41000000000000000000000000000000000001C
:10C42000000000000000000000000000000000000C
:10C4300000000000000000000000000000000000FC
:10C4400000000000000000000000000000000000EC
:10C4500000000000000000000000000000000000DC
:10C4600000000000000000000000000000000000CC
:10C4700000000000000000000000000000000000BC
:10C4800000000000000000000000000000000000AC
:10C49000000000000000000000000000000000009C
:10C4A000000000000000000000000000000000008C
:10C4B000000000000000000000000000000000007C
:10C4C000000000000000000000000000000000006C
:10C4D000000000000000000000000000000000005C
:10C4E000000000000000000000000000000000004C
:10C4F000000000000000000000000000000000003C
:10C50000000000000000000000000000000000002B
:10C51000000000000000000000000000000000001B
:10C52000000000000000000000000000000000000B
:10C5300000000000000000000000000000000000FB
:10C5400000000000000000000000000000000000EB
:10C5500000000000000000000000000000000000DB
:10C5600000000000000000000000000000000000CB
:10C5700000000000000000000000000000000000BB
:10C5800000000000000000000000000000000000AB
:10C59000000000000000000000000000000000009B
:10C5A000000000000000000000000000000000008B
:10C5B000000000000000000000000000000000007B
:10C5C000000000000000000000000000000000006B
:10C5D000000000000000000000000000000000005B
:10C5E000000000000000000000000000000000004B
:10C5F000000000000000000000000000000000003B
:10C60000000000000000000000000000000000002A
:10C61000000000000000000000000000000000001A
:10C62000000000000000000000000000000000000A
:10C6300000000000000000000000000000000000FA
:10C6400000000000000000000000000000000000EA
:10C6500000000000000000000000000000000000DA
:10C6600000000000000000000000000000000000CA
:10C6700000000000000000000000000000000000BA
:10C6800000000000000000000000000000000000AA
:10C69000000000000000000000000000000000009A
:10C6A000000000000000000000000000000000008A
:10C6B000000000000000000000000000000000007A
:10C6C000000000000000000000000000000000006A
:10C6D000000000000000000000000000000000005A
:10C6E000000000000000000000000000000000004A
:10C6F000000000000000000000000000000000003A
:10C700000000000000000000000000000000000029
:10C710000000000000000000000000000000000019
:10C720000000000000000000000000000000000009
:10C7300000000000000000000000000000000000F9
:10C7400000000000000000000000000000000000E9
:10C7500000000000000000000000000000000000D9
:10C7600000000000000000000000000000000000C9
:10C7700000000000000000000000000000000000B9
:10C7800000000000000000000000000000000000A9
:10C790000000000000000000000000000000000099
:10C7A0000000000000000000000000000000000089
:10C7B0000000000000000000000000000000000079
:10C7C0000000000000000000000000000000000069
:10C7D0000000000000000000000000000000000059
:10C7E0000000000000000000000000000000000049
:10C7F0000000000000000000000000000000000039
:10C800000000000000000000000000000000000028
:10C810000000000000000000000000000000000018
:10C820000000000000000000000000000000000008
:10C8300000000000000000000000000000000000F8
:10C8400000000000000000000000000000000000E8
:10C8500000000000000000000000000000000000D8
:10C8600000000000000000000000000000000000C8
:10C8700000000000000000000000000000000000B8
:10C8800000000000000000000000000000000000A8
:10C890000000000000000000000000000000000098
:10C8A0000000000000000000000000000000000088
:10C8B0000000000000000000000000000000000078
:10C8C0000000000000000000000000000000000068
:10C8D0000000000000000000000000000000000058
:10C8E0000000000000000000000000000000000048
:10C8F0000000000000000000000000000000000038
:10C900000000000000000000000000000000000027
:10C910000000000000000000000000000000000017
:10C920000000000000000000000000000000000007
:10C9300000000000000000000000000000000000F7
:10C9400000000000000000000000000000000000E7
:10C9500000000000000000000000000000000000D7
:10C9600000000000000000000000000000000000C7
:10C9700000000000000000000000000000000000B7
:10C9800000000000000000000000000000000000A7
:10C990000000000000000000000000000000000097
:10C9A0000000000000000000000000000000000087
:10C9B0000000000000000000000000000000000077
:10C9C0000000000000000000000000000000000067
:10C9D0000000000000000000000000000000000057
:10C9E0000000000000000000000000000000000047
:10C9F0000000000000000000000000000000000037
:10CA00000000000000000000000000000000000026
:10CA10000000000000000000000000000000000016
:10CA20000000000000000000000000000000000006
:10CA300000000000000000000000000000000000F6
:10CA400000000000000000000000000000000000E6
:10CA500000000000000000000000000000000000D6
:10CA600000000000000000000000000000000000C6
:10CA700000000000000000000000000000000000B6
:10CA800000000000000000000000000000000000A6
:10CA90000000000000000000000000000000000096
:10CAA0000000000000000000000000000000000086
:10CAB0000000000000000000000000000000000076
:10CAC0000000000000000000000000000000000066
:10CAD0000000000000000000000000000000000056
:10CAE0000000000000000000000000000000000046
:10CAF0000000000000000000000000000000000036
:10CB00000000000000000000000000000000000025
:10CB10000000000000000000000000000000000015
:10CB20000000000000000000000000000000000005
:10CB300000000000000000000000000000000000F5
:10CB400000000000000000000000000000000000E5
:10CB500000000000000000000000000000000000D5
:10CB600000000000000000000000000000000000C5
:10CB700000000000000000000000000000000000B5
:10CB800000000000000000000000000000000000A5
:10CB90000000000000000000000000000000000095
:10CBA0000000000000000000000000000000000085
:10CBB0000000000000000000000000000000000075
:10CBC0000000000000000000000000000000000065
:10CBD0000000000000000000000000000000000055
:10CBE0000000000000000000000000000000000045
:10CBF0000000000000000000000000000000000035
:10CC00000000000000000000000000000000000024
:10CC10000000000000000000000000000000000014
:10CC20000000000000000000000000000000000004
:10CC300000000000000000000000000000000000F4
:10CC400000000000000000000000000000000000E4
:10CC500000000000000000000000000000000000D4
:10CC600000000000000000000000000000000000C4
:10CC700000000000000000000000000000000000B4
:10CC800000000000000000000000000000000000A4
:10CC90000000000000000000000000000000000094
:10CCA0000000000000000000000000000000000084
:10CCB0000000000000000000000000000000000074
:10CCC0000000000000000000000000000000000064
:10CCD0000000000000000000000000000000000054
:10CCE0000000000000000000000000000000000044
:10CCF0000000000000000000000000000000000034
:10CD00000000000000000000000000000000000023
:10CD10000000000000000000000000000000000013
:10CD20000000000000000000000000000000000003
:10CD300000000000000000000000000000000000F3
:10CD400000000000000000000000000000000000E3
:10CD500000000000000000000000000000000000D3
:10CD600000000000000000000000000000000000C3
:10CD700000000000000000000000000000000000B3
:10CD800000000000000000000000000000000000A3
:10CD90000000000000000000000000000000000093
:10CDA0000000000000000000000000000000000083
:10CDB0000000000000000000000000000000000073
:10CDC0000000000000000000000000000000000063
:10CDD0000000000000000000000000000000000053
:10CDE0000000000000000000000000000000000043
:10CDF0000000000000000000000000000000000033
:10CE00000000000000000000000000000000000022
:10CE10000000000000000000000000000000000012
:10CE20000000000000000000000000000000000002
:10CE300000000000000000000000000000000000F2
:10CE400000000000000000000000000000000000E2
:10CE500000000000000000000000000000000000D2
:10CE600000000000000000000000000000000000C2
:10CE700000000000000000000000000000000000B2
:10CE800000000000000000000000000000000000A2
:10CE90000000000000000000000000000000000092
:10CEA0000000000000000000000000000000000082
:10CEB0000000000000000000000000000000000072
:10CEC0000000000000000000000000000000000062
:10CED0000000000000000000000000000000000052
:10CEE0000000000000000000000000000000000042
:10CEF0000000000000000000000000000000000032
:10CF00000000000000000000000000000000000021
:10CF10000000000000000000000000000000000011
:10CF20000000000000000000000000000000000001
:10CF300000000000000000000000000000000000F1
:10CF400000000000000000000000000000000000E1
:10CF500000000000000000000000000000000000D1
:10CF600000000000000000000000000000000000C1
:10CF700000000000000000000000000000000000B1
:10CF800000000000000000000000000000000000A1
:10CF90000000000000000000000000000000000091
:10CFA0000000000000000000000000000000000081
:10CFB0000000000000000000000000000000000071
:10CFC0000000000000000000000000000000000061
:10CFD0000000000000000000000000000000000051
:10CFE0000000000000000000000000000000000041
:10CFF0000000000000000000000000000000000031
:10D00000EF02F002F102F202F302F402F502F6027C
:10D01000F702F802F902FA02FB02FC02FD02FE022C
:10D02000FF020003010302030303040305030603D5
:10D030000703080309030A030B030C030D030E0384
:10D040000F03100311031203130314031503160334
:10D050001703180319031A031B031C031D031E03E4
:10D06000BF02C002C102C202C302C402C502C6029C
:10D07000C702C802C902CA02CB02CC02CD02CE024C
:10D08000CF02D002D102D202D302D402D502D602FC
:10D09000D702D802D902DA02DB02DC02DD02DE02AC
:10D0A000DF02E002E102E202E302E402E502E6025C
:10D0B000E702E802E902EA02EB02EC02ED02EE020C
:10D0C0008F029002910292029302940295029602BC
:10D0D0009702980299029A029B029C029D029E026C
:10D0E0009F02A002A102A202A302A402A502A6021C
:10D0F000A702A802A902AA02AB02AC02AD02AE02CC
:10D10000AF02B002B102B202B302B402B502B6027B
:10D11000B702B802B902BA02BB02BC02BD02BE022B
:10D120005F026002610262026302640265026602DB
:10D130006702680269026A026B026C026D026E028B
:10D140006F0270027102720273027402750276023B
:10D150007702780279027A027B027C027D027E02EB
:10D160007F0280028102820283028402850286029B
:10D170008702880289028A028B028C028D028E024B
:10D180002F023002310232023302340235023602FB
:10D190003702380239023A023B023C023D023E02AB
:10D1A0003F0240024102420243024402450246025B
:10D1B0004702480249024A024B024C024D024E020B
:10D1C0004F025002510252025302540255025602BB
:10D1D0005702580259025A025B025C025D025E026B
:10D1E000FF0100020102020203020402050206021C
:10D1F0000702080209020A020B020C020D020E02CB
:10D200000F0210021102120213021402150216027A
:10D210001702180219021A021B021C021D021E022A
:10D220001F022002210222022302240225022602DA
:10D230002702280229022A022B022C022D022E028A
:10D24000CF01D001D101D201D301D401D501D60142
:10D25000D701D801D901DA01DB01DC01DD01DE01F2
:10D26000DF01E001E101E201E301E401E501E601A2
:10D27000E701E801E901EA01EB01EC01ED01EE0152
:10D28000EF01F001F101F201F301F401F501F60102
:10D29000F701F801F901FA01FB01FC01FD01FE01B2
:10D2A0009F01A001A101A201A301A401A501A60162
:10D2B000A701A801A901AA01AB01AC01AD01AE0112
:10D2C000AF01B001B101B201B301B401B501B601C2
:10D2D000B701B801B901BA01BB01BC01BD01BE0172
:10D2E000BF01C001C101C201C301C401C501C60122
:10D2F000C701C801C901CA01CB01CC01CD01CE01D2
:10D300005101520153015401550156015701580171
:10D3100059015A015B015C015D015E015F01600121
:10D3200061016201630164016501660167016801D1
:10D3300069016A016B016C016D016E016F01700181
:10D340007101720173017401750176017701780131
:10D3500079017A017B017C017D017E017F018001E1
:10D360002101220123012401250126012701280191
:10D3700029012A012B012C012D012E012F01300141
:10D3800031013201330134013501360137013801F1
:10D3900039013A013B013C013D013E013F014001A1
:10D3A0004101420143014401450146014701480151
:10D3B00049014A014B014C014D014E014F01500101
:10D3C000F100F200F300F400F500F600F700F800B9
:10D3D000F900FA00FB00FC00FD00FE00FF00000168
:10D3E0000101020103010401050106010701080111
:10D3F00009010A010B010C010D010E010F011001C1
:10D400001101120113011401150116011701180170
:10D4100019011A011B011C011D011E011F01200120
:10D42000C100C200C300C400C500C600C700C800D8
:10D43000C900CA00CB00CC00CD00CE00CF00D00088
:10D44000D100D200D300D400D500D600D700D80038
:10D45000D900DA00DB00DC00DD00DE00DF00E000E8
:10D46000E100E200E300E400E500E600E700E80098
:10D47000E900EA00EB00EC00ED00EE00EF00F00048
:10D4800091009200930094009500960097009800F8
:10D4900099009A009B009C009D009E009F00A000A8
:10D4A000A100A200A300A400A500A600A700A80058
:10D4B000A900AA00AB00AC00AD00AE00AF00B00008
:10D4C000B100B200B300B400B500B600B700B800B8
:10D4D000B900BA00BB00BC00BD00BE00BF00C00068
:10D4E0006100620063006400650066006700680018
:10D4F00069006A006B006C006D006E006F007000C8
:10D500007100720073007400750076007700780077
:10D5100079007A007B007C007D007E007F00800027
:10D5200081008200830084008500860087008800D7
:10D5300089008A008B008C008D008E008F00900087
:10D540003100320033003400350036003700380037
:10D5500039003A003B003C003D003E003F004000E7
:10D560004100420043004400450046004700480097
:10D5700049004A004B004C004D004E004F00500047
:10D5800051005200530054005500560057005800F7
:10D5900059005A005B005C005D005E005F006000A7
:10D5A0000100020003000400050006000700080057
:10D5B00009000A000B000C000D000E000F00100007
:10D5C00011001200130014001500160017001800B7
:10D5D00019001A001B001C001D001E001F00200067
:10D5E0002100220023002400250026002700280017
:10D5F00029002A002B002C002D002E002F003000C7
:10D60000000000000000000000000000000000001A
:10D61000000000000000000000000000000000000A
:10D6200000000000000000000000000000000000FA
:10D6300000000000000000000000000000000000EA
:10D6400000000000000000000000000000000000DA
:10D6500000000000000000000000000000000000CA
:10D6600000000000000000000000000000000000BA
:10D6700000000000000000000000000000000000AA
:10D68000000000000000000000000000000000009A
:10D69000000000000000000000000000000000008A
:10D6A000000000000000000000000000000000007A
:10D6B000000000000000000000000000000000006A
:10D6C000000000000000000000000000000000005A
:10D6D000000000000000000000000000000000004A
:10D6E000000000000000000000000000000000003A
:10D6F000000000000000000000000000000000002A
:10D700000000000000000000000000000000000019
:10D710000000000000000000000000000000000009
:10D7200000000000000000000000000000000000F9
:10D7300000000000000000000000000000000000E9
:10D7400000000000000000000000000000000000D9
:10D7500000000000000000000000000000000000C9
:10D7600000000000000000000000000000000000B9
:10D7700000000000000000000000000000000000A9
:10D780000000000000000000000000000000000099
:10D790000000000000000000000000000000000089
:10D7A0000000000000000000000000000000000079
:10D7B0000000000000000000000000000000000069
:10D7C0000000000000000000000000000000000059
:10D7D0000000000000000000000000000000000049
:10D7E0000000000000000000000000000000000039
:10D7F0000000000000000000000000000000000029
:10D800000000000000000000000000000000000018
:10D810000000000000000000000000000000000008
:10D8200000000000000000000000000000000000F8
:10D8300000000000000000000000000000000000E8
:10D8400000000000000000000000000000000000D8
:10D8500000000000000000000000000000000000C8
:10D8600000000000000000000000000000000000B8
:10D8700000000000000000000000000000000000A8
:10D880000000000000000000000000000000000098
:10D890000000000000000000000000000000000088
:10D8A0000000000000000000000000000000000078
:10D8B0000000000000000000000000000000000068
:10D8C0000000000000000000000000000000000058
:10D8D0000000000000000000000000000000000048
:10D8E0000000000000000000000000000000000038
:10D8F0000000000000000000000000000000000028
:10D900000000000000000000000000000000000017
:10D910000000000000000000000000000000000007
:10D9200000000000000000000000000000000000F7
:10D9300000000000000000000000000000000000E7
:10D9400000000000000000000000000000000000D7
:10D9500000000000000000000000000000000000C7
:10D9600000000000000000000000000000000000B7
:10D9700000000000000000000000000000000000A7
:10D980000000000000000000000000000000000097
:10D990000000000000000000000000000000000087
:10D9A0000000000000000000000000000000000077
:10D9B0000000000000000000000000000000000067
:10D9C0000000000000000000000000000000000057
:10D9D0000000000000000000000000000000000047
:10D9E0000000000000000000000000000000000037
:10D9F0000000000000000000000000000000000027
:10DA00000000000000000000000000000000000016
:10DA10000000000000000000000000000000000006
:10DA200000000000000000000000000000000000F6
:10DA300000000000000000000000000000000000E6
:10DA400000000000000000000000000000000000D6
:10DA500000000000000000000000000000000000C6
:10DA600000000000000000000000000000000000B6
:10DA700000000000000000000000000000000000A6
:10DA80000000000000000000000000000000000096
:10DA90000000000000000000000000000000000086
:10DAA0000000000000000000000000000000000076
:10DAB0000000000000000000000000000000000066
:10DAC0000000000000000000000000000000000056
:10DAD0000000000000000000000000000000000046
:10DAE0000000000000000000000000000000000036
:10DAF0000000000000000000000000000000000026
:10DB00000000000000000000000000000000000015
:10DB10000000000000000000000000000000000005
:10DB200000000000000000000000000000000000F5
:10DB300000000000000000000000000000000000E5
:10DB400000000000000000000000000000000000D5
:10DB500000000000000000000000000000000000C5
:10DB600000000000000000000000000000000000B5
:10DB700000000000000000000000000000000000A5
:10DB80000000000000000000000000000000000095
:10DB90000000000000000000000000000000000085
:10DBA0000000000000000000000000000000000075
:10DBB0000000000000000000000000000000000065
:10DBC0000000000000000000000000000000000055
:10DBD0000000000000000000000000000000000045
:10DBE0000000000000000000000000000000000035
:10DBF0000000000000000000000000000000000025
:10DC00000000000000000000000000000000000014
:10DC10000000000000000000000000000000000004
:10DC200000000000000000000000000000000000F4
:10DC300000000000000000000000000000000000E4
:10DC400000000000000000000000000000000000D4
:10DC500000000000000000000000000000000000C4
:10DC600000000000000000000000000000000000B4
:10DC700000000000000000000000000000000000A4
:10DC80000000000000000000000000000000000094
:10DC90000000000000000000000000000000000084
:10DCA0000000000000000000000000000000000074
:10DCB0000000000000000000000000000000000064
:10DCC0000000000000000000000000000000000054
:10DCD0000000000000000000000000000000000044
:10DCE0000000000000000000000000000000000034
:10DCF0000000000000000000000000000000000024
:10DD00000000000000000000000000000000000013
:10DD10000000000000000000000000000000000003
:10DD200000000000000000000000000000000000F3
:10DD300000000000000000000000000000000000E3
:10DD400000000000000000000000000000000000D3
:10DD500000000000000000000000000000000000C3
:10DD600000000000000000000000000000000000B3
:10DD700000000000000000000000000000000000A3
:10DD80000000000000000000000000000000000093
:10DD90000000000000000000000000000000000083
:10DDA0000000000000000000000000000000000073
:10DDB0000000000000000000000000000000000063
:10DDC0000000000000000000000000000000000053
:10DDD0000000000000000000000000000000000043
:10DDE0000000000000000000000000000000000033
:10DDF0000000000000000000000000000000000023
:10DE00000000000000000000000000000000000012
:10DE10000000000000000000000000000000000002
:10DE200000000000000000000000000000000000F2
:10DE300000000000000000000000000000000000E2
:10DE400000000000000000000000000000000000D2
:10DE500000000000000000000000000000000000C2
:10DE600000000000000000000000000000000000B2
:10DE700000000000000000000000000000000000A2
:10DE80000000000000000000000000000000000092
:10DE90000000000000000000000000000000000082
:10DEA0000000000000000000000000000000000072
:10DEB0000000000000000000000000000000000062
:10DEC0000000000000000000000000000000000052
:10DED0000000000000000000000000000000000042
:10DEE0000000000000000000000000000000000032
:10DEF0000000000000000000000000000000000022
:10DF00000000000000000000000000000000000011
:10DF10000000000000000000000000000000000001
:10DF200000000000000000000000000000000000F1
:10DF300000000000000000000000000000000000E1
:10DF400000000000000000000000000000000000D1
:10DF500000000000000000000000000000000000C1
:10DF600000000000000000000000000000000000B1
:10DF700000000000000000000000000000000000A1
:10DF80000000000000000000000000000000000091
:10DF90000000000000000000000000000000000081
:10DFA0000000000000000000000000000000000071
:10DFB0000000000000000000000000000000000061
:10DFC0000000000000000000000000000000000051
:10DFD0000000000000000000000000000000000041
:10DFE0000000000000000000000000000000000031
:10DFF0000000000000000000000000000000000021
:10E000000000000000000000000000000000000010
:10E010000000000000000000000000000000000000
:10E0200000000000000000000000000000000000F0
:10E0300000000000000000000000000000000000E0
:10E0400000000000000000000000000000000000D0
:10E0500000000000000000000000000000000000C0
:10E0600000000000000000000000000000000000B0
:10E0700000000000000000000000000000000000A0
:10E080000000000000000000000000000000000090
:10E090000000000000000000000000000000000080
:10E0A0000000000000000000000000000000000070
:10E0B0000000000000000000000000000000000060
:10E0C0000000000000000000000000000000000050
:10E0D0000000000000000000000000000000000040
:10E0E0000000000000000000000000000000000030
:10E0F0000000000000000000000000000000000020
:10E10000000000000000000000000000000000000F
:10E1100000000000000000000000000000000000FF
:10E1200000000000000000000000000000000000EF
:10E1300000000000000000000000000000000000DF
:10E1400000000000000000000000000000000000CF
:10E1500000000000000000000000000000000000BF
:10E1600000000000000000000000000000000000AF
:10E17000000000000000000000000000000000009F
:10E18000000000000000000000000000000000008F
:10E19000000000000000000000000000000000007F
:10E1A000000000000000000000000000000000006F
:10E1B000000000000000000000000000000000005F
:10E1C000000000000000000000000000000000004F
:10E1D000000000000000000000000000000000003F
:10E1E000000000000000000000000000000000002F
:10E1F000000000000000000000000000000000001F
:10E20000000000000000000000000000000000000E
:10E2100000000000000000000000000000000000FE
:10E2200000000000000000000000000000000000EE
:10E2300000000000000000000000000000000000DE
:10E2400000000000000000000000000000000000CE
:10E2500000000000000000000000000000000000BE
:10E2600000000000000000000000000000000000AE
:10E27000000000000000000000000000000000009E
:10E28000000000000000000000000000000000008E
:10E29000000000000000000000000000000000007E
:10E2A000000000000000000000000000000000006E
:10E2B000000000000000000000000000000000005E
:10E2C000000000000000000000000000000000004E
:10E2D000000000000000000000000000000000003E
:10E2E000000000000000000000000000000000002E
:10E2F000000000000000000000000000000000001E
:10E30000000000000000000000000000000000000D
:10E3100000000000000000000000000000000000FD
:10E3200000000000000000000000000000000000ED
:10E3300000000000000000000000000000000000DD
:10E3400000000000000000000000000000000000CD
:10E3500000000000000000000000000000000000BD
:10E3600000000000000000000000000000000000AD
:10E37000000000000000000000000000000000009D
:10E38000000000000000000000000000000000008D
:10E39000000000000000000000000000000000007D
:10E3A000000000000000000000000000000000006D
:10E3B000000000000000000000000000000000005D
:10E3C000000000000000000000000000000000004D
:10E3D000000000000000000000000000000000003D
:10E3E000000000000000000000000000000000002D
:10E3F000000000000000000000000000000000001D
:10E40000000000000000000000000000000000000C
:10E4100000000000000000000000000000000000FC
:10E4200000000000000000000000000000000000EC
:10E4300000000000000000000000000000000000DC
:10E4400000000000000000000000000000000000CC
:10E4500000000000000000000000000000000000BC
:10E4600000000000000000000000000000000000AC
:10E47000000000000000000000000000000000009C
:10E48000000000000000000000000000000000008C
:10E49000000000000000000000000000000000007C
:10E4A000000000000000000000000000000000006C
:10E4B000000000000000000000000000000000005C
:10E4C000000000000000000000000000000000004C
:10E4D000000000000000000000000000000000003C
:10E4E000000000000000000000000000000000002C
:10E4F000000000000000000000000000000000001C
:10E50000000000000000000000000000000000000B
:10E5100000000000000000000000000000000000FB
:10E5200000000000000000000000000000000000EB
:10E5300000000000000000000000000000000000DB
:10E5400000000000000000000000000000000000CB
:10E5500000000000000000000000000000000000BB
:10E5600000000000000000000000000000000000AB
:10E57000000000000000000000000000000000009B
:10E58000000000000000000000000000000000008B
:10E59000000000000000000000000000000000007B
:10E5A000000000000000000000000000000000006B
:10E5B000000000000000000000000000000000005B
:10E5C000000000000000000000000000000000004B
:10E5D000000000000000000000000000000000003B
:10E5E000000000000000000000000000000000002B
:10E5F000000000000000000000000000000000001B
:10E60000000000000000000000000000000000000A
:10E6100000000000000000000000000000000000FA
:10E6200000000000000000000000000000000000EA
:10E6300000000000000000000000000000000000DA
:10E6400000000000000000000000000000000000CA
:10E6500000000000000000000000000000000000BA
:10E6600000000000000000000000000000000000AA
:10E67000000000000000000000000000000000009A
:10E68000000000000000000000000000000000008A
:10E69000000000000000000000000000000000007A
:10E6A000000000000000000000000000000000006A
:10E6B000000000000000000000000000000000005A
:10E6C000000000000000000000000000000000004A
:10E6D000000000000000000000000000000000003A
:10E6E000000000000000000000000000000000002A
:10E6F000000000000000000000000000000000001A
:10E700000000000000000000000000000000000009
:10E7100000000000000000000000000000000000F9
:10E7200000000000000000000000000000000000E9
:10E7300000000000000000000000000000000000D9
:10E7400000000000000000000000000000000000C9
:10E7500000000000000000000000000000000000B9
:10E7600000000000000000000000000000000000A9
:10E770000000000000000000000000000000000099
:10E780000000000000000000000000000000000089
:10E790000000000000000000000000000000000079
:10E7A0000000000000000000000000000000000069
:10E7B0000000000000000000000000000000000059
:10E7C0000000000000000000000000000000000049
:10E7D0000000000000000000000000000000000039
:10E7E0000000000000000000000000000000000029
:10E7F0000000000000000000000000000000000019
:10E800000000000000000000000000000000000008
:10E8100000000000000000000000000000000000F8
:10E8200000000000000000000000000000000000E8
:10E8300000000000000000000000000000000000D8
:10E8400000000000000000000000000000000000C8
:10E8500000000000000000000000000000000000B8
:10E8600000000000000000000000000000000000A8
:10E870000000000000000000000000000000000098
:10E880000000000000000000000000000000000088
:10E890000000000000000000000000000000000078
:10E8A0000000000000000000000000000000000068
:10E8B0000000000000000000000000000000000058
:10E8C0000000000000000000000000000000000048
:10E8D0000000000000000000000000000000000038
:10E8E0000000000000000000000000000000000028
:10E8F0000000000000000000000000000000000018
:10E900000000000000000000000000000000000007
:10E9100000000000000000000000000000000000F7
:10E9200000000000000000000000000000000000E7
:10E9300000000000000000000000000000000000D7
:10E9400000000000000000000000000000000000C7
:10E9500000000000000000000000000000000000B7
:10E9600000000000000000000000000000000000A7
:10E970000000000000000000000000000000000097
:10E980000000000000000000000000000000000087
:10E990000000000000000000000000000000000077
:10E9A0000000000000000000000000000000000067
:10E9B0000000000000000000000000000000000057
:10E9C0000000000000000000000000000000000047
:10E9D0000000000000000000000000000000000037
:10E9E0000000000000000000000000000000000027
:10E9F0000000000000000000000000000000000017
:10EA00000000000000000000000000000000000006
:10EA100000000000000000000000000000000000F6
:10EA200000000000000000000000000000000000E6
:10EA300000000000000000000000000000000000D6
:10EA400000000000000000000000000000000000C6
:10EA500000000000000000000000000000000000B6
:10EA600000000000000000000000000000000000A6
:10EA70000000000000000000000000000000000096
:10EA80000000000000000000000000000000000086
:10EA90000000000000000000000000000000000076
:10EAA0000000000000000000000000000000000066
:10EAB0000000000000000000000000000000000056
:10EAC0000000000000000000000000000000000046
:10EAD0000000000000000000000000000000000036
:10EAE0000000000000000000000000000000000026
:10EAF0000000000000000000000000000000000016
:10EB00000000000000000000000000000000000005
:10EB100000000000000000000000000000000000F5
:10EB200000000000000000000000000000000000E5
:10EB300000000000000000000000000000000000D5
:10EB400000000000000000000000000000000000C5
:10EB500000000000000000000000000000000000B5
:10EB600000000000000000000000000000000000A5
:10EB70000000000000000000000000000000000095
:10EB80000000000000000000000000000000000085
:10EB90000000000000000000000000000000000075
:10EBA0000000000000000000000000000000000065
:10EBB0000000000000000000000000000000000055
:10EBC0000000000000000000000000000000000045
:10EBD0000000000000000000000000000000000035
:10EBE0000000000000000000000000000000000025
:10EBF0000000000000000000000000000000000015
:10EC00000000000000000000000000000000000004
:10EC100000000000000000000000000000000000F4
:10EC200000000000000000000000000000000000E4
:10EC300000000000000000000000000000000000D4
:10EC400000000000000000000000000000000000C4
:10EC500000000000000000000000000000000000B4
:10EC600000000000000000000000000000000000A4
:10EC70000000000000000000000000000000000094
:10EC80000000000000000000000000000000000084
:10EC90000000000000000000000000000000000074
:10ECA0000000000000000000000000000000000064
:10ECB0000000000000000000000000000000000054
:10ECC0000000000000000000000000000000000044
:10ECD0000000000000000000000000000000000034
:10ECE0000000000000000000000000000000000024
:10ECF0000000000000000000000000000000000014
:10ED00000000000000000000000000000000000003
:10ED100000000000000000000000000000000000F3
:10ED200000000000000000000000000000000000E3
:10ED300000000000000000000000000000000000D3
:10ED400000000000000000000000000000000000C3
:10ED500000000000000000000000000000000000B3
:10ED600000000000000000000000000000000000A3
:10ED70000000000000000000000000000000000093
:10ED80000000000000000000000000000000000083
:10ED90000000000000000000000000000000000073
:10EDA0000000000000000000000000000000000063
:10EDB0000000000000000000000000000000000053
:10EDC0000000000000000000000000000000000043
:10EDD0000000000000000000000000000000000033
:10EDE0000000000000000000000000000000000023
:10EDF0000000000000000000000000000000000013
:10EE00000000000000000000000000000000000002
:10EE100000000000000000000000000000000000F2
:10EE200000000000000000000000000000000000E2
:10EE300000000000000000000000000000000000D2
:10EE400000000000000000000000000000000000C2
:10EE500000000000000000000000000000000000B2
:10EE600000000000000000000000000000000000A2
:10EE70000000000000000000000000000000000092
:10EE80000000000000000000000000000000000082
:10EE90000000000000000000000000000000000072
:10EEA0000000000000000000000000000000000062
:10EEB0000000000000000000000000000000000052
:10EEC0000000000000000000000000000000000042
:10EED0000000000000000000000000000000000032
:10EEE0000000000000000000000000000000000022
:10EEF0000000000000000000000000000000000012
:10EF00000000000000000000000000000000000001
:10EF100000000000000000000000000000000000F1
:10EF200000000000000000000000000000000000E1
:10EF300000000000000000000000000000000000D1
:10EF400000000000000000000000000000000000C1
:10EF500000000000000000000000000000000000B1
:10EF600000000000000000000000000000000000A1
:10EF70000000000000000000000000000000000091
:10EF80000000000000000000000000000000000081
:10EF90000000000000000000000000000000000071
:10EFA0000000000000000000000000000000000061
:10EFB0000000000000000000000000000000000051
:10EFC0000000000000000000000000000000000041
:10EFD0000000000000000000000000000000000031
:10EFE0000000000000000000000000000000000021
:10EFF0000000000000000000000000000000000011
:10F000000000000000000000000000000000000000
:10F0100000000000000000000000000000000000F0
:10F0200000000000000000000000000000000000E0
:10F0300000000000000000000000000000000000D0
:10F0400000000000000000000000000000000000C0
:10F0500000000000000000000000000000000000B0
:10F0600000000000000000000000000000000000A0
:10F070000000000000000000000000000000000090
:10F080000000000000000000000000000000000080
:10F090000000000000000000000000000000000070
:10F0A0000000000000000000000000000000000060
:10F0B0000000000000000000000000000000000050
:10F0C0000000000000000000000000000000000040
:10F0D0000000000000000000000000000000000030
:10F0E0000000000000000000000000000000000020
:10F0F0000000000000000000000000000000000010
:10F1000000000000000000000000000000000000FF
:10F1100000000000000000000000000000000000EF
:10F1200000000000000000000000000000000000DF
:10F1300000000000000000000000000000000000CF
:10F1400000000000000000000000000000000000BF
:10F1500000000000000000000000000000000000AF
:10F16000000000000000000000000000000000009F
:10F17000000000000000000000000000000000008F
:10F18000000000000000000000000000000000007F
:10F19000000000000000000000000000000000006F
:10F1A000000000000000000000000000000000005F
:10F1B000000000000000000000000000000000004F
:10F1C000000000000000000000000000000000003F
:10F1D000000000000000000000000000000000002F
:10F1E000000000000000000000000000000000001F
:10F1F000000000000000000000000000000000000F
:10F2000000000000000000000000000000000000FE
:10F2100000000000000000000000000000000000EE
:10F2200000000000000000000000000000000000DE
:10F2300000000000000000000000000000000000CE
:10F2400000000000000000000000000000000000BE
:10F2500000000000000000000000000000000000AE
:10F26000000000000000000000000000000000009E
:10F27000000000000000000000000000000000008E
:10F28000000000000000000000000000000000007E
:10F29000000000000000000000000000000000006E
:10F2A000000000000000000000000000000000005E
:10F2B000000000000000000000000000000000004E
:10F2C000000000000000000000000000000000003E
:10F2D000000000000000000000000000000000002E
:10F2E000000000000000000000000000000000001E
:10F2F000000000000000000000000000000000000E
:10F3000000000000000000000000000000000000FD
:10F3100000000000000000000000000000000000ED
:10F3200000000000000000000000000000000000DD
:10F3300000000000000000000000000000000000CD
:10F3400000000000000000000000000000000000BD
:10F3500000000000000000000000000000000000AD
:10F36000000000000000000000000000000000009D
:10F37000000000000000000000000000000000008D
:10F38000000000000000000000000000000000007D
:10F39000000000000000000000000000000000006D
:10F3A000000000000000000000000000000000005D
:10F3B000000000000000000000000000000000004D
:10F3C000000000000000000000000000000000003D
:10F3D000000000000000000000000000000000002D
:10F3E000000000000000000000000000000000001D
:10F3F000000000000000000000000000000000000D
:10F4000000000000000000000000000000000000FC
:10F4100000000000000000000000000000000000EC
:10F4200000000000000000000000000000000000DC
:10F4300000000000000000000000000000000000CC
:10F4400000000000000000000000000000000000BC
:10F4500000000000000000000000000000000000AC
:10F46000000000000000000000000000000000009C
:10F47000000000000000000000000000000000008C
:10F48000000000000000000000000000000000007C
:10F49000000000000000000000000000000000006C
:10F4A000000000000000000000000000000000005C
:10F4B000000000000000000000000000000000004C
:10F4C000000000000000000000000000000000003C
:10F4D000000000000000000000000000000000002C
:10F4E000000000000000000000000000000000001C
:10F4F000000000000000000000000000000000000C
:10F5000000000000000000000000000000000000FB
:10F5100000000000000000000000000000000000EB
:10F5200000000000000000000000000000000000DB
:10F5300000000000000000000000000000000000CB
:10F5400000000000000000000000000000000000BB
:10F5500000000000000000000000000000000000AB
:10F56000000000000000000000000000000000009B
:10F57000000000000000000000000000000000008B
:10F58000000000000000000000000000000000007B
:10F59000000000000000000000000000000000006B
:10F5A000000000000000000000000000000000005B
:10F5B000000000000000000000000000000000004B
:10F5C000000000000000000000000000000000003B
:10F5D000000000000000000000000000000000002B
:10F5E000000000000000000000000000000000001B
:10F5F000000000000000000000000000000000000B
:10F6000000000000000000000000000000000000FA
:10F6100000000000000000000000000000000000EA
:10F6200000000000000000000000000000000000DA
:10F6300000000000000000000000000000000000CA
:10F6400000000000000000000000000000000000BA
:10F6500000000000000000000000000000000000AA
:10F66000000000000000000000000000000000009A
:10F67000000000000000000000000000000000008A
:10F68000000000000000000000000000000000007A
:10F69000000000000000000000000000000000006A
:10F6A000000000000000000000000000000000005A
:10F6B000000000000000000000000000000000004A
:10F6C000000000000000000000000000000000003A
:10F6D000000000000000000000000000000000002A
:10F6E000000000000000000000000000000000001A
:10F6F000000000000000000000000000000000000A
:10F7000000000000000000000000000000000000F9
:10F7100000000000000000000000000000000000E9
:10F7200000000000000000000000000000000000D9
:10F7300000000000000000000000000000000000C9
:10F7400000000000000000000000000000000000B9
:10F7500000000000000000000000000000000000A9
:10F760000000000000000000000000000000000099
:10F770000000000000000000000000000000000089
:10F780000000000000000000000000000000000079
:10F790000000000000000000000000000000000069
:10F7A0000000000000000000000000000000000059
:10F7B0000000000000000000000000000000000049
:10F7C0000000000000000000000000000000000039
:10F7D0000000000000000000000000000000000029
:10F7E0000000000000000000000000000000000019
:10F7F0000000000000000000000000000000000009
:10F8000000000000000000000000000000000000F8
:10F8100000000000000000000000000000000000E8
:10F8200000000000000000000000000000000000D8
:10F8300000000000000000000000000000000000C8
:10F8400000000000000000000000000000000000B8
:10F8500000000000000000000000000000000000A8
:10F860000000000000000000000000000000000098
:10F870000000000000000000000000000000000088
:10F880000000000000000000000000000000000078
:10F890000000000000000000000000000000000068
:10F8A0000000000000000000000000000000000058
:10F8B0000000000000000000000000000000000048
:10F8C0000000000000000000000000000000000038
:10F8D0000000000000000000000000000000000028
:10F8E0000000000000000000000000000000000018
:10F8F0000000000000000000000000000000000008
:10F9000000000000000000000000000000000000F7
:10F9100000000000000000000000000000000000E7
:10F9200000000000000000000000000000000000D7
:10F9300000000000000000000000000000000000C7
:10F9400000000000000000000000000000000000B7
:10F9500000000000000000000000000000000000A7
:10F960000000000000000000000000000000000097
:10F970000000000000000000000000000000000087
:10F980000000000000000000000000000000000077
:10F990000000000000000000000000000000000067
:10F9A0000000000000000000000000000000000057
:10F9B0000000000000000000000000000000000047
:10F9C0000000000000000000000000000000000037
:10F9D0000000000000000000000000000000000027
:10F9E0000000000000000000000000000000000017
:10F9F0000000000000000000000000000000000007
:10FA000000000000000000000000000000000000F6
:10FA100000000000000000000000000000000000E6
:10FA200000000000000000000000000000000000D6
:10FA300000000000000000000000000000000000C6
:10FA400000000000000000000000000000000000B6
:10FA500000000000000000000000000000000000A6
:10FA60000000000000000000000000000000000096
:10FA70000000000000000000000000000000000086
:10FA80000000000000000000000000000000000076
:10FA90000000000000000000000000000000000066
:10FAA0000000000000000000000000000000000056
:10FAB0000000000000000000000000000000000046
:10FAC0000000000000000000000000000000000036
:10FAD0000000000000000000000000000000000026
:10FAE0000000000000000000000000000000000016
:10FAF0000000000000000000000000000000000006
:10FB000000000000000000000000000000000000F5
:10FB100000000000000000000000000000000000E5
:10FB200000000000000000000000000000000000D5
:10FB300000000000000000000000000000000000C5
:10FB400000000000000000000000000000000000B5
:10FB500000000000000000000000000000000000A5
:10FB60000000000000000000000000000000000095
:10FB70000000000000000000000000000000000085
:10FB80000000000000000000000000000000000075
:10FB90000000000000000000000000000000000065
:10FBA0000000000000000000000000000000000055
:10FBB0000000000000000000000000000000000045
:10FBC0000000000000000000000000000000000035
:10FBD0000000000000000000000000000000000025
:10FBE0000000000000000000000000000000000015
:10FBF0000000000000000000000000000000000005
:10FC000000000000000000000000000000000000F4
:10FC100000000000000000000000000000000000E4
:10FC200000000000000000000000000000000000D4
:10FC300000000000000000000000000000000000C4
:10FC400000000000000000000000000000000000B4
:10FC500000000000000000000000000000000000A4
:10FC60000000000000000000000000000000000094
:10FC70000000000000000000000000000000000084
:10FC80000000000000000000000000000000000074
:10FC90000000000000000000000000000000000064
:10FCA0000000000000000000000000000000000054
:10FCB0000000000000000000000000000000000044
:10FCC0000000000000000000000000000000000034
:10FCD0000000000000000000000000000000000024
:10FCE0000000000000000000000000000000000014
:10FCF0000000000000000000000000000000000004
:10FD000000000000000000000000000000000000F3
:10FD100000000000000000000000000000000000E3
:10FD200000000000000000000000000000000000D3
:10FD300000000000000000000000000000000000C3
:10FD400000000000000000000000000000000000B3
:10FD500000000000000000000000000000000000A3
:10FD60000000000000000000000000000000000093
:10FD70000000000000000000000000000000000083
:10FD80000000000000000000000000000000000073
:10FD90000000000000000000000000000000000063
:10FDA0000000000000000000000000000000000053
:10FDB0000000000000000000000000000000000043
:10FDC0000000000000000000000000000000000033
:10FDD0000000000000000000000000000000000023
:10FDE0000000000000000000000000000000000013
:10FDF0000000000000000000000000000000000003
:10FE000000000000000000000000000000000000F2
:10FE100000000000000000000000000000000000E2
:10FE200000000000000000000000000000000000D2
:10FE300000000000000000000000000000000000C2
:10FE400000000000000000000000000000000000B2
:10FE500000000000000000000000000000000000A2
:10FE60000000000000000000000000000000000092
:10FE70000000000000000000000000000000000082
:10FE80000000000000000000000000000000000072
:10FE90000000000000000000000000000000000062
:10FEA0000000000000000000000000000000000052
:10FEB0000000000000000000000000000000000042
:10FEC0000000000000000000000000000000000032
:10FED0000000000000000000000000000000000022
:10FEE0000000000000000000000000000000000012
:10FEF0000000000000000000000000000000000002
:10FF000000000000000000000000000000000000F1
:10FF100000000000000000000000000000000000E1
:10FF200000000000000000000000000000000000D1
:10FF300000000000000000000000000000000000C1
:10FF400000000000000000000000000000000000B1
:10FF500000000000000000000000000000000000A1
:10FF60000000000000000000000000000000000091
:10FF70000000000000000000000000000000000081
:10FF80000000000000000000000000000000000071
:10FF90000000000000000000000000000000000061
:10FFA0000000000000000000000000000000000051
:10FFB0000000000000000000000000000000000041
:10FFC0000000000000000000000000000000000031
:10FFD0000000000000000000000000000000000021
:10FFE0000000000000000000000000000000000011
:10FFF000000000000000000000000000F316AC63E9
:00000001FF
