:100000000114034505400000000004001F0851587A
:100010007E00000008020020AD1E0000C91E000086
:10002000CD1E0000D11E0000D51E0000D91E00000C
:1000300000000000000000000000000000000000C0
:10004000DD1E0000E11E000000000000E51E0000B3
:10005000991E0000991E0000991E0000991E0000C4
:10006000991E0000991E0000811E0000991E0000CC
:10007000991E0000991E0000991E0000991E0000A4
:10008000991E0000991E0000991E0000991E000094
:10009000991E0000991E0000991E0000991E000084
:1000A000991E0000991E0000991E0000991E000074
:1000B000991E0000991E0000991E0000991E000064
:1000C000FFFFFFFFFFFFFFFFFFFFFFFFFFFFFFFF40
:1000D000FFFFFFFF004800473917000000480047B6
:1000E000110E00002DE9F8434FEA4008DFF81C0527
:1000F000DFF81C75DFF81C554FF4006606608020A1
:10010000386000247C604A20F860A1464FF4FA6011
:10011000386278620120B8610520786000F0E7FA63
:100120000146DFF8F4040068C0F3C02080B1DFF8B6
:10013000EC040660287840F0C00028707A699007C7
:1001400006D5DFF8DC24641C4E20A045106007D3E0
:10015000C807E3D40020786038604846BDE8F283E1
:100160004FF08709F6E710B5DFF8B8044FF06041AB
:100170000160002000F028F900F098F800F07DF808
:10018000AB2000F059F900F07AF8002000F01CF9DB
:1001900000F08CF800F071F89F2000F04DF900217C
:1001A000082000F024F900F05CF9044600F067F83C
:1001B000EF2C01D0052010BD002010BD80B500F04F
:1001C00094FA00F08BFA00F08EFA062000F034F971
:1001D00000F087FA00F08BFA800701D4062002BDF8
:1001E000002002BD10B50446FFF7E8FF88B900F013
:1001F000EBF800F03FF800F040F8240304F1005061
:1002000000F01AF900F03BF8BDE810404FF4C87058
:1002100068E710BD10B50446FFF7D0FF88B900F0BD
:10022000D3F800F027F800F028F8E40304F1A44024
:1002300000F002F900F023F8BDE810404FF44870D8
:1002400050E710BD10B50446FFF7B8FF88B900F0BD
:10025000BBF800F00FF800F010F8240404F1584047
:1002600000F0EAF800F00BF8BDE810404FF47A70A7
:1002700038E710BD01212020B9E0002096E00120E0
:1002800094E080B5FFF79AFF78B900F09DF800F090
:100290000DF8FFF7F2FFC72000F0CEF8FFF7EFFFF1
:1002A000BDE802404FF4FA601CE702BD01210820BE
:1002B0009DE010B50320FFF7C5FFA0B90220FFF7AE
:1002C000C1FF80B90120FFF7BDFF60B90120FFF732
:1002D000A1FF40B907242046FFF784FF18B9641E28
:1002E000E4B2032CF7D210BD2DE9F0470F31030A19
:1002F000090982B014464FF0000A4FEA03284FEA7A
:100300000119C94DC94ECA4F03E008F580780AF5B6
:10031000807ACA4548D2FFF751FF002844D100F047
:1003200053F8FFF7A7FFFFF7A8FF08F1485000F0C8
:1003300083F8012000F048F8FFF79CFF386940F48B
:10034000403038613968009100980F300090009873
:100350003860A9EB0A00B0F5807F88BF4FF4807049
:10036000002118E03268D302FCD523682B60626854
:100370002A60A2682A60E2682A601034009A42F477
:1003800080423A60009B3B6032685302FCD54FF4D8
:10039000C003336010318142E4D3FFF770FF0120C6
:1003A000FFF7A0FE0028B0D0BDE8F687A14981B0D4
:1003B0000A6800920028009806BF4008400040F0FC
:1003C0000100086001B070479A4928B13E2088605A
:1003D0000020C8603F2006E03120086006208860C9
:1003E0000020C8603720486000208863704718B537
:1003F000914A80231360012440231360002913686D
:10040000009314600CBF42F6010142F201415160B9
:100410004FF4400191600321D1602028146108BF8E
:10042000864807D0182808BF854803D010280CBF7D
:1004300084488548506111BD7B4981B008607C4883
:1004400001680091009A42F48042026000990160C4
:10045000764801684A02FCD54FF06012026001B094
:10046000704781B00020009006227148016941F474
:100470008031016175494A6008228A6037220A602A
:1004800008224A6301680091009A42F480420260A7
:1004900000990160654801684A06FCD54FF060127A
:1004A000026061480168009100980002000E01B0EE
:1004B0007047F8B50646154601F10F0400F02AF919
:1004C00000F013F901212020FFF791FF00F00BF954
:1004D00006F1D640FFF7B0FF5C4E022070600121AC
:1004E0000020B06024093320306000F0F5F80020CF
:1004F000FFF7A2FF0220706042F610013C20B060BE
:10050000032030603C207063514A4948464B00F05C
:1005100078F8002211E046F6100606600160434EAE
:10052000376817F00F0FFBD000F00DF8103200F015
:100530000AF800F008F800F006F8B2EB041FEAD35E
:10054000BDE8F240F2E01E6845F8046B7047F8B56C
:100550000F310909074614460D0100F0DBF800F0E1
:10056000C4F801212020FFF742FF00F0BCF807F19A
:10057000D640FFF761FF354F022000267860BE604D
:100580003320386000F0AAF80020FFF755FF022062
:10059000786042F610013C20B860032038603C20AF
:1005A0007863002322482A4A00F02BF81E4A01E013
:1005B00010341033AB421ED246F6100707600160BC
:1005C0001A4FD7F800C01CF00F0FFAD01768D4F8F4
:1005D00000C0BC4502BF1768D4F804C0BC4509D1AF
:1005E0001768D4F808C0BC4502BF1768D4F80CC01F
:1005F000BC45DDD0012600F074F8300018BF0120A2
:10060000F2BD01604260134A0261704780E100E080
:1006100000420C40864E0F4000E200E080E200E025
:1006200004200F4054300F4000A1064000A20640B5
:1006300004A0064000030C4000A0064000C400A037
:1006400000C4009800C4009000C4008804030C405B
:100650000001C00000C403A038B5002400B1682424
:1006600000F045F800F06800844230D000F03DF81A
:1006700000F034F800F037F85020FFF7DDFE00F00E
:1006800030F800F032F800F029F800F02CF83520AE
:10069000FFF7D2FE00F01FF8FFF7E3FE054600F07B
:1006A00020F800F022F801211820FFF7A0FE00F04A
:1006B0001AF805EB042505F58030FFF7BDFE00F0C4
:1006C00010F800F014F800F06800844201D1002016
:1006D00032BD012032BD0021082088E6012108201A
:1006E00085E6012062E6002060E600206CE610B599
:1006F000FFF7FBFFFFF7F2FFFFF7F5FF0520FFF71E
:100700009BFEFFF7E8FFFFF7ACFE0446FFF7E9FFAB
:10071000204610BD80B5FFF7E8FFFFF7DFFFFFF7CA
:10072000E2FF0420FFF788FEBDE8024001203DE61D
:100730002DE9F843042000F08BFADFF8EC83404603
:1007400000F0F7FA8146C9F3C01000285BD1C9F365
:1007500080100028DFF8D4433CD1C9F38000002882
:10076000DFF8CC53DFF8CC63DFF8CC73C9F340007B
:1007700018D018B1002100F07AF814E000F076F8F3
:10078000012020704FF48A70DFF8B02338800021F8
:1007900031801378DFF8A8135843084400F58A70B5
:1007A000286000E020B14046BDE8F24300F0C5BA41
:1007B000404600F0C2FA31883A88914254D2296802
:1007C00008702868411C29603188491C3180BDE8C7
:1007D000F1434FE0DFF86C53DFF86C63DFF86C73C4
:1007E000C9F38000B8B100F041F8C9F3400030BB54
:1007F000012020703988B1B9307828B9404600F01E
:100800009AFA002038802FE00FF2CC3028600220C6
:100810003880307007E019F00A0F25D15FEAC970FF
:1008200013D4388858B129680978404600F083FA13
:100830002868411C296039884A1E3A8014E04046E5
:10084000BDE8F443002100F076BA404600F06AFAB1
:100850003078022808D100213170BD48016889082C
:10086000890041F004010160BDE8F18301214046A7
:1008700000F01DBA2DE9F84FB048B14A0178DFF811
:10088000D4B2B54B9BF802E0DFF8D082AF4DAD4F4C
:10089000DFF8CCA24FF48A7048431044009000F572
:1008A0008A7CA44806889BF801209BF80000022E51
:1008B00040F20D1467D1BCF80010AAF8001001290D
:1008C00006D10FF2F42038601E202880BDE8F18F99
:1008D000022904D10FF2B02038602D20F5E703295A
:1008E0000DD19949087810B900222A80EEE70FF25D
:1008F000E82139600220944928800870E6E705293C
:1009000008BF0228E2D1BEF1010F03D0BEF1030FF0
:1009100002D0DBE70020D8E798F80000DFF8449227
:1009200004FB00F11944904B1B78461C082A06F082
:10093000030602D00E2A0ED01FE0834207D0062203
:10094000484600F0FFF9C7F8009006240BE0C7F80E
:100950000090062412E083420CD02246484600F064
:10096000F1F9C7F8009099F80500FF2806D088F83B
:10097000006003E0C7F8009000E000247B482C8072
:1009800001210170A2E7042E1AD10420AAF8000068
:100990009CF803008BF8000001289CF8021001F07D
:1009A0000F02C1F301118BF801208BF802108DD1D9
:1009B0006549087066480168C908C900016085E793
:1009C000052E83DBBAF800B0DFF8A4A1BBF1050F58
:1009D00040F07B80BCF80250AD1CAE4208BF03283B
:1009E000EDD100200AF80100BEF1030F08BF072A6D
:1009F000E5D100981AF801105E4D084400F2191173
:100A000008784978072809D15B4F4C4E00223A708C
:100A1000327088F80020544F3A702A70524F3A785A
:100A200098F80060571CFFB2042F08BF0027B74298
:100A3000C5D054431A190623137011710023537043
:100A4000FF2108239370D07051712C784B49631C9F
:100A5000152803F0030331D8DFE800F0131517273A
:100A60002123302530303030303030190B0D0F114C
:100A7000292B0D201EE011201CE00F201AE0102071
:100A800018E0022016E0032014E0042012E00B20FE
:100A90001070012050700E2090700C200AE003208E
:100AA0000DE045200BE0062009E0052002E01220C1
:100AB00000E01320087000F025F802E0A02050713B
:100AC0001C4629482C70077000E7BBF1040FFBD1CE
:100AD000022806D1062E04BFBCF804000528F3D175
:100AE00011E70328F0D1092EEEDBBCF80600B51F94
:100AF000A84204BFBCF804000528E5D104250AF883
:100B0000015071E730B50D481C4A017813781C4C30
:100B10001C4D635401246C540023491C137001F0D4
:100B20000301017030BD000000000E40020D0020E6
:100B3000D00C0020F80C0020F60C0020FC0C00204B
:100B400010020020CC0C0020FF0C0020F40C002030
:100B500000000C40030D002074070020FD0C002055
:100B6000FA0C0020B40B0020FE0C0020010D002028
:100B7000C80C0020A80B0020C40C0020000D002091
:100B8000AC0B0020B00B00200600FF0902A101857C
:100B900007150026FF0075080900960901B10285B6
:100BA000080900950381020900B102850E0900962B
:100BB0000A01B102C00000001E0000012D00020069
:100BC0000300060000000000040005006A056D0136
:100BD000030000000000000000000000C0B2052873
:100BE0002F4B33D8DFE800F0030B131B232B1878AF
:100BF00000F0F000024342EA410119707047587852
:100C000000F0F000024342EA4101597070479878C1
:100C100000F0F000024342EA410199707047D87831
:100C200000F0F000024342EA4101D97070471879A0
:100C300000F0F000024342EA41011971704758790F
:100C400000F0F000024342EA410159717047000090
:100C5000C0B20528124921D8DFE800F003080D12C0
:100C6000171C087840F0C000087070474A7842F0BE
:100C7000C0024A707047887840F0C00088707047A2
:100C8000C87840F0C000C8707047087940F0C000D4
:100C900008717047487940F0C00048717047000003
:100CA00020800340016841F080010160704710B569
:100CB0001B4C4368226803F0F803134301290CBF5F
:100CC00043F0100303F0EF03436010BD30B50A7822
:100CD000134D02F0FE02C260CA6843684C682A6085
:100CE00003F01F0343EA441303F0F80391F90810DB
:100CF0001343002914BF43F0100303F0EF034360D4
:100D00001821016130BD02210161012101614168A9
:100D1000CA07FCD5002002490860704700000000A7
:100D2000F00C0020016901F0E00141F018010161BF
:100D30007047006902E081607047806800F0FF0042
:100D40007047000062B38B0708D0521E11F8013BB8
:100D500000F8013B00F024808B07F6D1830740F0B8
:100D6000208000BF103A07D330B4B1E83810103AF1
:100D7000A0E83810F9D230BC530724BFB1E80810FE
:100D8000A0E8081044BF51F8043B40F8043BD207E8
:100D900024BF31F8022B20F8022B44BF0B780370DC
:100DA0007047121F17D35B0009D151F8043B20F89C
:100DB000023B1B0C121F20F8023BF6D20BE051F84D
:100DC000043B00F8013B1B0A20F8023B1B0C121FDE
:100DD00000F8013BF3D238BF121D521E24BF11F898
:100DE000013B00F8013BF8D87047000001000AD42D
:100DF000DFF85824400952F8200001F01F01C840D4
:100E000000F00100704700207047010009D4012262
:100E100000F01F0002FA00F0DFF83424490942F81C
:100E20002100704780B50020016881F3088872B600
:100E3000FFF799F900F0AFFA0120FFF70DFC00F081
:100E40000FF8BFF34F8FDFF80C14DFF80C040A68BB
:100E500002F4E06202430A60BFF34F8F00BFFDE778
:100E6000F0B5DFF8F8430FF2104604F58275012063
:100E7000E87185B00020287300F043F90746062189
:100E80008028AF70E97008D081281CBF8228832891
:100E90004DD0842800F0C580872800F0D5808828B0
:100EA00021D08B2800F0D880E02806D0E12806D099
:100EB000E22808D0E82804D0F6E00620F6E0032077
:100EC000F4E04520F2E042F22007387848B1FF28EC
:100ED00007D017F8010B00F06EF942F2300087429C
:100EE000F3D10020E2E0684631461022FFF73AFFD6
:100EF0002F8100F006F9687300F000F900F0EEF8B9
:100F0000002840F09780687B042803D38621E9708D
:100F10008620CBE0062000F04EF9022000F0F3F826
:100F2000697B5DF82110CE4800F02CFBC0E0812FDA
:100F30002F8108BF042003D0822F0CBF022008207D
:100F4000A87100F0DEF8A07000F0D8F8E07000F0B2
:100F5000D5F8287100F0D2F8287300F0CFF800F02F
:100F6000C3F800F028F9E8780106DFD42979AA79D6
:100F70006788C8006881082A287B07EB00472BD1C7
:100F8000221DC9003846FFF794FAA178E07869710C
:100F900041186971002005E0221D6979125C511821
:100FA0006971401C00F08AF8F6D36879C043401C90
:100FB0006871A07800F0FFF8E07800F0FCF80020FD
:100FC00005E0211D085C00F0F6F82888401C00F0C0
:100FD00075F8F6D3687969E00020288103E000F015
:100FE00090F800F070F800F069F8F8D300F089F894
:100FF00000F07AF8010625D4A879042808D12979C7
:10100000221DC9003846FFF7A2FAD8B1812018E0A6
:101010002979221DC9003846FFF766F990B1822070
:101020000FE02F8100F06DF8A87300F067F800F072
:1010300055F808B1902038E0A87BFFF7D3F808B145
:101040008420E870E87831E000F0B5F8022000F084
:101050005AF80020E8712FE02F81002003E000F013
:1010600050F800F030F8288028880428F7DB00F0DA
:1010700048F800F033F808B19020E2E720792628FC
:1010800004BF61796E2905D1A079492804BFE179AF
:10109000302901D08720D4E70020FFF7DDFAC0B265
:1010A0000028CFD08920CCE7A020E87000F083F89A
:1010B000E87900287FF4E0AE05B0F0BD28806989AA
:1010C0002888884270472A88211D8854221D288834
:1010D0002989125C51182981401C7047687129893F
:1010E00040182881C0B2704768712989401828814A
:1010F000C0B208B19020E870E8787047298940189C
:10110000288100202DE070B504465649564E4FF414
:101110000060086080210025316075604A20F06021
:101120004FF4FA60306270620120B0610520706097
:1011300011E00B20FFF75AFE0028FAD00B20FFF732
:1011400064FE4A490120086071698807F1D5484961
:101150004E2008606D1CA542EBD300217160316008
:1011600070BD70B582B006463D4C424D02E007208E
:10117000FFF74BFE3E4A4E21116030001CBF28781D
:10118000002801D0FF2076BD0720FFF72FFE0028A2
:10119000F0D0204600F0E2F98DF800009DF9000043
:1011A0000028E4D1204600F0C3F904460720FFF7E9
:1011B0002CFEE0B276BD80B50146294800F0C2F9A8
:1011C00002E02B4A4E2111600820FFF70FFE002895
:1011D000F7D0BDE80240082017E680B50121402085
:1011E00000F03CFA02220021012000F07EFA0122E8
:1011F0000221012000F053FA01220221012000F017
:1012000061FA01220421012000F036FABDE808400D
:1012100004220021012000F068BA10B5104C86B0FD
:10122000204600F0FFF84FF496400090082100207F
:1012300001910290002130200391049005912046F5
:10124000694600F0F4F806B010BD000000E200E0CE
:1012500080E200E00CED00E00400FA05100200203E
:1012600000100E4080E100E000420C40D8D0E9437D
:1012700004200F40020D0020004B000000960000EB
:1012800000E1000000C201007CB572B652480022A5
:1012900002700121012000F0E1F9504A504B002179
:1012A000516080209063586800F0FE005860186B11
:1012B00040F001001863986B40F00100986318201B
:1012C00000BF401EFCD1474D474C2878A8B928796B
:1012D000FF2804BF6979FF2909D0002804BF697974
:1012E000002904D0002804BF6979FF2905D11068BE
:1012F000010602D41968C80741D5FFF76EFFFFF752
:101300008CFF00F0D8FBFEF72EFF00F044F801211F
:10131000082000F0A3F930200090002101916846D8
:1013200000F04FFC00F05BFC0120FFF795F962B67E
:101330002E4D2F4E0120FFF714FF86F80601297865
:10134000A1B9E028F6D172B60620FFF734FFFFF707
:1013500087FDBFF34F8F274927480A6802F4E062F0
:1013600002430A60BFF34F8F00BFFDE720780028DB
:10137000EFD0224A4E21116000F098FAF6E74FF4C0
:1013800040504168A1606160006880F308880846A9
:101390008047002076BD1049194A012008700021BD
:1013A00011700023104A10700020164A1170164A5E
:1013B0001070164A1170164A1070164A1170164AAB
:1013C00010700A4A11701549154A13540B54401CE9
:1013D0000428FADB704700000000002000000C40E9
:1013E00000010C40FCEF0300E40C0020020D002083
:1013F000100200200CED00E00400FA0504200F406C
:10140000000D0020010D0020C40C0020FC0C002069
:10141000FD0C0020FE0C0020A80B0020B00B0020CB
:10142000AC0B0020016841F00101016070472DE91B
:10143000F04107460E46F968706801F0B0010143BB
:101440007069014341F00101F9600025F969B06854
:1014500001F0EF01014341F00401F96147F29F708F
:10146000B9680140F0680143B960A84600F0C6FBC6
:1014700000F0E5F8B1FBF2F13A68900748BF490087
:10148000002040F279546422A8F1C803A34243D358
:1014900018B1802D02D2AD0000E002250B095A439D
:1014A00033686B43B2FBF3F8401CECE7401E0001CD
:1014B00004F0400400F03000204303F00F03184311
:1014C000386169B1C8F1640890444FEA081164209A
:1014D000B1FBF0F000B90120796900F00F007861EC
:1014E000B9693269102A41F0100008D0202A0AD1C7
:1014F000F86840F02000F86001F0EF0007E0F968BC
:1015000001F0DF0102E0F96841F02001F96000F02C
:10151000FE00B861BDE8F081B8FBF2F33C695A43C4
:10152000B8EB02010CBF24F0400444F04004BDE7D6
:10153000014688684968400000F4807001F0FF01AE
:1015400008437047C2684B0802F07F0203F0800333
:101550001A43C26001F0FF0141607047014600205C
:10156000896801F01C01042907D0082903D010293B
:1015700005D101207047022070470320704701B158
:10158000042070472DE9F04106468846F06800F0D7
:10159000DF00F0600027B06900F0EF00B0610024C8
:1015A00000F02CFB00F04BF8B1FBF2F031680025A5
:1015B0008A0748BF40006421A5F1C80240F2795370
:1015C0009A4230D31CB1802F02D2BF0000E0022724
:1015D0000209514307FB08F2B1FBF2F5641CEAE78C
:1015E000641E240103F0400304F030041C4302F0A5
:1015F0000F021443346160B1C5F164054D192D012A
:101600006420B5FBF0F000B90120716900F00F0013
:101610007061F06840F02000F060B06940F01000A8
:10162000B061BDE8F0816422B5FBF2F23369514349
:10163000681A0CBF23F0400343F04003D0E705488D
:10164000054B01681868000A012200F00F00824073
:10165000704700000802002008300F40054A136858
:1016600001290CBF184323EA0000C0F309001060F1
:101670007047000050300F40FF2904D10FF2A40141
:1016800001EBC00149780FF2880353F82000012ACA
:1016900042680CBF114322EA010141607047FF29F3
:1016A00004D10FF2800101EBC001C9790FF2600390
:1016B00053F82000012A826B0CBF114322EA01017A
:1016C00081637047FF2904D10FF2580101EBC0017B
:1016D00049790FF23C0353F82000012AC26A0CBF7B
:1016E000114322EA0101C1627047FF2A05D10FF2BE
:1016F000340202EBC0020A4492780FF2140353F84A
:10170000200000EB810081680A438260704700007E
:1017100000000C4000010C4000020C4000030C4093
:1017200000040C40FFFF3310FF0000FFFFFFDE3816
:10173000FFFFFFFF03030303030303033F3F3F3D9B
:101740003F3F3F3F7F7F1F197F7F7F7F10B5002086
:10175000016881F3088872B600F0DFF9DFF8F8134A
:101760000A68824218BF0860FEF7FDFCFFF713FE0F
:101770000120FEF771FF62B6DFF8E04305E0DFF815
:10178000E0034E21016000F091F820780028F6D1A6
:10179000BFF34F8FDFF8CC13DFF8CC030A6802F4F5
:1017A000E06202430A60BFF34F8F00BFFDE70146CE
:1017B000DFF8B803F0B50578DFF8B46328444FF4D8
:1017C0008A7200795543FF23002435442A18891E64
:1017D00002F21B120ED0491E01291BD909393BD038
:1017E000491E07D0891E022904D9C91E34D0491EBA
:1017F0003BD050E0002146182E44491C96F8146155
:1018000034190829E4B2F6D350780419E4B2002C54
:1018100041D031E01279D200002100F03EF8FCD333
:1018200011186E1896F820110C19E4B224BB0C2183
:1018300006E047182F44491C97F814713C19E4B28C
:1018400089B202F10C07B942F3D396F821010419C9
:10185000E4B204B382231EE0002100F01EF8FCDB9A
:1018600050790419E4B2B4B106E000F016F8FCDBDC
:1018700050790419E4B20CB181230CE011782629C7
:1018800004BF50786E2805D19178492904BFD078DB
:10189000302800D083231846F0BD46182E44491C3A
:1018A00096F8146134190C29E4B270472DE9F84F09
:1018B000DFF8B892DFF8BCA299F8008046460AEB40
:1018C000060000F587652C78002C1CBF28790028BD
:1018D00018D0002129712046FFF769FFFF2840F248
:1018E0000D1710D09AF834140AF105024F43491C21
:1018F000D05500F0DAF8287008F1010000F003007C
:1019000089F80000CFE04FF48A7809EB060E984D75
:1019100008FB06F1A61E6918112E01F5927201F25C
:101920001B1363D8DFE806F00927275F6262626253
:101930006262462462191121465B9EF80400084445
:1019400090F81B01FEF74EFC50E09EF8040008449E
:1019500090F81B01FEF75EFC48E09EF80400084486
:1019600090F81B01FEF76EFC40E0FEF78AFC3DE0BC
:10197000FEF79FFC3AE09EF8040038B918791E681B
:101980004FEAC00B01F59070009004E05E68187A91
:1019900000924FEAC00B032C009A5946304606D1FC
:1019A000FEF7A2FCC1B209BB009A59463046FEF7C9
:1019B000CEFD1BE09EF8040018B918681B79DB0007
:1019C00004E058681B7ADB0001F59472122C08BF02
:1019D00042F220001946FEF76CFD002006E00020D0
:1019E000FEF73AFE02E05D490020087072B69AF8F0
:1019F00034144F430AEB0702507199F800300AEB98
:101A0000030494F838740C2F18BF122F40D109F139
:101A1000040608FB03F02D18F05C05F21F1728B927
:101A2000D5F81BE13F7805F5927004E0D7F800E0A7
:101A30003F7905F59470C2F806E04FF0000C9772FC
:101A4000E64612F80E500EF1010E6544BEF10B0F82
:101A50005FFA85FCF5DB02F20B186FEA0C056D1CD2
:101A60004FF0000C88F80050E64609E010F80E50E0
:101A700002EB0E060EF1010EF57265445FFA85FC6D
:101A8000BEEBC70FF2DB6FEA0C00401C88F80100C8
:101A9000491C00F00AF85B1C84F8380403F00303C7
:101AA00089F8003062B6BDE8F18F01F003018AF8D1
:101AB00034140020704738B501212020FFF7CEFDF7
:101AC00000F01FF82C4C2D4D00F027F8206000206E
:101AD0006060012020720020E0602846FFF7E2F8F5
:101AE0002846FFF710F921462846FFF7EFF824496A
:101AF000202008600122BDE8384003210420FFF7C0
:101B00006DB82048002141600C2101600F218162E5
:101B1000416003218160816370471B49486820F060
:101B200020004860086B20F020000863C86A40F07D
:101B30002000C862886B40F020008863182000BF36
:101B4000401EFCD108688206CA6A22F020024CBFFF
:101B50001220B020CA6270470C000E40E40C002036
:101B600004200F400CED00E00400FA05C40C002036
:101B70001002002074070020D40C002000000E404A
:101B800000E100E000000C4000040C40194B996893
:101B90000246012029B9186800F0860002431A6045
:101BA00000207047134B99680246012041B918681C
:101BB000012A0CBF40F0020020F002001860002053
:101BC000704710B50C4A11680446012031B92068ED
:101BD000FFF7DCFF6068FFF7E5FF002010BD054A56
:101BE0009168012021B9106840F080001060002049
:101BF0007047000000200F4008200F4030B55C4ABD
:101C00005C4B1068D569002110F4807014BF1C462D
:101C1000594C05F00305032D09D19C4208D1D36925
:101C2000564C1B0A1B02A34202D1554900E0214633
:101C3000526802F00702042A0ED8DFE802F00E0311
:101C400005070A00490808E0890806E020B1C9082C
:101C500003E008B1090900E000214A48016030BDF5
:101C600081B00020009000900090474988680028CB
:101C7000FCD100220A60086800065CBFB120486001
:101C80003B494A600120414A1060CA6AC2F313020C
:101C9000CA62C86A40F06250C8620A6842F0020232
:101CA0000A60C86A40F48070C862C86A40F00100E7
:101CB000C862C86A00F00200009000980028F8D1BD
:101CC0000A6842F480720A60086800F400700090AC
:101CD00002E002F40072009200980A68B0F5007FFA
:101CE000F7D1520852000A60C86A244AC0F31300B0
:101CF000C862C86A40F0C860C862C86920F00200C3
:101D0000C861C86940084000C861CA61C86A40F03B
:101D10000100C862C86A00F0020000900098002824
:101D2000F8D1CA6AC2F31302CA620022C86A40F03C
:101D30000360C862C86940F00100C8618A60C86A6F
:101D400040F00100C862C86A00F0020000900098EC
:101D50000028F8D1CA6942F00202CA61C86900F0DD
:101D60000400009000980428F8D101B070470000EA
:101D700004300F400024F40000093D000010F0483A
:101D80000048E8010802002000200F4000C0084081
:101D900019E050F8042BD30744BFA9F101039A18A6
:101DA000091F0023042942F8043BF9D25FEA817C31
:101DB000134604D54FF0000CA2F800C09B1CC907C5
:101DC00044BF0021197050F8041B0029E1D170476D
:101DD00010B450F8041B79B102684368024408301B
:101DE000DC0744BFA9F10104E31852F8044B43F89F
:101DF000044B091FF9D1ECE710BC704710B5074937
:101E000079441831064C7C44163404E00A68081DF5
:101E1000114488470146A142F8D110BD08000000D6
:101E2000300000006DFFFFFF0400000000000020F4
:101E3000F80A0000100200200000000095FFFFFFDC
:101E400004000000B80000000802002000000000AC
:101E500000F00BF8002801D0FFF7D0FF0020AFF30F
:101E60000080FFF711FA00F002F80120704700F03F
:101E700001B800000746384600F002F8FBE7000012
:101E800080B5AFF30080024A11001820ABBEFBE71B
:101E90002600020003480078002800F0078002486E
:101EA00000470000000000201D070000EFF3038042
:101EB0003F2108408000014A805800470030000060
:101EC00001488047014800474D1C0000BD1E00002E
:101ED000AFF30080AFF30080FFF7BAFFFFF7FEBF5C
:101EE000FFF7FEBFFFF7FEBFFFF7FEBFFFF7FEBF26
:101EF000FFF7FEBFFFF7FEBFFFF7FEBF0048E80198
:101F0000FFFFFFFFFFFFFFFFFFFFFFFFFFFFFFFFE1
:101F1000FFFFFFFFFFFFFFFFFFFFFFFFFFFFFFFFD1
:101F2000FFFFFFFFFFFFFFFFFFFFFFFFFFFFFFFFC1
:101F3000FFFFFFFFFFFFFFFFFFFFFFFFFFFFFFFFB1
:101F4000FFFFFFFFFFFFFFFFFFFFFFFFFFFFFFFFA1
:101F5000FFFFFFFFFFFFFFFFFFFFFFFFFFFFFFFF91
:101F6000FFFFFFFFFFFFFFFFFFFFFFFFFFFFFFFF81
:101F7000FFFFFFFFFFFFFFFFFFFFFFFFFFFFFFFF71
:101F8000FFFFFFFFFFFFFFFFFFFFFFFFFFFFFFFF61
:101F9000FFFFFFFFFFFFFFFFFFFFFFFFFFFFFFFF51
:101FA000FFFFFFFFFFFFFFFFFFFFFFFFFFFFFFFF41
:101FB000FFFFFFFFFFFFFFFFFFFFFFFFFFFFFFFF31
:101FC000FFFFFFFFFFFFFFFFFFFFFFFFFFFFFFFF21
:101FD000FFFFFFFFFFFFFFFFFFFFFFFFFFFFFFFF11
:101FE000FFFFFFFFFFFFFFFFFFFFFFFFFFFFFFFF01
:101FF000FFFFFFFFFFFFFFFFFFFFFFFFFFFFFFFFF1
:10200000FFFFFFFFFFFFFFFFFFFFFFFFFFFFFFFFE0
:10201000FFFFFFFFFFFFFFFFFFFFFFFFFFFFFFFFD0
:10202000FFFFFFFFFFFFFFFFFFFFFFFFFFFFFFFFC0
:10203000FFFFFFFF5057422D44383838580000004A
:1020400000000000FFFFFFFFFFFFFFFFFFFFFFFF9C
:10205000FFFFFFFFFFFFFFFFFFFFFFFFFFFFFFFF90
:10206000FFFFFFFFFFFFFFFFFFFFFFFFFFFFFFFF80
:10207000FFFFFFFFFFFFFFFFFFFFFFFFFFFFFFFF70
:10208000FFFFFFFFFFFFFFFFFFFFFFFFFFFFFFFF60
:10209000FFFFFFFFFFFFFFFFFFFFFFFFFFFFFFFF50
:1020A000FFFFFFFFFFFFFFFFFFFFFFFFFFFFFFFF40
:1020B000FFFFFFFFFFFFFFFFFFFFFFFFFFFFFFFF30
:1020C000FFFFFFFFFFFFFFFFFFFFFFFFFFFFFFFF20
:1020D000FFFFFFFFFFFFFFFFFFFFFFFFFFFFFFFF10
:1020E000FFFFFFFFFFFFFFFFFFFFFFFFFFFFFFFF00
:1020F000FFFFFFFFFFFFFFFFFFFFFFFFFFFFFFFFF0
:10210000FFFFFFFFFFFFFFFFFFFFFFFFFFFFFFFFDF
:10211000FFFFFFFFFFFFFFFFFFFFFFFFFFFFFFFFCF
:10212000FFFFFFFFFFFFFFFFFFFFFFFFFFFFFFFFBF
:10213000FFFFFFFFFFFFFFFFFFFFFFFFFFFFFFFFAF
:10214000FFFFFFFFFFFFFFFFFFFFFFFFFFFFFFFF9F
:10215000FFFFFFFFFFFFFFFFFFFFFFFFFFFFFFFF8F
:10216000FFFFFFFFFFFFFFFFFFFFFFFFFFFFFFFF7F
:10217000FFFFFFFFFFFFFFFFFFFFFFFFFFFFFFFF6F
:10218000FFFFFFFFFFFFFFFFFFFFFFFFFFFFFFFF5F
:10219000FFFFFFFFFFFFFFFFFFFFFFFFFFFFFFFF4F
:1021A000FFFFFFFFFFFFFFFFFFFFFFFFFFFFFFFF3F
:1021B000FFFFFFFFFFFFFFFFFFFFFFFFFFFFFFFF2F
:1021C000FFFFFFFFFFFFFFFFFFFFFFFFFFFFFFFF1F
:1021D000FFFFFFFFFFFFFFFFFFFFFFFFFFFFFFFF0F
:1021E000FFFFFFFFFFFFFFFFFFFFFFFFFFFFFFFFFF
:1021F000FFFFFFFFFFFFFFFFFFFFFFFFFFFFFFFFEF
:10220000FFFFFFFFFFFFFFFFFFFFFFFFFFFFFFFFDE
:10221000FFFFFFFFFFFFFFFFFFFFFFFFFFFFFFFFCE
:10222000FFFFFFFFFFFFFFFFFFFFFFFFFFFFFFFFBE
:10223000FFFFFFFFFFFFFFFFFFFFFFFFFFFFFFFFAE
:10224000FFFFFFFFFFFFFFFFFFFFFFFFFFFFFFFF9E
:10225000FFFFFFFFFFFFFFFFFFFFFFFFFFFFFFFF8E
:10226000FFFFFFFFFFFFFFFFFFFFFFFFFFFFFFFF7E
:10227000FFFFFFFFFFFFFFFFFFFFFFFFFFFFFFFF6E
:10228000FFFFFFFFFFFFFFFFFFFFFFFFFFFFFFFF5E
:10229000FFFFFFFFFFFFFFFFFFFFFFFFFFFFFFFF4E
:1022A000FFFFFFFFFFFFFFFFFFFFFFFFFFFFFFFF3E
:1022B000FFFFFFFFFFFFFFFFFFFFFFFFFFFFFFFF2E
:1022C000FFFFFFFFFFFFFFFFFFFFFFFFFFFFFFFF1E
:1022D000FFFFFFFFFFFFFFFFFFFFFFFFFFFFFFFF0E
:1022E000FFFFFFFFFFFFFFFFFFFFFFFFFFFFFFFFFE
:1022F000FFFFFFFFFFFFFFFFFFFFFFFFFFFFFFFFEE
:10230000FFFFFFFFFFFFFFFFFFFFFFFFFFFFFFFFDD
:10231000FFFFFFFFFFFFFFFFFFFFFFFFFFFFFFFFCD
:10232000FFFFFFFFFFFFFFFFFFFFFFFFFFFFFFFFBD
:10233000FFFFFFFFFFFFFFFFFFFFFFFFFFFFFFFFAD
:10234000FFFFFFFFFFFFFFFFFFFFFFFFFFFFFFFF9D
:10235000FFFFFFFFFFFFFFFFFFFFFFFFFFFFFFFF8D
:10236000FFFFFFFFFFFFFFFFFFFFFFFFFFFFFFFF7D
:10237000FFFFFFFFFFFFFFFFFFFFFFFFFFFFFFFF6D
:10238000FFFFFFFFFFFFFFFFFFFFFFFFFFFFFFFF5D
:10239000FFFFFFFFFFFFFFFFFFFFFFFFFFFFFFFF4D
:1023A000FFFFFFFFFFFFFFFFFFFFFFFFFFFFFFFF3D
:1023B000FFFFFFFFFFFFFFFFFFFFFFFFFFFFFFFF2D
:1023C000FFFFFFFFFFFFFFFFFFFFFFFFFFFFFFFF1D
:1023D000FFFFFFFFFFFFFFFFFFFFFFFFFFFFFFFF0D
:1023E000FFFFFFFFFFFFFFFFFFFFFFFFFFFFFFFFFD
:1023F000FFFFFFFFFFFFFFFFFFFFFFFFFFFFFFFFED
:10240000FFFFFFFFFFFFFFFFFFFFFFFFFFFFFFFFDC
:10241000FFFFFFFFFFFFFFFFFFFFFFFFFFFFFFFFCC
:10242000FFFFFFFFFFFFFFFFFFFFFFFFFFFFFFFFBC
:10243000FFFFFFFFFFFFFFFFFFFFFFFFFFFFFFFFAC
:10244000FFFFFFFFFFFFFFFFFFFFFFFFFFFFFFFF9C
:10245000FFFFFFFFFFFFFFFFFFFFFFFFFFFFFFFF8C
:10246000FFFFFFFFFFFFFFFFFFFFFFFFFFFFFFFF7C
:10247000FFFFFFFFFFFFFFFFFFFFFFFFFFFFFFFF6C
:10248000FFFFFFFFFFFFFFFFFFFFFFFFFFFFFFFF5C
:10249000FFFFFFFFFFFFFFFFFFFFFFFFFFFFFFFF4C
:1024A000FFFFFFFFFFFFFFFFFFFFFFFFFFFFFFFF3C
:1024B000FFFFFFFFFFFFFFFFFFFFFFFFFFFFFFFF2C
:1024C000FFFFFFFFFFFFFFFFFFFFFFFFFFFFFFFF1C
:1024D000FFFFFFFFFFFFFFFFFFFFFFFFFFFFFFFF0C
:1024E000FFFFFFFFFFFFFFFFFFFFFFFFFFFFFFFFFC
:1024F000FFFFFFFFFFFFFFFFFFFFFFFFFFFFFFFFEC
:10250000FFFFFFFFFFFFFFFFFFFFFFFFFFFFFFFFDB
:10251000FFFFFFFFFFFFFFFFFFFFFFFFFFFFFFFFCB
:10252000FFFFFFFFFFFFFFFFFFFFFFFFFFFFFFFFBB
:10253000FFFFFFFFFFFFFFFFFFFFFFFFFFFFFFFFAB
:10254000FFFFFFFFFFFFFFFFFFFFFFFFFFFFFFFF9B
:10255000FFFFFFFFFFFFFFFFFFFFFFFFFFFFFFFF8B
:10256000FFFFFFFFFFFFFFFFFFFFFFFFFFFFFFFF7B
:10257000FFFFFFFFFFFFFFFFFFFFFFFFFFFFFFFF6B
:10258000FFFFFFFFFFFFFFFFFFFFFFFFFFFFFFFF5B
:10259000FFFFFFFFFFFFFFFFFFFFFFFFFFFFFFFF4B
:1025A000FFFFFFFFFFFFFFFFFFFFFFFFFFFFFFFF3B
:1025B000FFFFFFFFFFFFFFFFFFFFFFFFFFFFFFFF2B
:1025C000FFFFFFFFFFFFFFFFFFFFFFFFFFFFFFFF1B
:1025D000FFFFFFFFFFFFFFFFFFFFFFFFFFFFFFFF0B
:1025E000FFFFFFFFFFFFFFFFFFFFFFFFFFFFFFFFFB
:1025F000FFFFFFFFFFFFFFFFFFFFFFFFFFFFFFFFEB
:10260000FFFFFFFFFFFFFFFFFFFFFFFFFFFFFFFFDA
:10261000FFFFFFFFFFFFFFFFFFFFFFFFFFFFFFFFCA
:10262000FFFFFFFFFFFFFFFFFFFFFFFFFFFFFFFFBA
:10263000FFFFFFFFFFFFFFFFFFFFFFFFFFFFFFFFAA
:10264000FFFFFFFFFFFFFFFFFFFFFFFFFFFFFFFF9A
:10265000FFFFFFFFFFFFFFFFFFFFFFFFFFFFFFFF8A
:10266000FFFFFFFFFFFFFFFFFFFFFFFFFFFFFFFF7A
:10267000FFFFFFFFFFFFFFFFFFFFFFFFFFFFFFFF6A
:10268000FFFFFFFFFFFFFFFFFFFFFFFFFFFFFFFF5A
:10269000FFFFFFFFFFFFFFFFFFFFFFFFFFFFFFFF4A
:1026A000FFFFFFFFFFFFFFFFFFFFFFFFFFFFFFFF3A
:1026B000FFFFFFFFFFFFFFFFFFFFFFFFFFFFFFFF2A
:1026C000FFFFFFFFFFFFFFFFFFFFFFFFFFFFFFFF1A
:1026D000FFFFFFFFFFFFFFFFFFFFFFFFFFFFFFFF0A
:1026E000FFFFFFFFFFFFFFFFFFFFFFFFFFFFFFFFFA
:1026F000FFFFFFFFFFFFFFFFFFFFFFFFFFFFFFFFEA
:10270000FFFFFFFFFFFFFFFFFFFFFFFFFFFFFFFFD9
:10271000FFFFFFFFFFFFFFFFFFFFFFFFFFFFFFFFC9
:10272000FFFFFFFFFFFFFFFFFFFFFFFFFFFFFFFFB9
:10273000FFFFFFFFFFFFFFFFFFFFFFFFFFFFFFFFA9
:10274000FFFFFFFFFFFFFFFFFFFFFFFFFFFFFFFF99
:10275000FFFFFFFFFFFFFFFFFFFFFFFFFFFFFFFF89
:10276000FFFFFFFFFFFFFFFFFFFFFFFFFFFFFFFF79
:10277000FFFFFFFFFFFFFFFFFFFFFFFFFFFFFFFF69
:10278000FFFFFFFFFFFFFFFFFFFFFFFFFFFFFFFF59
:10279000FFFFFFFFFFFFFFFFFFFFFFFFFFFFFFFF49
:1027A000FFFFFFFFFFFFFFFFFFFFFFFFFFFFFFFF39
:1027B000FFFFFFFFFFFFFFFFFFFFFFFFFFFFFFFF29
:1027C000FFFFFFFFFFFFFFFFFFFFFFFFFFFFFFFF19
:1027D000FFFFFFFFFFFFFFFFFFFFFFFFFFFFFFFF09
:1027E000FFFFFFFFFFFFFFFFFFFFFFFFFFFFFFFFF9
:1027F000FFFFFFFFFFFFFFFFFFFFFFFFFFFFFFFFE9
:10280000FFFFFFFFFFFFFFFFFFFFFFFFFFFFFFFFD8
:10281000FFFFFFFFFFFFFFFFFFFFFFFFFFFFFFFFC8
:10282000FFFFFFFFFFFFFFFFFFFFFFFFFFFFFFFFB8
:10283000FFFFFFFFFFFFFFFFFFFFFFFFFFFFFFFFA8
:10284000FFFFFFFFFFFFFFFFFFFFFFFFFFFFFFFF98
:10285000FFFFFFFFFFFFFFFFFFFFFFFFFFFFFFFF88
:10286000FFFFFFFFFFFFFFFFFFFFFFFFFFFFFFFF78
:10287000FFFFFFFFFFFFFFFFFFFFFFFFFFFFFFFF68
:10288000FFFFFFFFFFFFFFFFFFFFFFFFFFFFFFFF58
:10289000FFFFFFFFFFFFFFFFFFFFFFFFFFFFFFFF48
:1028A000FFFFFFFFFFFFFFFFFFFFFFFFFFFFFFFF38
:1028B000FFFFFFFFFFFFFFFFFFFFFFFFFFFFFFFF28
:1028C000FFFFFFFFFFFFFFFFFFFFFFFFFFFFFFFF18
:1028D000FFFFFFFFFFFFFFFFFFFFFFFFFFFFFFFF08
:1028E000FFFFFFFFFFFFFFFFFFFFFFFFFFFFFFFFF8
:1028F000FFFFFFFFFFFFFFFFFFFFFFFFFFFFFFFFE8
:10290000FFFFFFFFFFFFFFFFFFFFFFFFFFFFFFFFD7
:10291000FFFFFFFFFFFFFFFFFFFFFFFFFFFFFFFFC7
:10292000FFFFFFFFFFFFFFFFFFFFFFFFFFFFFFFFB7
:10293000FFFFFFFFFFFFFFFFFFFFFFFFFFFFFFFFA7
:10294000FFFFFFFFFFFFFFFFFFFFFFFFFFFFFFFF97
:10295000FFFFFFFFFFFFFFFFFFFFFFFFFFFFFFFF87
:10296000FFFFFFFFFFFFFFFFFFFFFFFFFFFFFFFF77
:10297000FFFFFFFFFFFFFFFFFFFFFFFFFFFFFFFF67
:10298000FFFFFFFFFFFFFFFFFFFFFFFFFFFFFFFF57
:10299000FFFFFFFFFFFFFFFFFFFFFFFFFFFFFFFF47
:1029A000FFFFFFFFFFFFFFFFFFFFFFFFFFFFFFFF37
:1029B000FFFFFFFFFFFFFFFFFFFFFFFFFFFFFFFF27
:1029C000FFFFFFFFFFFFFFFFFFFFFFFFFFFFFFFF17
:1029D000FFFFFFFFFFFFFFFFFFFFFFFFFFFFFFFF07
:1029E000FFFFFFFFFFFFFFFFFFFFFFFFFFFFFFFFF7
:1029F000FFFFFFFFFFFFFFFFFFFFFFFFFFFFFFFFE7
:102A0000FFFFFFFFFFFFFFFFFFFFFFFFFFFFFFFFD6
:102A1000FFFFFFFFFFFFFFFFFFFFFFFFFFFFFFFFC6
:102A2000FFFFFFFFFFFFFFFFFFFFFFFFFFFFFFFFB6
:102A3000FFFFFFFFFFFFFFFFFFFFFFFFFFFFFFFFA6
:102A4000FFFFFFFFFFFFFFFFFFFFFFFFFFFFFFFF96
:102A5000FFFFFFFFFFFFFFFFFFFFFFFFFFFFFFFF86
:102A6000FFFFFFFFFFFFFFFFFFFFFFFFFFFFFFFF76
:102A7000FFFFFFFFFFFFFFFFFFFFFFFFFFFFFFFF66
:102A8000FFFFFFFFFFFFFFFFFFFFFFFFFFFFFFFF56
:102A9000FFFFFFFFFFFFFFFFFFFFFFFFFFFFFFFF46
:102AA000FFFFFFFFFFFFFFFFFFFFFFFFFFFFFFFF36
:102AB000FFFFFFFFFFFFFFFFFFFFFFFFFFFFFFFF26
:102AC000FFFFFFFFFFFFFFFFFFFFFFFFFFFFFFFF16
:102AD000FFFFFFFFFFFFFFFFFFFFFFFFFFFFFFFF06
:102AE000FFFFFFFFFFFFFFFFFFFFFFFFFFFFFFFFF6
:102AF000FFFFFFFFFFFFFFFFFFFFFFFFFFFFFFFFE6
:102B0000FFFFFFFFFFFFFFFFFFFFFFFFFFFFFFFFD5
:102B1000FFFFFFFFFFFFFFFFFFFFFFFFFFFFFFFFC5
:102B2000FFFFFFFFFFFFFFFFFFFFFFFFFFFFFFFFB5
:102B3000FFFFFFFFFFFFFFFFFFFFFFFFFFFFFFFFA5
:102B4000FFFFFFFFFFFFFFFFFFFFFFFFFFFFFFFF95
:102B5000FFFFFFFFFFFFFFFFFFFFFFFFFFFFFFFF85
:102B6000FFFFFFFFFFFFFFFFFFFFFFFFFFFFFFFF75
:102B7000FFFFFFFFFFFFFFFFFFFFFFFFFFFFFFFF65
:102B8000FFFFFFFFFFFFFFFFFFFFFFFFFFFFFFFF55
:102B9000FFFFFFFFFFFFFFFFFFFFFFFFFFFFFFFF45
:102BA000FFFFFFFFFFFFFFFFFFFFFFFFFFFFFFFF35
:102BB000FFFFFFFFFFFFFFFFFFFFFFFFFFFFFFFF25
:102BC000FFFFFFFFFFFFFFFFFFFFFFFFFFFFFFFF15
:102BD000FFFFFFFFFFFFFFFFFFFFFFFFFFFFFFFF05
:102BE000FFFFFFFFFFFFFFFFFFFFFFFFFFFFFFFFF5
:102BF000FFFFFFFFFFFFFFFFFFFFFFFFFFFFFFFFE5
:102C0000FFFFFFFFFFFFFFFFFFFFFFFFFFFFFFFFD4
:102C1000FFFFFFFFFFFFFFFFFFFFFFFFFFFFFFFFC4
:102C2000FFFFFFFFFFFFFFFFFFFFFFFFFFFFFFFFB4
:102C3000FFFFFFFFFFFFFFFFFFFFFFFFFFFFFFFFA4
:102C4000FFFFFFFFFFFFFFFFFFFFFFFFFFFFFFFF94
:102C5000FFFFFFFFFFFFFFFFFFFFFFFFFFFFFFFF84
:102C6000FFFFFFFFFFFFFFFFFFFFFFFFFFFFFFFF74
:102C7000FFFFFFFFFFFFFFFFFFFFFFFFFFFFFFFF64
:102C8000FFFFFFFFFFFFFFFFFFFFFFFFFFFFFFFF54
:102C9000FFFFFFFFFFFFFFFFFFFFFFFFFFFFFFFF44
:102CA000FFFFFFFFFFFFFFFFFFFFFFFFFFFFFFFF34
:102CB000FFFFFFFFFFFFFFFFFFFFFFFFFFFFFFFF24
:102CC000FFFFFFFFFFFFFFFFFFFFFFFFFFFFFFFF14
:102CD000FFFFFFFFFFFFFFFFFFFFFFFFFFFFFFFF04
:102CE000FFFFFFFFFFFFFFFFFFFFFFFFFFFFFFFFF4
:102CF000FFFFFFFFFFFFFFFFFFFFFFFFFFFFFFFFE4
:102D0000FFFFFFFFFFFFFFFFFFFFFFFFFFFFFFFFD3
:102D1000FFFFFFFFFFFFFFFFFFFFFFFFFFFFFFFFC3
:102D2000FFFFFFFFFFFFFFFFFFFFFFFFFFFFFFFFB3
:102D3000FFFFFFFFFFFFFFFFFFFFFFFFFFFFFFFFA3
:102D4000FFFFFFFFFFFFFFFFFFFFFFFFFFFFFFFF93
:102D5000FFFFFFFFFFFFFFFFFFFFFFFFFFFFFFFF83
:102D6000FFFFFFFFFFFFFFFFFFFFFFFFFFFFFFFF73
:102D7000FFFFFFFFFFFFFFFFFFFFFFFFFFFFFFFF63
:102D8000FFFFFFFFFFFFFFFFFFFFFFFFFFFFFFFF53
:102D9000FFFFFFFFFFFFFFFFFFFFFFFFFFFFFFFF43
:102DA000FFFFFFFFFFFFFFFFFFFFFFFFFFFFFFFF33
:102DB000FFFFFFFFFFFFFFFFFFFFFFFFFFFFFFFF23
:102DC000FFFFFFFFFFFFFFFFFFFFFFFFFFFFFFFF13
:102DD000FFFFFFFFFFFFFFFFFFFFFFFFFFFFFFFF03
:102DE000FFFFFFFFFFFFFFFFFFFFFFFFFFFFFFFFF3
:102DF000FFFFFFFFFFFFFFFFFFFFFFFFFFFFFFFFE3
:102E0000FFFFFFFFFFFFFFFFFFFFFFFFFFFFFFFFD2
:102E1000FFFFFFFFFFFFFFFFFFFFFFFFFFFFFFFFC2
:102E2000FFFFFFFFFFFFFFFFFFFFFFFFFFFFFFFFB2
:102E3000FFFFFFFFFFFFFFFFFFFFFFFFFFFFFFFFA2
:102E4000FFFFFFFFFFFFFFFFFFFFFFFFFFFFFFFF92
:102E5000FFFFFFFFFFFFFFFFFFFFFFFFFFFFFFFF82
:102E6000FFFFFFFFFFFFFFFFFFFFFFFFFFFFFFFF72
:102E7000FFFFFFFFFFFFFFFFFFFFFFFFFFFFFFFF62
:102E8000FFFFFFFFFFFFFFFFFFFFFFFFFFFFFFFF52
:102E9000FFFFFFFFFFFFFFFFFFFFFFFFFFFFFFFF42
:102EA000FFFFFFFFFFFFFFFFFFFFFFFFFFFFFFFF32
:102EB000FFFFFFFFFFFFFFFFFFFFFFFFFFFFFFFF22
:102EC000FFFFFFFFFFFFFFFFFFFFFFFFFFFFFFFF12
:102ED000FFFFFFFFFFFFFFFFFFFFFFFFFFFFFFFF02
:102EE000FFFFFFFFFFFFFFFFFFFFFFFFFFFFFFFFF2
:102EF000FFFFFFFFFFFFFFFFFFFFFFFFFFFFFFFFE2
:102F0000FFFFFFFFFFFFFFFFFFFFFFFFFFFFFFFFD1
:102F1000FFFFFFFFFFFFFFFFFFFFFFFFFFFFFFFFC1
:102F2000FFFFFFFFFFFFFFFFFFFFFFFFFFFFFFFFB1
:102F3000FFFFFFFFFFFFFFFFFFFFFFFFFFFFFFFFA1
:102F4000FFFFFFFFFFFFFFFFFFFFFFFFFFFFFFFF91
:102F5000FFFFFFFFFFFFFFFFFFFFFFFFFFFFFFFF81
:102F6000FFFFFFFFFFFFFFFFFFFFFFFFFFFFFFFF71
:102F7000FFFFFFFFFFFFFFFFFFFFFFFFFFFFFFFF61
:102F8000FFFFFFFFFFFFFFFFFFFFFFFFFFFFFFFF51
:102F9000FFFFFFFFFFFFFFFFFFFFFFFFFFFFFFFF41
:102FA000FFFFFFFFFFFFFFFFFFFFFFFFFFFFFFFF31
:102FB000FFFFFFFFFFFFFFFFFFFFFFFFFFFFFFFF21
:102FC000FFFFFFFFFFFFFFFFFFFFFFFFFFFFFFFF11
:102FD000FFFFFFFFFFFFFFFFFFFFFFFFFFFFFFFF01
:102FE000FFFFFFFFFFFFFFFFFFFFFFFFFFFFFFFFF1
:102FF000FFFFFFFFFFFFFFFFFFFFFFFFFFFFFFFFE1
:10300000FFFFFFFFFFFFFFFFFFFFFFFFFFFFFFFFD0
:10301000FFFFFFFF08020020C5A5010041A6010037
:1030200045A60100B3910100B5910100B7910100DF
:103030000000000000000000000000000000000090
:1030400049A601004DA601000000000051A60100A4
:103050007B910100D1900100D3900100D590010037
:10306000D790010045900100B5640100DD9001009A
:10307000DB900100D9900100E79001004791010029
:1030800067910100799101009791010099910100E8
:103090009B9101009D910100A9910100AB9101005C
:1030A000AD910100AF910100B1910100A391010028
:1030B000A5910100A79101009F910100A19101003C
:1030C000FFFFFFFFFFFFFFFFFFFFFFFFFFFFFFFF10
:1030D000FFFFFFFF80B513F039FB13F097FF0648A1
:1030E0000078002801D1002005E00348007801287D
:1030F00001D111F059FF01BDFE0900200048E8018F
:1031000075750100480800000C0200200001000055
:10311000001C0020000000009D750100040000005C
:10312000DCFFFFFF08020020000000002DE9F84F3F
:1031300000240020DFF8701D0870DFF8700D0078A3
:10314000002807D00020DFF8681D08700020DFF895
:10315000641D0870DFF8600D0078002800F02B82F5
:10316000DFF8580D0078002840F02582DFF8400D88
:10317000007801280BD0C0F0DE81032800F0C78062
:1031800042D3052800F0BF80C0F0C580D3E1DFF84E
:10319000300D006830F00800DFF8241D08600220C0
:1031A000DFF80C1D08700120DFF8181D0870DFF82B
:1031B000180D0088DFF8141DDFF8082D127821F8AB
:1031C0001200DFF80C0D0088DFF8081DDFF8F42C82
:1031D000127821F81200DFF8000D0088DFF8FC1CDF
:1031E000DFF8E02C127821F81200DFF8EC0C0088F0
:1031F000DFF8E81C0988884205D2DFF8E00C008877
:10320000DFF8D41C0880A8E3DFF8B40C006850F0A5
:103210000800DFF8AC1C08600120DFF8901C087083
:103220000320DFF88C1C08700220DFF8981C08705F
:10323000DFF8940C0088DFF8941CDFF8882C1278F3
:1032400021F81200DFF8880C0088DFF8881CDFF80E
:10325000742C127821F81200DFF87C0C0088DFF85B
:103260007C1CDFF8602C127821F81200DFF85C0C6F
:10327000B0F90410DFF8540CB0F90000091A09B2D3
:10328000022091FBF0F0DFF8581C0880DFF8440CB6
:10329000B0F90410DFF83C0CB0F90000091A09B2CB
:1032A000022091FBF0F0DFF83C1C0880DFF82C0CCA
:1032B000B0F90410DFF8240CB0F90000091A09B2C3
:1032C000022091FBF0F0DFF8201C0880DFF8080CEA
:1032D0000088DFF8081C0988884205D2DFF8FC0B5B
:1032E0000088DFF8F41B0880DFF8EC0B0088DFF8BB
:1032F000EC1B4988884205D2DFF8E00B4088DFF8F4
:10330000D81B088029E30020DFF8A81B08700420E0
:10331000DFF89C1B0870DFF8A80B006850F008006D
:10332000DFF89C1B0860DFF89C0B0078022807DAA6
:10333000DFF8900B0078401CDFF8881B087003E072
:103340000020DFF8801B0870DFF8780B0078022877
:1033500006DBDFF8700B0078801E8DF8000005E0BA
:10336000DFF8600B0078401C8DF80000DFF8580B88
:103370000088DFF8581BDFF84C2B127821F8120078
:10338000DFF84C0B0088DFF84C1BDFF8382B127885
:1033900021F81200DFF8400B0088DFF8401BDFF84F
:1033A000242B127821F81200DFF8200BDFF8141B11
:1033B000097830F91110DFF8140B9DF8002030F96E
:1033C0001200091A09B2022091FBF0F0DFF8101B7D
:1033D0000880DFF8000BDFF8EC1A097830F91110DB
:1033E000DFF8F00A9DF8002030F91200091A09B23E
:1033F000022091FBF0F0DFF8EC1A0880DFF8C40A35
:103400000078002806D0DFF8BC0A90F90000401EC2
:10341000010005E0DFF8AC0A90F90000801C010013
:10342000DFF8A80ADFF89CCA9CF800C030F91CC07D
:10343000DFF8980A49B230F91100BCEB000C624683
:10344000DFF8880A49B230F91100DFF880EA9DF808
:1034500000C03EF91CC0B0EB0C0C63461BB20B2B3A
:1034600003DB12B212F5167F08DB1BB213F10A0F51
:103470001BDA12B240F25920824216DBDFF8400A12
:10348000006830F00800DFF838CACCF80000DFF838
:103490005C0A006850F01000DFF850CACCF8000059
:1034A0000020DFF80CCA8CF80000DFF8280ADFF8EB
:1034B00014CA9CF800C030F91CC0DFF8180A49B2E1
:1034C00030F91100BCEB000C6246DFF8080A49B283
:1034D00030F91100DFF8FCE99DF800C03EF91CC08E
:1034E000B0EB0C0C63461BB20B2B03DB12B212F5D4
:1034F000167F08DB1BB213F10A0F1BDA12B240F27F
:103500005920824216DBDFF8B809006830F0080065
:10351000DFF8ACC9CCF80000DFF8D009006850F043
:103520001000DFF8C8C9CCF800000020DFF880C91F
:103530008CF8000011E20120DFF874190870DFF840
:103540008009006830F00800DFF874190860002076
:10355000DFF870190870DFF86C090078032825DAA5
:10356000DFF864090088DFF86419DFF85829127859
:1035700021F81200DFF858090088DFF85819DFF841
:103580004429127821F81200DFF84C090088DFF88E
:103590004C19DFF83029127821F81200DFF82409DD
:1035A0000078401CDFF81C190870D4E70020DFF811
:1035B00014190870D1E1DFF8F8080078012809D063
:1035C000C0F0BB81032859D027D3052800F08F8194
:1035D00065D3B2E1DFF8E808006850F00800DFF8D2
:1035E000E01808600120DFF8C4180870DFF8E80868
:1035F0000088DFF8E8180988884205D2DFF8DC087F
:103600000088DFF8D41808800020DFF8E41808707C
:103610000020DFF89C1808709FE1DFF8A40800681C
:1036200050F00800DFF8981808600120DFF87C18D7
:103630000870DFF8A4080088DFF8A018098888421D
:1036400005D2DFF898080088DFF88C180880DFF8CA
:1036500088080088DFF884184988884205D2DFF896
:103660007C084088DFF8701808800020DFF8801898
:1036700008700020DFF8381808706EE1DFF84008A5
:10368000006850F00800DFF8381808600020DFF804
:10369000601808700020DFF8181808705DE1DFF886
:1036A0002008006850F00800DFF8141808600020B7
:1036B000DFF83C1808700520DFF8F4170870DFF811
:1036C00034080078C00740F1D380DFF82C08006888
:1036D000C0F30010002842D00F20DFF8D817087080
:1036E000DFF818080188DFF81808B0F90020062074
:1036F00000FB0211DFF8D0070180DFF8080801881D
:10370000DFF80408B0F90020062000FB0211DFF802
:10371000C0070180DFF8B0070088DFF8B017DFF8D6
:10372000A427127821F81200DFF8A4070088DFF838
:10373000A417DFF89027127821F81200DFF8C007ED
:10374000008800B24000DFF898170880DFF8B8075B
:10375000008800B24000DFF88C170880C6E0DFF870
:1037600098070068C0F34010002842D00720DFF817
:1037700044170870DFF884070188DFF88407B0F980
:103780000020032000FB0211DFF83C070180DFF876
:1037900074070188DFF87007B0F90020032000FBF0
:1037A0000211DFF82C070180DFF81C070088DFF822
:1037B0001C17DFF81027127821F81200DFF8100725
:1037C0000088DFF81017DFF8FC26127821F81200C5
:1037D000DFF82C07008800B24000DFF804170880EB
:1037E000DFF82407008800B24000DFF8F8160880F0
:1037F0007CE00320DFF8BC160870DFF800070188C2
:10380000DFF8FC06B0F900004118DFF8BC060180C3
:10381000DFF8F0060188DFF8F006B0F90000411883
:10382000DFF8AC060180DFF8A0060088DFF89C1600
:10383000DFF89026127821F81200DFF8940600884D
:10384000DFF89016DFF87C26127821F81200DFF8F6
:10385000B006008800B24000DFF884160880DFF868
:10386000A806008800B24000DFF8781608803DE026
:103870000320DFF840160870DFF880060188DFF8C3
:103880008006B0F900004118DFF83C060180DFF83F
:1038900074060188DFF87006B0F900004118DFF8FF
:1038A00030060180DFF820060088DFF82016DFF8F8
:1038B0001426127821F81200DFF814060088DFF8C9
:1038C0001416DFF80026127821F81200DFF830060F
:1038D000008800B24000DFF808160880DFF82806EC
:1038E000008800B24000DFF8FC15088035E0DFF802
:1038F000C4050078002813D0DFF8B8050078401E12
:10390000DFF8B0150870DFF8B805006850F008005F
:10391000DFF8AC1508600020DFF8D41508700BE064
:10392000DFF89C05006830F00800DFF894150860A7
:103930000020DFF87C1508700FE0DFF884050068D0
:1039400030F00800DFF8781508600020DFF8641513
:1039500008700020DFF858150870DFF8540500786B
:10396000012800F09E82DFF848050078032840F027
:103970008F81DFF8540500880500DFF854050088C2
:103980000600DFF8440500880700DFF844050088DA
:103990008046DFF84C05B0F90000B7EBC007DFF850
:1039A0004405B0F90000B8EBC008DFF86005B0F9D5
:1039B000000010F5E660B84242DBDFF85005B0F9D0
:1039C000000010F5E660A84280F28880B8EB06009F
:1039D000DFF83815B1F9001011F5E661491B4843CD
:1039E000791B90FBF1F030188346DFF82405B0F91D
:1039F000000010F5C260834512DBDFF81405B0F952
:103A0000000000F56850F030584509DBDFF8FC0491
:103A1000B0F9000010F5E6608146DA4601200400A6
:103A2000DFF8C004B0F9000008F034F9DFF8B01492
:103A3000B1F900104900814250DA002004004DE045
:103A4000DFF8C804B0F9000000F5BE4050308742EE
:103A500044DBDFF8B804B0F9000000F5BE40503098
:103A600085423BDAB8EB0600DFF8A014B1F900108C
:103A700001F5BE415031491B4843791B90FBF1F0E1
:103A800030188346DFF88804B0F9000010F5C260F2
:103A9000834513DBDFF87804B0F9000000F56850C7
:103AA000F03058450ADBDFF86404B0F9000000F597
:103AB000BE4050308146DA4601200400DFF824047D
:103AC000B0F9000008F0E6F8DFF81414B1F90010BE
:103AD00049424900814201DA0020040064B2012C0D
:103AE00000F09780DFF82804B0F9000010F5C260FC
:103AF000404542DBDFF81804B0F9000010F5C26061
:103B0000B04280F28680781BDFF80414B1F900100F
:103B100011F5C261891B4843B8EB060190FBF1F037
:103B200028188346DFF8E403B0F9000010F5E660DA
:103B3000834512DBDFF8D403B0F9000000F5BE4086
:103B40005030584509DBD946DFF8C403B0F900000E
:103B500010F5C260824601200400DFF88403B0F94A
:103B6000000008F097F8DFF87C13B1F90010490065
:103B700081424EDA002004004BE0DFF89403B0F9F4
:103B8000000000F56850F030804542DBDFF880032C
:103B9000B0F9000000F56850F030864239DA781B41
:103BA000DFF86C13B1F9001001F56851F031891B91
:103BB0004843B8EB060190FBF1F028188346DFF884
:103BC0004C03B0F9000010F5E660834513DBDFF825
:103BD0003C03B0F9000000F5BE40503058450ADB08
:103BE000D946DFF82C03B0F9000000F56850F0303A
:103BF000824601200400BA48B0F9000008F04AF8F3
:103C0000B849B1F9001049424900814201DA002067
:103C10000400DFF8040D0078C00701D40020040080
:103C200064B2002C1ED0B9EB050041F28831884205
:103C300020DAB9EB0500DFF8E41C88421ADBBAEBA6
:103C4000060041F28831884214DABAEB0600DFF848
:103C5000CC1C88420EDB9C48A0F800909C48A0F841
:103C600000A007E099480088974908809948008893
:103C70009749088095484088DFF8A41C088095483B
:103C80004088DFF8A01C088001208749087008E1FF
:103C900087480078052840F004818C4889490978D4
:103CA00030F8110005008B488649097830F811007A
:103CB00006008B48B0F9000015EB4000070089486A
:103CC000B0F9000016EB400080469048B0F90000C3
:103CD00010F5E660B8422DDB8C48B0F9000010F515
:103CE000E660A8425EDAB8EB06008849B1F9001038
:103CF00011F5E661491B4843791B90FBF1F0301840
:103D000083468348B0F9000010F5C260834549DB63
:103D10007F48B0F9000000F56850F030584541DBAD
:103D20007A48B0F9000010F5E6608146DA460120D5
:103D3000040037E07548B0F9000000F5BE4050308F
:103D400087422FDB7148B0F9000000F5BE405030CB
:103D5000854227DAB8EB06006C49B1F9001001F58D
:103D6000BE415031491B4843791B90FBF1F030189C
:103D700083466748B0F9000010F5C260834511DB47
:103D80006348B0F9000000F56850F030584509DB91
:103D90005E48B0F9000000F5BE4050308146DA467A
:103DA0000120040064B2012C6CD05948B0F9000025
:103DB00010F5C26040452DDB5548B0F9000010F504
:103DC000C260B0425EDA781B5149B1F9001011F5BA
:103DD000C261891B4843B8EB060190FBF1F028183B
:103DE00083464A48B0F9000010F5E660834549DB98
:103DF0004648B0F9000000F5BE405030584541DB60
:103E0000D9464348B0F9000010F5C260824601204F
:103E1000040037E03E48B0F9000000F56850F0308B
:103E200080452FDB3A48B0F9000000F56850F030CB
:103E3000864227DA781B3649B1F9001001F568513E
:103E4000F031891B4843B8EB060190FBF1F02818CC
:103E500083462E48B0F9000010F5E660834511DB7B
:103E60002A48B0F9000000F5BE405030584509DB43
:103E7000D9462748B0F9000000F56850F030824676
:103E80000120040064B2012C0BD10F48A0F800906F
:103E90000F48A0F800A01548006850F01000134922
:103EA0000860BDE8F18F00BF2B0A0020D709002071
:103EB000290A00202C0A0020D40900200C0A002026
:103EC000580200202A0A00201E090020A007002016
:103ED00020090020A8070020FC080020B0070020CF
:103EE0007A0900207C0900207E0900208002002041
:103EF000E2090020F4090020480200208009002087
:103F0000840900208209002086090020B0090020D1
:103F1000B20900202DE9F04F93B0DFF83C0D008886
:103F2000DFF8381DC98C884212D32720040024B240
:103F3000132C1EDBDFF8200D0088DFF8201D24B2D3
:103F400001EB440131F8021C884212D2641EEEE7F4
:103F50000020040024B2132C0BDADFF8FC0C0088DC
:103F6000DFF8F81C24B231F81410884201D3641C25
:103F7000F0E7DFF8EC0C0088DFF8E81CC98B88421A
:103F800012D31F2005002DB20F2D1EDBDFF8D00C41
:103F90000088DFF8D01C2DB201EB450131F8021C7E
:103FA000884212D26D1EEEE7002005002DB20F2DC3
:103FB0000BDADFF8AC0C0088DFF8A81C2DB231F862
:103FC0001510884201D36D1CF0E724B2002C17D1E4
:103FD00001200400DFF8840C24B230F81410DFF85C
:103FE0007C0C24B200EB440030F8020C091A88461D
:103FF000404680B2400880B24042ADF8000037E051
:1040000024B2272C14D1641EDFF8500C24B230F8EF
:104010001410DFF8480C24B200EB440030F8020C16
:10402000091A8846404680B24008ADF800001FE0FB
:10403000DFF8280C24B230F81410DFF8200C24B27A
:1040400000EB440030F8020C091A8846DFF8080C2F
:10405000B0F90010DFF8040C24B200EB440030F992
:10406000020C091A404680B2B1EB5001ADF80010C5
:104070002DB2002D16D101200500DFF8E80B2DB27E
:1040800030F81510DFF8DC0B2DB200EB450030F8EE
:10409000020C091A8946484680B2400880B2404264
:1040A000060035E02DB21F2D13D16D1EDFF8B40BC5
:1040B0002DB230F81510DFF8AC0B2DB200EB450037
:1040C00030F8020C091A8946484680B240080600BA
:1040D0001EE0DFF8900B2DB230F81510DFF8840BDE
:1040E0002DB200EB450030F8020C091A8946DFF8C2
:1040F000700BB0F90010DFF86C0B2DB200EB45002F
:1041000030F9020C091A484680B2B1EB50010E009A
:10411000DFF8540BB0F90000DFF8501BB1F90010C4
:1041200088422ADADFF8400BB0F900004042DFF89D
:104130003C1BB1F9001088420FDA01208DF8020013
:10414000DFF82C0B0990DFF82C0B0890DFF8280B18
:104150000790DFF8280B069039E004208DF8020064
:10416000DFF8100B0990DFF8180B0890DFF80C0B44
:104170000790DFF8100B069029E0DFF8EC0AB0F9A1
:1041800000004042DFF8E41AB1F9001088420FDA6B
:1041900003208DF80200DFF8D80A0990DFF8E80A5A
:1041A0000890DFF8D40A0790DFF8E00A06900EE0E6
:1041B00002208DF80200DFF8D00A0990DFF8C00A6B
:1041C0000890DFF8C80A0790DFF8B80A06902720A1
:1041D00000FB0540283807000998BFB2C057ADF86A
:1041E00046000998BFB2384490F90100ADF8440088
:1041F0000998BFB2384490F92700ADF842000998F9
:10420000BFB2384490F92800ADF840000898BFB21A
:10421000C057ADF836000898BFB2384490F9010095
:10422000ADF834000898BFB2384490F92700ADF8D3
:1042300032000898BFB2384490F92800ADF8300039
:104240001F2000FB0450203807000798BFB2C0575A
:10425000ADF83E000798BFB2384490F91F00ADF8A2
:104260003C000798BFB2384490F90100ADF83A001D
:104270000798BFB2384490F92000ADF8380006988E
:10428000BFB2C057ADF82E000698BFB2384490F9BF
:104290001F00ADF82C000698BFB2384490F9010019
:1042A000ADF82A000698BFB2384490F92000ADF866
:1042B00028009DF80200012804D09DF80200022881
:1042C00040F0C180BDF94600DFF89C19B1F900103B
:1042D0000831BDF93620DFF89039B3F90030D3F159
:1042E00008035A4301FB0020C000202190FBF1F09D
:1042F000ADF81600BDF94400DFF86C19B1F90010F3
:104300000831BDF93420DFF86039B3F90030D3F15A
:1043100008035A4301FB0020C000202190FBF1F06C
:10432000ADF81400BDF94200DFF83C19B1F90010F6
:104330000831BDF93220DFF83039B3F90030D3F15C
:1043400008035A4301FB0020C000202190FBF1F03C
:10435000ADF81200BDF94000DFF80C19B1F90010FA
:104360000831BDF93020DFF80039B3F90030D3F15E
:1043700008035A4301FB0020C000202190FBF1F00C
:10438000ADF81000BDF93E00DFF8DC18B1F90010FF
:104390000831BDF92E20DFF8D038B3F90030D3F161
:1043A00008035A4301FB0020C000202190FBF1F0DC
:1043B000ADF80E00BDF93C00DFF8AC18B1F9001003
:1043C0000831BDF92C20DFF8A038B3F90030D3F163
:1043D00008035A4301FB0020C000202190FBF1F0AC
:1043E000ADF80C00BDF93A00DFF87C18B1F9001007
:1043F0000831BDF92A20DFF87038B3F90030D3F165
:1044000008035A4301FB0020C000202190FBF1F07B
:10441000ADF80A00BDF93800DFF84C18B1F900100A
:104420000831BDF92820DFF84038B3F90030D3F166
:1044300008035A4301FB0020C000202190FBF1F04B
:10444000ADF80800BFE0BDF94600DFF82018B1F96B
:1044500000100831BDF93620DFF81038B3F900300C
:10446000D3F108035A4301FB0020C000202190FB38
:10447000F1F0ADF81600BDF94400DFF8F017B1F91E
:1044800000100831BDF93420DFF8E037B3F900300F
:10449000D3F108035A4301FB0020C000202190FB08
:1044A000F1F0ADF81400BDF94200DFF8C017B1F922
:1044B00000100831BDF93220DFF8B037B3F9003011
:1044C000D3F108035A4301FB0020C000202190FBD8
:1044D000F1F0ADF81200BDF94000DFF89017B1F926
:1044E00000100831BDF93020DFF88037B3F9003013
:1044F000D3F108035A4301FB0020C000202190FBA8
:10450000F1F0ADF81000BDF93E00DFF86017B1F929
:1045100000100831BDF92E20DFF85037B3F9003014
:10452000D3F108035A4301FB0020C000202190FB77
:10453000F1F0ADF80E00BDF93C00DFF83017B1F92D
:1045400000100831BDF92C20DFF82037B3F9003016
:10455000D3F108035A4301FB0020C000202190FB47
:10456000F1F0ADF80C00BDF93A00DFF80017B1F931
:1045700000100831BDF92A20DFF8F036B3F9003019
:10458000D3F108035A4301FB0020C000202190FB17
:10459000F1F0ADF80A00BDF93800DFF8D016B1F936
:1045A00000100831BDF92820DFF8C036B3F900301B
:1045B000D3F108035A4301FB0020C000202190FBE7
:1045C000F1F0ADF80800BDF91610BDF9140041185E
:1045D000BDF912004118BDF910004118042091FBEB
:1045E000F0F0ADF80600BDF90E10BDF90C00411851
:1045F000BDF90A004118BDF908004118042091FBDB
:10460000F0F0ADF80400BDF906008246BDF90400E3
:104610008346BDF9000036B23018002840F1908082
:10462000BDF9000036B2801B002844D5BDF900104A
:10463000BDF90620BDF906008218BDF91600121A50
:10464000BDF91200121A51431FFA88F891FBF8F0D5
:1046500010EB0A0A36B2BDF91210BDF91600091A9C
:1046600001FB06F11FFA89F991FBF9F010EB0A0A38
:10467000BDF90010BDF90420BDF904008218BDF990
:104680000E00121ABDF90A00121A51431FFA88F8D7
:1046900091FBF8F010EB0B0B36B2BDF90A10BDF927
:1046A0000E00091A01FB06F11FFA89F991FBF9F0D6
:1046B00010EB0B0BD4E0BDF90010BDF91420BDF9CF
:1046C0001600121A51431FFA88F891FBF8F010EB0C
:1046D0000A0A36B2BDF90610BDF906004118BDF947
:1046E0001600091ABDF91400091A01FB06F11FFA98
:1046F00089F991FBF9F010EB0A0ABDF90010BDF938
:104700000C20BDF90E00121A51431FFA88F891FBD4
:10471000F8F010EB0B0B36B2BDF90410BDF9040034
:104720004118BDF90E00091ABDF90C00091A01FB68
:1047300006F11FFA89F991FBF9F010EB0B0B8FE0F2
:10474000BDF9000036B2801B012844DBBDF9001022
:10475000BDF91420BDF910008218BDF90600121A27
:10476000BDF90600121A51431FFA88F891FBF8F0C0
:1047700010EB0A0A36B2BDF91010BDF91400091A7F
:1047800001FB06F11FFA89F991FBF9F010EB0A0A17
:10479000BDF90010BDF90C20BDF908008218BDF963
:1047A0000400121ABDF90400121A51431FFA88F8C6
:1047B00091FBF8F010EB0B0B36B2BDF90810BDF908
:1047C0000C00091A01FB06F11FFA89F991FBF9F0B7
:1047D00010EB0B0B44E0BDF90010BDF91020BDF942
:1047E0001200121A51431FFA88F891FBF8F010EBEF
:1047F0000A0A36B2BDF91210BDF910004118BDF910
:104800000600091ABDF90600091A01FB06F11FFA94
:1048100089F991FBF9F010EB0A0A5846BDF900201E
:10482000BDF90830BDF90A105B1A5A431FFA88F81F
:1048300092FBF8FB1BEB000B36B2BDF90A10BDF979
:1048400008004118BDF90400091ABDF90400091A4D
:1048500001FB06F11FFA89F991FBF9F010EB0B0B44
:10486000DFF80404B0F9000007F014FA1290DFF842
:10487000FC03B0F9000007F00DFA129981421CDA2E
:104880000FFA8AFADFF8E403B0F9000007F002FA41
:1048900000FB0AF0082190FBF1F082460FFA8BFB37
:1048A000DFF8C803B0F9000007F0F4F900FB0BF0E3
:1048B000082190FBF1F083461BE00FFA8AFADFF83B
:1048C000A803B0F9000007F0E5F900FB0AF00821A1
:1048D00090FBF1F082460FFA8BFBDFF88C03B0F906
:1048E000000007F0D7F900FB0BF0082190FBF1F076
:1048F0008346DFF8640300881AEB0000DFF85813E2
:104900000880DFF85C0300881BEB0000DFF8501321
:10491000088013B0BDE8F08FF209002079ECFFFFAA
:10492000B8070020C007002070B5DFF858060078EF
:10493000062880F2C08000200400DFF83003B0F9C0
:10494000000007F0A7F9052814DBC748B0F90000FC
:1049500007F0A0F90600D6F1080636B2C348B0F950
:10496000000007F097F9001F464303204643361125
:10497000350001E000200500DFF80C06008840F655
:104980007101884239DBB948B0F90000002819D517
:10499000B1480088B0F5206F02DA002005002CE055
:1049A000AD480088B0F5706F27DA280000B2AA4938
:1049B0000988D1F5706148434FF4A06190FBF1F094
:1049C0002D1A1AE0A448008845F20151884202DB02
:1049D0000020050011E0A048008845F2010188424E
:1049E0000BDB280000B29C490988B1F5A04148437F
:1049F0004FF4A06190FBF1F02D1ADFF88C050088D0
:104A0000B0F5E66F4BDBDFF880050088B0F5FA6F94
:104A100007DADFF874050088B0F5E660404204006C
:104A20003DE0DFF864050088B0F5026F03DA7FF03F
:104A30009F00040033E0DFF850050088B0F5076FF1
:104A400009DADFF84405B0F90000B0F5076000B2FC
:104A50004000040023E0DFF830050088B0F5116F56
:104A600007DADFF82405B0F90000B0F507600400AC
:104A700015E0DFF814050088B0F5116F02DAA02008
:104A800004000CE0DFF800050088B0F51B6F06DAC3
:104A9000DFF8F404B0F90000D0F51B60040024B284
:104AA0002DB26C436411DFF8E00400882018DFF8B1
:104AB000D8140880CEE0DFF8CC0400781528C0F2C6
:104AC000C980002004006948B0F9000007F0E2F84E
:104AD000052814DB6448B0F9000007F0DBF8060095
:104AE000D6F1080636B26148B0F9000007F0D2F8F6
:104AF000001F4643032046433611350001E00020E5
:104B00000500DFF88404008843F69001884239DA12
:104B10005648B0F90000002819D54F480088B0F574
:104B2000206F02DA002005002CE04B480088B0F529
:104B3000706F27DA280000B247490988D1F5706103
:104B400048434FF4A06190FBF1F02D1A1AE042485F
:104B5000008845F68141884202DB0020050011E013
:104B60003D48008845F2817188420BDB280000B285
:104B700039490988B1F5AF4148434FF4A06190FB32
:104B8000F1F02D1ADFF80004008843F6D1118842B5
:104B900055DADFF8F403008843F63111884208DB68
:104BA000DFF8E403B0F9000043F6D011401A040026
:104BB00045E0DFF8D403008843F6E101884203DBD7
:104BC0007FF09F0004003AE0DFF8BC03008843F662
:104BD000910188420ADB43F69001DFF8AC03B0F99B
:104BE0000000091A09B24800040028E0DFF8980321
:104BF000008843F2F171884208DB43F69001DFF848
:104C00008803B0F90000091A0C0018E0DFF87803F7
:104C1000008843F2F171884202DBA02004000EE01C
:104C2000DFF86403008843F25171884207DBDFF844
:104C30005803B0F9000043F25071401A040024B246
:104C40002DB26C436411DFF840030088001BDFF8CD
:104C50003813088070BD00001E090020EA1702000A
:104C60002009002038180200600900205E09002099
:104C7000622C0200D43502001B3102008D3A020082
:104C8000F0220200A92702007E190200371E02004E
:104C900070B5DFF8F8020078062880F2B1800020B5
:104CA0000400BB48B0F9000006F0F4FF052814DB4F
:104CB000B848B0F9000006F0EDFF0600D6F108068E
:104CC00036B2B348B0F9000006F0E4FF001F4643D7
:104CD000032046433611350001E000200500AE48B0
:104CE000008840F67101884239DBA948B0F900001C
:104CF000002819D5A4480088B0F5206F02DA0020FA
:104D000005002CE0A0480088B0F5706F27DA280075
:104D100000B29D490988D1F5706148434FF4A06104
:104D200090FBF1F02D1A1AE09748008842F6817145
:104D3000884202DB0020050011E09348008842F61B
:104D4000812188420BDB280000B28F490988B1F528
:104D50002A5148434FF4A06190FBF1F02D1A8E4880
:104D60000088B0F5E66F41DB8B480088B0F5FA6F3C
:104D700006DA89480088B0F5E6604042040035E074
:104D800085480088B0F5026F03DA7FF09F000400C9
:104D90002CE081480088B0F5076F08DA7E48B0F94A
:104DA0000000B0F5076000B2400004001EE07A4841
:104DB0000088B0F5116F06DA7748B0F90000B0F559
:104DC0000760040012E074480088B0F5116F02DA41
:104DD000A02004000AE070480088B0F51B6F05DAD7
:104DE0006D48B0F90000D0F51B60040024B22DB26C
:104DF0006C43641168480088201867490880BFE048
:104E0000624800782428C0F2BB800020040060487B
:104E1000B0F9000006F03EFF052814DB5D48B0F94C
:104E2000000006F037FF0600D6F1080636B25848F3
:104E3000B0F9000006F02EFF001F46430320464352
:104E40003611350001E0002005005348008845F682
:104E50001061884239DA4E48B0F90000002819D5AF
:104E600049480088B0F5206F02DA002005002CE0E8
:104E700045480088B0F5706F27DA280000B2424933
:104E80000988D1F5706148434FF4A06190FBF1F0BF
:104E90002D1A1AE03C48008843F20171884202DB77
:104EA0000020050011E03848008843F201218842C3
:104EB0000BDB280000B234490988B1F5485148435A
:104EC0004FF4A06190FBF1F02D1A3348008845F6AD
:104ED000517188424BDA3048008845F6B16188420A
:104EE00007DB2D48B0F9000045F65071401A040068
:104EF0003DE02948008845F66161884203DB7FF088
:104F00009F00040033E02448008845F61161884280
:104F100009DB45F610612048B0F90000091A09B212
:104F20004800040023E01C48008845F6715188427F
:104F300007DB45F610611848B0F90000091A0C00AB
:104F400015E01548008845F67151884202DBA02023
:104F500004000CE01048008845F6D141884206DB89
:104F60000D48B0F9000045F6D041401A040024B2C3
:104F70002DB26C43641108480088001B0649088064
:104F800070BD0000E709002020090020E60900208C
:104F9000600900205E0900201E0900202DE9F04F65
:104FA00085B0002002900020DFF860180870002013
:104FB0000400E4B2092C35DADFF854080178DFF890
:104FC00054080078091AE4B2611802290AD0DFF8FF
:104FD00040080178DFF83C080078091AE4B261184B
:104FE00027290CD1DFF83008E4B230F9140002218F
:104FF00090FBF1F0DFF82018E4B221F814000298D9
:10500000DFF81418E4B231F91410884208DADFF836
:10501000FC070470DFF80008E4B230F914000290D5
:10502000641CC6E7002002900020DFF8B01C087066
:1050300000200400E4B2092C35DADFF8A40C017872
:10504000DFF8A00C0078091AE4B2611802290AD02E
:10505000DFF88C0C0178DFF88C0C0078091AE4B2C8
:10506000611818290CD1DFF8800CE4B230F9140073
:10507000022190FBF1F0DFF8701CE4B221F814007B
:105080000298DFF8641CE4B231F91410884208DA9F
:10509000DFF8480C0470DFF8500CE4B230F914006B
:1050A0000290641CC6E7DFF868070178DFF85C0748
:1050B00000784118DFF85C070078091ADFF82C0C3B
:1050C0000170DFF81C0C0178DFF8100C0078411833
:1050D000DFF8100C0078091ADFF8140C0170DFF803
:1050E0002C070078401E002807D4DFF8200700783E
:1050F000401E092801D2012000E0002000280CD029
:10510000DFF81407DFF80417097800EB410030F8E6
:10511000020CDFF8C01C088003E00020DFF8B41C9C
:105120000880DFF8E8060078092801D2012000E0B5
:10513000002000280AD0DFF8E006DFF8D016097852
:1051400030F81100DFF8901C088003E00020DFF841
:10515000881C0880DFF8B4060078401C002807D4BB
:10516000DFF8A8060078401C092801D2012000E0E1
:10517000002000280BD0DFF8A006DFF89016097891
:1051800000EB41004088DFF8A01C088003E000200D
:10519000DFF8941C0880DFF8440B0078401E0028DC
:1051A00007D4DFF8380B0078401E092801D201200F
:1051B00000E0002000280CD0DFF82C0BDFF81C1BCF
:1051C000097800EB410030F8020CDFF8601C088021
:1051D00003E00020DFF8541C0880DFF8000B0078A3
:1051E000092801D2012000E0002000280AD0DFF8C1
:1051F000F80ADFF8E81A097830F81100DFF8301CF7
:10520000088003E00020DFF8281C0880DFF8CC0AC3
:105210000078401C002807D4DFF8C00A0078401C42
:10522000092801D2012000E0002000280BD0DFF87F
:10523000B80ADFF8A81A097800EB41004088DFF8C7
:10524000F41B088003E00020DFF8E81B0880DFF88B
:10525000840BB0F90000002807D5DFF8780BB0F90F
:1052600000004042DFF86C1B0880DFF86C0BB0F9DF
:105270000000002807D5DFF8600BB0F900004042BD
:10528000DFF8541B0880DFF8A00BB0F900000028FD
:1052900007D5DFF8940BB0F900004042DFF8881B17
:1052A0000880DFF8880BB0F90000002807D5DFF888
:1052B0007C0BB0F900004042DFF8701B0880DFF87B
:1052C000700BB0F90000002807D5DFF8640BB0F9C7
:1052D00000004042DFF8581B0880DFF8580BB0F997
:1052E0000000002807D5DFF84C0BB0F90000404261
:1052F000DFF8401B0880DFF8F409007804282DDA75
:10530000DFF808050078801C002807D4DFF8FC04CB
:105310000078801C092801D2012000E0002000282C
:1053200009D0DFF8F404DFF8E414097800EB410059
:10533000B0F9040000E00020DFF8EC1A0D88DFF877
:10534000981AB1F90010081A06F0A4FC062190FB87
:10535000F1F04519DFF8E00A058047E0DFF88C0935
:10536000007826282DDBDFF8A4040078801E0028B2
:1053700007D4DFF898040078801E092801D20120A4
:1053800000E00020002809D0DFF88C04DFF87C144E
:10539000097800EB410030F9040C00E00020DFF850
:1053A000341A0D88DFF8301AB1F90010081A06F027
:1053B00071FC062190FBF1F04519DFF87C0A0580AD
:1053C00014E0DFF8140A0588DFF8080AB0F90000D5
:1053D000DFF8541AB1F90010401A06F05BFC062100
:1053E00090FBF1F04519DFF8500A05800020DFF846
:1053F0004C1A08800020DFF8481A088000200400BA
:10540000E4B2032C2ADADFF83C0AE4B200EB4400F1
:10541000B0F90600DFF8241AB1F90010884208DA62
:10542000DFF8200AE4B200EB4400C088DFF80C1A71
:105430000880DFF8100AE4B230F91400DFF8001A2F
:10544000B1F90010884207DADFF8F809E4B230F861
:105450001400DFF8EC190880641CD1E70020040078
:10546000E4B2DFF8A8030078801E844214DADFF883
:10547000D809E4B230F91400DFF8C419B1F900100A
:10548000884207DADFF8C009E4B230F81400DFF828
:10549000B0190880641CE3E7DFF870030078801C13
:1054A0000400E4B2092C14DADFF89C09E4B230F904
:1054B0001400DFF88819B1F90010884207DADFF824
:1054C0008809E4B230F81400DFF870190880641C11
:1054D000E7E7CF48007804280CDADFF87009008885
:1054E000B0F5F06F17DADFF85C090089DFF84C19C6
:1054F000088010E0C648007826280CDBDFF84C094D
:10550000008845F60171884205DBDFF838094088DC
:10551000DFF82C190880DFF82409B0F900004042B8
:10552000DFF818190880DFF81809B0F900004042C8
:10553000DFF80C190880DFF8B807007804282DDAA6
:10554000DFF898070078801C002807D4DFF88C0764
:105550000078801C092801D2012000E000200028EA
:1055600009D0DFF88407DFF87417097800EB4100F1
:10557000B0F9040000E00020DFF8B8180D88DFF86B
:10558000B018B1F90010081A06F084FB062190FB50
:10559000F1F04519DFF8B808058047E0DFF850075B
:1055A000007817282DDBDFF834070078801E0028EC
:1055B00007D4DFF828070078801E092801D20120CF
:1055C00000E00020002809D0DFF81C07DFF80C17E6
:1055D000097800EB410030F9040C00E00020DFF80E
:1055E0004C180D88DFF84818B1F90010081A06F0B9
:1055F00051FB062190FBF1F04519DFF854080580B6
:1056000014E0DFF82C080588DFF82008B0F9000066
:10561000DFF82018B1F90010401A06F03BFB062114
:1056200090FBF1F04519DFF8280805800020DFF82D
:10563000241808800020DFF82018088000200400CB
:10564000E4B2032C2ADADFF81408E4B200EB4400D9
:10565000B0F90600DFF8FC17B1F90010884208DA4B
:10566000DFF8F807E4B200EB4400C088DFF8E41785
:105670000880DFF8E807E4B230F91400DFF8D81743
:10568000B1F90010884207DADFF8D007E4B230F849
:105690001400DFF8C4170880641CD1E70020040060
:1056A000E4B2DFF838060078801E844214DADFF8AE
:1056B000B007E4B230F91400DFF89C17B1F900101C
:1056C000884207DADFF89807E4B230F81400DFF810
:1056D00088170880641CE3E7DFF800060078801C68
:1056E0000400E4B2092C14DADFF87407E4B230F9EC
:1056F0001400DFF86017B1F90010884207DADFF80C
:105700006007E4B230F81400DFF848170880641C22
:10571000E7E7DFF8CC05007804280CDADFF8440767
:105720000088B0F5F06F18DADFF830070089DFF88D
:105730002417088011E0DFF8A805007817280CDB93
:10574000DFF82007008843F68111884205DBDFF887
:105750000C074088DFF800170880DFF8F806B0F97A
:1057600000004042DFF8EC160880DFF8EC06B0F9E4
:1057700000004042DFF8E0160880DFF8EC0690F900
:105780000000032803DA01208DF800001BE0DFF899
:10579000DC0690F90000801C272803DB00208DF830
:1057A000000010E0DFF89806B0F90000DFF88C1672
:1057B000B1F90010884203DA03208DF8000002E0FE
:1057C00002208DF80000DFF8A80690F900000328F9
:1057D00003DA01208DF8010023E0DFF8980690F944
:1057E0000000801C182803DB00208DF8010018E061
:1057F000DFF86406B0F90000DFF85816B1F90010C0
:1058000088420BDA03208DF801000AE0170A002015
:10581000E6090020E40900204407002002208DF85A
:105820000100DFF8C804007803280DD1DFF8440D2B
:105830000088B0F5F06F03DA00208DF8030092E0E5
:1058400001208DF803008EE0DFF8A0040078042822
:105850000DD1DFF8200D0088B0F5206F03DA0220AB
:105860008DF803007FE003208DF803007BE0DFF874
:105870007C04007805280DD1DFF8F80C0088B0F51D
:10588000486F03DA04208DF803006CE005208DF8E2
:10589000030068E0DFF85404007806280DD1DFF833
:1058A000D40C0088B0F5706F03DA06208DF8030081
:1058B00059E007208DF8030055E0DFF83004007848
:1058C00026280ED1DFF8AC0C008845F6017188421D
:1058D00003DB2B208DF8030045E02A208DF8030020
:1058E00041E0DFF80804007825280ED1DFF8840CA9
:1058F000008845F68141884203DB29208DF80300AA
:1059000031E028208DF803002DE0DFF8E003007877
:1059100024280ED1DFF85C0C008845F6012188426E
:1059200003DB27208DF803001DE026208DF80300FF
:1059300019E0DFF8B803007823280ED1DFF8340C23
:10594000008845F28171884203DB25208DF8030031
:1059500009E024208DF8030005E0DFF890030078CB
:10596000401C8DF803009DF80300082802DA01208E
:105970008DF800009DF80300242802DB00208DF83C
:105980000000DFF86C03007803280DD1DFF8E80B86
:105990000088B0F5F06F03DA00208DF802008BE08C
:1059A00001208DF8020087E0DFF844030078042826
:1059B0000DD1DFF8C40B0088B0F5206F03DA0220A8
:1059C0008DF8020078E003208DF8020074E0C848EA
:1059D000007805280DD1DFF8A00B0088B0F5486FDE
:1059E00003DA04208DF8020066E005208DF802003D
:1059F00062E0BF48007806280DD1DFF87C0B0088F4
:105A0000B0F5706F03DA06208DF8020054E007202D
:105A10008DF8020050E0B648007817280ED1DFF864
:105A2000580B008843F68111884203DB1C208DF857
:105A3000020041E01B208DF802003DE0AC480078F8
:105A400016280ED1DFF8300B008843F2017188422E
:105A500003DB1A208DF802002EE019208DF80200D9
:105A60002AE0A348007815280ED1DFF80C0B008837
:105A700043F28141884203DB18208DF802001BE0CD
:105A800017208DF8020017E09948007814280ED1ED
:105A9000DFF8E40A008843F20121884203DB162084
:105AA0008DF8020008E015208DF8020004E090480F
:105AB0000078401C8DF802009DF80200082802DAE8
:105AC00001208DF801009DF80200152802DB00205E
:105AD0008DF801009DF90000012803D09DF9000018
:105AE00003282BD19DF8021026229DF8030002FB0B
:105AF0000101ADF80410DFF8840ABDF80410405C21
:105B0000ADF80C00BDF80C00DFF8741A08809DF9A0
:105B1000000003283DD19DF8021026229DF80300C5
:105B200002FB0101881FADF80400DFF8580ABDF838
:105B30000410405CDFF8501A08802AE09DF802103B
:105B400026229DF8030002FB0101881FADF8040026
:105B5000DFF8300ABDF80410405CADF80C00BDF869
:105B60000C00DFF8241A08809DF90000022810D1EB
:105B70009DF8021026229DF8030002FB0101ADF8FA
:105B80000410DFF8F809BDF80410405CDFF8F019E4
:105B900008809DF90100012803D09DF90100032828
:105BA0002BD19DF802102C229DF8030002FB01016D
:105BB000ADF80410DFF8D409BDF80410405CADF86E
:105BC0000600BDF80600DFF8C81908809DF901003D
:105BD00003283DD19DF80210891F2C229DF8030057
:105BE00002FB0101ADF80410DFF8A809BDF80410AC
:105BF000405CDFF8A41908802AE09DF80210891F94
:105C00002C229DF8030002FB0101ADF80410DFF81F
:105C10008409BDF80410405CADF80600BDF806002C
:105C2000DFF8741908809DF90100022810D19DF851
:105C300002102C229DF8030002FB0101ADF80410B4
:105C4000DFF84809BDF80410405CDFF8441908800B
:105C5000DFF84809B0F90000002840F01781DFF8AC
:105C600014090088B0F5A06F02DA0020010045E0B9
:105C7000DFF800090088B0F58C5F0EDADFF8200944
:105C80000088DFF8F0281288B2F5A06250434FF484
:105C9000486290FBF2F0010030E0DFF8D80800889D
:105CA00046F28112904202DB0020010026E0DFF87C
:105CB000C408008845F2015290421BDBDFF8E0087F
:105CC0000088DFF8B0281288D2F5C34250434FF461
:105CD000486290FBF2F0010010E000BF180A0020BB
:105CE000E7090020E509002058070020190A0020D4
:105CF0001A0A0020DFF8A808008801009DF90000BA
:105D0000022803D09DF9000003281AD1DFF870089B
:105D10000288C820424389B211F1C80092FBF0F01A
:105D2000DFF85C281080DFF860080288C820424352
:105D300089B211F1C80092FBF0F0DFF84C28108016
:105D40000AE0BDF80C20C820424389B211F1C80016
:105D500092FBF0F0ADF80C00DFF81C080088B0F5FD
:105D6000A06F02DA002001003CE0DFF80C08008898
:105D7000B0F58C5F0EDADFF828080088DFF8F82726
:105D80001288B2F5A06250434FF4486290FBF2F0E3
:105D9000010027E0DFF8E007008843F60142904267
:105DA00002DB002001001DE0DFF8CC07008842F68E
:105DB0008172904212DBDFF8E8070088DFF8B8272D
:105DC0001288D2F5705250434FF4486290FBF2F0C3
:105DD000010007E0620900206A090020DFF8C0071F
:105DE000008801009DF90100022803D09DF90100FF
:105DF000032841D1DFF898070288C820424389B2BE
:105E000011F1C80092FBF0F0DFF884271080DFF872
:105E100088070288C820424389B2C83192FBF1F05A
:105E2000DFF87417088031E064090020660900205B
:105E30006C090020680900204A090020460900205A
:105E4000420900200C070020640300201E090020E6
:105E50004C090020480900204409002018070020B0
:105E600078030020200900200F0A0020100A0020DB
:105E7000110A0020120A0020BDF80620C820424363
:105E800089B2C83192FBF1F0ADF80600DFF8A00D41
:105E9000007803284CD1DFF89C0DB0F90000DFF842
:105EA000981DB1F900100818002841D0DFF88C0DBA
:105EB0000188DFF8880DB0F900205200DFF8740D7A
:105EC000B0F90030DFF8700DB0F900001B1A5A432A
:105ED000DFF8600DB0F90030DFF85C0DB0F90000BC
:105EE000C31892FBF3F04118DFF8500D0180DFF882
:105EF000500D0188DFF8480DB0F900205200DFF89E
:105F0000340DB0F90030DFF8300DB0F900001B1A85
:105F10005A43DFF8200DB0F90030DFF81C0DB0F95E
:105F20000000C31892FBF3F04118DFF8140D018054
:105F3000DFF8FC0C007826284CD1DFF8F80CB0F91B
:105F40000000DFF8C81DB1F900100818002841D082
:105F5000DFF8E80C0188DFF8E40CB0F9002052000B
:105F6000DFF8D00CB0F90030DFF8A00DB0F9000078
:105F70001B1A5A43DFF8BC0CB0F90030DFF88C0D67
:105F8000B0F90000C31892FBF3F04118DFF8AC0C35
:105F90000180DFF8AC0C0188DFF8A40CB0F9002018
:105FA0005200DFF8900CB0F90030DFF8600DB0F966
:105FB00000001B1A5A43DFF87C0CB0F90030DFF800
:105FC0004C0DB0F90000C31892FBF3F04118DFF854
:105FD000700C0180DFF8380D007803284CD1DFF811
:105FE000340DB0F90000DFF8301DB1F900100818C9
:105FF000002841D0DFF8480C0188DFF8440CB0F9E4
:1060000000205200DFF80C0DB0F90030DFF8080D69
:10601000B0F900001B1A5A43DFF8F80CB0F9003051
:10602000DFF8F40CB0F90000C31892FBF3F041184C
:10603000DFF80C0C0180DFF8040C0188DFF8FC0BA2
:10604000B0F900205200DFF8CC0CB0F90030DFF8D6
:10605000C80CB0F900001B1A5A43DFF8B80CB0F9AD
:106060000030DFF8B40CB0F90000C31892FBF3F075
:106070004118DFF8C80B0180DFF8940C007817286E
:106080004CD1DFF8900CB0F90000DFF8901CB1F9AA
:1060900000100818002841D0DFF8A40B0188DFF8B1
:1060A000A00BB0F900205200DFF8680CB0F9003006
:1060B000DFF8680CB0F900001B1A5A43DFF8540CE3
:1060C000B0F90030DFF8540CB0F90000C31892FBAF
:1060D000F3F04118DFF8680B0180DFF8600B0188EE
:1060E000DFF8580BB0F900205200DFF8280CB0F9A7
:1060F0000030DFF8280CB0F900001B1A5A43DFF813
:10610000140CB0F90030DFF8140CB0F90000C3181B
:1061100092FBF3F04118DFF8240B01809DF9000099
:10612000022803D09DF90000032838D1DFF80C0BBA
:10613000B0F90000642190FBF1F1DFF8E40BB0F955
:106140000020DFF8E00BB0F90000821811EB6201CB
:1061500002910298002800F0D180DFF82C0400881A
:10616000002800F0CB80DFF8B80BB0F90010DFF8A2
:10617000B40BB0F90020DFF8080400884243DFF8D0
:106180000804008892FBF0F000B2091A8020414315
:10619000029891FBF0F0DFF8901B0880AEE09DF9CB
:1061A0000000012803D09DF90000032852D1DFF838
:1061B0008C0AB0F90000642190FBF1F1DFF8600B6C
:1061C000B0F90000411802910298002816D0DFF8BB
:1061D000500BB0F90010DFF8640AB0F90020BDF8E8
:1061E0000C004243121212B2891A4FF480704143DC
:1061F000029891FBF0F0DFF8301B0880DFF8280BE5
:10620000B0F9000000280CD5DFF81C0BB0F9001025
:10621000494207204143C9104942DFF80C0B018075
:1062200009E0DFF8040BB0F9001009204143C91060
:10623000DFF8F40A01809DF9000003285ED1DFF841
:10624000E80AB0F90000002858D50020DFF8D81A75
:10625000088053E0DFF8E409B0F90000642190FB06
:10626000F1F1DFF8C00AB0F900004118029102987C
:10627000002818D0DFF8AC0AB0F90010DFF8BC092C
:10628000B0F90020BDF80C004243121212B2891A74
:106290004FF480704143029891FBF0F000B240420D
:1062A000DFF8841A0880DFF8800AB0F900000128BE
:1062B0000ADBDFF8740AB0F9001007204143C91067
:1062C000DFF8640A01800BE0DFF85C0AB0F9001027
:1062D000494209204143C9104942DFF84C0A018074
:1062E0009DF90000022809D1DFF83C0AB0F900004E
:1062F000012803DB0020DFF8301A08809DF9010037
:10630000022803D09DF90100032835D1DFF83009B8
:10631000B0F90000642190FBF1F1DFF8600DB0F9F5
:106320000020DFF85C0DB0F90000821811EB62016B
:1063300002910298002800F0CE809748008800283B
:1063400000F0C980DFF8340DB0F90010DFF8300D2F
:10635000B0F900208E48008842438F48008892FBA5
:10636000F0F000B2091A80204143029891FBF0F04E
:10637000DFF8101D0880AEE09DF90100012803D070
:106380009DF90100032852D1DFF8B408B0F90000EC
:10639000642190FBF1F1DFF8E40CB0F90000411842
:1063A00002910298002816D0DFF8D00CB0F9001046
:1063B000DFF88C08B0F90020BDF806004243121245
:1063C00012B2891A4FF480704143029891FBF0F0A9
:1063D000DFF8B01C0880DFF8AC0CB0F90000002832
:1063E0000CD5DFF8A00CB0F900104942072041435A
:1063F000C9104942DFF88C0C018009E0DFF8840CF9
:10640000B0F9001009204143C910DFF8780C018071
:106410009DF9010003285ED1DFF8680CB0F9000097
:10642000002858D50020DFF85C1C088053E0DFF816
:106430001008B0F90000642190FBF1F1DFF8400C86
:10644000B0F90000411802910298002818D0DFF836
:10645000300CB0F90010DFF8E807B0F90020BDF803
:1064600006004243121212B2891A4FF4807041435F
:10647000029891FBF0F000B24042DFF8081C08805F
:10648000DFF8000CB0F9000001280ADBDFF8F40B9C
:10649000B0F9001007204143C910DFF8E80B018074
:1064A0000BE0DFF8E00BB0F900104942092041434E
:1064B000C9104942DFF8CC0B01809DF90100022888
:1064C00009D1DFF8C00BB0F90000012803DB002080
:1064D000DFF8B01B0880DFF85008B0F90000012891
:1064E00006DBDFF844080088DFF83C18088010E07D
:1064F000DFF83408B0F90000012804DB0020DFF8E1
:106500002818088005E0DFF820080088DFF8181850
:106510000880DFF8700BB0F90000012806DBDFF817
:10652000640B0088DFF85C1B088010E0DFF8540B78
:10653000B0F90000012804DB0020DFF8481B0880C8
:1065400005E0DFF8400B0088DFF8381B08800948B9
:106550000088B0F5F06F25DADFF8CC07B0F900005D
:1065600004490988D1F5F061B0EB1110DFF8B817D4
:1065700008802CE030090020320900206607020064
:1065800096090020B40B02009809002002100200B6
:106590009A090020F61302009C090020220900201D
:1065A00074090020DFF8000D008845F6017188426B
:1065B0000DDBDFF87407B0F90000DFF8EC1C098888
:1065C000B1F5BE4110EB1110DFF85C170880DFF861
:1065D000D80C0088B0F5DC6F0EDADFF84C07B0F9A4
:1065E0000000DFF8C41C0988D1F5DC618900B0EB3C
:1065F0001110DFF834170880DFF8AC0C008845F67E
:10660000A17188420FDBDFF82007B0F90010DFF836
:10661000980C0288DFF8940C8218900011EB10118E
:10662000DFF804070180DFF8880C0088B0F5F06F10
:106630000EDADFF8500AB0F90000DFF8741C0988A0
:10664000D1F5F061B0EB1110DFF8381A088014E0D2
:10665000DFF85C0C008843F6811188420DDBDFF81F
:10666000240AB0F90000DFF8481C0988B1F566512A
:1066700010EB1110DFF80C1A0880DFF8340C0088DA
:10668000B0F5DC6F0FDADFF8FC09B0F90010DFF8C5
:10669000200C0288D2F5DC6203204243B1EB1211D8
:1066A000DFF8E0090180DFF8080C008843F62121BB
:1066B00088420FDBDFF8CC09B0F90010DFF8F00BEF
:1066C0000288DFF8F00B8218900011EB1011DFF850
:1066D000B40901805FF0000A00255FF0000B5FF055
:1066E00032099DF90000002840F08C81DFF838065F
:1066F000B0F9000083460FFA8BFBBBF1000F01D508
:10670000002083460FFA8BFB7FF0090000FB0BF0A3
:10671000822190FBF1F01E308146DFF88C0B01885E
:10672000DFF8940B02784FF4207000FB12118B46B7
:10673000DFF8740B008845F60171884232DA0FFAEF
:106740008BFBBBF1010F1EDB0FFA8BFBBBF5A07FB0
:106750000DDA0FFA89F90FFA8BFBDBF5A07000FB5D
:1067600009F04FF4207190FBF1F010EB0A0A0FFAD8
:106770008BFB282000FB0BF04FF4207190FBF1F015
:1067800010EB0A0A21E00FFA89F90FFA8BFB1BF5CF
:10679000A07000FB09F04FF4207190FBF1F010EBBA
:1067A0000A0A12E00FFA8BFBBBF1010F0DDB0FFAA7
:1067B00089F90FFA8BFBDBF5A07000FB09F04FF4B1
:1067C000207190FBF1F0BAEB000A9DF9010001285D
:1067D00028D1DFF8DC0AB0F90010DFF89C0D027850
:1067E0004FF4207000FB121111F5A0718B46BBF520
:1067F000F07B0FFA8BFBBBF1000F01D50020834625
:10680000DFF8740D0178D1F106010FFA8BFB0BFB59
:1068100001F1282041434FF4207091FBF0F010EB80
:106820000A0A2AE09DF90100002826D1DFF8800A33
:106830000188DFF8440D02784FF4207000FB12113C
:10684000B1F5A07149428B46BBF5F07B0FFA8BFB8B
:10685000BBF1000F01D500208346DFF81C0D017845
:1068600014390FFA8BFB0BFB01F11E2041434FF44F
:10687000207091FBF0F010EB0A0ADFF80808B0F97D
:10688000000005F007FA0600DFF89C04B0F90000EC
:1068900005F000FA361AB3460FFA8BFBBBF1000F76
:1068A00001D5002083460FFA8BFB1E2000FB0BF066
:1068B000802190FBF1F08146DFF8EC090188DFF8D8
:1068C000F80902784FF4207000FB12118B46DFF8B4
:1068D000D809008845F6C15188422DDADFF8C80989
:1068E0000088B0F5AF4F27DBDFF8BC09008845F61C
:1068F000616188420BDB0FFA89F9A02000FB09F0E7
:106900004FF4207190FBF1F0BAEB000A14E00FFA9B
:106910008BFBBBF5A07F0FDA0FFA8BFBBBF1000FEF
:106920000AD40FFA89F9A02000FB09F04FF4207176
:1069300090FBF1F010EB0A0ADFF84807B0F900000D
:1069400005F0A8F90600DFF8E003B0F9000005F053
:10695000A1F9361AB3460FFA8BFBBBF1000F01D534
:10696000002083460FFA8BFB5A2000FB0BF080219E
:1069700090FBF1F08146DFF83009B0F9000045F6F0
:106980006061401A83460FFA8BFBBBF1010FC0F226
:106990007282DFF81C090088B0F5435F80F26B82D9
:1069A000DFF80C09008841F241018842C0F263829D
:1069B000DFF8D006B0F9000001280BDB0FFA89F9E7
:1069C0000FFA8BFB0BFB09F04FF4207190FBF1F0F9
:1069D0002D1A0AE00FFA89F90FFA8BFB0BFB09F06D
:1069E0004FF4207190FBF1F045190FFA89F90FFA75
:1069F0008BFB0BFB09F04FF4A06190FBF1F0BAEBBD
:106A0000000A38E29DF90000012840F0A781C6483D
:106A1000B0F90000404283460FFA8BFBBBF1000F38
:106A200001D5002083460FFA8BFB7FF0090000FBA5
:106A30000BF0822190FBF1F01E308146DFF86808F0
:106A40000188DFF8740802784FF4207000FB1211FF
:106A50008B46DFF854080088B0F5F06F33DB0FFA8F
:106A60008BFBBBF1010F1FDA0FFA8BFBBBF5A07F8D
:106A70000DDA0FFA89F90FFA8BFB1BF5A07000FBFA
:106A800009F04FF4207190FBF1F0BAEB000A0FFA15
:106A90008BFBDBF10001282041434FF4207091FB78
:106AA000F0F0BAEB000A21E00FFA89F90FFA8BFB3C
:106AB000DBF5A07000FB09F04FF4207190FBF1F0C2
:106AC000BAEB000A12E00FFA8BFBBBF1010F0DDAF3
:106AD0000FFA89F90FFA8BFB1BF5A07000FB09F088
:106AE0004FF4207190FBF1F010EB0A0A9DF90100C0
:106AF000012828D1DFF8B807B0F90010DFF8780ACC
:106B000002784FF4207000FB121111F5A0718B4632
:106B1000BBF5F07B0FFA8BFBBBF1000F01D500201A
:106B20008346DFF8540A0178D1F106010FFA8BFB96
:106B30000BFB01F1142041434FF4207091FBF0F066
:106B4000BAEB000A2AE09DF90100002826D1DFF8FF
:106B500060070188DFF8200A02784FF4207000FBFC
:106B60001211B1F5A07149428B46BBF5F07B0FFACB
:106B70008BFBBBF1000F01D500208346DFF8F8093D
:106B8000017814390FFA8BFB0BFB01F11E204143F6
:106B90004FF4207091FBF0F0BAEB000ADFF8E40448
:106BA000B0F9000005F076F806005F48B0F9000083
:106BB00005F070F8361AB3460FFA8BFBBBF1000FE5
:106BC00001D5002083460FFA8BFB1E2000FB0BF043
:106BD000802190FBF1F08146DFF8CC060188DFF8D8
:106BE000D80602784FF4207000FB12118B46DFF8B4
:106BF000B806008840F6C101884239DBDFF8A806F4
:106C00000088B0F5706F33DADFF89C06008840F634
:106C10002101884216DA0FFA89F9A02000FB09F059
:106C20004FF4207190FBF1F010EB0A0A20E000BF56
:106C3000190A00206A090020640900204A0900207E
:106C40004C0900200FFA8BFB7FF49F7083450FDB0C
:106C50000FFA8BFBBBF1010F0ADA0FFA89F9A020BA
:106C600000FB09F04FF4207190FBF1F0BAEB000A41
:106C7000DFF81004B0F9000005F00CF806002A480F
:106C8000B0F9000005F006F8361AB3460FFA8BFB90
:106C9000BBF1000F01D5002083460FFA8BFB5A2071
:106CA00000FB0BF0802190FBF1F08146DFF8F80546
:106CB000B0F90000D0F502608346DFF8EC050088EB
:106CC00040F62101884280F2D680DFF8E405008892
:106CD000B0F5435F80F2CF80DFF8D405008841F241
:106CE00041018842C0F2C780DFF89803B0F9000084
:106CF00001281BDB0FFA89F90FFA8BFB0BFB09F05C
:106D00004FF4207190FBF1F02D1A1AE06209002077
:106D10001A0A00206C09002068090020660900207A
:106D200046090020420900204E0900200FFA89F987
:106D30000FFA8BFB0BFB09F04FF4207190FBF1F085
:106D400045190FFA89F90FFA8BFB0BFB09F04FF489
:106D5000A06190FBF1F010EB0A0A8CE09DF90000B5
:106D6000022804D09DF90000032840F084807FF0C1
:106D700013008346DFF838050088B0F5B45F13DAF6
:106D8000C048B0F90000002828D5584600B2DFF806
:106D900020150988D1F5B45148434FF4B45190FB04
:106DA000F1F0BBEB000B19E0DFF80405008842F6B8
:106DB0008121884212DBB348B0F9000001280DDBC5
:106DC000584600B2DFF8E8140988B1F52A51484363
:106DD0004FF4B45190FBF1F0BBEB000B0FFA8BFBBF
:106DE000A848B0F9000004F055FF00FB0BF0822129
:106DF00090FBF1F032308146DFF8AC040188DFF817
:106E0000B80402784FF4207000FB12118B460FFA81
:106E10008BFBBBF1A10F0EDB0FFA89F90FFA8BFB8D
:106E2000DBF5A07000FB09F04FF4207190FBF1F04E
:106E3000BAEB000A1FE00FFA8BFB1BF1A00F0EDA72
:106E40000FFA89F90FFA8BFB1BF5A07000FB09F014
:106E50004FF4207190FBF1F010EB0A0A0BE00FFAEF
:106E600089F90FFA8BFB0BFB09F04FF4207190FBB3
:106E7000F1F0BAEB000A9DF90100002840F07D8195
:106E80008048B0F9000083460FFA8BFBBBF1000F7E
:106E900001D5002083460FFA8BFB002000FB0BF08E
:106EA000822190FBF1F014308146DFF80404018860
:106EB000DFF8C40602784FF4207000FB12118B46F5
:106EC000DFF8EC03008843F6811188422FDA0FFACD
:106ED0008BFBBBF1010F1CDB0FFA8BFBBBF5A07F1B
:106EE0000CDA0FFA89F90FFA8BFBDBF5A07000FBC7
:106EF00009F04FF4207190FBF1F045190FFA8BFB6C
:106F0000282000FB0BF04FF4207190FBF1F04519A5
:106F10001FE00FFA89F90FFA8BFB1BF5A07000FB3D
:106F200009F04FF4207190FBF1F0451911E00FFAD0
:106F30008BFBBBF1010F0CDB0FFA89F90FFA8BFB0E
:106F4000DBF5A07000FB09F04FF4207190FBF1F02D
:106F50002D1A9DF90000012824D1D348B0F9001062
:106F6000D54802784FF4207000FB121111F5A07182
:106F70008B46BBF5F07B0FFA8BFBBBF1000F01D505
:106F800000208346CC480178D1F106010FFA8BFB33
:106F90000BFB01F1322041434FF4207091FBF0F0E4
:106FA000451926E09DF90000002822D1BE4801883D
:106FB000C14802784FF4207000FB1211B1F5A071A6
:106FC00049428B46BBF5F07B0FFA8BFBBBF1000F00
:106FD00001D500208346B848017823390FFA8BFB8E
:106FE0000BFB01F1282041434FF4207091FBF0F09E
:106FF0004519DFF8D00AB0F9000004F04BFE060096
:107000002048B0F9000004F045FE361AB3460FFAE6
:107010008BFBBBF1000F01D5002083460FFA8BFBE1
:107020000A2000FB0BF0802190FBF1F08146A04884
:107030000188DFF8440502784FF4207000FB12113C
:107040008B469B48008843F64101884230DA9848D5
:107050000088B0F5485F2BDB9548008843F6E101D6
:10706000884211DB0FFA89F9A02000FB09F04FF4E8
:10707000207190FBF1F02D1A1AE000BF48090020A2
:1070800044090020500900200FFA8BFBBBF5A07FBC
:107090000EDA0FFA8BFBBBF1000F09D40FFA89F956
:1070A000A02000FB09F04FF4207190FBF1F045198E
:1070B000DFF8100AB0F9000004F0ECFD0600DFF87C
:1070C000A00CB0F9000004F0E5FD361AB3460FFA43
:1070D0008BFBBBF1000F01D5002083460FFA8BFB21
:1070E0005A2000FB0BF0802190FBF1F081467048A4
:1070F000B0F9000043F6E001401A83460FFA8BFB1B
:10710000BBF1010FC0F258826748008845F2406128
:10711000884280F251826448008841F241018842ED
:10712000C0F24A82DFF89C09B0F9000001280CDBAC
:107130000FFA89F90FFA8BFB0BFB09F04FF4207162
:1071400090FBF1F0BAEB000A0BE00FFA89F90FFAA5
:107150008BFB0BFB09F04FF4207190FBF1F010EB6F
:107160000A0A0FFA89F90FFA8BFB0BFB09F04FF4AF
:10717000A06190FBF1F02D1A1EE29DF9010001289B
:1071800040F08C81DFF8D80BB0F900004042834614
:107190000FFA8BFBBBF1000F01D5002083460FFADD
:1071A0008BFB002000FB0BF0822190FBF1F01430F0
:1071B00081463F480188DFF8C00302784FF4207011
:1071C00000FB12118B463A480088B0F5F06F30DBB7
:1071D0000FFA8BFBBBF1010F1DDA0FFA8BFBBBF52E
:1071E000A07F0CDA0FFA89F90FFA8BFB1BF5A07060
:1071F00000FB09F04FF4207190FBF1F02D1A0FFA0B
:107200008BFBDBF10001282041434FF4207091FB00
:10721000F0F02D1A1FE00FFA89F90FFA8BFBDBF55E
:10722000A07000FB09F04FF4207190FBF1F02D1AD3
:1072300011E00FFA8BFBBBF1010F0CDA0FFA89F9A1
:107240000FFA8BFB1BF5A07000FB09F04FF42071C7
:1072500090FBF1F045199DF9000001282ED112484C
:10726000B0F90010144802784FF4207000FB12119E
:1072700011F5A0718B46BBF5F07B0FFA8BFBBBF1D0
:10728000000F01D5002083460B480178D1F106019B
:107290000FFA8BFB0BFB01F1282041434FF42070C8
:1072A00091FBF0F02D1A33E03009002060A0FFFFC1
:1072B00032090020E0C5FFFFE60900209DF900002B
:1072C000002825D1DFF89C0A0188DFF89C0A0278A3
:1072D0004FF4207000FB1211B1F5A07149428B46AA
:1072E000BBF5F07B0FFA8BFBBBF1000F01D5002043
:1072F0008346DFF8740A017823390FFA8BFB0BFB06
:1073000001F1322041434FF4207091FBF0F02D1A2F
:10731000DFF8B007B0F9000004F0BCFC0600DFF8AD
:10732000400AB0F9000004F0B5FC361AB3460FFA73
:107330008BFBBBF1000F01D5002083460FFA8BFBBE
:107340000A2000FB0BF0802190FBF1F08146DFF872
:107350001C0A0188884802784FF4207000FB121143
:107360008B46DFF8080A008840F6C10188422CDB12
:10737000DFF8F8090088B0F5706F26DADFF8EC095D
:10738000008840F6210188420ADA0FFA89F9A02024
:1073900000FB09F04FF4207190FBF1F0451914E067
:1073A0000FFA8BFB7FF49F7083450EDB0FFA8BFB8C
:1073B000BBF1010F09DA0FFA89F9A02000FB09F0EF
:1073C0004FF4207190FBF1F02D1ADFF8F806B0F9B8
:1073D000000004F05FFC0600DFF88409B0F900004B
:1073E00004F058FC361AB3460FFA8BFBBBF1000FC2
:1073F00001D5002083460FFA8BFB5A2000FB0BF0CF
:10740000802190FBF1F08146DFF86009B0F90000BF
:10741000D0F502608346DFF85409008840F6210168
:10742000884280F2C980DFF83C09008845F240615B
:10743000884280F2C180DFF82C09008841F24101C6
:107440008842C0F2B980DFF87C06B0F9000001285C
:107450000CDB0FFA89F90FFA8BFB0BFB09F04FF4E9
:10746000207190FBF1F0BAEB000A0BE00FFA89F9FA
:107470000FFA8BFB0BFB09F04FF4207190FBF1F03E
:1074800010EB0A0A0FFA89F90FFA8BFB0BFB09F0D4
:107490004FF4A06190FBF1F045198DE09DF90100DA
:1074A000022804D09DF90100032840F085807FF078
:1074B00013008346DFF8AC080088B0F5B45F14DA37
:1074C000DFF80006B0F90000002829D5584600B2C0
:1074D000DFF890180988D1F5B45148434FF4B451FE
:1074E00090FBF1F0BBEB000B1AE0DFF878080088A6
:1074F00045F20101884213DBDFF8C805B0F900004E
:1075000001280DDB584600B2DFF858180988B1F59C
:10751000A04148434FF4B45190FBF1F0BBEB000B9A
:107520000FFA8BFBDFF89C05B0F9000004F0B2FB0A
:1075300000FB0BF0822190FBF1F032308146DFF846
:107540002C0801880C4802784FF4207000FB1211BF
:107550008B460FFA8BFBBBF1A10F0FDB0FFA89F9FA
:107560000FFA8BFBDBF5A07000FB09F04FF42071E4
:1075700090FBF1F02D1A1FE0E70900200FFA8BFBBA
:107580001BF1A00F0DDA0FFA89F90FFA8BFB1BF52F
:10759000A07000FB09F04FF4207190FBF1F0451949
:1075A0000AE00FFA89F90FFA8BFB0BFB09F04FF495
:1075B000207190FBF1F02D1ADFF80805B0F90000FA
:1075C00004F068FB0600DFF89807B0F9000004F04B
:1075D00061FB361AB3460FFA8BFBBBF1010F19DBC7
:1075E000DFF8E004B0F90000012809DB0FFA8AFA9D
:1075F0000FFA8BFB1E2000FB0BF01AEB202A22E077
:107600000FFA8AFA0FFA8BFB1E2000FB0BF0BAEB85
:10761000202A18E0DFF84807B0F90000012809DB4C
:107620002DB20FFA8BFBDBF100011920414315EB62
:10763000212508E02DB20FFA8BFBDBF100011920A8
:107640004143B5EB2125DFF87C0400881AEB0000EC
:10765000DFF870140880DFF8080700882D18DFF8BD
:107660000007058000275FF0000800259DF9010054
:10767000012840F086809DF9000001283DD1DFF807
:10768000EC060088B0F5825F16DADFF8D406B0F9B0
:107690000000002810D5DFF8D4060088D0F582500D
:1076A0000600DFF8BC06B0F90000404270434FF41A
:1076B000A05190FBF1F0C719DFF8A8060088B0F5DB
:1076C000825F80F2DE80DFF8FC03B0F90000002862
:1076D00040F1D780DFF88C060088D0F58250060094
:1076E000DFF8E003B0F90000404270434FF47061EE
:1076F00090FBF1F010EB0808C3E09DF900000028B2
:1077000040F0BF80DFF864060088B0F5825F16DACB
:10771000DFF84C06B0F90000002810D5DFF84C0661
:107720000088D0F582500600DFF83406B0F900007A
:10773000404270434FF4A05190FBF1F03F1ADFF844
:107740002406008845F241618842C0F29A80DFF841
:107750007403B0F900000128C0F29380DFF804063A
:107760000188DFF8CC0A41180E00DFF85803B0F9A1
:10777000000070434FF4706190FBF1F010EB0808CB
:107780007FE09DF9010000287BD19DF900000128D0
:1077900039D1DFF8D805008843F2C101884215DBF2
:1077A000DFF8BC05B0F9000001280FDBDFF8BC05ED
:1077B0000088B0F543500600DFF8A405B0F90000DA
:1077C00070434FF4A05190FBF1F0C719DFF8940516
:1077D0000088B0F5825F54DABA48B0F9000000289A
:1077E0004FD5DFF880050088D0F582500600B548F7
:1077F000B0F90000404270434FF4706190FBF1F02B
:10780000B8EB00083DE09DF90000002839D1DFF811
:107810005C05008843F2C101884215DBDFF84005B2
:10782000B0F9000001280FDBDFF840050088B0F553
:1078300043500600DFF82805B0F9000070434FF40C
:10784000A05190FBF1F03F1ADFF81805008845F2CF
:107850004161884215DB9B48B0F90000012810DB2C
:10786000DFF800050188DFF8C80941180E009548C7
:10787000B0F9000070434FF4706190FBF1F0B8EB89
:107880000008DFF8E0040088B0F5486F73DA8D482F
:10789000B0F9000000284BD53FB28A48B0F900008B
:1078A0004042DFF8C0140988D1F5486148438000A0
:1078B000B7EB5037DFF8A804B0F90000002811D565
:1078C0000FFA88F8DFF89804B0F900104942DFF8A1
:1078D00094040088D0F54860414305204143B8EB4B
:1078E00051380FE00FFA88F8DFF87404B0F900108F
:1078F000DFF870040088D0F548604143052041431B
:1079000018EB5138DFF85C040088B0F5F06F80F2B6
:10791000AD803FB26B48B0F90010DFF84804008832
:10792000D0F5F06041431E20414317EB51379DE0F5
:107930003FB26448B0F90000DFF828140988D1F597
:1079400048614843800017EB5037DFF8180400887F
:10795000B0F5F06F80F28A803FB25A48B0F900105B
:10796000DFF800040088D0F5F0604143282041434F
:1079700017EB51377AE0DFF8EC03008845F6012178
:10798000884273DB4F48B0F9000001284BDB3FB25F
:107990004C48B0F90000DFF8CC130988B1F5B441C8
:1079A0004843800017EB5037DFF8B403B0F900000C
:1079B000002811D50FFA88F8DFF8A403B0F90010F9
:1079C0004942DFF8A0030088B0F5B44041430520E8
:1079D0004143B8EB51380FE00FFA88F8DFF8800325
:1079E000B0F90010DFF87C030088B0F5B4404143E3
:1079F0000520414318EB5138DFF86803008845F64D
:107A00000171884232DB3FB22E48B0F90010494282
:107A1000DFF850030088B0F5BE4041431E204143CB
:107A2000B7EB513722E03FB22648B0F900004042A0
:107A3000DFF830130988B1F5B44148438000B7EB53
:107A40005037DFF82003008845F6017188420DDBCE
:107A50003FB21C48B0F900104942C2480088B0F556
:107A6000BE40414328204143B7EB5137BF4800880F
:107A7000B0F5486F6CDABA48B0F90000002845D577
:107A80000FFA88F8B648B0F900104942B7480088A4
:107A9000D0F54860414303204143B8EB51380948D1
:107AA000B0F9000000280FD53FB20648B0F9000039
:107AB0004042AE490988D1F5486148438000B7EBA0
:107AC00050370EE04E0900203FB2DFF8100DB0F93C
:107AD0000000A6490988D1F548614843800017EBAA
:107AE0005037A2480088B0F5F06F80F2A5800FFAF9
:107AF00088F89B48B0F900109C480088D0F5F060E9
:107B000041431E20414318EB513895E00FFA88F8A5
:107B10009348B0F9000095490988D1F54861484378
:107B2000800018EB503891480088B0F5F06F80F273
:107B300083800FFA88F88A48B0F900108B480088D3
:107B4000D0F5F06041431E20414318EB513873E0FB
:107B50008648008843F2814188426DDB8048B0F955
:107B60000000012845DB0FFA88F87D48B0F90010C5
:107B70007E480088B0F5525041430320414318EB42
:107B80005138DFF8580CB0F9000000280ED53FB28C
:107B9000DFF8480CB0F90000404274490988B1F59B
:107BA000525148438000B7EB50370CE03FB2DFF84A
:107BB0002C0CB0F900006D490988B1F552514843C9
:107BC000800017EB50376948008843F681118842DE
:107BD00032DB0FFA88F86248B0F900104942634876
:107BE0000088B0F56650414314204143B8EB51384A
:107BF00022E00FFA88F85A48B0F9000040425B4989
:107C00000988B1F5525148438000B8EB50385748C5
:107C1000008843F6811188420EDB0FFA88F850483D
:107C2000B0F90010494251480088B0F56650414310
:107C30001E204143B8EB51384A480088B0F58C5FAC
:107C400080F296804648B0F9000004F023F881469F
:107C5000DFF8880BB0F9000004F01CF8B9EB00095C
:107C60004D462DB2002D01D5002005003C48B0F94D
:107C70000000002823D53D480088B0F5486F0BDA96
:107C80002DB26D4239480088D0F5486045434FF425
:107C9000207095FBF0F535E03448008842F681719C
:107CA00088422FDB280000B230490988B1F53E51E7
:107CB00048434FF4F06190FBF1F0451922E02B4866
:107CC000008843F2814188420BDB2DB26D42274888
:107CD0000088B0F5525045434FF4207095FBF0F505
:107CE00010E022480088B0F58C5F0BDA280000B263
:107CF0001E490988D1F58C5148434FF4F06190FB3F
:107D0000F1F0451917480088B0F5A06F02DA00209D
:107D100005001FE013480088B0F5F06F0ADA2DB2B5
:107D200010480088B0F5A06045434FF4207095FBE3
:107D3000F0F50FE00B48008840F60171884209DB3E
:107D40002DB208480088D0F58C5045434FF4207080
:107D500095FBF0F52DB2052095FBF0F03F1AACE055
:107D60005009002030090020E609002032090020D7
:107D7000DFF8D40B008845F201518842C0F29D80A3
:107D8000DFF8C80BB0F9000003F084FF8146DFF88C
:107D90004C0AB0F9000003F07DFFB9EB00094D4635
:107DA0002DB2002D01D500200500DFF8A00BB0F9A1
:107DB0000000002827D5DFF8980B0088B0F5486F41
:107DC0000CDA2DB26D42DFF8880B0088D0F54860E0
:107DD00045434FF4207095FBF0F53BE0DFF8700B66
:107DE000008842F68171884234DB280000B2DFF857
:107DF000601B0988B1F53E5148434FF4F06190FB98
:107E0000F1F0451926E0DFF8480B008843F2814184
:107E100088420CDB2DB26D42DFF8340B0088B0F5E0
:107E2000525045434FF4207095FBF0F512E0DFF817
:107E3000200B0088B0F58C5F0CDA280000B2DFF868
:107E4000101B0988D1F58C5148434FF4F06190FB29
:107E5000F1F04519DFF8F00A008846F281118842F6
:107E600002DB0020050023E0DFF8DC0A008845F68D
:107E7000017188420BDB2DB2DFF8CC0A0088D0F507
:107E8000C34045434FF4207095FBF0F510E0DFF858
:107E9000B80A0088B0F5AF4F0ADA2DB2DFF8A80AA9
:107EA0000088B0F5AA4045434FF4207095FBF0F5EB
:107EB0002DB2052095FBF0F0C719DFF8940A008871
:107EC000B0F58C5F80F29E80DFF81009B0F90000F9
:107ED00003F0E0FE8146DFF8740AB0F9000003F019
:107EE000D9FEB9EB00094D462DB2002D01D5002079
:107EF0000500DFF8E808B0F90000002827D5DFF812
:107F0000480A0088B0F5486F0CDA2DB26D42DFF8F0
:107F1000380A0088D0F5486045434FF4207095FB3F
:107F2000F0F53BE0DFF8200A008845F20151884275
:107F300034DB280000B2DFF8101A0988B1F5AA4135
:107F400048434FF4F06190FBF1F0451926E0DFF86B
:107F5000F809008845F6012188420CDB2DB26D42FC
:107F6000DFF8E4090088B0F5B44045434FF42070D1
:107F700095FBF0F512E0DFF8D0090088B0F58C5FD2
:107F80000CDA280000B2DFF8C0190988D1F58C514D
:107F900048434FF4F06190FBF1F04519DFF8B00968
:107FA0000088B0F5A06F02DA0020050023E0DFF8BA
:107FB000A0090088B0F5F06F0BDA2DB2DFF8900958
:107FC0000088B0F5A06045434FF4207095FBF0F5B4
:107FD00011E0DFF87C09008840F6017188420ADB75
:107FE0002DB2DFF86C090088D0F58C5045434FF472
:107FF000207095FBF0F52DB2052095FBF0F0B8EB65
:108000000008A5E0DFF84809008842F6817188423F
:10801000C0F29E80DFF8C407B0F9000003F03AFE1A
:108020008146DFF82809B0F9000003F033FEB9EB10
:1080300000094D462DB2002D01D500200500DFF8C6
:108040009C07B0F90000002827D5DFF8FC0800885D
:10805000B0F5486F0CDA2DB26D42DFF8EC080088FD
:10806000D0F5486045434FF4207095FBF0F53BE0B8
:10807000DFF8D408008845F20151884234DB28003B
:1080800000B2DFF8C4180988B1F5AA4148434FF49B
:10809000F06190FBF1F0451926E0DFF8AC080088AC
:1080A00045F6012188420CDB2DB26D42DFF89808BD
:1080B0000088B0F5B44045434FF4207095FBF0F5CF
:1080C00012E0DFF884080088B0F58C5F0CDA280035
:1080D00000B2DFF874180988D1F58C5148434FF489
:1080E000F06190FBF1F04519DFF86408008843F671
:1080F0000141884202DB0020050023E0DFF8500840
:10810000008843F6811188420BDB2DB2DFF840086E
:108110000088D0F5705045434FF4207095FBF0F582
:1081200010E0DFF82C080088B0F5485F0ADA2DB2BD
:10813000DFF81C080088B0F53E5045434FF420702E
:1081400095FBF0F52DB2052095FBF0F010EB08083B
:108150009DF90000012820D1DFF88006B0F9000069
:1081600000283ED5DFF87406B0F9000003F092FD58
:108170008146DFF8D807B0F9000003F08BFDB9EBBA
:1081800000094D462DB2002D01D5002005002DB26D
:10819000032095FBF0F0C71923E09DF900000028AB
:1081A0001FD1DFF83806B0F90000012819DBDFF82D
:1081B0002C06B0F9000003F06DFD8146DFF88C0756
:1081C000B0F9000003F066FDB9EB00094D462DB291
:1081D000002D01D5002005002DB2032095FBF0F005
:1081E0003F1A9DF90100012824D1DFF86007B0F99A
:1081F0000000002843D5DFF85407B0F9000003F071
:1082000049FD8146DFF8D405B0F9000003F042FDD6
:10821000B9EB00094D462DB2002D01D50020050017
:108220002DB2032095FBF0F010EB080827E000BF0B
:10823000C0A9FFFF9DF90100002820D1DFF80C073D
:10824000B0F9000001281ADBDFF80007B0F90000E0
:1082500003F020FD8146DFF88405B0F9000003F04B
:1082600019FDB9EB00094D462DB2002D01D50020B6
:1082700005002DB2032095FBF0F0B8EB0008DFF805
:10828000C8060188D1F5C851DFF8C4060088091A6C
:108290000E00012E5EDBDFF84405B0F90000002877
:1082A0001BD5DFF8A806B0F90000002815D53FB2AD
:1082B000DFF82805B0F9000040427043400017EB9A
:1082C00050370FFA88F8DFF88406B0F90000404212
:1082D0007043400018EB50383CE0DFF80005B0F97F
:1082E0000000002818D5DFF86406B0F90000012866
:1082F00012DB3FB2DFF8E404B0F900004042704303
:10830000B7EB50370FFA88F8DFF84006B0F90000F5
:10831000704318EB50381DE0DFF8C004B0F90000DE
:10832000012817DBDFF82406B0F90000002811D57A
:108330003FB2DFF8A804B0F90000704317EB5037E4
:108340000FFA88F8DFF80406B0F9000040427043E5
:10835000B8EB5038DFF8F0050188DFF8F405008845
:108360004118DFF8B40B41180E00012E5CDBDFF87A
:108370006C04B0F90000012819DBDFF8D005B0F972
:108380000000012813DB3FB2DFF85004B0F9000011
:1083900070434000B7EB50370FFA88F8DFF8AC05B0
:1083A000B0F9000070434000B8EB50383CE0DFF813
:1083B0002C04B0F90000002818D5DFF89005B0F9BA
:1083C0000000012812DB3FB2DFF81004B0F9000012
:1083D00040427043B7EB50370FFA88F8DFF86C056E
:1083E000B0F90000704318EB50381DE0DFF8EC03E3
:1083F000B0F90000012817DBDFF85005B0F90000E4
:10840000002811D53FB2DFF8D403B0F90000704363
:1084100017EB50370FFA88F8DFF83005B0F9000095
:1084200040427043B8EB5038DFF81C050188DFF894
:1084300020050088091AB1F59B410E00012E5ADB78
:10844000DFF89803B0F9000001281ADBDFF8FC041C
:10845000B0F90000002814D53FB2DFF88003B0F96E
:10846000000070434000B7EB50370FFA88F8DFF890
:10847000DC04B0F9000040427043400018EB503873
:1084800039E0DFF85803B0F90000002818D5DFF80C
:10849000BC04B0F90000002812D53FB2CF48B0F9B3
:1084A000000040427043B7EB50370FFA88F8DFF80E
:1084B0009C04B0F9000040427043B8EB50381AE019
:1084C000C648B0F90000012815DBDFF88004B0F9D8
:1084D000000001280FDB3FB2C048B0F90000704334
:1084E00017EB50370FFA88F8DFF86004B0F9000096
:1084F000704318EB5038DFF858040188DFF848045F
:108500000088091AB1F520510E00012E57DBB3483F
:10851000B0F90000002819D5DFF83004B0F90000E8
:10852000012813DB3FB2AD48B0F900004042704370
:10853000400017EB50370FFA88F8DFF81004B0F955
:10854000000070434000B8EB503838E0A348B0F961
:108550000000002818D5DFF8F403B0F90000002867
:1085600012D53FB29D48B0F9000040427043B7EBCE
:1085700050370FFA88F8DFF8D403B0F90000404212
:108580007043B8EB50381AE09448B0F90000012865
:1085900015DBDFF8B803B0F9000001280FDB3FB2AC
:1085A0008E48B0F90000704317EB50370FFA88F887
:1085B000DFF89803B0F90000704318EB5038874893
:1085C0000088381885490880DFF88003008818EB98
:1085D0000008DFF87803A0F800808048B0F90010A8
:1085E00040F2E2404143DFF8840A008800F2E240B2
:1085F00091FBF0F079490880D448B0F9001040F2BE
:10860000E2404143DFF8640A008800F2E24091FB57
:10861000F0F0CE490880DFF8580A006830F0080012
:10862000DFF84C1A0860DFF84C0A0078C00728D53C
:10863000DFF8440A007802280CDA0220DFF8381A42
:108640000870DFF82C0A006850F00800DFF8201AE4
:1086500008602CE0DFF8200A007802280CD1032003
:10866000DFF8141A0870DFF8080A006850F00800F4
:10867000DFF8FC1908601AE00420DFF8FC19087024
:1086800015E0DFF8F409007800280CD10120DFF8AC
:10869000E8190870DFF8D809006850F00800DFF822
:1086A000D019086003E00220DFF8CC190870DFF869
:1086B000C8090078032801D000F04CF9DFF8700CED
:1086C0000088DFF8B8190880DFF8940D0088DFF81B
:1086D000B0190880DFF8A409B0F90000012808DB10
:1086E000DFF89809B0F900008010DFF898190880C9
:1086F00009E0DFF88809B0F90000404280104042EC
:10870000DFF880190880DFF87809B0F90000012847
:1087100008DBDFF86C09B0F900008010DFF8141CEA
:10872000088009E0DFF85809B0F9000040428010E5
:108730004042DFF8001C0880DFF84809B0F900105B
:108740004D2041433F2091FBF0F0DFF838190880BD
:10875000DFF8E00BB0F900104D2041433F2091FBC2
:10876000F0F0DFF8D01B0880DFF81809B0F900003E
:108770004E2804DB4D20DFF80C1908800BE0DFF8F1
:108780000409B0F9000010F14D0F04DA7FF04C003D
:10879000DFF8F0180880DFF89C0BB0F900004E28D5
:1087A00004DB4D20DFF88C1B08800BE0DFF8840B26
:1087B000B0F9000010F14D0F04DA7FF04C00DFF843
:1087C000741B0880DFF8BC08B0F90000402807DB04
:1087D0003F20DFF8B01808800EE000BF4E090020EF
:1087E000DFF8A008B0F9000010F13F0F04DA7FF0C5
:1087F0003E00DFF890180880DFF8380BB0F9000071
:10880000402804DB3F20DFF82C1B08800BE0DFF85A
:10881000240BB0F9000010F13F0F04DA7FF03E00A6
:10882000DFF8101B0880DFF850080078022804D019
:10883000DFF84408007803283FD1DFF84008B0F99A
:1088400000000C2190FBF1F0DFF8181C0880DFF825
:108850003008B0F900000C2190FBF1F0DFF8081CA3
:108860000880DFF8000CB0F90000092803DB0820BD
:10887000DFF8F01B0880DFF8EC0BB0F9000010F116
:10888000080F04DA7FF00700DFF8D81B0880DFF854
:10889000D80BB0F90000092803DB0820DFF8C81B5B
:1088A0000880DFF8C40BB0F9000010F1080F04DAFB
:1088B0007FF00700DFF8B01B0880DFF8C807B0F9C9
:1088C000000010F1020F17DBDFF8B807B0F9000065
:1088D000032811DADFF85C0AB0F9000010F1020F8A
:1088E0000ADBDFF8500AB0F90000032804DA0020A0
:1088F000DFF8381C087024E0DFF88807B0F90000C2
:1089000001280FDBDFF82C0AB0F90000012804DB96
:108910000420DFF8181C087013E00120DFF80C1C9D
:1089200008700EE0DFF80C0AB0F90000012804DB43
:108930000320DFF8F81B087003E00220DFF8EC1BCF
:10894000087005B0BDE8F08F300900205009002004
:10895000320900202DE9F04106200500DFF810075C
:108960000068C0F3C000002842D00020DFF8C01B20
:108970000870DFF8C00BB0F90000012808DBDFF851
:10898000B40BB0F900008001DFF8AC1B086009E00F
:10899000DFF8A00BB0F90000404280014042DFF850
:1089A000981B0860DFF8940BB0F90000012808DB81
:1089B000DFF8880BB0F900008001DFF8841B086045
:1089C00009E0DFF8780BB0F9000040428001404236
:1089D000DFF86C1B0860DFF85C0B0088DFF85019CB
:1089E0000880DFF8580B0088DFF8741A0880EFE081
:1089F000DFF8400BB0F90000012805DBDFF8340B8D
:108A000000888001040007E0DFF8280BB0F90000BF
:108A1000404280014042040024B2DFF81C0B006891
:108A2000201A8046B8F1010F09DBDFF80C0B016852
:108A3000404628414118DFF8000B016009E0DFF8EB
:108A4000F80A0068D8F100012941401ADFF8E81A55
:108A5000086024B2DFF8E00A0068201A8046B8F106
:108A6000010F0EDB46F2014080451CDBDFF8C80A2F
:108A70000068B8F5C84110EBA110DFF8BC1A086017
:108A800011E0D8F1000046F2014188420BDBDFF82B
:108A9000A80A0068DFF8AC1AB1EB0801B0EBA1102E
:108AA000DFF8941A0860DFF8900A0068012805DBF7
:108AB000DFF8840A00688011060004E0DFF8780A15
:108AC000006880110600DFF8740AB0F90000012880
:108AD00005DBDFF8680A00888001040007E0DFF8A2
:108AE0005C0AB0F90000404280014042040024B218
:108AF000DFF84C0A0068201A8046B8F1010F09DB44
:108B0000DFF83C0A0168404628414118DFF8300A86
:108B1000016009E0DFF8280A0068D8F10001294166
:108B2000401ADFF81C1A086024B2DFF8140A006843
:108B3000201A8046B8F1010F0EDB46F20140804555
:108B40001CDBDFF8FC090068B8F5C84110EBA11088
:108B5000DFF8EC19086011E0D8F1000046F201419D
:108B600088420BDBDFF8D8090068DFF8D819B1EBD1
:108B70000801B0EBA110DFF8C8190860DFF8C009E0
:108B80000068012805DBDFF8B809006880110700DC
:108B900004E0DFF8AC09006880110700DFF89007F7
:108BA000B0F9000036B2801B03F074F8002809D534
:108BB000DFF8AC08B0F900003FB2C01B03F06AF860
:108BC000002805D4DFF868070680DFF894080780DE
:108BD000BDE8F0810322100040B2002859D4820081
:108BE0001100DFF8902B40B232F81020DFF8843B00
:108BF00049B223F81120DFF87C2B40B232F8102064
:108C0000DFF8703B49B203EB41035A80DFF8642B75
:108C100040B232F81020DFF85C3B49B203EB41036D
:108C20009A80DFF8502B40B232F81020DFF8443B36
:108C300049B203EB4103DA80DFF83C2B40B232F853
:108C40001020DFF8343B49B223F81120DFF8282B3D
:108C500040B232F81020DFF8203B49B203EB410369
:108C60005A80DFF8142B40B232F81020DFF8083BAE
:108C700049B203EB41039A80DFF8FC2A40B232F894
:108C80001020DFF8F43A49B203EB4103DA80401ECA
:108C9000A2E7DFF8E82A12689200DFF8E03A1A60EB
:108CA000DFF8DC2A12689200DFF8D43A1A60DFF8A5
:108CB000D02D12789200DFF8C83D1A70704700205E
:108CC000DFF8B82A10600020DFF8B42A1060002016
:108CD000010049B204296FDADFF8980A49B28A0024
:108CE00030F8120080B2DFF88C2A49B28B0002EB18
:108CF0004302528892B2920812EB9002DFF8740A93
:108D000049B28B0000EB4300808880B212EB9002E6
:108D1000DFF8600A49B28B0000EB4300C08880B2E4
:108D200012EB9002DFF84C0A49B220F81120DFF86C
:108D3000480A49B28A0030F8120080B2DFF8382AB7
:108D400049B28B0002EB4302528892B2920812EBB6
:108D50009002DFF8240A49B28B0000EB43008088C0
:108D600080B212EB9002DFF8100A49B28B0000EBE0
:108D70004300C08880B212EB9002DFF8FC0949B2D0
:108D800020F81120DFF8F4090268DFF8E80949B299
:108D900030F811008218DFF8E4090260DFF8E0091A
:108DA0000268DFF8D40949B230F811008218DFF800
:108DB000D0090260491C8CE7DFF8A80D0078C0B22A
:108DC0008008DFF8A02D107070470722100040B215
:108DD00000282DD442001100DFF8982940B232F863
:108DE0001020DFF8903949B223F81120DFF88429E8
:108DF00040B232F81020DFF87C3949B203EB41036E
:108E00005A80DFF8742940B232F81020DFF8683950
:108E100049B223F81120DFF8602940B232F810205F
:108E2000DFF8543949B203EB41035A80401ECEE7C4
:108E3000DFF8482912685200DFF840391A60DFF87D
:108E4000402912685200DFF838391A60DFF8142D13
:108E500012785200DFF80C3D1A7070470020DFF8DE
:108E60001C2910600020DFF8182910600020010084
:108E700049B2042947DADFF8FC0849B24A0030F861
:108E8000120080B2DFF8EC2849B24B0002EB43023B
:108E9000528892B2520812EB5002DFF8D80849B259
:108EA00020F81120DFF8D00849B24A0030F812004B
:108EB00080B2DFF8C42849B24B0002EB430252886B
:108EC00092B2520812EB5002DFF8AC0849B220F817
:108ED0001120DFF8A8080268DFF8980849B230F8D6
:108EE00011008218DFF894080260DFF89408026825
:108EF000DFF8840849B230F811008218DFF88008E2
:108F00000260491CB4E7DFF85C0C0078C0B240088E
:108F1000DFF8502C107070478071FFFF03221000A3
:108F200040B200282DD442001100DFF8482840B29A
:108F300032F81020DFF83C3849B223F81120DFF86E
:108F4000342840B232F81020DFF8283849B203EB59
:108F500041035A80DFF8202840B232F81020DFF8B1
:108F6000183849B223F81120DFF80C2840B232F843
:108F70001020DFF8043849B203EB41035A80401E49
:108F8000CEE7DFF8F82712685200DFF8F0371A60F2
:108F9000DFF8EC2712685200DFF8E4371A60DFF8D8
:108FA000C42B12785200DFF8BC3B1A7070470020C7
:108FB000DFF8C82710600020DFF8C4271060002009
:108FC000010049B2082947DADFF8A80749B24A0088
:108FD00030F8120080B2DFF89C2749B24B0002EB58
:108FE0004302528892B2520812EB5002DFF8840713
:108FF00049B220F81120DFF8800749B24A0030F862
:10900000120080B2DFF8702749B24B0002EB430236
:10901000528892B2520812EB5002DFF85C0749B254
:1090200020F81120DFF854070268DFF8480749B23A
:1090300030F811008218DFF844070260DFF84007BB
:109040000268DFF8340749B230F811008218DFF8FF
:1090500030070260491CB4E7DFF8080B0078C0B2A3
:109060004008DFF8002B10707047000074090020E2
:1090700084020020F2090020150A00205A0900206D
:109080005C09002052090020F8B5DFF8DC0A0078FE
:10909000002800F080800020DFF8E4190870DFF875
:1090A000CC0A006830F00800DFF8C01A0860DFF86A
:1090B000BC0A006830F00400DFF8B01A0860042031
:1090C000050002200600DFF8A80A006830F08000E2
:1090D000DFF89C1A0860DFF8980A006830F040005A
:1090E000DFF88C1A0860DFF8880A006830F020008A
:1090F000DFF87C1A0860DFF8740A006830F080003E
:10910000DFF8681A0860DFF8640A0068C0F300102E
:10911000002802D0AD00B61C08E0DFF8500A006855
:10912000C0F34010002801D06D00761C002007001D
:1091300038002900C0B2C9B2884211D2DFF8340A1F
:109140000088DFF83016FFB221F81700DFF8FC0ABC
:109150000088DFF82416FFB221F817007F1CE7E72C
:10916000DFF8100A0088B040DFF810160860DFF85A
:10917000DC0A0088B040DFF808160860DFF8F40960
:109180000088DFF8CC1A0880DFF8C00A0088DFF812
:10919000C41A0880A6E0DFF8D4090068C0F3C00054
:1091A000002801D0FFF716FDDFF8C0090068C0F302
:1091B0008000002801D0FFF782FDDFF8B4090068C5
:1091C000C0F3C010002801D0FFF7FFFDDFF8A009B1
:1091D0000068C0F38010002801D0FFF73FFEDFF8E1
:1091E00090090068C0F34010002801D0FFF796FEF8
:1091F000DFF878090068C0F3C010002801D0FFF73D
:10920000D6FE0420050002200600DFF86009006891
:10921000C0F30010002802D0AD00B61C08E0DFF853
:109220004C090068C0F34010002801D06D00761C86
:10923000DFF848050168DFF83C05DFF844281278BC
:1092400030F81200091ADFF82C0900884118DFF8FD
:109250002C050160DFF824050068F0400400DFF809
:10926000F0090480DFF80C090088DFF80815DFF842
:109270001028127821F81200DFF804050168DFF8E1
:10928000F804DFF8FC27127830F81200091ADFF82A
:10929000BC0900884118DFF8E8040160DFF8E00449
:1092A0000068F0400400DFF8AC090480DFF89C0996
:1092B0000088DFF8C414DFF8C827127821F81200FC
:1092C000DFF8BC070078401CDFF8B4170870DFF83F
:1092D000B00700782900C9B2884203D30020DFF824
:1092E000A0170870DFF86809B0F90010DFF8680906
:1092F000B0F90000091ADFF864090180DFF85409A9
:10930000B0F90010DFF87409B0F90000091ADFF8AD
:1093100050090180DFF838090088DFF83C1908801F
:10932000DFF830090088DFF854190880F1BD00002B
:10933000560900205409002010B4DFF82809B0F9BC
:109340000010DFF82409B0F900004118DFF81C090B
:10935000B0F90000091ADFF81809B0F900208A1ADC
:10936000DFF80009B0F90010DFF8FC08B0F90000E0
:10937000091ADFF8F808B0F90000081ADFF8F01849
:10938000B1F900100818002805D14FF4A071DFF8DA
:10939000F038198062E04FF4A07101FB02F191FBFB
:1093A000F0F111F5A071DFF8D8381980DFF8D01886
:1093B000B1F9001050290FDADFF8C4180B88DFF874
:1093C000C018B1F9001089001C2491FBF4F15B1A5C
:1093D000DFF8AC180B8041E0DFF8A418B1F90010F9
:1093E000A02911DADFF898180B88DFF89418B1F982
:1093F0000010503949001C2491FBF4F15B1A0B3B1F
:10940000DFF87C180B8029E0DFF87418B1F9001040
:10941000F02912DADFF868180B88DFF86418B1F960
:109420000010D1F1F00149001C2491FBF4F15B1A0A
:109430000B3BDFF84C180B8010E0DFF844180B886A
:10944000DFF83C18B1F90010D1F5A07189001C2497
:1094500091FBF4F15B1ADFF828180B8010BC704701
:10946000580900205E09002060090020DFF8FC0791
:10947000B0F90000DFF8EC17B1F90010411ADFF87D
:10948000E807B0F90020DFF8E007B0F90000821823
:10949000DFF8D007B0F90000121ADFF8D007B0F9F2
:1094A0000000101A002805D14FF42072DFF8D037E1
:1094B0001A800AE04FF4A07202FB01F292FBF0F274
:1094C00012F52072DFF8B8371A807047DFF894077A
:1094D000B0F90010DFF89007B0F90020DFF894072A
:1094E000B0F9000042434FF4804092FBF0F0411885
:1094F000DFF884070288DFF86C07B0F90030DFF886
:109500006807B0F900001B1A5A4392FBF1F0DFF82C
:1095100070170880DFF86807B0F90000002804D54C
:1095200047F6FF70DFF8581708807047140A0020CC
:10953000130A00204E0900203C070020500900209B
:1095400040070020009CFFFF80B5DFF83807007857
:10955000082804D0DFF82C070078002802D100F09A
:1095600023FA05E1DFF81C07007807280CD1DFF8A3
:109570001807B0F90000DFF81417B1F9001088429D
:1095800014DA00F011FAF3E0DFF8F80600780128A9
:109590000CD1DFF8F806B0F90000DFF8EC16B1F9ED
:1095A0000010884202DA00F0FFF9E1E0DFF8D806A7
:1095B000B0F90000DFF8D416B1F90010884242DAA1
:1095C000DFF8C0060078072805DB4FF4A070DFF84D
:1095D000B016088028E0DFF8AC060078002804D137
:1095E0000020DFF89C1608801EE0DFF89C0600884B
:1095F000DFF870160880DFF854070088DFF8681677
:109600000880DFF888060088DFF860160880DFF839
:109610008006DFF87016097800EB41008088DFF8DB
:1096200050160880FFF788FEDFF8240701784FF412
:109630002072DFF84C06B0F9000002FB0101DFF8F0
:109640003405018042E0DFF83C060078082804D1A8
:109650000020DFF82C1608802AE0DFF828060078C2
:10966000022805DA4FF4A070DFF8141608801FE016
:10967000DFF818060088DFF8EC150880DFF8CC0664
:109680000088DFF8E4150880DFF8FC050088DFF8C3
:10969000DC150880DFF8F805DFF8E815097800EB3D
:1096A000410030F8040CDFF8C8150880FFF744FECD
:1096B000DFF89C0601784FF420704143DFF8C005C5
:1096C000B0F90000091ADFF8AC040180DFF8B0053A
:1096D000B0F9000010F1A00F0DDA7FF09F02DFF863
:1096E000A005B0F90000121A5000802290FBF2F0A1
:1096F000401D01002CE0DFF88805B0F900000028CB
:109700000BD5DFF87C05B0F90000404200B28000C4
:10971000802290FBF2F001001AE0DFF86405B0F956
:109720000000A02809DADFF85805B0F90000800031
:10973000802290FBF2F001000AE0DFF84405B0F966
:109740000000A0384000802290FBF2F0401D010094
:10975000DFF82004028809B2DFF8F805B0F900004C
:109760004143082091FBF0F08218DFF808040280E2
:1097700001BD0000E803002028040020DC030020D5
:10978000E003002080B5DFF8D0050078082804D079
:10979000DFF8C4050078002802D100F03BF902E1AF
:1097A000DFF8B405007807280CD1DFF8B005B0F970
:1097B0000000DFF8AC15B1F90010884214DA00F0AF
:1097C00029F9F0E0DFF89005007801280CD1DFF8E6
:1097D0009005B0F90000DFF88415B1F90010884257
:1097E00002DA00F017F9DEE0DFF87005B0F90000EA
:1097F000DFF86C15B1F90010884242DADFF858053D
:109800000078072805DB4FF4A070DFF87414088097
:1098100028E0DFF844050078002804D10020DFF8B4
:10982000601408801EE0DFF834050088DFF8341487
:109830000880DFF830050088DFF82C140880DFF896
:1098400020050088DFF824140880DFF81C05DFF805
:109850000815097800EB41008088DFF814140880AF
:10986000FFF76AFDDFF8040501784FF42072DFF896
:109870001004B0F9000002FB0101DFF8D003018001
:1098800041E0DFF8D4040078082804D10020DFF894
:10989000F01308802AE0DFF8C0040078022805DA17
:1098A0004FF4A070DFF8D81308801FE0DFF8B00491
:1098B0000088DFF8B0130880DFF8A8040088DFF81C
:1098C000A8130880DFF894040088DFF8A01308804C
:1098D000DFF89404DFF88014097800EB410030F8D9
:1098E000040CDFF88C130880FFF726FDDFF87C04FA
:1098F00001784FF420704143DFF88403B0F9000091
:10990000091AD2480180DFF87803B0F9000010F19D
:10991000A00F0DDA7FF09F02DFF86403B0F90000BA
:10992000121A5000802290FBF2F0401D01002CE042
:10993000DFF84C03B0F9000000280BD5DFF8400336
:10994000B0F90000404200B28000802290FBF2F0AB
:1099500001001AE0DFF82803B0F90000A02809DAB6
:10996000DFF81C03B0F900008000802290FBF2F0C9
:1099700001000AE0DFF80803B0F90000A038400059
:10998000802290FBF2F0401D0100B048028809B22D
:10999000DFF88C06B0F900004143082091FBF0F09D
:1099A0008218AA48028001BD80B5DFF8D80200788D
:1099B000082804D10020DFF8C81208801AE0DFF878
:1099C000C4020078002804D10020DFF8B412088017
:1099D00010E0DFF8B4020088A2490880DFF86C03C9
:1099E0000088A1490880DFF8A40200889F49088008
:1099F000FFF73CFDDFF858030078411E89B24FF4B1
:109A00002072DFF87C02B0F9000002FB0101594826
:109A1000018001BD80B5DFF840030078082804D13B
:109A20000020DFF85C1208801AE0DFF82C030078D1
:109A3000002804D10020DFF84812088010E0DFF889
:109A40001C03008887490880DFF8180300888649CE
:109A50000880DFF80C03008884490880FFF706FDC2
:109A6000DFF808030078411E89B24FF42072DFF856
:109A70001002B0F9000002FB01017448018001BD31
:109A8000F309002080B5DFF8C4020088754908801A
:109A9000DFF8BC020078032830D1DFF8F00100883D
:109AA00071490880DFF87C050068DFF8C01209788A
:109AB00030F8110070490880DFF86C050068DFF8A5
:109AC000AC12097830F811006A490880FFF7FEFCF3
:109AD000DFF8AC01B0F90000B0F5046F09DADFF887
:109AE000A001B0F90000D0F50C60DFF84015088047
:109AF00036E08020DFF83415088031E0DFF8880197
:109B0000008859490880DFF828050068DFF85C12F2
:109B1000097830F8110058490880DFF81805006806
:109B2000DFF84812097830F8110052490880FFF731
:109B3000CDFCDFF84C01B0F90000B0F5046F0ADA93
:109B4000DFF83C01B0F9000000F5BA40C030DFF8A2
:109B5000DC14088004E04FF4CC40DFF8D014088017
:109B600001BD0000F3090020D709002048020020B1
:109B70004C0200201E09002080B5DFF8E8010088B3
:109B800038490880DFF8E401007803282ED1DFF897
:109B9000D001008834490880DFF89C040068DFF8B1
:109BA000B011097830F8110033490880DFF88C04CF
:109BB0000068DFF89C11097830F811002D49088001
:109BC000FFF784FCDFF8B800B0F90000B0F5046FCF
:109BD00008DADFF8AC00B0F90000D0F50C601B49E2
:109BE000088032E08020194908802EE0DFF86C01FF
:109BF00000881D490880DFF848040068DFF850112C
:109C0000097830F811001C490880DFF83804006832
:109C1000DFF83C11097830F8110016490880FFF789
:109C200055FCDFF85C00B0F90000B0F5046F08DA0D
:109C3000DFF84C00B0F9000010F5615003490880CE
:109C400003E04FF481400149088001BD2009002054
:109C50000A0900200C090020800900208409002046
:109C60008609002010090020120900201409002094
:109C7000160900201C0900201A0900208209002072
:109C800018090020E4090020E6080020E40800206C
:109C900064030020DFF8B0030078002823D1DFF848
:109CA000AC030088DFF8A8130880DFF8A803008859
:109CB000DFF8341D08800020DFF89C1308800020A6
:109CC000DFF8981308800020DFF894130880002044
:109CD000DFF8901308800020DFF88C130870002054
:109CE000DFF888130870DFF860030078FF2806D0DB
:109CF000DFF854030078401CDFF84C130870DFF8DD
:109D000058030088DFF858130880D048B0F90010D5
:109D1000CF48B0F90000091ACF480180CB4800882D
:109D2000CB490880CD480088CE490880C948B0F9A1
:109D30000010DFF8B40CB0F90000091AC748018020
:109D4000C4480088DFF8A01C08807047E2080020A3
:109D5000E60900205E090020E5090020EC0800204B
:109D6000EA080020E808002078030020E709002026
:109D700080B500F007F8FFF78DFFF9F7D7F900F08D
:109D800079F901BD38B50120DFF8C01B0870B8486B
:109D90000078032810D1FFF775FEDFF8B00B0078CC
:109DA000DFF8A81B0870DFF8A80B006850F001006E
:109DB000DFF89C1B086056E0AD480078042817D1F6
:109DC000DFF88C0B006840084000DFF8841B086057
:109DD000DFF8800BB0F90000DFF87C1BB1F9001050
:109DE000884202DAFFF7B0FB3DE0FFF7DDFD3AE025
:109DF0009F480078252817D1DFF8540B00684008E9
:109E00004000DFF84C1B0860DFF84C0BB0F9000095
:109E1000DFF8401BB1F90010884202DAFFF794FB2B
:109E200021E0FFF7C1FD1EE091480078262810D1FF
:109E3000FFF728FEDFF8140B0078DFF8101B08701E
:109E4000DFF80C0B006850F00100DFF8041B08601D
:109E500009E0FFF779FBDFF8F80A006840084000E6
:109E6000DFF8EC1A0860DFF8840B0078032810D1C3
:109E7000FFF782FEDFF8D40A0078DFF8D01A087006
:109E8000DFF8CC0A006850F00200DFF8C41A08605E
:109E900059E0DFF8580B0078042817D1DFF8B00A32
:109EA000006830F00200DFF8A81A0860DFF8400B05
:109EB000B0F90000DFF83C1BB1F90010884202DA6B
:109EC000FFF760FC3FE0FFF7A5FD3CE0DFF81C0B6F
:109ED0000078162817D1DFF8780A006830F0020001
:109EE000DFF86C1A0860DFF80C0BB0F90000DFF83F
:109EF000001BB1F90010884202DAFFF743FC22E0B0
:109F0000FFF788FD1FE0DFF8E40A0078172810D17A
:109F1000FFF732FEDFF8340A0078DFF8301A0870F5
:109F2000DFF82C0A006850F00200DFF8241A0860FD
:109F300009E0FFF727FCDFF8180A006830F002009C
:109F4000DFF80C1A08603948008840490880DFF8BB
:109F5000F80900883F490880DFF89C0A0068C0F3D0
:109F60008010002801D101F045FBDFF88C0A006861
:109F7000C0F38010002801D1F9F7CCFFFAF7D4FC28
:109F8000FAF786FEDFF8741A2548B0F90020112090
:109F9000424301EB0200DFF8681AB1F900100844EF
:109FA00090F990000400DFF8541ADFF8540AB0F971
:109FB00000201120424301EB02001949B1F90010C1
:109FC000084490F99000050024B2E000042190FBC1
:109FD000F1F42DB2E800042190FBF1F524B213480E
:109FE0000088844205DA11480088001B0F49088068
:109FF00002E000200D4908802DB2DFF84C090088EE
:10A00000854207DADFF840090088401BDFF838197D
:10A01000088003E00020DFF83019088031BD00001F
:10A020006009002078070020800700201E0900201A
:10A030007C0700208407002088070020900700206C
:10A040008C07002094070020430A002030090020DC
:10A05000AA09002032090020A2090020A40900203A
:10A06000A6090020A8090020440A0020450A002073
:10A07000E6090020F8B5DFF8D808006830F00800DD
:10A08000DFF8CC180860DFF87C09006830F0800049
:10A09000DFF870190860DFF86C09006830F0200004
:10A0A000DFF860190860DFF8A808006830F0800069
:10A0B000DFF89C180860DFF84C09006830F04000B9
:10A0C000DFF840190860DFF88808006830F0040005
:10A0D000DFF87C180860DFF8D80B0078C00709D4D7
:10A0E000DFF8D00B00780D2818DADFF8CC0B0078F9
:10A0F0000D2813DADFF8C40B007805280EDBDFF833
:10A10000BC0B0078252809DADFF8E008007805287C
:10A1100004DBDFF8D8080078162837DBDFF83008D2
:10A120000068C0F34010002808D0DFF8D8080068A5
:10A1300050F08000DFF8CC1808600EE0DFF810085F
:10A140000068C0F38010002807D0DFF8040800681A
:10A1500050F00800DFF8F8170860DFF8F40700682F
:10A1600030F02000DFF8E8170860DFF8E407006847
:10A1700030F04000DFF8D8170860DFF8D407006837
:10A1800050F01000DFF8C817086087E0DFF8200BF8
:10A190000078C00713D5DFF8240B007806280EDB03
:10A1A000DFF8180B0078242809DADFF84008007877
:10A1B000062804DBDFF834080078152837DBDFF8E1
:10A1C00090070068C0F30010002808D0DFF880076F
:10A1D000006850F08000DFF8781708600EE0DFF8C4
:10A1E00070070068C0F38010002807D0DFF814085B
:10A1F000006850F02000DFF80C180860DFF8500706
:10A20000006830F01000DFF848170860DFF84007FA
:10A21000006830F04000DFF838170860DFF83007DA
:10A22000006850F02000DFF82817086036E0DFF8FB
:10A2300020070068C0F30010002808D0DFF81007DE
:10A24000006850F00400DFF8081708600EE0DFF83F
:10A2500000070068C0F34010002807D0DFF8A4070B
:10A26000006850F04000DFF89C170860DFF8E00657
:10A27000006830F01000DFF8D8160860DFF8D0066C
:10A28000006830F02000DFF8C8160860DFF8C0066C
:10A29000006850F04000DFF8B8160860DFF8B0063C
:10A2A0000068C0070AD5DFF8A8060068C0F34000C0
:10A2B000002803D00120DFF894160870FEF7E4FEB2
:10A2C00001F04AF8DFF8E8090078C00703D501205B
:10A2D000DFF878160870DFF8CC0B006850F0020049
:10A2E000DFF8C01B0860DFF868060068C00755D5B6
:10A2F000DFF85C060068C0F34000002827D0DFF8D4
:10A30000A80BDFF8A81B0978405CDFF8A41B0978CC
:10A31000884207D2DFF88C0B006830F00200DFF8CB
:10A32000841B0860DFF88C0BDFF8801B0978405C29
:10A33000DFF8841B0978884280F08480DFF8640BA2
:10A34000006830F00200DFF85C1B08607AE0DFF89C
:10A350006C0BDFF8581B0978405CDFF8541B097858
:10A36000884207D2DFF83C0B006830F00200DFF8CB
:10A37000341B0860DFF8DC0BDFF8301B0978405C29
:10A38000DFF8341B097888425CD2DFF8180B0068CC
:10A3900030F00200DFF80C1B086053E0DFF8B00576
:10A3A0000068C0F34000002826D0DFF8100BDFF86B
:10A3B000FC1A0978405CDFF8F81A0978884207D25D
:10A3C000DFF8E00A006830F00200DFF8D81A086011
:10A3D000DFF8800BDFF8D41A0978405CDFF8D81A70
:10A3E000097888422ED2DFF8BC0A006830F00200FB
:10A3F000DFF8B01A086025E0DFF8F00BDFF8AC1AE0
:10A400000978405CDFF8A81A0978884207D2DFF89B
:10A41000940A006830F00200DFF8881A0860DFF85C
:10A42000D00BDFF8881A0978405CDFF88C1A0978BD
:10A43000884207D2DFF86C0A006830F00200DFF8CB
:10A44000641A0860DFF8080CB0F9000000F5BE409F
:10A450005030DFF8001C0988884212DADFF8F00B70
:10A46000B0F9000000F5BE405030DFF8E81B08806E
:10A47000DFF8300A006830F00200DFF8281A0860C0
:10A480001BE0DFF8D00B0088DFF8C41BB1F9001027
:10A4900011F5E661884210DADFF8B40BB0F900007C
:10A4A00010F5E660DFF8AC1B0880DFF8F8090068FB
:10A4B00030F00200DFF8EC190860DFF8080CB0F9A2
:10A4C000000000F56850F030DFF8FC1B0988884276
:10A4D00012DADFF8F00BB0F9000000F56850F03048
:10A4E000DFF8E41B0880DFF8BC09006830F00200E8
:10A4F000DFF8B01908601BE0DFF8CC0B0088DFF84C
:10A50000C41BB1F9001011F5C261884210DADFF8FE
:10A51000B40BB0F9000010F5C260DFF8AC1B088086
:10A52000DFF88009006830F00200DFF87819086071
:10A53000DFF87009006830F02000DFF86819086063
:10A54000DFF8100B0088DFF8081BB1F9001011F5D7
:10A55000E661884208DA0020DFF8CC1B0880002082
:10A56000DFF8C81B08804FE0DFF8E80A0188DFF851
:10A57000E00AB0F90000091AB1F5E661DFF8A80BAE
:10A580000180DFF8A40B008845F6210188420ADB30
:10A5900045F62000DFF8901B088045F62000DFF824
:10A5A0008C1B088030E0DFF8840B0088DFF8781B14
:10A5B0000988884214D2DFF8700B0188DFF86C0B31
:10A5C0000088091ADFF88403007881421CDBDFF879
:10A5D000D408006850F02000DFF8C818086013E0C5
:10A5E000DFF8480B0188DFF8400B0088091ADFF814
:10A5F0005C030078814207DBDFF8A808006850F0B0
:10A600002000DFF8A0180860DFF8BC0A0088DFF837
:10A61000B41AB1F9001011F5C261884208DA0020BD
:10A62000DFF8781B08800020DFF8241D08804DE04B
:10A63000DFF8940A0188DFF88C0AB0F90000091AE3
:10A64000B1F5C261DFF8540B0180DFF8500B0088D0
:10A6500043F2E14188420ADB43F2E040DFF83C1B71
:10A66000088043F2E040DFF8E81C08802EE0DFF8C5
:10A67000E00C0088DFF8241B0988884213D2DFF839
:10A680001C0B0188DFF8C80C0088091AAF48007855
:10A6900081421BDBDFF80C08006850F02000DFF877
:10A6A0000418086012E0DFF8A80C0188DFF8EC0A53
:10A6B0000088091AA5480078814207DBDFF8E40723
:10A6C000006850F02000DFF8DC1708600024DFF895
:10A6D000D00A0088332804DBDFF8C80A00790600B6
:10A6E00021E0DFF8BC0A00881F2804DBDFF8B40A89
:10A6F000C078060017E0DFF8A80A00880B2804DB02
:10A70000DFF8A00A807806000DE0DFF8940A0088E0
:10A71000002804D0DFF88C0A4078060003E0DFF858
:10A72000840A00780600DFF888050078C00701D5A4
:10A7300000200600DFF8700A0078002838D0DFF823
:10A74000E8090088002807D0DFF8DC09008800014C
:10A75000DFF8581A086008E0DFF8CC0900884042AA
:10A7600000014042DFF8441A0860DFF8300A008830
:10A77000002807D0DFF8240A00880001DFF8D41B86
:10A78000086008E0DFF8140A0088404200014042F7
:10A79000DFF8C01B0860DFF890090088DFF88C192B
:10A7A0000880DFF8F8090088DFF8A41B0880CAE0F9
:10A7B0004FF448700400DFF87009008800010500BC
:10A7C000DFF8E8090068281A0700012F09DBDFF825
:10A7D000DC090168380030414118DFF8D009016018
:10A7E00008E0DFF8C809006879423141401ADFF813
:10A7F000BC190860002C1BD0DFF8B0090068281ACB
:10A800000700012F0ADBBC4212DADFF8A00900685A
:10A810003818001BDFF89419086009E0FC4207DAD9
:10A82000DFF888090168E0194118DFF88009016044
:10A83000DFF878090068012807DBDFF87009006895
:10A840000011DFF8E418088006E0DFF8600900680E
:10A850000011DFF8D4180880DFF8400900880001F3
:10A860000500DFF8F00A0068281A0700012F09DB4D
:10A87000DFF8E00A0168380030414118DFF8D40AF7
:10A88000016008E0DFF8CC0A006879423141401AE3
:10A89000DFF8C01A0860002C1BD0DFF8B80A006887
:10A8A000281A0700012F0ADBBC4212DADFF8A40ADB
:10A8B00000683818001BDFF89C1A086009E0FC42A9
:10A8C00007DADFF8900A0168E0194118DFF8840A16
:10A8D0000160DFF8800A0068012807DBDFF8740AEE
:10A8E00000680011DFF8B418088006E0DFF8640A99
:10A8F00000680011DFF8A4180880DFF8300800882D
:10A90000DFF824180988401A01F0C4F90F490978C2
:10A9100088420CDADFF8380A0088DFF880180988E6
:10A92000401A01F0B7F90949097888420BDBDFF8D2
:10A93000F8070088DFF8F4170880DFF8600800885F
:10A94000DFF80C1A0880F1BD20090020F50900206D
:10A9500048020020E6080020E408002070B404004B
:10A960000B002500DFF8286CB68FADB2B54215D2CA
:10A970001E252900C9B2002924D0C9B2D1F13C0555
:10A980002800DFF80C5CC9B205EB410535F8025C24
:10A990002600B6B2B54215D3491EEBE71F252900A4
:10A9A000C9B23D290EDAC9B2D1F13C052800250013
:10A9B000DFF8DC6BC9B236F81160ADB2B54201D335
:10A9C000491CEDE7D2B2203292B2120980B2DBB25A
:10A9D000D2B2D518D2B25519D2B2551910EB8500A2
:10A9E00080B270BC70470000AC090020E70900206D
:10A9F000EC080020EA08002064020020450602005E
:10AA00005E0900204C02002038B5DFF8880B008872
:10AA10000400DFF8840B00880500DFF8800BB0F934
:10AA20000000002807D5DFF8740BB0F900004042A1
:10AA3000DFF8681B0880DFF85C0BB0F90000002825
:10AA400007D5DFF8500BB0F900004042DFF8441B97
:10AA50000880DFF84C0BB0F90000002807D5DFF8BC
:10AA6000400BB0F900004042DFF8341B0880DFF8EB
:10AA7000340BB0F90000002807D5DFF8280BB0F937
:10AA800000004042DFF81C1B0880DFF80C0BB0F917
:10AA90000000002807D5DFF8000BB0F900004042A5
:10AAA000DFF8F41A0880DFF8000BB0F90000002886
:10AAB00007D5DFF8F40AB0F900004042DFF8E81AE1
:10AAC0000880DFF8E81A0978032931D1DFF8D01AB5
:10AAD000B1F90010DFF8BC2AB2F9002011EBE20155
:10AAE000080000B2002823D0DFF8A81AB1F900202E
:10AAF000DFF8A01AB1F90030DFF8A41AB1F900109C
:10AB00005B1A5A4300B292FBF0F10C19DFF8881A75
:10AB1000B1F90020DFF87C1AB1F90030DFF8801AB3
:10AB2000B1F900105B1A5A4300B292FBF0F14D19D3
:10AB3000DFF8781A0978262931D1DFF8601AB1F9DF
:10AB40000010DFF8502AB2F9002011EBE2010800F2
:10AB500000B2002823D0DFF83C1AB1F90020DFF85A
:10AB6000341AB1F90030DFF8341AB1F900105B1A69
:10AB70005A4300B292FBF0F10C19DFF81C1AB1F93C
:10AB80000020DFF8101AB1F90030DFF8101AB1F91F
:10AB900000105B1A5A4300B292FBF0F14D19DFF836
:10ABA000101A0978032931D1DFF8FC19B1F9001026
:10ABB000DFF8E429B2F9002011EBE201080000B24D
:10ABC000002823D0DFF8D019B1F90020DFF8C81928
:10ABD000B1F90030DFF8D019B1F900105B1A5A430F
:10ABE00000B292FBF0F14D19DFF8A819B1F900207D
:10ABF000DFF8A419B1F90030DFF8AC19B1F9001091
:10AC00005B1A5A4300B292FBF0F10C19DFF8A0195D
:10AC10000978172931D1DFF88C19B1F90010DFF864
:10AC20007829B2F9002011EBE201080000B20028F7
:10AC300023D0DFF86419B1F90020DFF85C19B1F90D
:10AC40000030DFF86019B1F900105B1A5A4300B206
:10AC500092FBF0F14D19DFF83C19B1F90020DFF853
:10AC60003819B1F90030DFF83C19B1F900105B1A5E
:10AC70005A4300B292FBF0F00419DFF83809027869
:10AC8000DFF834090178200080B2FFF767FEDFF8B3
:10AC90002C190880DFF828090278DFF828090178E4
:10ACA000280080B2FFF75AFEDFF81C19088031BD7A
:10ACB000F40900203B0A00203C0A0020E60900209D
:10ACC000F8B5DFF808090088B0F5207F02DA002027
:10ACD000050047E0DFF8F4080088B0F5707F02DA7D
:10ACE000012005003EE0DFF8E4080088B0F5A06F21
:10ACF00002DA0220050035E0DFF8D0080088B0F560
:10AD0000C86F02DA032005002CE0DFF8C0080088D5
:10AD100046F20141884202DB2B20050022E0DFF8E9
:10AD2000AC08008846F2C121884202DB2A200500D7
:10AD300018E0DFF89808008846F28111884202DBAB
:10AD4000292005000EE0DFF88408008846F2410162
:10AD5000884202DB2820050004E0DFF87408007850
:10AD6000401C0500DFF86C080088B0F5207F02DA8F
:10AD70000020060047E0DFF85C080088B0F5707F2F
:10AD800002DA012006003EE0DFF848080088B0F54E
:10AD9000A06F02DA0220060035E0DFF838080088EC
:10ADA000B0F5C86F02DA032006002CE0DFF82408B3
:10ADB000008843F68161884202DB1C20060022E005
:10ADC000DFF81008008843F64151884202DB1B205F
:10ADD000060018E0DFF8FC07008843F601418842CE
:10ADE00002DB1A2006000EE0DFF8E807008843F6D1
:10ADF000C121884202DB1920060004E0DFF8D807F1
:10AE00000078401C0600F6B22C20EDB200FB065084
:10AE10000700DFF8C807BFB2C05D4000DFF8C01709
:10AE20000880DFF8BC070188DFF890070288DFF8A8
:10AE300098070088821891420DDADFF880070188B0
:10AE4000DFF8840700884118DFF894070088091AA2
:10AE5000D348018002E00020D1490880D048018811
:10AE6000DFF88007BFB2C05D41435E2041436420EC
:10AE7000B1FBF0F0C0090400200000B200F098F926
:10AE8000DFF864070088DFF8BC1D0880DFF8B40D28
:10AE90000088B0F5807F03DBFF20DFF8A81D088065
:10AEA000F1BD00005C0200206DAE0100E109002050
:10AEB000DF09002071AE0100E009002065AE01004D
:10AEC00080B5FFF7A1FDFFF7FBFE01BD03221000D7
:10AED00040B200282ED482001100DFF8102740B2C3
:10AEE00032F81020DFF8043749B223F81120DFF8D8
:10AEF000FC2640B232F81020DFF8F03649B203EBFE
:10AF000041035A80DFF8E42640B232F81020DFF81F
:10AF1000DC3649B203EB41039A80DFF8D02640B219
:10AF200032F81020DFF8C43649B203EB4103DA806F
:10AF3000401ECDE7DFF8B82612689200DFF8B03681
:10AF40001A60DFF8042D12789200DFF8FC3C1A70CA
:10AF50007047000069AE01000020DFF89426106001
:10AF60000020010049B2042937DADFF8800649B22F
:10AF70008A0030F91200DFF8742649B28B0002EB28
:10AF80004302B2F90220921012EBA002DFF85C0635
:10AF900049B28B0000EB4300B0F9040012EBA002B1
:10AFA000DFF8480649B28B0000EB4300B0F9060019
:10AFB00012EBA002DFF8340649B220F81120DFF8C6
:10AFC00030060268DFF8240649B230F91100821811
:10AFD000DFF81C060260491CC4E7DFF86C0C00783F
:10AFE000C0B28008DFF8602C107070475DAE0100C1
:10AFF00061AE01000722110049B2002918D44A00AD
:10B000001000DFF8E82549B232F81120DFF8DC350E
:10B0100040B223F81020DFF8D42549B232F81120CD
:10B02000DFF8C83540B203EB40035A80491EE3E71E
:10B03000DFF8BC2512685200DFF8B4351A60DFF87B
:10B04000082C12785200DFF8003C1A70704700009C
:10B05000B00900200A0900200020DFF894251060C4
:10B060000020010049B2042923DADFF8800549B243
:10B070004A0030F91200DFF8742549B24B0002EBA8
:10B080004302B2F90220521012EB6002DFF85C05B5
:10B0900049B220F81120DFF858050268DFF84C05A6
:10B0A00049B230F911008218DFF844050260491CEA
:10B0B000D8E7DFF8940B0078C0B24008DFF8882B9F
:10B0C00010707047B20900200C0900200322110003
:10B0D00049B2002918D44A001000DFF8102549B2FF
:10B0E00032F81120DFF8043540B223F81020DFF8E1
:10B0F000FC2449B232F81120DFF8F03440B203EBFF
:10B1000040035A80491EE3E7DFF8E4241268520046
:10B11000DFF8DC341A60DFF8302B12785200DFF8E9
:10B12000283B1A70704700002809002024090020DD
:10B130000020DFF8BC2410600020010049B208297B
:10B1400023DADFF8A80449B24A0030F91200DFF828
:10B150009C2449B24B0002EB4302B2F90220521088
:10B1600012EB6002DFF8840449B220F81120DFF806
:10B1700080040268DFF8740449B230F911008218C3
:10B18000DFF86C040260491CD8E7DFF8BC0A0078DD
:10B19000C0B24008DFF8B02A107070472A090020BA
:10B1A000720900204CAE0100D70900200C020020DB
:10B1B000F8B50400DFF8940A0078002846D0DFF8DC
:10B1C000900A006830F08000DFF8841A08600020E0
:10B1D000DFF8741A08700420050002200600DFF86A
:10B1E000740A0068C0F30010002802D0AD00B61C3D
:10B1F00008E0DFF8600A0068C0F34010002801D0C2
:10B200006D00761C0020070038002900C0B2C9B2CA
:10B21000884206D2DFF8D403FFB220F817407F1C23
:10B22000F2E724B2012C06DB24B214FA06F0DFF8B0
:10B23000C013086006E024B26042B0404042DFF82C
:10B24000B0130860DFF8A003048080E0DFF8040A90
:10B250000068C0F3C000002801D0FFF737FEDFF818
:10B26000F4090068C0F38000002801D0FFF774FEE5
:10B27000DFF8E4090068C0F3C010002801D0FFF730
:10B28000B9FEDFF8D4090068C0F38010002801D0AF
:10B29000FFF7E2FEDFF8C0090068C0F340100028A5
:10B2A00001D0FFF713FFDFF8AC090068C0F3C0104E
:10B2B000002801D0FFF73CFF042005000220060013
:10B2C000DFF890090068C0F30010002802D0AD003C
:10B2D000B61C08E0DFF87C090068C0F340100028C5
:10B2E00001D06D00761CC2480168C048DFF85829BB
:10B2F000127830F91200091A24B26118BC480160B2
:10B30000BB480068012805DBB94800683041B649F0
:10B31000088004E0B64800683041B3490880B3486B
:10B32000DFF82419097820F81140DFF81C090078AB
:10B33000401CDFF814190870DFF80C0900782900A8
:10B34000C9B2884203D30020DFF8FC180870F1BDB1
:10B35000260900201002002010B4DFF80009007850
:10B36000C00700F11281DFF8F8080078C00700F18B
:10B370000C81DFF8D0080088002800F00681DFF893
:10B38000C4080088652802DB6420020003E0DFF8BF
:10B39000B40800880200DFF8CC080088B0F5666FBA
:10B3A0001EDADFF8C0080088D0F5666092B250431C
:10B3B00040F23B23B0FBF3F001000800DFF8A438B3
:10B3C0001B8880B2984207D2DFF898080088401A9C
:10B3D000DFF89038188003E00020DFF88838188004
:10B3E000DFF88008008845F62103984212DBDFF879
:10B3F00074080388DFF86C080488DFF86C08041907
:10B4000092B254434FF40970B4FBF0F0C318DFF864
:10B4100054080380DFF854080088B0F5666F1EDA20
:10B42000DFF848080088D0F5666092B2504340F2D9
:10B430007E23B0FBF3F001000800DFF830381B88F2
:10B4400080B2984207D2DFF824080088401ADFF85B
:10B450001C38188003E00020DFF810381880DFF86F
:10B460000C08008843F2A123984212DBDFF8FC07A6
:10B470000388DFF8F8070488DFF8F407041992B2AC
:10B48000544340F2B620B4FBF0F0C318DFF8DC07F9
:10B490000380DFF8D0070088B0F5026F1DDADFF80F
:10B4A000C4070088D0F5026092B250439223B0FBEB
:10B4B000F3F001000800DFF8AC371B8880B2984237
:10B4C00007D2DFF8A0070088401ADFF89837188005
:10B4D00003E00020DFF88C371880DFF88807008849
:10B4E00045F66163984211DBDFF878070388DFF8DF
:10B4F00074070488DFF87C07041992B25443AA2029
:10B50000B4FBF0F0C318DFF85C070380DFF85C07DA
:10B510000088B0F5026F1EDADFF850070088D0F51A
:10B52000026092B2504340F20513B0FBF3F0010009
:10B530000800DFF838371B8880B2984207D2DFF85E
:10B540002C070088401ADFF82437188003E0002019
:10B55000DFF818371880DFF81407008843F6E10396
:10B56000984212DBDFF804070388DFF8000704883D
:10B57000DFF80407041992B254434FF48B70B4FB04
:10B58000F0F0C318DFF8E406038010BC7047000039
:10B590006CA801006A0900206C09002062090020E3
:10B5A000640900206609002068090020190A0020AB
:10B5B0001A0A0020390A00200D0A00206E09002016
:10B5C0003A0A00200E0A0020700900201E090020FF
:10B5D000E609002020090020E70900204DFC0100B9
:10B5E0007609002049010200AE09002080080020F1
:10B5F0007C0800202DE9FF4FDFF880A6BAF800A0F4
:10B60000DFF87CB6BBF850B0DA4514D35FF0510ACE
:10B61000504600B2282821DBDFF860A6BAF800A067
:10B62000DFF85CB600B20BEB400B3BF802BCDA452E
:10B6300014D2401EEDE75FF0000A504600B2282801
:10B640000CDADFF838A6BAF800A0DFF834B600B29A
:10B650003BF810B0DA4501D3401CEFE7DFF824A631
:10B66000BAF800A0DFF820B6BBF832B0DA4514D340
:10B670005FF0330A514609B2192921DBDFF804A62D
:10B68000BAF800A0DFF800B609B20BEB410B3BF8AB
:10B6900002BCDA4514D2491EEDE75FF0000A5146BC
:10B6A00009B219290CDADFF8DCA5BAF800A0DFF836
:10B6B000D8B509B23BF811B0DA4501D3491CEFE720
:10B6C00000B200281CD15FF0010A5046DFF8B0A597
:10B6D00000B23AF810A0DFF8A8B500B20BEB400BAF
:10B6E0003BF802BCBAEB0B0B5D46AA461FFA8AFA7E
:10B6F0005FEA5A0A1FFA8AFADAF1000A52463BE078
:10B7000000B2512816D1401EDFF874A500B23AF8F5
:10B7100010A0DFF86CB500B20BEB400B3BF802BC9D
:10B72000BAEB0B0B5D46AA461FFA8AFA5FEA5A0A81
:10B73000524621E0DFF848A500B23AF810A0DFF841
:10B7400040B500B20BEB400B3BF802BCBAEB0B0B65
:10B750005D46DFF828A5BAF900A0DFF824B500B2ED
:10B760000BEB400B3BF902BCBAEB0B0BAA461FFAE2
:10B770008AFABBEB5A0B5A4609B200291CD15FF07A
:10B78000010A5146DFF800A509B23AF811A0DFF826
:10B79000F8B409B20BEB410B3BF802BCBAEB0B0B54
:10B7A0005E46B2461FFA8AFA5FEA5A0A1FFA8AFA16
:10B7B000DAF1000A53463BE009B2332916D1491E9B
:10B7C000DFF8C4A409B23AF811A0DFF8BCB409B29A
:10B7D0000BEB410B3BF802BCBAEB0B0B5E46B246DF
:10B7E0001FFA8AFA5FEA5A0A534621E0DFF898A462
:10B7F00009B23AF811A0DFF890B409B20BEB410B93
:10B800003BF802BCBAEB0B0B5E46DFF878A4BAF942
:10B8100000A0DFF874B409B20BEB410B3BF902BC9A
:10B82000BAEB0B0BB2461FFA8AFABBEB5A0B5B461C
:10B830005FF0510A0AFB010ABAF1520A5446DFF8D6
:10B840004CA4DAF800A0A4B21AF904A00FFA8AFAFC
:10B850005FEA8A0BADF80CB0DFF830A4DAF800A08C
:10B86000A4B2A2449AF901A00FFA8AFA5FEA8A0BFD
:10B87000ADF80AB0DFF814A4DAF800A0A4B2A2442C
:10B880009AF951A00FFA8AFA5FEA8A0BADF808B06C
:10B89000DFF8F8A3DAF800A0A4B2A2449AF952A003
:10B8A0000FFA8AFA5FEA8A0BADF806B05FF0330A46
:10B8B0000AFB001ABAF1340A5446DFF8D4A3DAF8C6
:10B8C00000A0A4B21AF904A00FFA8AFA5FEA8A0B60
:10B8D000ADF804B0DFF8B8A3DAF800A0A4B2A2442F
:10B8E0009AF933A00FFA8AFA5FEA8A0BADF802B030
:10B8F000DFF89CA3DAF800A0A4B2A2449AF901A050
:10B900000FFA8AFA5FEA8A0BADF800B0DFF880A37D
:10B91000DAF800A0A4B2A2449AF934A00FFA8AFA85
:10B920005FEA8A0AD446BDF90CB0BDF90AA01AEB49
:10B930000B0BBDF908A01AEB0B0BBDF906A01AEB17
:10B940000B0B5FF0040A9BFBFAFA5746BDF904B0F3
:10B95000BDF902A01AEB0B0BBDF900A01AEB0B0B03
:10B960000FFA8CFC1CEB0B0B5FF0040A9BFBFAFA42
:10B97000D646B846F14612B21BB213EB020ABAF130
:10B98000000F40F1958012B21BB2B2EB030ABAF17C
:10B99000000F46D512B23FB23FB217EB070BBDF90D
:10B9A0000CA0BBEB0A0BBDF908A0BBEB0A0B0BFB11
:10B9B00002FBADB29BFBF5FA1AEB08081BB2BDF90E
:10B9C00008B0BDF90CA0BBEB0A0B0BFB03FBB6B236
:10B9D0009BFBF6FA1AEB080812B20FFA8EFE0FFA6A
:10B9E0008EFE1EEB0E0BBDF904A0BBEB0A0BBDF9DE
:10B9F00000A0BBEB0A0B0BFB02FBADB29BFBF5FA05
:10BA00001AEB09091BB2BDF900B0BDF904A0BBEBEC
:10BA10000A0B0BFB03FBB6B29BFBF6FA1AEB090908
:10BA2000DAE012B2BDF90AB0BDF90CA0BBEB0A0B0B
:10BA30000BFB02FBADB29BFBF5FA1AEB08081BB23D
:10BA40003FB23FB217EB070BBDF90CA0BBEB0A0BE3
:10BA5000BDF90AA0BBEB0A0B0BFB03FBB6B29BFBC9
:10BA6000F6FA1AEB080812B2BDF902B0BDF904A04B
:10BA7000BBEB0A0B0BFB02FBADB29BFBF5FA1AEB1F
:10BA800009091BB20FFA8EFE0FFA8EFE1EEB0E0B8B
:10BA9000BDF904A0BBEB0A0BBDF902A0BBEB0A0B7E
:10BAA0000BFB03FBB6B29BFBF6FA1AEB090993E01A
:10BAB00012B21BB2B2EB030ABAF1010F46DB12B2AB
:10BAC000BDF90AB0BDF906A01AEB0B0B3FB2BBEBF8
:10BAD000070B3FB2BBEB070B0BFB02FBADB29BFBB3
:10BAE000F5FA1AEB08081BB2BDF906B0BDF90AA0B9
:10BAF000BBEB0A0B0BFB03FBB6B29BFBF6FA1AEB94
:10BB0000080812B2BDF902A00FFA8CFC1CEB0A0A5D
:10BB10000FFA8EFEBAEB0E0A0FFA8EFEBAEB0E0A81
:10BB20000AFB02FAADB29AFBF5FA1AEB09091BB24D
:10BB30000FFA8CFCBDF902A0BCEB0A0A0AFB03FA5F
:10BB4000B6B29AFBF6FA1AEB090945E012B2BDF952
:10BB500006B0BDF908A0BBEB0A0B0BFB02FBADB2B4
:10BB60009BFBF5FA1AEB08081BB2BDF908B0BDF94A
:10BB700006A01AEB0B0B3FB2BBEB070B3FB2BBEBC4
:10BB8000070B0BFB03FBB6B29BFBF6FA1AEB08089C
:10BB900012B20FFA8CFCBDF900A0BCEB0A0A0AFB3A
:10BBA00002FAADB29AFBF5FA1AEB09091BB2BDF91C
:10BBB00000A00FFA8CFC1CEB0A0A0FFA8EFEBAEBFF
:10BBC0000E0A0FFA8EFEBAEB0E0A0AFB03FAB6B2A1
:10BBD0009AFBF6FA1AEB0909DFF8A0A0BAF800A060
:10BBE0000FFA88F81AEB080F06DA5FF0000ADFF8A0
:10BBF0008CB0ABF800A009E0DFF880A0BAF800A094
:10BC000018EB0A0ADFF874B0ABF800A0DFF874A0F4
:10BC1000BAF800A00FFA89F91AEB090F06DA5FF0FB
:10BC2000000ADFF860B0ABF800A009E0DFF854A02C
:10BC3000BAF800A019EB0A0ADFF848B0ABF800A088
:10BC4000BDE8FF8F74090020460A0020D7090020B4
:10BC500084020020480200204C020020F409002049
:10BC6000F20900200A090020E0A7FFFF0C090020CC
:10BC700060CDFFFFA0A1FFFF20C7FFFF1E0900202E
:10BC800076180200200900201819020098070020E9
:10BC90009C070020002848BF4042704710B588B07C
:10BCA00068464E49102200F09DF85FF47C30040095
:10BCB0002078002818D000F064F904AA10215FF45D
:10BCC0007C3000F03CFB9DF81000002808D03F209D
:10BCD00000F0A0F96A4610215FF47C3000F0BDF955
:10BCE00000F0E2FB00F0F2FB08B010BD70B590B0C0
:10BCF000002542F2200000788DF800009DF8000039
:10BD0000FF2802D00120050063E000F03AF96A46FE
:10BD1000102142F2200000F012FB9DF80000FF28E5
:10BD200002D00120050050E000200600F6B20C2EE3
:10BD300007D25FF0FF3004A9F6B241F82600761C66
:10BD4000F4E76A4610214FF4005000F0F8FA0020A2
:10BD50000600F6B2102E07DA6846F6B2805D04A936
:10BD6000F6B28855761CF4E76A46102142F21000BC
:10BD700000F0E5FA00200600F6B2102E08DA684658
:10BD8000F6B2805D04A9F6B231440874761CF3E77C
:10BD900000200600F6B2102E09DA1148F6B2805DD6
:10BDA00004A9F6B2314481F82000761CF2E70220A3
:10BDB00000F030F904AA30214FF4005000F04DF9A2
:10BDC0000400002C01D10120050000F06DFB00F003
:10BDD0007DFB2800C0B210B070BD0000E6A80100D5
:10BDE000E0EF030062B38B0708D0521E11F8013B4D
:10BDF00000F8013B00F024808B07F6D1830740F068
:10BE0000208000BF103A07D330B4B1E83810103AA0
:10BE1000A0E83810F9D230BC530724BFB1E80810AD
:10BE2000A0E8081044BF51F8043B40F8043BD20797
:10BE300024BF31F8022B20F8022B44BF0B7803708B
:10BE40007047121F17D35B0009D151F8043B20F84B
:10BE5000023B1B0C121F20F8023BF6D20BE051F8FC
:10BE6000043B00F8013B1B0A20F8023B1B0C121F8D
:10BE700000F8013BF3D238BF121D521E24BF11F847
:10BE8000013B00F8013BF8D87047000040B20028A1
:10BE90000AD4012210F01F018A40DFF86C1640B26C
:10BEA00003005B0941F823207047010049B20029D3
:10BEB0000CD4DFF8580649B20A00520950F82200A3
:10BEC00011F01F01C84010F0010000E00020704791
:10BED00040B200280AD4012210F01F018A40DFF886
:10BEE000301640B203005B0941F823207047F8B5D3
:10BEF0000400002600270B20FFF7C8FF8020DFF892
:10BF0000141608600020DFF8101608604A20DFF8D9
:10BF10000C1608604FF4FA60DFF8041608604FF45E
:10BF2000FA60DFF8001608600120DFF8FC150860F1
:10BF30000520DFF8E415086000F077FA05000B2013
:10BF4000FFF7B3FF002810D00B20FFF7C1FF0F2031
:10BF500000F01CFBDFF8D4050068800705D5761CCF
:10BF6000B44202D2FF20070001E0E807E4D4002039
:10BF7000DFF8A41508600020DFF898150860380085
:10BF8000F2BD38B55FF06040DFF8A415086000200E
:10BF900000F00EF90121082000F032F9002000F035
:10BFA000F4F8AB2000F076F9012000F0EEF8002064
:10BFB0000500EDB2402D02DA00BF6D1CF9E700204C
:10BFC00000F0F6F80121082000F01AF9002000F036
:10BFD000DCF89F2000F05EF90021082000F010F945
:10BFE00000F076F90400012000F0CFF8E4B2EF2C65
:10BFF00001D0052000E0002032BD10B500F030FA7D
:10C0000000F013FA0400E4B2A00701D4062000E017
:10C01000002010BD70B50500EDB22E03FFF7EDFF57
:10C020000400002C01D0200016E0002000F0C0F831
:10C030000121202000F0E4F8002000F0A6F816F11D
:10C04000005000F027F9012000F09FF84FF4C8706D
:10C05000FFF74DFF0400200070BD2DE9F14F82B0C5
:10C060008B461500DDF808A02E0000275FEA1A2A8B
:10C070005FEA0A2A1BF10F0B5FEA1B1B5FEA0B1B2F
:10C080005F4580F07F80FFF7B8FF0400002C01D0EF
:10C09000200078E0002000F08BF80121202000F043
:10C0A000AFF8002000F071F81AF1485000F0F2F8F3
:10C0B000012000F07DF80121202000F0A1F8DFF838
:10C0C0007404006850F44030DFF868140860DFF84A
:10C0D00068040068009000980F3000900098DFF826
:10C0E00058140860BBEB0700B0F5807F03D2BBEBB0
:10C0F0000700804602E04FF48070804600208146B1
:10C10000C1452FD2DFF834040068C002FAD5306888
:10C11000DFF82C140860361D3068DFF8241408603E
:10C12000361D3068DFF818140860361D3068DFF8F7
:10C1300010140860361D009850F48040DFF8F813A2
:10C1400008600098DFF8F0130860DFF8F00300687B
:10C150004002FAD55FF4C000DFF8E013086019F17F
:10C160001009CDE7012000F010F80120FFF7BFFE15
:10C170000400002C01D0200005E01AF5807A17F5A4
:10C1800080777DE72000BDE8FE8F81B0DFF8B41333
:10C1900009680091002803D100994908490002E08C
:10C1A000009951F00101DFF89C23116001B0704744
:10C1B000002810D03E21DFF8902311600021DFF825
:10C1C0008C2311603F21DFF8882311600021DFF804
:10C1D0008423116013E03121DFF868231160062108
:10C1E000DFF8642311600021DFF86023116037213C
:10C1F000DFF85C2311600021DFF8582311607047DD
:10C2000081B08022DFF850331A604022DFF84833D3
:10C210001A60DFF84423126800920122DFF83833F5
:10C220001A60002905D142F60102DFF80C331A60CA
:10C2300004E042F20142DFF800331A605FF440028A
:10C24000DFF818331A600322DFF814331A60012272
:10C25000DFF810331A60202805D1DFF80C23DFF84F
:10C26000D4321A6014E0182805D1DFF80023DFF873
:10C27000C4321A600CE0102805D1DFF8F422DFF890
:10C28000B4321A6004E0DFF8EC22DFF8A8321A605A
:10C2900001B0704781B0DFF8A8120860DFF898128B
:10C2A00009680091009951F48041DFF88C221160F7
:10C2B0000099DFF884221160DFF8801209684902D2
:10C2C000FAD55FF06011DFF87422116001B0704799
:10C2D00082B000200090DFF85C02006850F48030EB
:10C2E000DFF8501208600620DFF85C1208600820B2
:10C2F000DFF8581208603720DFF854120860082071
:10C30000DFF850120860DFF83002006801900198F1
:10C3100050F4804088490860019887490860874840
:10C3200000684006FBD58648006800905FF060100A
:10C33000824908600098000CC0B202B070472DE935
:10C34000F843040089461500A84619F10F095FEA71
:10C3500019195FEA091900F095F80020FFF728FF86
:10C3600001212020FFF74CFF0020FFF70EFF14F102
:10C37000D640FFF78FFF0220734908600020734901
:10C38000086033207249086001210820FFF738FF58
:10C390000020FFF77FFF02206B4908603C206B49BB
:10C3A000086003206A4908603C206A49086042F638
:10C3B0001000614908607048684908606F485D492D
:10C3C0000860002006004E452AD246F610005A4961
:10C3D000086042F61000584908605848006810F09C
:10C3E0000F0FFAD0564800680700C8F8007018F11F
:10C3F0000408534800680700C8F8007018F10408E2
:10C400004F4800680700C8F8007018F104084C484D
:10C4100000680700C8F8007018F104081036D2E769
:10C420000120FFF7B2FEBDE8F18310B50020FFF751
:10C43000BFFE01210820FFF7E3FE0020FFF7A5FE65
:10C440000520FFF727FF00210820FFF7D9FEFFF79F
:10C450003FFF04000120FFF798FE2000C0B210BD8E
:10C4600080B50020FFF7A4FE01210820FFF7C8FED9
:10C470000020FFF78AFE0620FFF70CFF0120FFF7E0
:10C4800084FE01BD80B50020FFF792FE0121082047
:10C49000FFF7B6FE0020FFF778FE0420FFF7FAFE54
:10C4A0000120FFF772FE01BD80B50020FFF780FE7E
:10C4B00001210820FFF7A4FE0020FFF766FEB92047
:10C4C000FFF7E8FE0120FFF760FE01BD01202049D3
:10C4D000086001201B4908603F201D4908600020BA
:10C4E00019490860002019490860002024490860A3
:10C4F00000202449086000202349086000201549D5
:10C50000086070470000000080E100E000E200E009
:10C5100080E200E000420C4004420C400C420C401F
:10C5200020420C4024420C4018420C4014420C4063
:10C5300054300F4014A0064004A0064000A206405C
:10C5400000A1064000030C4008030C400C030C4003
:10C5500004030C4038030C4000A0064008A006402D
:10C560000CA0064010A0064000C400A000C4009823
:10C5700000C4009000C400880001C00000C403A0F3
:10C5800028030C402C030C4030030C4040B2002820
:10C5900021D002282DD025D3042838D030D3062826
:10C5A00043D03BD308284ED046D30A2859D051D384
:10C5B0000C2864D05CD30E286FD067D310287AD0B3
:10C5C00072D3122800F085807CD3142800F08F806D
:10C5D000C0F0868092E04A49097851F0C001484A8B
:10C5E00011708BE04749097851F0C001454A11703C
:10C5F00084E04549097851F0C001434A11707DE05B
:10C600004249097851F0C001404A117076E0404932
:10C61000097851F0C0013E4A11706FE03D49097838
:10C6200051F0C0013B4A117068E03B49097851F074
:10C63000C001394A117061E03849097851F0C001F0
:10C64000364A11705AE03649097851F0C001344A2F
:10C65000117053E03349097851F0C001314A11702B
:10C660004CE03149097851F0C0012F4A117045E082
:10C670002E49097851F0C0012C4A11703EE02C4936
:10C68000097851F0C0012A4A117037E02949097828
:10C6900051F0C001274A117030E02749097851F064
:10C6A000C001254A117029E02449097851F0C001E0
:10C6B000224A117022E02249097851F0C001204A33
:10C6C00011701BE01F49097851F0C0011D4A11701B
:10C6D00014E01D49097851F0C0011B4A11700DE0AA
:10C6E0001A49097851F0C001184A117006E018493A
:10C6F000097851F0C001164A1170FFE77047000039
:10C70000104E0F40664E0F40674E0F40684E0F4070
:10C71000694E0F406A4E0F406B4E0F406C4E0F40FB
:10C720006D4E0F40804E0F40814E0F40824E0F40A5
:10C73000834E0F40844E0F40854E0F40864E0F4073
:10C74000874E0F40884E0F40894E0F408A4E0F4053
:10C750008B4E0F4010B5040064B221000A4800F06F
:10C76000F1F810BD80B50948006850F00100074994
:10C770000860012006490870064890F9000040B2A0
:10C78000FFF7E8FF01BD000000100E405C02002032
:10C79000F1090020A8060020016851F001010160A4
:10C7A00070472DE9FE4F05000E005FF000095FF0B5
:10C7B000000A00240027002000905FF0000B5FF0CB
:10C7C00000080120029004200190E86883461BF0D5
:10C7D000F30B1BF0BF0B1BF0FC0B7168706901437E
:10C7E00051EA0B0B5BF0010BC5F80CB0E86983460E
:10C7F0001BF0EF0BB06850EA0B0B5BF0040BC5F8B5
:10C800001CB0A868834647F29F7010EA0B0BF068D3
:10C8100050EA0B0BC5F808B000F0A6F8DFF84001AD
:10C8200000680299DFF83C211268120A12F00F0228
:10C830009140B0FBF1F081462868800701D55FEA9E
:10C840004909B8F1C80F03D340F24160804516D3BF
:10C85000002C02D10220824605E0BAF1800F02D2FC
:10C86000019800FB0AFA49460909642041433068EF
:10C870000AFB00F0B1FBF0F08046641CE1E76420A5
:10C88000B8FBF0F0070028698346642000FB17809E
:10C89000002802D13BF0400B01E05BF0400B1BF0A5
:10C8A000CF0B1BF0F00B601E000110F0300050EABF
:10C8B0000B0B17F00F0050EA0B0B1BF07F0BC5F8AA
:10C8C00010B0642000FB1780002819D0D8F1640153
:10C8D000642000FB071108016421B0FBF1F0009017
:10C8E0000098002801D1012000906869834600204B
:10C8F0008346009810F00F0050EA0B0BC5F814B0F7
:10C90000A86983463069102808D020280ED1E9682C
:10C9100030690143E9601BF0EF0B0DE0306950EA2C
:10C920000B0BE86810F0DF00E86005E0E86850F005
:10C930002000E8605BF0100B1BF0FE0BC5F818B090
:10C94000BDE8F78FC26812F07F020B005B0813F09E
:10C9500080031A43C26001F0FF0343607047000088
:10C960000802002008300F40F0B400230024002506
:10C970000020002100229C4E3668350015F4807698
:10C980003000002802D0994E330001E0984E330069
:10C99000984E3668350015F00206310015F0010694
:10C9A0003200002914D0002A12D0904EB3420CD18C
:10C9B000904E3668360A36028F4FBE4202D18F4EF5
:10C9C000340006E00026340003E00026340000E0D6
:10C9D0001C008B4E366816F00706002E06D0022E7D
:10C9E0000CD006D3042E19D00DD322E0854E34602E
:10C9F00022E026007608834F3E601DE02600B60840
:10CA0000804F3E6018E0002804D02600F6087D4FD5
:10CA10003E6002E000267B4F3E600DE0002804D01F
:10CA200026003609774F3E6002E00026754F3E60D3
:10CA300002E00026734F3E60F0BC704783B00022D6
:10CA400000200290002000900020019000216E48FC
:10CA500000680028FBD100206C4B18606B48006810
:10CA6000020012F080000100002902D1B120684BC1
:10CA700018600020624B18600120664B1860664801
:10CA800000680003000B644B18606348006850F0B6
:10CA90006250614B18605448006850F00200524BDD
:10CAA00018605D48006850F480705B4B18605A480D
:10CAB000006850F00100584B18605748006810F0AB
:10CAC000020000900098002805D05348006810F03C
:10CAD00002000090F6E74448006850F48070424B32
:10CAE00018604148006810F4007001900198B0F59A
:10CAF000007F05D03C48006810F400700190F5E715
:10CB00003948006840084000374B186042480068C8
:10CB10000003000B404B18603F48006850F0C860AD
:10CB20003D4B18603348006830F00200314B18600C
:10CB300030480068400840002E4B18602E482D4BAE
:10CB400018603548006850F00100334B18603248D7
:10CB5000006810F0020000900098002805D02E48D0
:10CB6000006810F002000090F6E72B480068000310
:10CB7000000B294B18602848006850F00360264BD2
:10CB800018601C48006850F001001A4B1860002023
:10CB9000224B18602048006850F001001E4B1860BE
:10CBA0001D48006810F0020000900098002805D091
:10CBB0001948006810F002000090F6E70D48006880
:10CBC00050F002000B4B18600A48006810F0040097
:10CBD00002900298042805D00648006810F004006E
:10CBE0000290F6E703B0704704300F400024F400D1
:10CBF00000093D0020300F400010F0480048E801D7
:10CC000008300F400802002008200F4000200F408D
:10CC100004200F4000C0084030300F400C300F405F
:10CC200038B5DFF82C09DFF8001E0978405C10F0F9
:10CC30000F00DFF820190870DFF81409DFF8E81D8D
:10CC40000978405C10F0F000DFF80C190870002043
:10CC50000400152C06DA0020DFF8001921F8140072
:10CC6000641CF6E7DFF8F808006800090001DFF847
:10CC7000F0180860DFF8E808006830F0F000DFF82E
:10CC8000E0180860DFF8D808006850F44070DFF85A
:10CC9000D0180860DFF8C808006830F44060DFF89A
:10CCA000C0180860DFF8B808006830F48050DFF87A
:10CCB000B0180860DFF8A808006830F4C040DFF85A
:10CCC000A0180860DFF89808006850F48030DFF89A
:10CCD00090180860DFF88808006850F40030DFF82A
:10CCE00080180860DFF87808006830F44000DFF84A
:10CCF00070180860DFF8600BC278DFF85C0B017811
:10CD0000002003F01CFDDFF8580840684008400090
:10CD1000DFF84C184860DFF84808406830F006003B
:10CD2000DFF83C184860DFF83808406830F0080049
:10CD3000DFF82C184860DFF8200BC178DFF8180BFB
:10CD4000007803F02BF8DFF81808406830F0400056
:10CD5000DFF80C184860DFF80808406830F47060AD
:10CD6000DFF8FC174860DFF8F807406830F47040DF
:10CD7000DFF8EC174860DFF8E807406830F470200F
:10CD8000DFF8DC174860DFF8D807406830F470003F
:10CD9000DFF8CC174860DFF8C807406830F07060F3
:10CDA000DFF8BC174860DFF8B807406820F0704033
:10CDB000DFF8AC17486000F03CFBDFF8A407C06860
:10CDC00050F48040DFF89817C860DFF89407C06817
:10CDD00050F40040DFF88817C8600420DFF880179F
:10CDE000C96860F30301DFF87807C1600420DFF849
:10CDF0007017C96860F30711DFF86407C160DFF8D6
:10CE00006007C06830F48070DFF85417C860DFF83E
:10CE10005007C06830F40070DFF84417C860DFF8CE
:10CE20004007C06830F48060DFF83417C860DFF86E
:10CE30003007C06830F47020DFF82417C860DFF8CE
:10CE40002007C06830F47000DFF81417C860DFF8FE
:10CE50001007C06820F07F40DFF80417C86000208A
:10CE6000ADF800000120009960F38C2100910120B1
:10CE7000009960F34F31009100200500042D08DA7D
:10CE8000BDF80000DFF8D81601EB450188836D1C62
:10CE9000F4E7DFF8C0060178DFF8BC06007803F09D
:10CEA000C1FBDFF8980A90F9001007204143DFF832
:10CEB000900A0170DFF8A009DFF8841A91F90010D8
:10CEC0000844DFF8801A08601220DFF87C1A088016
:10CED00005F0FEFDDFF88806006850F40040DFF83A
:10CEE00080160860002003F053FB0020DFF85C1A76
:10CEF00008800020DFF8581A08700020DFF8541A64
:10CF000008700020DFF8241B08700120DFF83016BD
:10CF10000870DFF8C00C006850F01100DFF8B41C96
:10CF2000086031BD10B5DFF8040B0078002807D089
:10CF3000022800F0C78036D3032800F02A8183E15D
:10CF4000DFF81C06006830F40040DFF814160860B3
:10CF50000220DFF80C16096860F30921DFF80006EB
:10CF60000160DFF8DC090078001DDFF8D4190870D3
:10CF7000DFF8E408DFF8C81991F900100844DFF879
:10CF8000C419086005F0A4FD122003F001FBDFF8CE
:10CF9000B0090078001DDFF8A81908700220DFF83A
:10CFA0008C1A087050E1DFF8980990F90010DFF84A
:10CFB0008C090278072000FB1211032914DB0220E0
:10CFC000DFF8681A0870DFF89805006830F4004050
:10CFD000DFF88C1508600220DFF88415096860F31B
:10CFE0000921DFF87C050160DFF86C08DFF85019D3
:10CFF00091F900100844DFF84C19086005F068FD4D
:10D00000002003F0BFFA0020040064B2042C4ADAC6
:10D01000DFF84805DFF83C1991F9001064B2611897
:10D02000DFF8202B64B202EB4402128920F81120B1
:10D03000DFF81809B0F90000DFF82015DFF814292F
:10D0400092F9002064B2A21831F81210884214DA62
:10D05000DFF80805DFF8FC1891F9001064B26118D8
:10D0600030F91100DFF8E4180880DFF8E80890F9DB
:10D0700000002018DFF8D01A0870DFF8D408007814
:10D08000DFF8C01A64B201EB4401097E884208D27D
:10D09000DFF8B00A64B200EB4400007EDFF8B0189D
:10D0A0000870641CB1E7DFF898080078001DDFF80D
:10D0B00090180870DFF89C080078001DDFF89418BD
:10D0C0000870C1E0DFF89804006830F40040DFF831
:10D0D000901408601B2003F080FA0020040064B262
:10D0E000042C4ADADFF87404DFF8681891F90010AC
:10D0F00064B26118DFF84C2A64B202EB4402128970
:10D1000020F81120DFF84408B0F90000DFF84C14D3
:10D11000DFF8402892F9002064B2A21831F812100A
:10D12000884214DADFF83404DFF8281891F9001087
:10D1300064B2611830F91100DFF810180880DFF8C8
:10D14000140890F900002018DFF8FC190870DFF8C7
:10D1500000080078DFF8EC1964B201EB4401097EA5
:10D16000884208D2DFF8DC0964B200EB4400007E9C
:10D17000DFF8DC170870641CB1E7DFF8D807007827
:10D18000001DDFF8D01708700320DFF8A018087022
:10D190005AE01B2003F021FA0020040064B2042CA2
:10D1A0004ADADFF8B803DFF8AC1791F9001064B27F
:10D1B0006118DFF8902964B202EB4402128920F86A
:10D1C0001120DFF88807B0F90000DFF89013DFF8CE
:10D1D000842792F9002064B2A21831F81210884214
:10D1E00014DADFF87803DFF86C1791F9001064B2F5
:10D1F000611830F91100DFF854170880DFF8540780
:10D2000090F900002018DFF840190870DFF8400797
:10D210000078DFF8301964B201EB4401097E8842DE
:10D2200008D2DFF8200964B200EB4400007EDFF88A
:10D2300020170870641CB1E70020DFF80C17088085
:10D240000020BF490870FFE710BD38B50025DFF8A2
:10D25000BC0A0088002801D00020E9E0062006F082
:10D260003DF9DFF8AC0A0068C0F3801000286DD1EA
:10D27000DFF8A00A0078002820D0DFF89C0A0078A8
:10D28000012801D1042500E00C25DFF89C07007877
:10D2900004285BDA0121DFF8900790F90000814053
:10D2A0000C002800C0B2204207D0DFF87C070078CD
:10D2B000401CDFF874170870E7E747E0DFF85C0A06
:10D2C0000068C0F3C000002820D0DFF84C0A0078C6
:10D2D000012801D1042500E00C25DFF84C07007877
:10D2E000042833DA0121DFF8400790F9000081407B
:10D2F0000C002800C0B2204207D0DFF82C070078CD
:10D30000401CDFF824170870E7E71FE0DFF8080A81
:10D310000078012801D1002500E00825DFF8080782
:10D320000078042812DA0121DFF8FC0690F90000E9
:10D3300081400C002800C0B2204207D0DFF8E80688
:10D340000078401CDFF8E0160870E7E7DFF8D80641
:10D35000007804280CDBDFF8E4050078401CDFF8D7
:10D36000DC150870DFF8D405007803285FDB5AE08D
:10D37000FFF756FC05F0D4FF71480078002816D05E
:10D3800070480078002804D107F00AFB07F03AFB48
:10D3900003E007F005FB08F017FB09F055FC0AF065
:10D3A0007CFD69480078694909788842E4D306F031
:10D3B00004F863480078002809D0DFF87C0500688D
:10D3C00050F00100DFF870150860012030E000F037
:10D3D00081FEDFF87805B0F9000040F6C5118842FB
:10D3E00001DB002024E0DFF840060078401CDFF875
:10D3F00038160870DFF8300600780428BFF631AF21
:10D400005348DFF824160978405C10F00F005149AA
:10D4100008704F48DFF810160978405C10F0F000F3
:10D420004D4908701DE70020DFF810150870012035
:10D4300032BD80B501220021DFF8EC05007802F052
:10D44000D9FF01BD10B50020040064B2242C0CDA11
:10D450000020424964B221F814000020DFF8901A3D
:10D4600064B221F81400641CEFE73D48006850F4F2
:10D4700000403B4908607F203949896860F3070113
:10D4800037488160DFF86C0A0178DFF86C0A0078B1
:10D4900003F0C8F83248006850F480303049086022
:10D4A0000020DFF8581A08702020DFF89C1408804C
:10D4B000DFF84C0ADFF8441A91F900100844DFF84D
:10D4C00084140860DFF83C0A027DDFF8380A01782E
:10D4D000002003F034F9DFF82C0A017DDFF8240A7C
:10D4E000007802F05BFC05F0F3FA0020DFF8181A70
:10D4F00008701B48006850F48030194908601220F9
:10D5000003F046F80020DFF8041A08802020DFF836
:10D51000381408800020DFF8F81908700020DFF8C0
:10D520000C150870012006490870DFF8A80600688D
:10D5300050F01100DFF89C16086010BD00000000DC
:10D54000D6090020FE090020FA090020FF0900206A
:10D5500090020020E0090020380A002098040020F2
:10D560009402002038B5DFF8AC09DFF8BC14097864
:10D57000405C10F00F00DFF8A0190870DFF8940984
:10D58000DFF8A4140978405C10F0F000DFF88C1983
:10D59000087000200400152C06DA0020DFF880193E
:10D5A00021F81400641CF6E7DFF878090068000928
:10D5B0000001DFF870190860DFF86809006830F0D2
:10D5C000F000DFF860190860DFF85809006850F4CF
:10D5D0004070DFF850190860DFF84809006830F43F
:10D5E0004060DFF840190860DFF83809006830F45F
:10D5F0008050DFF830190860DFF82809006830F43F
:10D60000C040DFF820190860DFF81809006850F4FE
:10D610008030DFF810190860DFF80809006850F45E
:10D620000030DFF800190860DFF8F808006830F40F
:10D630004000DFF8F0180860DFF8C808C278DFF8AB
:10D64000C4080178002003F07AF8DFF8D8084068B1
:10D6500040084000DFF8CC184860DFF8C808406890
:10D6600030F00600DFF8BC184860DFF8B808406802
:10D6700030F00800DFF8AC184860DFF88808C1789F
:10D68000DFF88008007802F089FBDFF8980840682E
:10D6900030F04000DFF88C184860DFF888084068F8
:10D6A00030F47060DFF87C184860DFF87808406874
:10D6B00030F47040DFF86C184860DFF868084068A4
:10D6C00030F47020DFF85C184860DFF858084068D4
:10D6D00030F47000DFF84C184860DFF84808406804
:10D6E00030F07060DFF83C184860DFF838084068B8
:10D6F00020F07040DFF82C184860FFF79AFEDFF842
:10D700002408C06850F48040DFF81818C860DFF8BB
:10D710001408C06850F40040DFF80818C8600420FE
:10D72000DFF80018C96860F30301DFF8F807C1608B
:10D730000420DFF8F017C96860F30711DFF8E40789
:10D74000C160DFF8E007C06830F48070DFF8D417FC
:10D75000C860DFF8D007C06830F40070DFF8C41785
:10D76000C860DFF8C007C06830F48060DFF8B41725
:10D77000C860DFF8B007C06830F47020DFF8A41785
:10D78000C860DFF8A007C06830F47000DFF89417B5
:10D79000C860DFF89007C06820F07F40DFF884178A
:10D7A000C8600020ADF800000120009960F38C21D2
:10D7B00000910120009960F34F3100910020050095
:10D7C000042D08DABDF80000DFF8581701EB450119
:10D7D00088836D1CF4E7DFF840070178DFF83C0729
:10D7E000007802F01FFF102057490880002054499C
:10D7F0000870002055490880002055490870DFF85E
:10D8000004074F4991F9001008444E49086005F09B
:10D810005FF9DFF81007006850F40040DFF80417E4
:10D820000860002081490870002002F0B1FE4448E1
:10D830000078001D42490870002046490870012008
:10D84000DFF83C1A0870DFF88C03006850F0110014
:10D85000DFF88013086031BD35AE010010B500203F
:10D86000040064B2152C0DDA0020DFF8B41664B29F
:10D8700021F814000020DFF8781664B221F81400B3
:10D88000641CEEE7DFF89C06006850F40040DFF807
:10D89000941608607F20DFF88C16896860F3070112
:10D8A000DFF880068160DFF870060178DFF86C062B
:10D8B000007802F0B7FE002021490870402022497C
:10D8C0000880DFF840061E4991F9001008441D4900
:10D8D0000860DFF82C0690F82320DFF82406017892
:10D8E000002002F02CFFDFF8180690F82310DFF874
:10D8F0001006007802F052FA05F0EAF8122002F061
:10D9000047FE00201149088000201149087040207E
:10D910000D49088000200F49087000204349087015
:10D920000120DFF85C190870AA48006850F0110067
:10D93000A849086010BD000084020020470A0020AA
:10D94000DC09002004070020DC080020E808002093
:10D95000F7090020DE09002070B4DFF8B4552D78F7
:10D960002A0000252800C0B204285ADA0025290020
:10D97000C9B2052953DAD2B2242A50DA0B00714D0C
:10D98000C0B20A2606FB00F63544DBB205EB4305C0
:10D990002D8CDFF88C65D2B226F81250694DC0B2DA
:10D9A0000A2606FB00F63544DBB205EB4305B5F865
:10D9B0004850DFF83C65D2B226F81250DFF84C55DB
:10D9C000B5F90050DFF85865D2B236F81260B542AA
:10D9D00022DADFF84C55D2B235F91250DFF82C6557
:10D9E0003580DFF80C55D2B235F81250DFF85469A3
:10D9F0003580DFF854592A70524DC0B205EB40050E
:10DA00002D7E2C00DFF800552D782600F6B2B542A9
:10DA100002D2DFF8F4542C70521C491CA8E7401CB9
:10DA2000A1E770BC70470000E1090020DA0900207E
:10DA300010B5DFF8180900780400DFF81009007845
:10DA4000002805D002283CD029D3032866D077E0EF
:10DA5000DFF8D004006830F40040DFF8C814086034
:10DA60000220DFF8E81808701420DFF8901408701E
:10DA7000DFF88C04DFF8841491F900100844DFF813
:10DA8000D018086005F024F8002002F07BFDDFF8D4
:10DA90006C0400781430DFF86414087050E0DFF88C
:10DAA0005C0490F9000010280BDB0220DFF89C18C2
:10DAB0000870DFF87004006830F40040DFF8641488
:10DAC0000860DFF83C04DFF8341491F900100844D2
:10DAD000DFF87C180860DFF8240490F9000024289F
:10DAE00001DA04F0F5FF002002F04CFDFFF734FFEF
:10DAF000E4B2022C03D10320DFF850180870DFF8DD
:10DB0000FC0300781430DFF8F4130870DFF8000429
:10DB100000781430DFF8F813087011E01B2002F0D1
:10DB20005CFDFFF719FF0020DFF8201808700020C7
:10DB3000DFF86C1A08800020DFF844170870FFE750
:10DB400010BD0000F4020020E509002070B400249C
:10DB50000025280040B204283ADADFF8485A95F93F
:10DB6000005045192900C9B2152930DADFF8385AB2
:10DB700040B20A2606FB00F63544E4B205EB440544
:10DB80002D8C2A00DFF89853C9B225F81120DFF850
:10DB90001C5AB5F9005092B2954205DADFF80C5ADA
:10DBA0002A80DFF80C5A2970DFF8FC5940B205EBE7
:10DBB00040052D7E2B00DFF8205B2D781E00F6B28D
:10DBC000B54202D2DFF8105B2B70401CC2E7FFE7C2
:10DBD00070BC70470C800B4010B5DFF8D80990F985
:10DBE0000000001D152802DA012004000FE0CD48D6
:10DBF000006830F40040CB490860DFF85007007837
:10DC0000022802D10320040001E002200400BD48E4
:10DC1000DFF8A01991F900100844C178B948DFF87D
:10DC2000942992F90020805C02F0B8F8B548DFF83A
:10DC3000841991F900100844C278B248DFF87419C9
:10DC400091F90010415C002002F079FDDFF8FC063C
:10DC50000078002805D0022838D018D3032835D002
:10DC60004FE0A848DFF84C1991F900100844DFF89C
:10DC7000E016086004F02CFF122002F089FCDFF8A7
:10DC800034090078001DDFF82C19087039E09D4830
:10DC9000DFF8201991F900100844DFF8B416086085
:10DCA00004F016FF002002F06DFCFFF74FFFDFF8D5
:10DCB00004090078001DDFF8FC180870DFF8E4089C
:10DCC0000078001DDFF8DC1808701AE01B2002F055
:10DCD00084FCFFF73BFFDFF874060078022807D1C9
:10DCE000DFF8C0080078001DDFF8B818087007E0FA
:10DCF0000020DFF8AC1808800020DFF884150870D9
:10DD0000FFE7DFF84806047010BD0000DE080020C1
:10DD100064020020D20900204A0A00206C02002080
:10DD200070B4DFF880582D782A0000252800C0B292
:10DD3000042858DA00252900C9B2052951DAD2B2DF
:10DD4000152A4EDA0B00DFF86058C0B20A2606FB2F
:10DD500000F63544DBB205EB43052D8C704ED2B294
:10DD600026F81250DFF84058C0B20A2606FB00F62B
:10DD70003544DBB205EB4305B5F848505C4ED2B2F2
:10DD800026F81250DFF82458B5F90050644ED2B28C
:10DD900036F81260B54210DA614DD2B235F9125040
:10DDA000DFF808683580524DD2B235F81250DFF8EE
:10DDB00094653580DFF8F8572A70DFF8EC57C0B269
:10DDC00005EB40052D7E2C00DFF80C592D78260040
:10DDD000F6B2B54202D2DFF800592C70521C491C31
:10DDE000AAE7401CA3E770BC704710B5DFF85C05DC
:10DDF00000780400DFF854050078002805D00228D8
:10DE000037D026D3032860D071E04648006830F44C
:10DE10000040444908600220DFF8301508701420E3
:10DE2000DFF8901708703748DFF8881791F900106D
:10DE30000844DFF81C15086004F04AFE002002F0D8
:10DE4000A1FBDFF8700700781430DFF8681708705E
:10DE50004DE0DFF8600790F90000012809DB02209F
:10DE6000DFF8E81408702F48006830F400402D49AE
:10DE700008602448DFF83C1791F900100844DFF8E7
:10DE8000D0140860DFF82C0790F90000152801DA9B
:10DE900004F01EFE002002F075FBFFF741FFE4B224
:10DEA000022C03D10320DFF8A4140870DFF8040764
:10DEB00000781430DFF8FC160870DFF8E806007808
:10DEC0001430DFF8E016087011E01B2002F085FB2B
:10DED000FFF726FF0020DFF8741408700020DFF839
:10DEE000C01608800020DFF898130870FFE710BD07
:10DEF00060050020DF090020370A0020DB09002030
:10DF00009EAD0100C6AD0100F6090020E208002028
:10DF1000DD09002090020020E0090020380A0020DE
:10DF20009804002094020020DFF890090078DFF8C0
:10DF300090190870DFF88C090078DFF88C190870E8
:10DF4000DFF88809B0F9000041F2FA51884210DB8D
:10DF5000DFF868090078401EDFF860190870DFF804
:10DF60005C090078002826D10120DFF850190870DC
:10DF700021E0DFF85809B0F90000B0F57A6F1ADA3D
:10DF8000DFF838090078401CDFF830190870DFF836
:10DF90004009DFF8C81B0978405CDFF820190978D0
:10DFA000884208D2DFF82809DFF8B01B0978405C06
:10DFB000DFF808190870DFF81409B0F9000041F61D
:10DFC0009731884210DBDFF8F4080078401EDFF854
:10DFD000EC180870DFF8E4080078002827D1012049
:10DFE000DFF8D818087022E0DFF8E008B0F9000088
:10DFF00040F6674188421ADADFF8C0080078401C12
:10E00000DFF8B8180870DFF8C808DFF8501B097887
:10E01000405CDFF8A8180978884208D2DFF8B00819
:10E02000DFF8381B0978405CDFF890180870DFF8DB
:10E030008C080078DFF89818DFF8202B1278895CBC
:10E04000884212D3DFF87C08007810280DDADFF858
:10E05000740800781030DFF86C180870DFF85C087E
:10E060000078C01EDFF854180870DFF850080078F8
:10E07000022812DADFF84C08007800280DD0DFF80B
:10E08000440800781038DFF83C180870DFF82C08D6
:10E090000078C01CDFF824180870DFF82008017829
:10E0A000DFF820080278D2B21209D2B2032000FBB6
:10E0B0000211DFF8D8090170DFF808080178DFF8ED
:10E0C000FC0700780143DFF8C809DFF8902A1278CE
:10E0D00081547047DFF8BC090078DFF8BC1908707C
:10E0E000DFF8B8090078DFF8B8190870DFF8BC0469
:10E0F000B0F9000041F2FA51884210DBDFF89409D0
:10E100000078401EDFF88C190870DFF88809007865
:10E11000002826D10120DFF87C19087021E0DFF803
:10E120008C04B0F90000B0F57A6F1ADADFF86409F0
:10E130000078401CDFF85C190870DFF8240ADFF86B
:10E140001C1B0978405CDFF84C190978884208D21A
:10E15000DFF80C0ADFF8041B0978405CDFF834199B
:10E160000870DFF84804B0F9000041F697318842A2
:10E1700010DBDFF820090078401EDFF8181908705E
:10E18000DFF810090078002827D10120DFF80419F2
:10E19000087022E0DFF81404B0F9000040F667418F
:10E1A00088421ADADFF8EC080078401CDFF8E4183F
:10E1B0000870DFF8AC09DFF8A41A0978405CDFF8D2
:10E1C000D4180978884208D2DFF89409DFF88C1A4D
:10E1D0000978405CDFF8BC180870DFF8B8080078F0
:10E1E000DFF87C19DFF8742A1278895C884212D330
:10E1F000DFF8A808007810280DDADFF8A00800780A
:10E200001030DFF898180870DFF888080078C01E12
:10E21000DFF880180870DFF87C080078022812DA2E
:10E22000DFF87808007800280DD0DFF87008007853
:10E230001038DFF868180870DFF858080078C01C3C
:10E24000DFF850180870DFF84C080178DFF84C0848
:10E250000278D2B21209D2B2032000FB0211DFF819
:10E26000000A0170DFF834080178DFF82808007828
:10E270000143DFF8F009DFF8E42912788154704790
:10E28000D609002080B5DFF80808DFF8D018097833
:10E29000405C10F00F00DFF824160870DFF8F0077C
:10E2A000DFF8B8180978405C10F0F000DFF81416B9
:10E2B0000870FFF7C7F805F033F8DFF8F0090078C9
:10E2C00000280BD008F0C0FC09F0E7FDDFF8E009FA
:10E2D0000078DFF8E01909788842EED305F06DF890
:10E2E000DFF8C8090078002809D0DFF8CC090068F9
:10E2F00050F00100DFF8C0190860012021E0FFF7AD
:10E3000013FEDFF8C805B0F9000040F6C5118842D9
:10E3100006DB4FF49670DFF8A4190880002010E0A7
:10E32000DFF8A805B0F9000040F2AA31884207DB07
:10E33000DFF8A00B006850F00100DFF8981B0860C0
:10E34000012002BD02090020E4090020DA090020B2
:10E350000407002038B50025DFF860090088002890
:10E3600003D0042005F0BAF802E0012005F0B6F869
:10E37000DFF84C09007800282CD0DFF84809007835
:10E38000012801D1042500E00C25DFF83C090068D4
:10E39000C0F38010002817D1DFF8C00700780428E8
:10E3A00012DA0121DFF8B40790F9000081400C0077
:10E3B0002800C0B2204207D0DFF8A0070078401C38
:10E3C000DFF898170870E7E7DFF89007007804286F
:10E3D00060DBD6E0DFF8F4080068C0F3C000002876
:10E3E0002CD0DFF8E0080078012801D1042500E0F6
:10E3F0000C25DFF8D4080068C0F38010002817D17E
:10E40000DFF858070078042812DA0121DFF84C07FA
:10E4100090F9000081400C002800C0B2204207D0D3
:10E42000DFF838070078401CDFF830170870E7E79E
:10E43000DFF82807007804282CDBA2E0DFF8840846
:10E440000078012801D1002500E00825DFF87808D0
:10E450000068C0F38010002817D1DFF800070078AB
:10E46000042812DA0121DFF8F40690F90000814057
:10E470000C002800C0B2204207D0DFF8E006007888
:10E48000401CDFF8D8160870E7E7DFF8D006007800
:10E49000042876DAFFF766F804F042FF0020DFF880
:10E4A00010180870DFF804080078002819D0DFF889
:10E4B000280A0078002804D106F072FA06F0A2FAC1
:10E4C00003E006F06DFA07F07FFA08F0BDFB09F0F3
:10E4D000E4FCDFF8DC070078DFF8D8170978884219
:10E4E000E0D304F06AFFDFF8C4070078002809D001
:10E4F000DFF8C407006850F00100DFF8BC170860BF
:10E5000001204BE0FFF7E6FD2848B0F9000040F697
:10E51000C511884201DB002040E02448B0F900002A
:10E5200040F2AA31884208DBDFF8B009006850F0F9
:10E530000100DFF8A819086023E0DFF82006007862
:10E54000401CDFF818160870DFF810060078042861
:10E55000BFF60EAFDFF80C07DFF800160978405C55
:10E5600010F00F00DFF82C150870DFF8F806DFF860
:10E57000EC150978405C10F0F000DFF82015087009
:10E58000F6E6DFF838070088002806D0DFF82C0709
:10E590000088401EDFF824170880012032BD0000EB
:10E5A000DC080020DE090020F4020020E80800203A
:10E5B000E5090020DC09002080B5FFF74FF904F0E1
:10E5C000AFFEDFF8E806007800280BD008F03CFB2F
:10E5D00009F063FCDFF8D8060078DFF8D816097870
:10E5E0008842EED304F0E9FEDFF8C0060078002888
:10E5F00009D0DFF8C406006850F00100DFF8B81653
:10E60000086001201BE0FFF765FDDFF8D408B0F9D2
:10E61000000040F6C511884201DB00200FE0AB4846
:10E62000B0F9000040F2AA31884207DBDFF8A40805
:10E63000006850F00100DFF89C180860012002BD5E
:10E6400080B51522DFF8481C642000F047F802BDB1
:10E6500080B52422DFF83C1CC82000F03FF802BD42
:10E6600070B40300D2B2501E0D782D1DA84215DBE8
:10E67000DFF8240C0D7830F81500DFF81C5C0E78FC
:10E6800005EB46052D8990FBF5F00400A4B2152C8E
:10E6900004DBDBB21933180000B21AE00878042852
:10E6A00016DBDFF8F40B0D7830F81500DFF8E85BC7
:10E6B0000E7805EB460535F8085C90FBF5F0040094
:10E6C000A4B2152C04DBDBB21A33180000B200E050
:10E6D000002070BC70470000F70900202DE9F041D0
:10E6E00004000D001600F6B2701E2978091D88423C
:10E6F0001FDBDFF8A40B297800EB41000089DFF86D
:10E70000981B2A7831F8121089B2B0EB511F02D24F
:10E710000020804636E0DFF8840B297830F81110AD
:10E72000DFF8780B2A7800EB42000089091A884646
:10E7300028E02878082822DBDFF85C0B297800EB3A
:10E74000410030F8100CDFF8501B2A7831F8121015
:10E7500089B2B0EB111F03D24FF40040804611E0A4
:10E76000DFF8380B297830F81110DFF8300B2A78F1
:10E7700000EB420030F8100C091A884602E04FF412
:10E78000004080462878042821DBDFF80C0B29782C
:10E7900000EB410030F8080CDFF8FC1A2A7831F859
:10E7A000121089B2B0EB511F02D20020070038E0EE
:10E7B000DFF8E80A297830F81110DFF8E00A2A7843
:10E7C00000EB420030F8080C091A0F0029E0F6B2FD
:10E7D000701E29780831884220DBDFF8BC0A2978CE
:10E7E00000EB4100008ADFF8B01A2A7831F81210E5
:10E7F00089B2B0EB111F03D24FF40040070010E0C4
:10E80000DFF8980A297830F81110DFF8900A2A7892
:10E8100000EB4200008A091A0F0002E04FF40040AA
:10E8200007001FFA88F849F25650804505DA1FFAAA
:10E8300088F846F6AB20804516DA3200D2B22900BD
:10E840002000C0B200F046F800282ED03200D2B22C
:10E8500029002000C0B200F041F8002825D0E4B221
:10E86000E41D200000B227E0BFB249F256508742B3
:10E8700004DABFB246F6AB20874216DA3200D2B2D3
:10E8800029002000C0B200F029F800280DD0320085
:10E89000D2B229002000C0B200F01CF8002804D039
:10E8A000E4B20E34200000B206E03200D2B22900F9
:10E8B0002000C0B2FFF7D4FEBDE8F081DF090020E0
:10E8C0000D0A0020370A0020390A0020E208002043
:10E8D00055AE0100C0B21B3000B27047C0B21C3050
:10E8E00000B2704770B500264FF49675DFF8D40378
:10E8F0000078DFF8AC190978884205D0DFF8A00964
:10E900000078DFF8C0130870DFF8E00B007800280B
:10E910000DD0DFF8D80B0078092808D000F0F4FDFE
:10E920004FF49670DFF8941308800020ADE00120CA
:10E9300009F08AF800F090FF040024B2002C06D001
:10E94000DFF874030068C00701D500209DE00020B7
:10E9500082490870DFF868030078002805D1FEF7C7
:10E9600074FC002801D000208FE0DFF85403007809
:10E9700000280BD1DFF844030088002803D00320CF
:10E9800009F0C5FA02E0CD4800880500FFF7E2FC77
:10E99000040024B2002C01D0002076E00AF028FB0D
:10E9A000002801D0002070E0C7480068C0F3C01004
:10E9B000002801D0012068E05FF0FF3000F054F93A
:10E9C000BF48007800280BD0BC480088002803D03E
:10E9D000032009F09CFA09E0022009F098FA05E00A
:10E9E000ADB2002D02D1022009F091FADFF8EC045B
:10E9F000006850F00100DFF8E4140860FFF742FC03
:10EA0000002801D0002040E0FFF722FE002801D0BE
:10EA100000203AE00AF0FEFA002801D0002034E09D
:10EA20005FF0FF3000F0F9F8FFF7C6FD002801D0D5
:10EA300000202AE0FFF704FE002801D0002024E097
:10EA40000AF0D6FA002801D000201EE05FF0FF3067
:10EA500000F00AF90020DFF8981A08700020DFF8AB
:10EA6000941A08700120DFF8901A08709248006824
:10EA700050F08000904908605FF0FF3000F012F81D
:10EA80005FF0FF3000F06EF8012070BD3B0A0020FF
:10EA90008C020020E00900200E0A0020380A002025
:10EAA0003A0A002010B440B2042802DB0321080017
:10EAB00006E040B210F1030F02DA7FF00201080015
:10EAC000DFF8381A91F9001041180A00110049B214
:10EAD000DFF82C3A214C24781B5D09B21BB2994215
:10EAE00014DBDFF8201A0978102908DADFF8141A85
:10EAF00009781031DFF80C3A1970D21E19E0DFF8EE
:10EB0000001A164B1B78C9560A0012E052B2022AAC
:10EB10000FDADFF8F0190978002908D0DFF8E419D6
:10EB200009781039DFF8DC391970D21C01E00121B5
:10EB30000A00DFF8C8190A70DFF8C0190B78DFF88F
:10EB4000C4190C78E4B22409E4B2032101FB0433B4
:10EB5000DFF8401C0B7010BC70470000E10900207A
:10EB600059AE010010B440B2042802DB03210800B2
:10EB700006E040B210F1030F02DA7FF00201080054
:10EB8000DFF82C1B91F9001041180A00110049B25E
:10EB9000DFF8203B314C24781B5D09B21BB299424F
:10EBA00014DBDFF8141B0978102908DADFF8081BDA
:10EBB00009781031DFF8003B1970D21E19E0DFF838
:10EBC000F41A264B1B78C9560A0012E052B2022AE8
:10EBD0000FDADFF8E41A0978002908D0DFF8D81A2C
:10EBE00009781039DFF8D03A1970D21C01E0012100
:10EBF0000A00DFF8BC1A0A70DFF8B41A0B78DFF8E5
:10EC0000B81A0C78E4B22409E4B2032101FB0433FE
:10EC1000DFF83C1C0B7010BC704710B504002000DE
:10EC200040B2FFF73FFFDFF86C0B0078DFF8201CE5
:10EC30000978884211D2DFF8C4080078DFF8701A2A
:10EC40000870DFF8C0080078DFF86C1A0870DFF889
:10EC5000440B0078DFF8F81B087010BDE1090020B4
:10EC60003C0A00209002002010B50400200040B2B1
:10EC7000FFF778FFDFF8D80B0078DFF8181B09786A
:10EC8000884211D2DFF8280A0078DFF8701808707F
:10EC9000DFF8240A0078DFF86C180870DFF8B00B92
:10ECA0000078DFF8F01A087010BD0000D6090020C7
:10ECB000FA090020FF09002084020020DE0800205D
:10ECC000D20900204A0A0020640200206C020020C1
:10ECD0002DE9F04182B05FF004080020ADF800009B
:10ECE000DFF808080078022804D0DFF80008007870
:10ECF000032811D10020050028004146C0B2C9B246
:10ED000088421DD2DFF8D00B0078DFF8D01BEDB2BF
:10ED1000294408746D1CEFE70020050028004146D7
:10ED2000C0B2C9B288420BD2DFF8B40B0068EDB2B2
:10ED3000405DDFF8A81BEDB2294408746D1CEDE7B7
:10ED4000DFF8980B0069DFF8941B4861DFF88C0B43
:10ED50005FFA88F84044C17BDFF8800B007C01F04B
:10ED60001DF80120009960F30401009100200500C6
:10ED700028004146C0B2C9B2884278D2DFF8600BA1
:10ED80000068EDB2405D0400DFF8500BEDB20721E2
:10ED900001FB05F1084480F82C40E4B2562C05D262
:10EDA000E4B220000AF012FA070001E00020070098
:10EDB000DFF8280BEDB2072101FB05F1084490F8BC
:10EDC000310010F0F700DFF8141BEDB2072202FB50
:10EDD00005F2114481F83100DFF8000BEDB2072194
:10EDE00001FB05F1084490F8310067F30200DFF8F9
:10EDF000EC1AEDB2072202FB05F2114481F8310052
:10EE0000DFF8D80AEDB2072101FB05F1084490F8BC
:10EE10003100DFF8C81AEDB2072202FB05F21144F7
:10EE200081F8320001200600F6B2052E0FDADFF875
:10EE3000AC0AEDB2072101FB05F10844F6B23044FB
:10EE4000DFF8A01A097880F82C10761CECE7FFB2E6
:10EE5000F81C009960F30C210091BDF80000DFF868
:10EE60007C1AEDB201EB450188846D1C80E7BDE89A
:10EE7000F38130B40024200040B2042827DADFF800
:10EE8000684A94F9004004192100C9B264291EDAC5
:10EE9000DFF8584A40B20A2505FB00F52C44248CC3
:10EEA0002200DFF8F443C9B224F81120DFF83C4A0D
:10EEB00040B20A2505FB00F52C44B4F84840230075
:10EEC000DFF82C4AC9B224F81130401CD4E730BC1A
:10EED0007047000050020020FE0900206802002058
:10EEE000E80800207CB500200600392E09DA002051
:10EEF000E94921F816000020E84921F81600761C9F
:10EF0000F3E7DFF8F0090078102803DB0F20DFF8C3
:10EF1000E4190870DFF8C409006850F40040DFF815
:10EF2000BC190860DFF8CC090078DFF8B01909686F
:10EF300060F30301DFF8A4090160DFF8A0090068AD
:10EF400030F44000DFF894190860DFF89009006899
:10EF500030F4C040DFF884190860DFF880090068E9
:10EF600050F44070DFF874190860DFF87009006829
:10EF700030F44060DFF864190860DFF86009006869
:10EF800030F48050DFF854190860DFF85009006849
:10EF900030F4C040DFF844190860DFF84009006829
:10EFA00030F48030DFF834190860DFF83009006889
:10EFB00030F40030DFF824190860DFF82009006819
:10EFC00030F44000DFF814190860DFF81009C06859
:10EFD00030F40040DFF80419C860DFF80009C068A9
:10EFE00030F48040DFF8F418C860DFF8F0084068BB
:10EFF00040084000DFF8E4184860DFF8E0084068A7
:10F0000030F00600DFF8D4184860DFF8D008406818
:10F0100030F00800DFF8C4184860DFF8C008406826
:10F0200050F01000DFF8B4184860DFF8B00840680E
:10F0300050F02000DFF8A4184860DFF8A00840680E
:10F0400030F04000DFF894184860DFF8900840681E
:10F0500030F47060DFF884184860DFF8800840689A
:10F0600030F47040DFF874184860DFF870084068CA
:10F0700030F47020DFF864184860DFF860084068FA
:10F0800030F47000DFF854184860DFF8500840682A
:10F0900030F07060DFF844184860DFF840084068DE
:10F0A00020F07040DFF834184860DFF8140C027864
:10F0B000DFF8100C0178002001F041FBDFF81C089C
:10F0C000C06830F48070DFF81418C860DFF80C08EE
:10F0D000C06830F40070DFF80418C860DFF8FC077F
:10F0E000C06830F48060DFF8F417C860DFF8EC0720
:10F0F000C06830F47020DFF8E417C860DFF8DC0780
:10F10000C06830F47000DFF8D417C860DFF8CC07AF
:10F11000C06820F07F40DFF8C417C8600020ADF859
:10F1200004000120019960F38C21019101200199D3
:10F1300060F34F31019100200500042D08DABDF87D
:10F140000400DFF8981701EB450188836D1CF4E794
:10F150000020ADF80000009850F01F000090032040
:10F16000009960F30C21009100200500042D08DABD
:10F17000BDF80000DFF8641701EB450188846D1CC1
:10F18000F4E7DFF82C050178DFF82C05007801F0B2
:10F1900049FA00220021DFF8300B007801F02AF94B
:10F1A000DFF8280B0078DFF83417896860F307016F
:10F1B000DFF828078160DFF8180B0178002001F0E4
:10F1C00031FA0F21002001F094FA00200600042EED
:10F1D00021DADFF8C40B0078DFF800173144087437
:10F1E000DFF8B40B0078DFF8F4163144087500201E
:10F1F0000400052C0DDADFF8E406072101FB06F117
:10F2000008442044DFF8DC16097880F82C10641CD0
:10F21000EFE7761CDBE7DFF8800B0178DFF8780B8F
:10F22000007800F0BBFD002001F0B2F96020DFF8AB
:10F23000D81B08800020DFF8B01608700020DFF827
:10F24000CC1B08700120DFF8C81B0870A7480078A5
:10F25000022813D0A548007803280FD0DFF8B40B9C
:10F26000006850F40020DFF8AC1B0860DFF8A80B42
:10F27000006850F40020DFF8A01B0860DFF8C00C25
:10F28000006850F01100DFF8B81C086073BD000082
:10F29000E5090020E4090020980400206005002012
:10F2A0004B0A002080B5DFF8640B0078002808D0F6
:10F2B00002286AD04DD3042800F0F880C0F0E58021
:10F2C00012E10020DFF8541B0870DFF828060078F0
:10F2D000DFF80816096860F30301DFF80006016033
:10F2E000DFF8F805C06800090001DFF8F015C86014
:10F2F000DFF8E805C06830F0F000DFF8E015C8601E
:10F30000DFF8D805006830F48030DFF8D0150860E9
:10F31000DFF8C805006850F44070DFF8C0150860D9
:10F32000DFF8FC0A0068DFF8F41A91F900100844CD
:10F33000DFF8AC150860FFF7CBFC002001F028F9DE
:10F340000420DFF8D81A08700120DFF8C01A08700E
:10F35000CAE0DFF8CC0A0068DFF8C01A91F90010A3
:10F360000844DFF87C150860FFF7B2FC002001F0CC
:10F370000FF9DFF8A80A0078001DDFF8A01A08705E
:10F380000220DFF8881A0870AEE0DFF8C8040078C1
:10F39000062804D0DFF8BC04007807282AD1DFF85B
:10F3A000A40B0078002812D1DFF8700A90F9000051
:10F3B0001F2849DB0320DFF8541A0870DFF81C050A
:10F3C000006830F40040DFF8141508603CE0DFF816
:10F3D0004C0A90F90000102836DB0320DFF82C1AC5
:10F3E0000870DFF8F804006830F40040DFF8EC142F
:10F3F000086029E0DFF84C0B0078002812D1DFF814
:10F400001C0A90F9000020281EDB0320DFF8FC19FD
:10F410000870DFF8C804006830F40040DFF8BC145E
:10F42000086011E0DFF8F40990F9000011280BDB07
:10F430000320DFF8D8190870DFF8A004006830F462
:10F440000040DFF898140860DFF8D4090068DFF89E
:10F45000CC1991F900100844DFF884140860FFF714
:10F4600037FC002001F08EF8FFF703FDDFF8AC0950
:10F470000078001DDFF8A4190870DFF86C0400782C
:10F48000001DDFF8641408702EE0002001F0A5F8DC
:10F49000FFF7EFFCDFF850040078001DDFF8481498
:10F4A00008700420DFF8641908701DE01B2001F0CB
:10F4B00094F8FFF7DEFC0020DFF84C190880DFF835
:10F4C0005409006830F40020DFF848190860DFF8BC
:10F4D0004809006830F40020DFF83C19086000207B
:10F4E000DFF82C190870FFE701BD0000200A00209A
:10F4F000150A0020160A0020D7090020DF09002085
:10F5000055AE0100370A002038B50024DFF8340A70
:10F510000578082003F0E2FFDFF82C0A00780128C4
:10F5200001D00020C2E0012008F08EFAC94800781E
:10F53000012805D008284DD00A2800F0948099E0D1
:10F540000020DFF8081A087000F086F9002806D0BD
:10F55000DFF8FC090068C00701D50020A6E0002004
:10F56000DFF8F01908800020DFF8D81908703F2074
:10F57000DFF880130870DFF84C07DFF8DC1908604B
:10F58000DFF84007DFF898180860FFF7ABFCDFF8FA
:10F59000800800780028FAD100F090F80120DFF808
:10F5A000A4190870DFF81807DFF8AC190860DFF855
:10F5B0001007DFF86C180860FFF794FCDFF85008BC
:10F5C00000780028FAD100F079F80320DFF87819E4
:10F5D00008704FE00020DFF87419087000F03CF963
:10F5E000002806D0DFF868090068C00701D50020B0
:10F5F0005CE00020DFF85C1908800020DFF8441987
:10F6000008703F20BB490870DFF8B806DFF84819DA
:10F610000860DFF84809DFF808180860FFF762FCA7
:10F62000DFF8EC0700780028FAD100F0B5F80120E7
:10F63000DFF810190870DFF88806DFF81C19086079
:10F64000DFF81C09DFF8D8170860FFF74BFCDFF87C
:10F65000C00700780028FAD100F09EF80320DFF8F8
:10F66000E818087006E000F0DDFB0320DFF8D8188A
:10F670000870FFE77748007802280BD075480078BB
:10F68000032807D073480078042803D07148007815
:10F6900005280AD1DFF8AC0800782900C9B28842F1
:10F6A00003D00020DFF8EC1C0870012032BD000000
:10F6B000E009002059AE0100380A002030B42420AF
:10F6C00002001520030043F61C600400DFF87408F4
:10F6D000007800282BD10020010008001500C0B2DE
:10F6E000EDB2A8424FD2DFF86C080088DFF87458FA
:10F6F000C9B235F81150A84207D2DFF86808C9B27C
:10F7000030F81100DFF84C5828802000DFF85458FA
:10F71000C9B235F8115080B2A84206D2DFF82C08E1
:10F720000078401CDFF824582870491CD5E70020D9
:10F73000010008001D00C0B2EDB2A84223D2DFF8DC
:10F7400014080088DFF81C58C9B235F81150A842D7
:10F7500007D2DFF81008C9B230F81100DFF8F4570B
:10F7600028802000DFF8FC57C9B235F8115080B26C
:10F77000A84206D2DFF8D4070078401CDFF8CC5747
:10F780002870491CD5E7DFF8C407007800B230BC08
:10F79000704700003B0A0020DFF8A8070078002827
:10F7A00028D100200100C9B223294CDADFF8A407D0
:10F7B0000088DFF8B027C9B232F81120904207D292
:10F7C000DFF8A007C9B230F81100DFF888271080F1
:10F7D000DFF89007C9B230F8110043F61D6290427D
:10F7E00006DBDFF868070078401CDFF86027107040
:10F7F000491CD8E700200100C9B2142923DADFF838
:10F8000054070088DFF85C27C9B232F81120904213
:10F8100007D2DFF85007C9B230F81100DFF83427FB
:10F820001080DFF84007C9B230F8110043F61D62BE
:10F83000904206DBDFF814070078401CDFF80C2745
:10F840001070491CD8E7DFF80407007800B2704751
:10F850003C0A0020200A002010B5DFF86C04007874
:10F8600004000020DFF86014087000F045F803F091
:10F8700057FDDFF89C050078002817D0DFF8180B3B
:10F880000078002804D105F08BF805F0BBF803E000
:10F8900005F086F806F098F808F0FFFADFF8FC0AA1
:10F8A0000078DFF8FC1A09788842E2D3DFF8180400
:10F8B000047003F082FDDFF858050078002809D0B5
:10F8C000DFF88C06006850F00100DFF8841608604D
:10F8D000012000E0002010BD250A00209402002035
:10F8E000040700204BAE0100DD090020F4020020D7
:10F8F000600500201B0A00201CB5DFF8A80A00687C
:10F9000050F00F00DFF89C1A0860DFF8980A0068D2
:10F9100030F0F000DFF88C1A0860DFF8880A006821
:10F9200030F44070DFF87C1A0860DFF8780A00686D
:10F9300030F44060DFF86C1A0860DFF8680A00688D
:10F9400030F48050DFF85C1A0860DFF8580A00686D
:10F9500030F4C040DFF84C1A0860DFF8480A00684D
:10F9600050F48030DFF83C1A0860DFF8380A00688D
:10F9700050F40030DFF82C1A0860DFF8280A00681D
:10F9800030F44000DFF81C1A0860DFF8180A00683D
:10F9900050F48020DFF80C1A0860DFF8080A0068CD
:10F9A00050F40020DFF8FC190860DFF8F80900685F
:10F9B00050F48010DFF8EC190860DFF8E8090068FF
:10F9C00050F40010DFF8DC190860DFF8D80940684F
:10F9D00040084000DFF8CC194860DFF8C8094068EB
:10F9E00030F00600DFF8BC194860DFF8B80940685D
:10F9F00030F00800DFF8AC194860DFF8A80940686B
:10FA000050F01000DFF89C194860DFF89809406852
:10FA100050F02000DFF88C194860DFF88809406852
:10FA200050F04000DFF87C194860DFF87809406842
:10FA300030F47060DFF86C194860DFF868094068DE
:10FA400030F47040DFF85C194860DFF8580940680E
:10FA500030F47020DFF84C194860DFF8480940683E
:10FA600030F47000DFF83C194860DFF8380940686E
:10FA700030F07060DFF82C194860DFF82809406822
:10FA800020F07040DFF81C194860C3480278C24873
:10FA90000178002000F053FEFDF7CBFCDFF80409ED
:10FAA000C06830F48040DFF8FC18C860DFF8F40864
:10FAB000C06830F40040DFF8EC18C8600420DFF8BC
:10FAC000E418C96860F30301DFF8D808C1600420B6
:10FAD000DFF8D018C96860F30711DFF8C808C16003
:10FAE000DFF8C008C06830F48070DFF8B818C8606C
:10FAF000DFF8B008C06830F40070DFF8A818C860FC
:10FB0000DFF8A008C06830F48060DFF89818C8609B
:10FB1000DFF89008C06830F47020DFF88818C860FB
:10FB2000DFF88008C06830F47000DFF87818C8602B
:10FB3000DFF87008C06820F07F40DFF86818C86000
:10FB40000020ADF804000120019960F38C2101919F
:10FB50000120019960F34F3101910020ADF80000C0
:10FB6000009850F01F0000900320009960F30C21D2
:10FB7000009100200400042C5FDABDF80400DFF8D7
:10FB8000241801EB44018883BDF80000DFF8141845
:10FB900001EB44018884DFF810080078DFF80418CE
:10FBA000072202FB04F2114481F82C00DFF8F80769
:10FBB0000078DFF8F017072202FB04F2114481F805
:10FBC0002D00DFF8E4070078DFF8D817072202FBE2
:10FBD00004F2114481F82E00DFF8CC070078DFF83A
:10FBE000C417072202FB04F2114481F82F00DFF84A
:10FBF000B8070078DFF8AC17072202FB04F21144C3
:10FC000081F830000020DFF89C17072202FB04F285
:10FC1000114481F831000020DFF88817072202FB29
:10FC200004F2114481F8320020000200D2B2002117
:10FC3000002000F012FD641C9DE757480078DFF8B3
:10FC40006417087454480078DFF85817487452480D
:10FC50000078DFF8501788744F480078DFF84417B1
:10FC6000C8744D480078DFF83C1708754A4800789A
:10FC7000DFF83017487548480078DFF8281788758E
:10FC800045480078DFF81C17C875DFF818070068CA
:10FC900030F40040DFF80C17086000205B49087062
:10FCA000002000F075FC7F2057490880012058494A
:10FCB0000870A348006850F01100A149086013BD06
:10FCC000C6AD01009EAD0100E10900201C0A002024
:10FCD0001D0A002010B54D480078002802D00128E8
:10FCE00004D058E001204949087054E01B2000F07E
:10FCF00074FCDFF8B8060078002847D10020040023
:10FD0000052C14D2DFF8A80600EB4400B0F8480038
:10FD1000DFF8A01621F81400DFF8940600EB440089
:10FD2000008CDFF8941621F81400641CE8E7DFF873
:10FD300084060088DFF884160880DFF87C060088D7
:10FD4000DFF87C160880DFF878060088DFF8741684
:10FD50000880DFF86C060088DFF86C160988884296
:10FD600005D2DFF85C060088DFF85C160880DFF853
:10FD70005806008842F21071884207DADFF84C0614
:10FD8000006850F00100DFF8441608600020DFF83A
:10FD900040160870FFE710BD4AAE0100C0B234281B
:10FDA00002DBC9B2342908DADFF8F825526832F0EC
:10FDB0001002DFF8F0355A6007E0DFF8E8255268F6
:10FDC00052F01002DFF8DC355A60C0B2342802DB92
:10FDD000C0B2562805DBC9B234290BDBC9B256299B
:10FDE00008DADFF8C025526832F02002DFF8B435B7
:10FDF0005A6007E0DFF8AC25526852F02002DFF8C5
:10FE0000A4355A6070470000DC080020DA090020A1
:10FE1000D6090020348E0B40148E0B40DB090020E5
:10FE20006C07002070B5DFF8AC05007850F00100D9
:10FE3000DFF8A0150870DFF89C05007810F0FD00D1
:10FE4000DFF890150870DFF86405007804000020E2
:10FE5000DFF858150870DFF8800500680600DFF845
:10FE600078050068050056F0006655F0020555F467
:10FE7000007535F0700535F4E045DFF85C05066087
:10FE800000F072F803F04CFADFF84405007800281F
:10FE900017D0DFF804050078002804D104F080FDB5
:10FEA00004F0B0FD03E004F07BFD05F08DFD07F0EC
:10FEB000F4FFDFF8E8040078DFF8E41409788842FA
:10FEC000E2D3DFF8E8040470DFF80C050560DFF822
:10FED0000405007810F0FE00DFF8F8140870DFF871
:10FEE000FC04008843F2B161884208DBDFF8E404D7
:10FEF000007850F00400DFF8DC14087007E0DFF849
:10FF0000D404007810F0FB00DFF8C8140870DFF8A4
:10FF1000C404007850F00200DFF8B814087003F051
:10FF20004CFADFF8AC040078002807D008480068D5
:10FF300050F0010006490860012000E0002070BD7B
:10FF40000C800B40240A00201F0A0020270A0020F2
:10FF50008402002078090020700700209FAD010076
:10FF6000C7AD01009804002030B583B0DFF8340439
:10FF7000006850F00F00DFF82C140860DFF824044C
:10FF8000006830F0F000DFF81C140860DFF814049B
:10FF9000006830F44070DFF80C140860DFF80404E7
:10FFA000006830F44060DFF8FC130860DFF8F40309
:10FFB000006830F48050DFF8EC130860DFF8E403E9
:10FFC000006830F4C040DFF8DC130860DFF8D403C9
:10FFD000006850F48030DFF8CC130860DFF8C40309
:10FFE000006850F40030DFF8BC130860DFF8B40399
:10FFF000006830F44000DFF8AC130860DFF8E0037D
:020000021000EC
:100000000078342810DADFF89C03006830F4802090
:10001000DFF890130860DFF88C03006850F40020CC
:10002000DFF8801308602AE0DFF8B4030078342892
:1000300015DBDFF8AC030078562810DADFF864032C
:10004000006850F48020DFF85C130860DFF8540388
:10005000006830F40020DFF84C1308600FE0DFF890
:100060004403006830F48020DFF838130860DFF8BC
:100070003403006830F40020DFF828130860DFF84C
:100080002403006830F48010DFF818130860DFF8EC
:100090001403006830F40010C2490860C148406889
:1000A00040084000BF494860BE48406830F0060044
:1000B000BC494860BB48406830F00800B949486016
:1000C000B848406850F01000B6494860B5484068EC
:1000D00050F02000B3494860B248406850F04000FA
:1000E000B0494860AF48406830F47060AD4948603E
:1000F000AC48406830F47040AA494860A94840685C
:1001000030F47020A7494860A648406830F4700079
:10011000A4494860A348406830F07060A149486035
:10012000A048406820F070409E49486000220021AD
:100130009E48007800F05EF919209A49896860F3BA
:100140000701984881609748C06830F4804095491D
:10015000C8609448C06830F400409249C860914833
:10016000C068000900018F49C8608E48C06830F03F
:10017000F0008C49C8608B48C06830F480708949B1
:10018000C8608848C06830F400708649C8608548F7
:10019000C06830F480608349C8608248C06830F429
:1001A00070208049C8607F48C06830F470007D4985
:1001B000C8607C48C06820F07F407A49C860002051
:1001C000ADF804000120019960F38C210191012018
:1001D000019960F34F3101910020ADF8000001203A
:1001E000009960F3040100917D48007808F0EEFF6B
:1001F0000500EDB2E81C009960F30C21009100208D
:100200000400042C68DABDF80400664901EB4401DF
:100210008883BDF80000634901EB4401888470487D
:1002200000786049072202FB04F2114481F82C0097
:100230005D4800785B49072202FB04F2114481F813
:100240002D00594800785749072202FB04F2114457
:1002500081F82E00544800785249072202FB04F22C
:10026000114481F82F00504800784E49072202FBC4
:1002700004F2114481F830004A48072101FB04F1DF
:10028000084490F8310010F0F7004649072202FBBD
:1002900004F2114481F831004248072101FB04F1C6
:1002A000084490F8310065F302003E49072202FB42
:1002B00004F2114481F831003A48072101FB04F1AE
:1002C000084490F831003749072202FB04F2114438
:1002D00081F83200641C94E70021002000F0A2F9AC
:1002E0000F21002000F005FA3E4800782D490874DF
:1002F0003C4800782B4948743A480078294988746A
:10030000384800782749C874364800782549087568
:100310003448007823494875324800782149887567
:10032000304800781F49C8751E48006830F4004006
:100330001C49086000202C490870002000F028F9B2
:100340007E202A4908800120214908702848006839
:1003500050F011002649086037BD80B5224800786A
:10036000002802D0012804D012E001201E490870A4
:100370000EE01B2000F031F90C480078002803D172
:100380000B48008C15490880002011490870FFE7D0
:1003900001BD0000230A0020FE090020FA09002008
:1003A000FF090020940200204BAE0100E10900206B
:1003B000F4020020DC020020E802002006090020F0
:1003C00008090020BC090020BA090020D00800203C
:1003D000D6090020CC08002034800B40B80900204A
:1003E000C6AD01004AAE0100DA090020DC08002099
:1003F0000C800B4010B4C0B2002805D0022829D0D0
:1004000015D3032835D043E02423DFF88043A468C4
:1004100063F31F64DFF874339C609823DFF86C4348
:10042000A46863F30F24DFF864339C6030E0222378
:10043000DFF85843A46863F31F64DFF850339C600F
:100440007523DFF84843A46863F30F24DFF83C33D7
:100450009C601DE02623CD4CA46863F31F64CB4B46
:100460009C60BB23C94CA46863F30F24C74B9C60FA
:100470000EE02823C54CA46863F31F64C34B9C6043
:10048000DD23C24CA46863F30F24C04B9C60FFE7DC
:10049000D2B2012A06D17F23BC4CA46863F30704BF
:1004A000BA4B9C60B94B9B6833F47003B74CA360A4
:1004B000B64B9B6833F44033B44CA360B34B9B689A
:1004C000B24CA36110BC70472DE9F0410500002437
:1004D000002600275FF000082800C0B208F0CCFE1C
:1004E000040064B2002C04D1002008F098FE06003D
:1004F00003E0012008F093FE0600EDB216EB0516AE
:1005000016F108000068070017F0070F01D101205D
:1005100080464046C0B2BDE8F08110B5040001211C
:100520000E2008F093FE01210F2008F08FFE98495D
:100530000E2008F0C3FE97490F2008F0BFFE08F018
:1005400063FE9548006850F00100934908600E2052
:1005500008F072FE0F2008F06FFE0E20FFF7B4FFC8
:100560000028FAD00F20FFF7AFFF0028F5D008F0E1
:100570004FFE89480068400840008749086007F03E
:100580008CFC10BD10B504000020FFF7C6FF10BDA5
:1005900010B5040001210E2008F058FE7C490E2001
:1005A00008F08CFE08F030FE7B48006850F0010037
:1005B000794908600E2008F03FFE0E20FFF784FF07
:1005C0000028FAD008F024FE734800684008400074
:1005D0007149086007F061FC10BD10B504000121ED
:1005E0000F2008F033FE6B490F2008F067FE08F07B
:1005F0000BFE6948006850F00100674908600F2051
:1006000008F01AFE0F20FFF75FFF0028FAD008F06D
:10061000FFFD61480068400840005F49086007F03E
:100620003CFC10BDF8B504000D00012007000020BF
:100630000600F6B2042E0DDA3200D2B22900C9B299
:100640002000C0B200F009F8002801D10020070006
:10065000761CEEE73800C0B2F2BD78B40300012585
:100660002800DBB21B09DBB2042B03DB03252B00C4
:1006700000252800C9B2102903DB0F252900002519
:100680002800D2B2042A03DB00252800C0B22EE0E5
:10069000C9B2002902D100252C0005E0DBB20325F8
:1006A000C9B205FB03152C006400384DD2B205EB2E
:1006B0004205AD8BADF80050009D55F00805009542
:1006C000364DE4B22D5D009E65F302060096334D73
:1006D000E4B225446D78009E65F389160096BDF856
:1006E00000502A4ED2B206EB4206B583C0B272BCAD
:1006F000704778B4002304241A0015002600EDB2D8
:10070000F6B2B54219D2C9B20D00D540ED0712D5E7
:100710001E4DD2B205EB4205AD8BADF8005040B294
:10072000009D60F3C3050095BDF80050174ED2B28E
:1007300006EB4206B583521CDFE771BC704710B46C
:10074000124B1B6833F48023104C23600F4B1B6843
:1007500053F400230D4C23600C4B1B6833F48013BF
:100760000A4C2360094B1B6833F40013074C2360C9
:10077000064B1B6833F07063044C2360034B1B680B
:1007800023F07043014C236010BC7047940200209A
:10079000140200202C02002058020020F9A80100B9
:1007A00000210800C0B2032840DADFF8941AC0B272
:1007B00031F81010DFF8C82CC0B222F81010DFF8A2
:1007C000801AC0B201EB40018989DFF8B42CC0B2B5
:1007D00002EB4002D180DFF86C1AC0B231F9101080
:1007E00000290AD5DFF8981CC0B231F9101049422F
:1007F000DFF88C2CC0B222F81010DFF8481AC0B213
:1008000001EB4001B1F90C1000290DD5DFF8701C87
:10081000C0B201EB4001B1F906104942DFF8602C8B
:10082000C0B202EB4002D180401CBBE77047002100
:100830000800C0B2032840DADFF80C1AC0B231F861
:100840001010DFF8402CC0B222F81010DFF8F819B1
:10085000C0B201EB40018989DFF8282CC0B202EB5D
:100860004002D180DFF8E419C0B231F9101000293C
:100870000AD5DFF8101CC0B231F910104942DFF878
:10088000042CC0B222F81010DFF8C019C0B201EB7E
:100890004001B1F90C1000290DD5DFF8E81BC0B2FA
:1008A00001EB4001B1F906104942DFF8D82BC0B284
:1008B00002EB4002D180401CBBE77047F8B4DFF880
:1008C00090090078C61EB6B22727DFF8880990F98C
:1008D000000007FB060631000020DFF87C6930804D
:1008E0000020DFF878693080DFF874090068C0F311
:1008F0008010002806D1DFF86C090068C0F34000C2
:10090000002837D000200500EDB2092D2BDADFF8E2
:100910003009EDB230F815000400DFF8380990F91D
:100920000000EDB22818032807DBDFF8280990F94A
:100930000000EDB22818272801DBA4B26408DFF814
:100940000409EDB220F81540DFF80C09B0F90000F9
:10095000A4B2A04205DADFF800090480DFF8280B12
:1009600005706D1CD0E7DFF8F0080088DFF8EC6850
:1009700030803FE000200500EDB2092D3ADADFF8C3
:10098000C008EDB230F91500020012B2DFF8FC0A1F
:1009900009B2EDB26E18805D00FB02F000909DF888
:1009A00001008DF800009DF802008DF8010012B2E0
:1009B000BDF8000010EB62000400DFF88808EDB21B
:1009C00020F81540DFF89008B0F90000A4B2A0426A
:1009D00005DADFF884080480DFF8AC0A0570DFF878
:1009E0007C08008812B2904202DADFF870080280B8
:1009F0006D1CC1E7DFF8980A0078002872D0DFF894
:100A0000940ADFF8946A367830F81600DFF88C6ABA
:100A100030800020DFF84068308000200500EDB213
:100A2000092D2ADADFF8740A0688DFF8680AEDB2C1
:100A300030F81500361A33009BB2B3F5804F04DB53
:100A40009BB24CF20100834215DBDFF80C08B0F9D1
:100A50000000DFF8F067EDB236F91560B0420ADA4F
:100A6000DFF8E007EDB230F81500DFF8EC67308012
:100A7000DFF8140A05706D1CD1E700200500EDB207
:100A8000092D2FDADFF80C0AEDB230F81560DFF827
:100A9000040ADFF8F4793F7830F81700361ADFF8E7
:100AA000000AEDB220F81560DFF8F409EDB230F875
:100AB000150044F20106B04212DBDFF8E409EDB2A2
:100AC00030F81500B0F5404F0ADADFF87807EDB2DC
:100AD00030F915004042DFF86C67EDB226F81500DA
:100AE0006D1CCCE7DFF8BC090088B0F5F06F06DBC1
:100AF000DFF8B009008843F68116B04226DBDFF844
:100B00008809007803280EDADFF8480790F900001A
:100B100023281BDA0020DFF8406730800020DFF850
:100B20003C67308012E0DFF86009007806280DDBB2
:100B3000DFF8200790F90000012807DB0020DFF82C
:100B4000186730800020DFF814673080DFF838093C
:100B50000078401E002807D4DFF82C090078401EDA
:100B6000092801D2012000E0002000280CD0DFF885
:100B7000D406DFF81469367800EB460030F8020C32
:100B8000DFF8446A308003E00020DFF83C6A308000
:100B9000DFF8F4080078401C002807D4DFF8E808E4
:100BA0000078401C092801D2012000E00020002824
:100BB0000BD0DFF89006DFF8D068367800EB4600FF
:100BC0004088DFF8086A308003E00020DFF8FC6925
:100BD0003080DFF8FC09408ADFF8446B3080F1BCDC
:100BE0007047F8B4DFF8EC090078C61EB6B21827D3
:100BF000DFF8EC0A90F9000007FB06063100002040
:100C0000DFF8E06A30800020DFF8DC6A3080DFF84F
:100C100050060068C0F38010002806D1DFF84406B3
:100C20000068C0F34000002837D000200500EDB276
:100C3000092D2BDADFF81006EDB230F815000400AC
:100C4000DFF89C0A90F90000EDB22818032807DBB2
:100C5000DFF88C0A90F90000EDB22818182801DBA3
:100C6000A4B26408DFF8E405EDB220F81540DFF81F
:100C7000740AB0F90000A4B2A04205DADFF8640AF1
:100C80000480DFF8A00A05706D1CD0E7DFF8540A75
:100C90000088DFF8546A30803FE000200500EDB2A4
:100CA000092D3ADADFF8A005EDB230F9150002009F
:100CB00012B2DFF8740A09B2EDB26E18805D00FB63
:100CC00002F000909DF801008DF800009DF80200F0
:100CD0008DF8010012B2BDF8000010EB62000400B4
:100CE000DFF86805EDB220F81540DFF8F809B0F933
:100CF0000000A4B2A04205DADFF8E8090480DFF8BA
:100D0000240A0570DFF8E009008812B2904202DA86
:100D1000DFF8D40902806D1CC1E7DFF874070078A2
:100D2000002872D0DFF8040ADFF8046A367830F859
:100D30001600DFF8686730800020DFF8A86930808F
:100D400000200500EDB2092D2ADADFF850070688E9
:100D5000DFF8D809EDB230F81500361A33009BB22F
:100D6000B3F5804F04DB9BB24CF20100834215DBEC
:100D7000DFF87009B0F90000DFF8D064EDB236F9A1
:100D80001560B0420ADADFF8C404EDB230F815009D
:100D9000DFF850693080DFF88C0905706D1CD1E7F1
:100DA00000200500EDB2092D2FDADFF88009EDB241
:100DB00030F81560DFF87409DFF868793F7830F8AB
:100DC0001700361ADFF86C09EDB220F81560DFF86D
:100DD0006409EDB230F8150044F20106B04212DBAE
:100DE000DFF85009EDB230F81500B0F5404F0ADADF
:100DF000DFF85804EDB230F915004042DFF84C64DA
:100E0000EDB226F815006D1CCCE7DFF82C09008840
:100E1000B0F5F06F06DBDFF82009008845F60176B3
:100E2000B04226DBDFF8FC08007803280EDADFF892
:100E3000B00890F9000014281BDA0020DFF8A4683D
:100E400030800020DFF8A068308012E0DFF8D4089E
:100E5000007806280DDBDFF8880890F900000128EB
:100E600007DB0020DFF87C6830800020DFF878683E
:100E70003080DFF8B0080078401E002807D4DFF883
:100E8000A4080078401E092801D2012000E00020BB
:100E900000280CD0DFF8B403DFF88868367800EB60
:100EA000460030F8020CDFF89468308003E0002040
:100EB000DFF888683080DFF86C080078401C002874
:100EC00007D4DFF860080078401C092801D201200F
:100ED00000E0002000280AD0DC48DFF848683678B7
:100EE00000EB46004088DFF85868308003E00020BF
:100EF000DFF84C683080DFF83408DFF8286836788F
:100F000030F81600DFF83C683080DFF81808007809
:100F1000DFF834683070F1BC7047DFF830080078D3
:100F2000DFF82C180870DFF82C080078DFF8281894
:100F30000870DFF82808B0F9000041F2FA51884241
:100F400010DBDFF808080078401EDFF80018087092
:100F5000DFF8F8070078002826D10120DFF8EC1729
:100F6000087021E0DFF8F407B0F90000B0F57A6FFF
:100F70001ADADFF8D8070078401CDFF8D0170870BD
:100F8000DFF8DC07DFF8DC170978405CDFF8BC1716
:100F90000978884208D2DFF8C807DFF8C81709784F
:100FA000405CDFF8A8170870DFF8B007B0F9000060
:100FB00041F69731884210DBDFF890070078401E39
:100FC000DFF888170870DFF884070078002827D139
:100FD0000120DFF87817087022E0DFF88007B0F909
:100FE000000040F6674188421ADADFF860070078AF
:100FF000401CDFF858170870DFF86407DFF8641743
:101000000978405CDFF844170978884208D2DFF895
:101010005007DFF850170978405CDFF83017087088
:10102000DFF828070078DFF83817DFF8382712785C
:10103000895C884212D3DFF81C07007810280DDA8B
:10104000DFF8100700781030DFF808170870DFF8B5
:10105000FC060078C01EDFF8F4160870DFF8EC0616
:101060000078022812DADFF8EC06007800280DD0AC
:10107000DFF8E00600781038DFF8D8160870DFF8DF
:10108000CC060078C01CDFF8C4160870DFF8BC0678
:101090000178DFF8C0060278D2B21209D2B203207A
:1010A00000FB0211DFF8C00601707047DFF8BC06D4
:1010B0000078DFF8BC160870DFF8B8060078DFF8B3
:1010C000B8160870DFF8B406B0F9000041F2FA5122
:1010D000884210DBDFF894060078401EDFF88C169B
:1010E0000870DFF888060078002826D10120DFF894
:1010F0007C16087021E0DFF88406B0F90000B0F536
:101100007A6F1ADADFF864060078401CDFF85C16A4
:101110000870DFF86C06DFF84C160978405CDFF8E1
:101120004C160978884208D2DFF85406DFF83416E6
:101130000978405CDFF834160870DFF84006B0F933
:10114000000041F69731884210DBDFF82006007876
:10115000401EDFF818160870DFF810060078002827
:1011600027D10120DFF80416087022E0DFF80C0612
:10117000B0F9000040F6674188421ADADFF8EC0562
:101180000078401CDFF8E4150870DFF8F405DFF89C
:10119000D4150978405CDFF8D4150978884208D264
:1011A000DFF8DC05DFF8BC150978405CDFF8BC151A
:1011B0000870DFF8B8050078DFF8C415DFF8A4255B
:1011C0001278895C884212D3DFF8A80500781028CD
:1011D0000DDADFF8A00500781030DFF898150870F8
:1011E000DFF888050078C01EDFF880150870DFF88A
:1011F0007C050078022812DADFF8780500780028EC
:101200000DD0DFF8700500781038DFF86815087029
:10121000DFF858050078C01CDFF850150870DFF8BB
:101220004C050178DFF84C050278D2B21209D2B22F
:10123000032000FB0211DFF8C80D017070470000A9
:10124000B40300208C030020C8030020A00300206A
:10125000EC090020DB090020EE0800203A090020FC
:10126000640200208402002010B50024DFF8140579
:10127000008840F21B6188420EDB0120DFF8081570
:1012800008700020DFF804150870DFF8D804007833
:10129000DFF8FC1408703BE0DFF8E804008840F257
:1012A000AA3188421DDB0020DFF8DC140870002022
:1012B000DFF8D8140870DFF8AC040078DFF8D01439
:1012C0000870DFF8D004006850F00200DFF8C414A2
:1012D0000860DFF8C4040078401CDFF8BC14087014
:1012E00016E00020DFF8A0140870DFF8AC040078E6
:1012F000401CDFF8A41408700120DFF89014087077
:10130000DFF89004006850F00200DFF888140860ED
:10131000DFF838040078DFF84814DFF84824127842
:10132000895C884222D1DFF85C04008840F68B019A
:1013300088421BDADFF850040078012816D100201B
:10134000DFF844140870DFF850040078401CDFF820
:10135000481408700120DFF834140870DFF83404F2
:10136000006850F00200DFF82C140860DFF81C045D
:101370000078002800F08280DFF82004007801283F
:1013800001D1002400E00824DFF8D8030078401CD5
:10139000DFF8D0130870DFF8CC030078042803DBF3
:1013A0000020DFF8C0130870DFF8F4030068C0F312
:1013B000801000281AD10121DFF8A80390F900005D
:1013C00081402000C0B2084210D0DFF898030078B6
:1013D000401CDFF890130870DFF8880300780428B9
:1013E000E9DB0020DFF87C130870E4E7DFF8A003F6
:1013F0000078DFF87013097888421DD10121DFF8E9
:10140000640390F9000081402000C0B208420FD070
:10141000DFF850030078401CDFF848130870DFF84D
:10142000440300780428E9DB0020CE490870E5E792
:101430000C20DFF86413087000220021C9480078EE
:10144000FEF7D8FFC648C7490978405CBF4909780C
:10145000884205D2C248C3490978405CBB4908703C
:10146000C748C0490978405CC0490978884205D21C
:10147000C348BC490978405CBC49087010BD0000F5
:101480002407002030070020E909002075AE010084
:10149000420A002024080020400A0020A009002061
:1014A000FC070020200900204A480078262822D185
:1014B0008D48008840F20D3188420EDA0020B24992
:1014C0000870B448006850F00200B2490860B248A1
:1014D0000078401CB049087030E083480088B0F5BF
:1014E000EA7F2BDA0020A8490870AB480078401C3E
:1014F000A949087022E07C48008840F21A618842BD
:101500000EDA0020A0490870A248006850F00200DE
:10151000A0490860A0480078401C9F4908700DE071
:101520007148008840F2A931884207DA00209649C4
:10153000087099480078401C974908708B480078DB
:101540008F49884A1278895C884217D1664800889A
:1015500040F68B01884211DA8B48007801280DD1C2
:101560000020894908708C480078401C8A4908701E
:101570008848006850F0020086490860DFF8C00A19
:10158000007800281ED0DFF8BC0ADFF8BC2A1278E9
:1015900030F812206548664B1B7830F81300121A99
:1015A000110089B244F2010081420BDB89B2B1F52E
:1015B000404F07DA0020744A107077480078401CCA
:1015C000754A107070470000F2080020F0080020F3
:1015D000F4020020EB09002080B5DFF81C0D006844
:1015E00050F48030DFF8101D0860DFF80C0D006843
:1015F00050F40030DFF8001D0860DFF8500A006882
:1016000050F08000DFF8441A0860DFF8440A0068F0
:1016100050F08000DFF8381A086000F0C3F80020AE
:10162000DFF8D81C0870DFF8D80C006830F0100024
:10163000DFF8CC1C0860DFF8CC0C006830F040000C
:10164000DFF8C01C08600020534908700020DFF854
:10165000B81C08700020DFF8B41C08700020DFF808
:10166000B01C08700020DFF8AC1C08700020DFF808
:10167000A81C08800020DFF8A41C08800020DFF8E8
:10168000A01C08800020DFF89C1C0870DFF8980C74
:10169000006840084000DFF8901C0860DFF8880C04
:1016A000006830F00200DFF8801C0860DFF8780C7A
:1016B000006830F00400DFF8701C0860DFF8680C88
:1016C000006830F00800DFF8601C0860DFF85C0C90
:1016D000006850F01100DFF8541C086001BD0000E4
:1016E000DC090020F40800203C09002010B40300AD
:1016F00049B2032904DADFF8384C247820000CE0E2
:1017000049B2D2B2541CA14204DBDFF8244C247845
:10171000200002E049B25C5C2000C0B210BC7047FF
:10172000FE080020EA09002076AE010038080020FB
:10173000410A0020100800201E090020F80800209F
:10174000F608002000090020E8090020DF09002039
:101750000D0A0020370A0020390A0020B4090020B1
:1017600055AE0100E10900203B0A0020E0090020FD
:101770000E0A0020380A00203A0A0020B60900208C
:1017800059AE01003A090020D4090020D8090020F0
:101790000B0A00205C020020E20900204A0A002017
:1017A000640200202DE9F04F83B0DFF84C0B006895
:1017B00050F40040DFF8401B08600120DFF8381BC0
:1017C000096860F30921DFF8300B0160DFF8280BAE
:1017D000006830F44000DFF8201B08600020ADF8FE
:1017E0000400DFF8140B006830F4C040DFF8081B79
:1017F00008607F20DFF8001B896860F30701DFF8CD
:10180000F80A81600022DFF82C0B0178DFF8280B42
:101810000078FEF722FF0122DFF8180B0178DFF8CD
:10182000180B0078FEF719FF0222DFF8100B017881
:10183000DFF80C0B0078FEF710FF0322DFF8FC0A3C
:101840000178DFF8FC0A0078FEF707FFDFF8F00701
:10185000007800287AD0DFF8EC0A90F90000001D2B
:1018600003280FDADFF8E00AC078DFF8E01A087022
:10187000DFF8D00A90F90000D0F10400DFF8C817B3
:10188000087026E0DFF8BC0A90F90000001D272848
:1018900010DBDFF8B40A90F82600DFF8B01A087001
:1018A000DFF8A00A90F90000D0F12600DFF89817C1
:1018B00008700EE0DFF8900ADFF8881A91F900103E
:1018C00008440079DFF8841A08700420DFF87817DC
:1018D0000870DFF8580D90F90000001D03280FDA9A
:1018E000DFF84C0DC078DFF84C1D0870DFF83C0DB8
:1018F00090F90000D0F10400DFF83C1D087025E0ED
:10190000DFF8280D90F90000001D18280FDBDFF824
:10191000200DC07DDFF81C1D0870DFF8100D90F958
:101920000000D0F11700DFF8101D08700EE0DFF89E
:10193000000DDFF8F81C91F9001008440079DFF879
:10194000F41C08700420DFF8F01C087000208DF8EB
:10195000030000208DF80200DFF8E00C00788DF81D
:101960000100DFF8D80C00788DF80000DFF8CC0C0F
:1019700000788246DFF8C40C00788346DFF8CC0993
:10198000007834280ADA01208DF8030000208DF851
:101990000100DFF8B8090078824613E0DFF8AC09EF
:1019A000007834280EDBDFF8A4090078562809DA1D
:1019B00001208DF8020000208DF80000DFF88C096E
:1019C00000788346DFF8300980F810A0DFF8280996
:1019D00080F811A0DFF8200980F812A0DFF81809BC
:1019E00080F813A0DFF8100980F814B0DFF80809B8
:1019F00080F815B0DFF8000980F816B0DFF8F808B5
:101A000080F817B05A46D2B25146C9B20020FEF74C
:101A100096FE9DF80300012826D19DF80100DFF80D
:101A20001C1C097888421FD0DFF8CC08406830F0D1
:101A30001000DFF8C41848609DF80100002809D1A3
:101A40000420DFF8B418C96860F30301DFF8A808C0
:101A5000C16019E00420DFF8A018C96860F3030131
:101A6000DFF89408C1600FE0DFF88C08406850F0A0
:101A70001000DFF884184860DFF87C08C0680009AF
:101A80000001DFF87418C8609DF80200012826D113
:101A90009DF80000DFF8A41B097888421FD0DFF80A
:101AA0005808406830F02000DFF84C1848609DF876
:101AB0000000002809D10420DFF83C18C96860F351
:101AC0000711DFF83408C16019E00420DFF8281896
:101AD000C96860F30711DFF82008C1600FE0DFF884
:101AE0001808406850F02000DFF80C184860DFF854
:101AF0000808C06830F0F000DFF8FC17C8600198F3
:101B000050F01F0001900320019960F30C21019116
:101B1000BDF80400DFF8E0178884BDF80400DFF8A2
:101B2000D817C884BDF80400DFF8CC170885BDF8C5
:101B30000400DFF8C417488500200500EDB2042D2D
:101B400080F22782EDB2002D07D0022D00F0A18097
:101B50003ED3032D00F0D88037E1DFF8E8070078A6
:101B6000001D0600DFF8E4070078DFF8D41A88705B
:101B70002622F11C49B2DFF8D007FFF7B7FDDFF8E6
:101B8000C01A08702622311D49B2DFF8BC07FFF7E2
:101B9000ADFDDFF8AC1A48702622311F49B2DFF8DC
:101BA000A807FFF7A3FDDFF8981AC8702622F11ED8
:101BB00049B2DFF89407FFF799FDDFF8841A08713E
:101BC000DFF87C0ADFF87C1A086000200400FCE0E3
:101BD000DFF870070078001D0600DFF8680790F94D
:101BE000000010F1010F11D0DFF8580790F9000044
:101BF00000280BD0DFF84C0790F90000212805D011
:101C0000DFF8400790F90000222837D12622B11EC4
:101C100049B2DFF83407FFF769FDDFF8241A0870CE
:101C20002622711E49B2DFF82007FFF75FFDDFF8BB
:101C3000101A48702622310049B2DFF80C07FFF76E
:101C400055FDDFF8FC1988702622711C49B2DFF8B7
:101C5000F806FFF74BFDDFF8E819C8702622B11C23
:101C600049B2DFF8E406FFF741FDDFF8D419087147
:101C7000DFF8CC09DFF8CC19086007E0DFF8C80608
:101C800076B23044801EDFF8BC19086000200400E2
:101C90009BE0DFF898090078001D0600DFF8940942
:101CA0000078DFF89C1988701722F11C49B2DFF820
:101CB0008009FFF71BFDDFF8881908701722311D16
:101CC00049B2DFF86C09FFF711FDDFF874194870AD
:101CD0001722311F49B2DFF85809FFF707FDDFF877
:101CE0006019C8701722F11E49B2DFF84409FFF7E6
:101CF000FDFCDFF84C190871DFF84409DFF84419DE
:101D000008600020040060E0DFF820090078001D72
:101D10000600DFF8180990F9000010F1010F11D04A
:101D2000DFF8080990F9000000280BD0DFF8FC0864
:101D300090F90000122805D0DFF8F00890F90000B3
:101D4000132837D11722B11E49B2DFF8E408FFF794
:101D5000CDFCDFF8EC1808701722711E49B2DFF8CD
:101D6000D008FFF7C3FCDFF8D818487017223100FD
:101D700049B2DFF8BC08FFF7B9FCDFF8C418887077
:101D80001722711C49B2DFF8A808FFF7AFFCDFF893
:101D9000B018C8701722B11C49B2DFF89408FFF7D9
:101DA000A5FCDFF89C180871DFF89408DFF8941898
:101DB000086007E0DFF8780876B23044801EDFF86C
:101DC0008418086000200400FFE7DFF87808006846
:101DD000807807007F1DBF1EFFB2380007F0F6F9BC
:101DE0008046E4B2002C41D1DFF858080068007842
:101DF000DFF80415EDB2072202FB05F2114481F869
:101E00002C00DFF8400800684078DFF8EC14EDB2F1
:101E1000072202FB05F2114481F82D00DFF82408A7
:101E200000688078DFF8D014EDB2072202FB05F2DB
:101E3000114481F82E00DFF80C080068C078DFF844
:101E4000B814EDB2072202FB05F2114481F82F000D
:101E5000DFF8F00700680079DFF89C14EDB2072284
:101E600002FB05F2114481F8300040E0DFF8D407AE
:101E700000680078DFF88014EDB2072202FB05F25B
:101E8000114481F83000DFF8BC0700684078DFF8C3
:101E90006814EDB2072202FB05F2114481F82F000D
:101EA000DFF8A00700688078DFF84C14EDB2072255
:101EB00002FB05F2114481F82E00DFF88807006864
:101EC000C078DFF83414EDB2072202FB05F21144AA
:101ED00081F82D00DFF86C0700680079DFF818142E
:101EE000EDB2072202FB05F2114481F82C00DFF865
:101EF0000804EDB2072101FB05F1084490F8310018
:101F000068F30200DFF8F013EDB2072202FB05F2DE
:101F1000114481F83100DFF8E003EDB2072101FB45
:101F200005F1084490F8320068F30200DFF8C813A6
:101F3000EDB2072202FB05F2114481F83200DFF80E
:101F4000B803EDB2072101FB05F1084490F8310018
:101F500010F0F700DFF8A013EDB2072202FB05F244
:101F6000114481F83100DFF89003EDB2072101FB45
:101F700005F1084490F8320010F0F700DFF878130C
:101F8000EDB2072202FB05F2114481F832006D1C0C
:101F9000D4E501202A4908701220FEF7F9FAD64844
:101FA000006830F40040D44908600220D249096832
:101FB00060F39751D0480160CF48006ACE49C861AC
:101FC000CD48806ACC494862002081465FFA89F991
:101FD000B9F10E0F0EDAC8485FFA89F9484490F853
:101FE0003A00C5495FFA89F9494481F82C0019F192
:101FF0000109EBE70220DFF8C01A0880BDE8F78F7F
:102000003C0A002080B50120DFF8B01A08701220C9
:10201000FEF7BEFA0320DFF8A01A088001BD80B5E4
:102020001B20FEF7DAFAC048006850F00100BE49F4
:1020300008600120DFF8801A088001BD0000000060
:10204000420A002024080020400A0020048E0B4091
:10205000248E0B40F8B5012500260427DFF8600A1E
:10206000F6B20A2101FB06F10844B0F92600DFF8B8
:10207000541A0880DFF8480AF6B20A2101FB06F17B
:102080000844B0F84E00DFF8401A0880DFF8300A44
:10209000F6B20A2101FB06F10844B0F92800DFF886
:1020A000241A4880DFF8180AF6B20A2101FB06F16B
:1020B0000844B0F85000DFF8101A488000200400EF
:1020C000E4B2052C25DADFF8F809EDB20A2101FBAC
:1020D00005F10844E4B200EB4400B0F92000DFF859
:1020E000E419E4B201EB44018880DFF8D409EDB2D1
:1020F0000A2101FB05F10844E4B200EB4400B0F80A
:102100004800DFF8C419E4B201EB44018880641C84
:10211000D6E7DFF8AC09F6B20A2101FB06F1084464
:10212000B0F92000DFF89C19C881DFF89409F6B2F5
:102130000A2101FB06F10844B0F84800DFF88819CD
:10214000C881DFF87C09F6B20A2101FB06F10844D8
:10215000B0F92200DFF86C190882DFF86409F6B2E2
:102160000A2101FB06F10844B0F84A00DFF85819CB
:102170000882744890F9000010F1010F18D1DFF8BF
:102180004009F6B20A2101FB06F10844B0F9240027
:10219000DFF83019C880DFF82809F6B20A2101FB00
:1021A00006F10844B0F84C00DFF81C19C88088E03C
:1021B000644890F9000000280CD1DFF80809C088B5
:1021C000DFF800198880DFF80009C088DFF8F81808
:1021D000888076E05B4890F9000001280CD1DFF898
:1021E000E4088088DFF8DC184880DFF8DC088088A5
:1021F000DFF8D418488064E0524890F900000228C3
:102200000CD1DFF8C0084088DFF8B8180880DFF884
:10221000B8084088DFF8B018088052E0494890F9C3
:1022200000001F280CD1DFF89C08C089DFF8941843
:102230000882DFF89408C089DFF88C18088240E033
:10224000404890F9000020280CD1DFF878088089F8
:10225000DFF87018C881DFF870088089DFF8681827
:10226000C8812EE0374890F9000021280CD1DFF812
:1022700054084089DFF84C188881DFF84C08408901
:10228000DFF8441888811CE02E4890F900002228CD
:1022900017D1DFF82C08F6B20A2101FB06F1084439
:1022A000B0F92400DFF81C184881DFF81408F6B2F2
:1022B0000A2101FB06F10844B0F84C00DFF80818C9
:1022C0004881DFF8FC07EDB200EB4500007EDFF847
:1022D000FC170870DFF8E807EDB200EB4500B0F935
:1022E0000800DFF8A81C0880FEF7E8FA00F0ECFA16
:1022F000FEF756FAF1BD000094020020D909002033
:1023000080020020840200200C0A0020430A0020E2
:10231000440A0020450A0020740900205E090020BC
:1023200060090020D3090020700200200C800B40BF
:102330004BAE0100DF090020370A0020E009002031
:10234000380A0020DB090020EEAD01003E0A002023
:10235000F8B5032502260427DFF86407F6B20A2140
:1023600001FB06F10844B0F92600DFF8181C0880CC
:10237000DFF84C07F6B20A2101FB06F10844B0F879
:102380004E00DFF8041C0880DFF83407F6B20A219B
:1023900001FB06F10844B0F92800DFF8E81B48808B
:1023A000DFF81C07F6B20A2101FB06F10844B0F879
:1023B0005000DFF8D41B488000200400E4B2052C54
:1023C00025DADFF8FC06EDB20A2101FB05F108442D
:1023D000E4B200EB4400B0F92000DFF8A81BE4B23F
:1023E00001EB44018880DFF8D806EDB20A2101FB39
:1023F00005F10844E4B200EB4400B0F84800DFF80F
:10240000881BE4B201EB44018880641CD6E7DFF846
:10241000B006F6B20A2101FB06F10844B0F920002B
:10242000DFF8601BC881DFF89806F6B20A2101FBCD
:1024300006F10844B0F84800DFF84C1BC881DFF80B
:102440008006F6B20A2101FB06F10844B0F9220029
:10245000DFF8301B0882DFF86806F6B20A2101FBBC
:1024600006F10844B0F84A00DFF81C1B08826F48E8
:1024700090F9000010F1010F18D1DFF84406F6B210
:102480000A2101FB06F10844B0F92400DFF8F41A30
:10249000C880DFF82C06F6B20A2101FB06F10844D9
:1024A000B0F84C00DFF8E01AC88088E05F4890F987
:1024B000000000280CD1DFF8CC0AC088DFF8C41A6D
:1024C0008880DFF8C40AC088DFF8BC1A888076E00C
:1024D000564890F9000001280CD1DFF8A80A80883E
:1024E000DFF8A01A4880DFF8A00A8088DFF8981A81
:1024F000488064E04D4890F9000002280CD1DFF8D4
:10250000840A4088DFF87C1A0880DFF87C0A40885B
:10251000DFF8741A088052E0444890F9000010284F
:102520000CD1DFF8600AC089DFF8581A0882DFF89A
:10253000580AC089DFF8501A088240E03B4890F9F9
:10254000000011280CD1DFF83C0A8089DFF8341A2A
:10255000C881DFF8340A8089DFF82C1AC8812EE0A0
:10256000324890F9000012280CD1DFF8180A40898F
:10257000DFF8101A8881DFF8100A4089DFF8081A9E
:1025800088811CE0294890F90000132817D1DFF852
:102590003005F6B20A2101FB06F10844B0F9240027
:1025A000DFF8E0194881DFF81805F6B20A2101FBCF
:1025B00006F10844B0F84C00DFF8CC194881DFF888
:1025C0000005EDB200EB4500007EDFF8C41908708D
:1025D000DFF8EC04EDB200EB4500B0F90800DFF8DD
:1025E000081B0880FEF7FDFA00F0B9F9FEF71FF9A5
:1025F000F1BD0120DFF8F41A0870704780B51B2088
:10260000FDF7EBFFDFF88C09006850F00400DFF8FD
:1026100084190860DFF8D80A006830F48030DFF8E9
:10262000D01A086000F0C9FE01BD0000DC090020DE
:1026300019AE01003F0A0020410A00204AAE010005
:10264000C00800200407002080B5DFF8EC090078FE
:10265000002809D0DFF8E4090078002804D1DFF869
:10266000E0090078002803D00020DFF8D8190870AE
:10267000DFF8D4090068C0070FD5DFF8CC0900687F
:10268000C0F34000002808D0DFF8B809007802281D
:1026900003DB0120DFF8AC190870DFF8A809007827
:1026A000032803DB0220DFF89C190870DFF8940987
:1026B00000780228C0F20081DFF88809007802283B
:1026C0000FD1DFF8300A0288DFF82C0AB0F90000D9
:1026D000821812F5A0724FF4207092FBF0F0010006
:1026E00014E0DFF8100A0288DFF80C0AB0F90000E5
:1026F00012EB4002DFF8040AB0F90000121A12F5DA
:10270000A0724FF4207092FBF0F0010009B203298F
:1027100002DA0320010004E009B2272901DB2620A8
:102720000100DFF8DC0990F90000081ADFF8D4296D
:102730001070DFF8D00990F90000032804DB0320B3
:10274000DFF8C02910700BE0DFF8B80990F900003D
:1027500010F1020F04DA7FF00200DFF8A8291070F0
:10276000DFF8A40990F90000002824D4DFF89809C4
:1027700090F9000025281EDADFF88C090278DFF8CE
:10278000840900788218DFF880090270DFF8780980
:1027900090F90000002804D50020DFF86C291070A3
:1027A00009E0DFF8640990F90000252803DB242004
:1027B000DFF854291070DFF88C08007802280FD158
:1027C000DFF848090288DFF84809B0F900008218EC
:1027D00012F5A0724FF4207092FBF0F0010014E0AB
:1027E000DFF828090288DFF82809B0F9000012EBA9
:1027F0004002DFF82009B0F90000121A12F5A072A9
:102800004FF4207092FBF0F0010009B2032902DAC4
:102810000320010004E009B2182901DB17200100A0
:10282000DFF8F40890F90000081ADFF8F0281070BB
:10283000DFF8E80890F90000032804DB0320DFF844
:10284000DC2810700BE0DFF8D40890F9000010F1DC
:10285000020F04DA7FF00200DFF8C0281070DFF802
:10286000C00890F90000002826D4DFF8B40890F9D9
:102870000000162820DADFF8A8080278DFF89C08A4
:1028800000788218DFF898080270DFF8940890F951
:10289000000010F1010F05DA5FF0FF30DFF880284B
:1028A000107009E0DFF8780890F90000142803DBC5
:1028B0001320DFF86C281070FEF774FF00207F49AA
:1028C000087000F07AFD01BD80B5FEF726FBFEF72B
:1028D000CBFCDFF86C07007800283FD1DFF8280830
:1028E00090F90010DFF83C0800784118DFF8100874
:1028F0000170DFF80C080078262804DB2220DFF8BE
:10290000081808702AE0DFF8F8070078042816DBBA
:10291000DFF810080078062808D0DFF8E40790F9FF
:102920000000001FDFF8E017087017E0DFF8D0079D
:1029300090F90000C01EDFF8D01708700EE0DFF835
:10294000E4070078062805D05FF0FF30DFF8B817FD
:10295000087003E00020DFF8B017087001BD80B5F3
:10296000FEF7A4FBFEF7A0FDDFF8D40600780028F0
:102970004AD1DFF8AC0790F90010DFF8AC07007817
:102980004118DFF894070170DFF8A0070178DFF83D
:10299000900790F900004118DFF890070170DFF808
:1029A00078070078172804DB1320DFF87417087005
:1029B0002AE0DFF864070078042816DBDFF86807F0
:1029C0000078062808D0DFF8500790F90000001FB3
:1029D000DFF84C17087017E0DFF83C0790F90000AB
:1029E000C01EDFF83C1708700EE0DFF83C070078E7
:1029F000062805D05FF0FF30DFF82417087003E0E9
:102A00000020DFF81C17087001BD80B50020DFF83A
:102A1000DC16087000F084FC052000F05FFDDFF894
:102A200020060078DFF814160870DFF80C0600782E
:102A3000002804D00020DFF80816087012E0DFF844
:102A4000000600780C280DDB0120DFF8E416087082
:102A50000020DFF8E01608700020DFF8E4150870A9
:102A6000012021E0DFF8D0060068C0F30010002844
:102A700019D0DFF8C406006830F01000DFF8B8168F
:102A800008600120DFF8A81608700020DFF8A416FF
:102A900008700020DFF8A81508700020DFF89815EE
:102AA0000870012000E0002002BD0020DFF83C1685
:102AB0000870012070470000DC080020050A002093
:102AC000F4020020B403002024080020F6090020AE
:102AD0002DE9F8430020ADF80000DFF8600600881B
:102AE000002807D0102802D0122806D008E00420C1
:102AF000060007E00420060004E00420060001E0D0
:102B000004200600DFF834060088002810D01038B2
:102B100002280DD9401F01280AD9C01E08D0083844
:102B200000F0BB80203800F0B880303840F02782B9
:102B3000002080465FFA88F8B0450FD2DFF8000623
:102B400000685FFA88F810F80800DFF8F8155FFAF7
:102B500088F84144087418F10108EBE7DFF8E40550
:102B60000069DFF8E01548610020ADF800000120A1
:102B7000009960F304010091002080465FFA88F814
:102B8000B04580F08980DFF8B80500685FFA88F802
:102B900010F808000500DFF8AC055FFA88F8072197
:102BA00001FB08F1084480F82C50EDB2562D05D2F7
:102BB000EDB2280006F00AFB070001E00020070044
:102BC000DFF880055FFA88F8072101FB08F1084467
:102BD00090F8310010F0F700DFF868155FFA88F818
:102BE000072202FB08F2114481F83100DFF8540596
:102BF0005FFA88F8072101FB08F1084490F83100DA
:102C000067F30200DFF83C155FFA88F8072202FB41
:102C100008F2114481F83100DFF828055FFA88F8DE
:102C2000072101FB08F1084490F83100DFF8141582
:102C30005FFA88F8072202FB08F2114481F832009B
:102C4000012081465FFA89F9B9F1050F12DADFF840
:102C5000F4045FFA88F8072101FB08F108445FFAE1
:102C600089F94844DFF8E014097880F82C1019F14C
:102C70000109E7E7FFB2F81C009960F30C2100910D
:102C8000BDF80000DFF8BC145FFA88F801EB4801DA
:102C9000888418F1010871E771E1DFF8A004008869
:102CA000202807D1DFF8A404DFF8A4140978405CD9
:102CB00005000BE0DFF884040088402806D1DFF827
:102CC0009404DFF894140978405C050000208046E5
:102CD0005FFA88F8B04508D2DFF868045FFA88F830
:102CE0004044057418F10108F2E7DFF85804006960
:102CF000DFF8501448610320009960F30C21009123
:102D0000DFF838040088202802D10020040009E000
:102D1000DFF828040088402802D10020040001E0E8
:102D200000200400E4B2002C07D1DFF8140400688E
:102D3000007806F04BFA070007E0DFF804040068AB
:102D40000078401C06F042FA0700002080465FFA37
:102D500088F8B04580F01281052000FB08F00500DE
:102D6000E4B2002C4FD1DFF8D8030068EDB2405D2B
:102D7000DFF8D0135FFA88F8072202FB08F211444B
:102D800081F82C00DFF8B8030068EDB228444078E1
:102D9000DFF8B0135FFA88F8072202FB08F211444B
:102DA00081F82D00DFF898030068EDB228448078A0
:102DB000DFF890135FFA88F8072202FB08F211444B
:102DC00081F82E00DFF878030068EDB22844C0785F
:102DD000DFF870135FFA88F8072202FB08F211444B
:102DE00081F82F00DFF858030068EDB2284400791D
:102DF000DFF850135FFA88F8072202FB08F211444B
:102E000081F830004EE0DFF838030068EDB2284466
:102E10000079DFF830135FFA88F8072202FB08F226
:102E2000114481F82C00DFF818030068EDB2284443
:102E3000C078DFF810135FFA88F8072202FB08F267
:102E4000114481F82D00DFF8F8020068EDB2284443
:102E50008078DFF8F0125FFA88F8072202FB08F2A8
:102E6000114481F82E00DFF8D8020068EDB2284442
:102E70004078DFF8D0125FFA88F8072202FB08F2E8
:102E8000114481F82F00DFF8B8020068EDB2405D10
:102E9000DFF8B0125FFA88F8072202FB08F211444B
:102EA00081F83000DFF898020068EDB2405D5628E6
:102EB00004D2009850F01F00009003E000984009F1
:102EC00040010090DFF87C025FFA88F8072101FBDF
:102ED00008F1084490F8310067F3020099495FFA5D
:102EE00088F8072202FB08F2114481F83100954866
:102EF0005FFA88F8072101FB08F1084490F83200D6
:102F000067F302008F495FFA88F8072202FB08F294
:102F1000114481F832008B485FFA88F8072101FBE1
:102F200008F1084490F8310010F0F70085495FFA85
:102F300088F8072202FB08F2114481F83100814829
:102F40005FFA88F8072101FB08F1084490F8320085
:102F500010F0F7007B495FFA88F8072202FB08F2BD
:102F6000114481F83200BDF8000076495FFA88F814
:102F700001EB4801888418F10108E8E6FFE7BDE8A5
:102F8000F1830000C803002038080020B4090020A5
:102F9000F7090020700200207048007802284ADA01
:102FA0006E480078002802D0012822D043E06C4807
:102FB0006C4908606C486D4908606D486D4908604F
:102FC0006D486E4908606E486E4908606E486F49EA
:102FD00008606F486F4908606F4870490860704822
:102FE000704908607048714908607148714908600B
:102FF00021E071485B49086070485C49086070488E
:103000005C4908606F485D4908606F485D49086029
:103010006E485E4908606E485E4908606D485F49C9
:1030200008606D485F4908606C48604908606C48FA
:1030300060490860FFE77047D40900200C0A0020AF
:10304000E2090020430A00204802002080B56548BC
:103050000068C0070DD563480068C0F34000002831
:1030600007D1FEF7F7FF5F48006850F002005D49A6
:1030700008605C480068C0F3800000280DD0594803
:103080000068C0F3C000002807D1FFF761F9554878
:10309000006850F008005349086052480068C0F3C7
:1030A000400000281FD04F480068C0F3C00000282F
:1030B00019D0FFF79EFA4B48006840084000494984
:1030C00008604848006830F00200464908604548FA
:1030D000006830F00400434908604248006830F05E
:1030E00008004049086001BDB6090020D30900204E
:1030F00004800B40AA090020A2090020A609002094
:10310000EB090020440A0020DB090020AC09002064
:10311000A4090020A8090020EC090020450A00208D
:10312000DC090020E9090020EA090020E809002064
:10313000D9090020D809002080020020DC080020E6
:1031400004070020940200204BAE0100C6AD010030
:10315000E50900209EAD0100E4090020280A0020B6
:1031600077AE0100740700204EA901007807002007
:10317000BAA901007C07002084A901008007002073
:10318000F0A901008407002026AA0100880700207A
:10319000CEAA01008C0700207AAA01009007002027
:1031A00022AB010094070020E5B20100980700203F
:1031B00008C301009C07002099D7010076AB0100ED
:1031C000E2AB0100ACAB010018AC01004EAC010059
:1031D000F6AC0100A2AC01004AAD010007DC010021
:1031E0002AEC01007002002040B200280AD401221B
:1031F00010F01F018A40DFF8A01440B203005B0901
:1032000041F82320704740B200280AD4012210F070
:103210001F018A40DFF8841440B203005B0941F8C3
:103220002320704740B200280AD4012210F01F0169
:103230008A40DFF86C1440B203005B0941F8232098
:10324000704710B440B2002805D48A01DFF8543426
:1032500040B21A5408E08A01DFF84C3440B210F052
:103260000F04234403F8042C10BC704741F683601C
:10327000DFF83814086041F68360DFF83414086022
:10328000DFF83004006830F00400DFF8281408602C
:10329000704780B50920FFF7C5FF0920FFF7A4FF9D
:1032A0000521DFF8140406F058F801BD80B50021AF
:1032B000DFF8040406F051F801BDDFF800040088CF
:1032C000DFF8FC130880DFF8F8030088DFF8DC1370
:1032D0000860DFF8EC030088DFF8D4130860DFF83B
:1032E000D403006850F00400DFF8C813086070478A
:1032F00080B50020DFF8CC1308700920FFF792FF9B
:103300000521DFF8B40306F028F80920FFF76CFF69
:1033100001BD80B50021DFF8A00306F01EF801BD55
:1033200080B5DFF8A403006840084000DFF8981378
:103330000860DFF880030068C0F38000002804D133
:103340006420DFF88813087022E0DFF87403008837
:1033500040F2AB31884208D040F21A61884209D06D
:1033600040F6354188420AD00EE03C20DFF85C137D
:1033700008700DE06420DFF85413087008E0C820DE
:10338000DFF84813087003E0FF20DFF840130870EF
:103390000020DFF83C1308700021DFF8380305F047
:1033A000DCFF0A20FFF73EFF0521DFF8280305F0C8
:1033B000D4FF0A20FFF718FF01BD80B50A20FFF7F0
:1033C00022FF0021DFF80C0305F0C7FF01BD10B597
:1033D0000400200080B205F0EAFF0620FFF722FF7C
:1033E0000620FFF701FF01220321052005F0E8FF79
:1033F000012005F0CBFF10BD80B50620FFF703FFCD
:10340000002005F0C3FF01BD10B504000020B24943
:103410000870A408601EB0F1807F01D2022C00D297
:103420001EE05FF0FF30FFF7FDFE5FF0FF30FFF7BB
:10343000DBFEA948006850F00100A74908600020A1
:10344000A6490870601EA649086003215FF0FF309E
:10345000FFF7F7FE0020A34908600320A249086097
:1034600010BD80B55FF0FF30FFF7CDFE9A480068D1
:10347000400840009849086000209B49086001BD51
:1034800080B59A48006840084000984908600020CC
:1034900097490880FE2000F021F800209549088017
:1034A0009248006830F0100090490860002192486E
:1034B00005F053FF0B20FFF7B5FE05218E4805F000
:1034C0004CFF0B20FFF790FE01BD80B50B20FFF7EE
:1034D0009AFE0021884805F040FF01BD0021844A82
:1034E000118082490968C90701D484490870844958
:1034F0000968C1F3C011002902D00021814A11805E
:103500007047C0B20100302907D0C82905D0C929A9
:1035100003D0D82901D0E22903D100217A4A1180B1
:10352000FFE7704772480088401C71490880704866
:103530000088F12805DB7548006850F010007349D9
:1035400008606F480068C0F3C010002804D16D48BF
:103550000088401C6B4908806D480078002804D022
:1035600069480088401C6849088060480068C0F3CA
:10357000C000002804D05F480088401C5D490880D6
:10358000704780B55B480088F0280ADB5748006820
:1035900050F010005549086000205649088002F09C
:1035A000DCFE52480068C0F30010002805D04F48E8
:1035B000006830F010004D49086000F04CF85248A7
:1035C0000088782808DB4948006850F080004749A7
:1035D000086000204C49088044480068C0F3C010CF
:1035E000002815D04648006850F080004449086023
:1035F0000020474908700020464908704548007877
:10360000454908703948006830F080003749086043
:1036100037480088F02813DB3448006850F0010078
:103620003249086000203249088000203B49088068
:1036300020480068400840001E49086006F07CF8F9
:103640002A480068C00705D528480068400840009F
:103650002649086001BD2B4800887C2808DB2348E8
:10366000006850F04000214908600020254908808A
:103670001E480068C0F3801000280BD02048006866
:1036800050F080001E4908601848006830F0400083
:10369000164908607047000000E100E080E100E0AA
:1036A00080E200E000E400E018ED00E020400C4083
:1036B00024400C405002002000400C4034090020FF
:1036C000E0080020010A002084020020FF090020F9
:1036D000FA09002000410C40C8080020480A0020D8
:1036E00014E000E018E000E010E000E078020020C4
:1036F000BE090020C409002000420C40490A0020F5
:103700005C020020C0090020C209002080020020C5
:10371000200A0020220A0020210A0020DE080020C2
:103720000020DFF84018096831F08001DFF8342804
:103730001160022108000E21DFF82C2811700221EF
:10374000DFF8242851700521DFF81C28C0B211547D
:10375000DFF818180978DFF81028C0B20244517059
:103760000021DFF80428C0B2024491700021DFF884
:10377000F827C0B20244D1700021DFF8EC27C0B2B4
:1037800002441171411DDFF8E8271170DFF8D417EA
:10379000096851F00401DFF8CC2711607047002060
:1037A000022108000E21DFF8C02711700021DFF888
:1037B000B8275170E021DFF8B027C0B21154DFF80C
:1037C000B417098889B2090ADFF89C27C0B20244FD
:1037D0005170DFF8A0170988DFF88C27C0B20244C7
:1037E0009170DFF89417098889B2090ADFF8782701
:1037F000C0B20244D170DFF880170988DFF868276B
:10380000C0B202441171DFF87417098889B2090A3D
:10381000DFF85427C0B202445171DFF860170988FD
:10382000DFF84427C0B202449171DFF854170988C9
:1038300089B2090ADFF83027C0B20244D171DFF83B
:1038400040170988DFF82027C0B202441172DFF860
:103850003417098889B2090ADFF80C27C0B202447C
:103860005172DFF820170988DFF8FC26C0B2024445
:10387000917210F10B01DFF8F8261170DFF8E416F1
:10388000096851F00401DFF8DC261160704700215F
:10389000DFF8D006006830F08000DFF8C82610603E
:1038A000022001000E20DFF8C02610706420DFF82F
:1038B000B8265070DFF8D0060078DFF8D0261070F8
:1038C000DFF8CC06007803280DD1DFF8C0060078B9
:1038D00010F0060F07D1DFF8B406007850F00800AA
:1038E000DFF8A8261070DFF87C060068C0F34000FF
:1038F000002805D0FF20DFF87026C9B2505404E03C
:10390000FE20DFF86426C9B25054DFF8880600882C
:1039100080B2000ADFF85026C9B20A445070DFF8BE
:1039200074060088DFF84026C9B20A449070DFF8B8
:103930006806008880B2000ADFF82C26C9B20A4463
:10394000D070DFF854060088DFF81C26C9B20A449C
:103950001071DFF83006008880B2000BDFF808260F
:10396000C9B20A445071DFF81C06008880B2000911
:10397000DFF8F425C9B20A449071DFF81006007828
:10398000DFF8E425C9B20A44D071DFF810060068F8
:10399000C0F30010002814D0DFF8040690F90000EE
:1039A000401CDFF8C425C9B20A441072DFF8F405E0
:1039B00090F90000401CDFF8B025C9B20A445072EB
:1039C00019E0DFF8E4050278DFF8E0050078121A64
:1039D000121DDFF89405C9B208440272DFF8D00561
:1039E0000278DFF8D0050078121A121DDFF878058A
:1039F000C9B208444272DFF8C0050278D2F112025F
:103A0000DFF8B8050378DBB21B09DBB2032000FB4B
:103A10001322DFF85405C9B208448272DFF8A0050A
:103A20000278D2F11202DFF89C050378DBB21B09A1
:103A3000DBB2032000FB1322DFF82C05C9B20844D7
:103A4000C272DFF88405B0F90200C011DFF8182552
:103A5000C9B20A441073DFF87005B0F90400C01150
:103A6000DFF80425C9B20A445073DFF85C05B0F9E9
:103A70000600C011DFF8F024C9B20A449073DFF8E1
:103A80004805B0F90800C011DFF8DC24C9B20A44C7
:103A9000D073DFF83405B0F90A00C011DFF8C8248C
:103AA000C9B20A441074DFF82005B0F90C00C01147
:103AB000DFF8B424C9B20A445074DFF81005B0F935
:103AC0000200C011DFF8A024C9B20A449074DFF8E4
:103AD000FC04B0F90400C011DFF88C24C9B20A4418
:103AE000D074DFF8E804B0F90600C011DFF87824DC
:103AF000C9B20A441075DFF8D404B0F90800C01147
:103B0000DFF86424C9B20A445075DFF8C004B0F984
:103B10000A00C011DFF85024C9B20A449075DFF8DA
:103B2000AC04B0F90C00C011DFF83C24C9B20A445F
:103B3000D07511F11800DFF838241070DFF8240474
:103B4000006850F00400DFF81C241060704710B4C7
:103B5000002100220023DFF80C04006830F0800010
:103B6000DFF8004420600120020039200300022019
:103B700001000E20DFF8F0432070DFF854040078D5
:103B8000082804D16620DFF8E043607002E0DFF827
:103B9000D8034270DFF83C040078032837D1DFF8FF
:103BA00038040078002805D10120DFF8BC43C9B2F1
:103BB000605411E0DFF8200400781C00E4B2A04259
:103BC00005D10320DFF8A043C9B2605404E002200D
:103BD000DFF89443C9B26054DFF8FC030078DFF8E3
:103BE0008843C9B20C446070DFF8F003008880B2EB
:103BF000000ADFF87443C9B20C44A070DFF8DC039C
:103C00000088DFF86443C9B20C44E07016E000207D
:103C1000DFF85443C9B260540020DFF84C43C9B206
:103C20000C4460700020DFF84043C9B20C44A0701F
:103C30000020DFF83443C9B20C44E070DFF8A00381
:103C4000006810F00100DFF82043C9B20C44207175
:103C5000DFF89003008880B2000ADFF80C43C9B295
:103C60000C446071DFF87C030088DFF8FC42C9B2C5
:103C70000C44A071DFF87003008880B2000ABA4CCF
:103C8000C9B20C44E071DFF860030088B64CC9B2D9
:103C90000C44207211F10900B54C2070B148006845
:103CA00050F00400AF4C206010BC704730B40024CA
:103CB000AC4B1B6833F08003AA4D2B60C0B20528C3
:103CC00002D101231C0001E000231C000E23A64D9D
:103CD0002B700423A44D6B70DFF810331B781B018D
:103CE000A14DAB70A04B9D7810F00F031D439E4B70
:103CF0009D7000239C4DEB7000239B4D2B71CB01DD
:103D0000994D6B71984B5B79A50115F040052B43DC
:103D1000954D6B710023944DAB710023924DEB7167
:103D20000023914D2B7200238F4D6B7200238E4D1B
:103D3000AB7200238C4DEB7200238B4D2B73002351
:103D4000894D6B730023884DAB730023864DEB7355
:103D50001023874D2B70834B1B6853F00403814D58
:103D60002B6030BC70477F48006830F080007D4990
:103D700008609F48006850F002009D490860CF200D
:103D8000794908700F20784908707748007850F01A
:103D9000C000754908702420734948701520724985
:103DA000887005207049C87000206F4908710E2086
:103DB0006D49487105206C4988718E488E49097893
:103DC000405650F0100010F07F006749C8717F2006
:103DD000654908720020644948720020624988726F
:103DE00001206149C87201205F49087304205E49BF
:103DF000487300205C49887309205B49C87313200D
:103E0000594908740020584948740020564988745C
:103E10001320574908705348006850F00400514976
:103E200008607047DFF8700B0078662802D07328AE
:103E300023D078E0DFF8640B007805281CD1DFF888
:103E4000580B40786C286ED1DFF84C0B80786128D5
:103E500069D1DFF8440BC078732864D1DFF8380BE0
:103E6000007968285FD1DFF8900B008850F00100DE
:103E7000DFF8841B088056E055E0DFF8200B00785F
:103E8000072822D1DFF8100B40786C284BD1DFF8DF
:103E9000080B8078652846D1DFF8FC0AC0786528D1
:103EA00041D1DFF8F40A007970283CD1DFF8E80A44
:103EB00040794F2837D1DFF8E00A80794E2832D197
:103EC0000120DFF8381B08702DE0DFF8D00A0078F9
:103ED000082827D1DFF8C00A40786C2823D1DFF802
:103EE000B80A807865281ED1DFF8AC0AC07865284A
:103EF00019D1DFF8A40A0079702814D1DFF8980AE4
:103F000040794F280FD1DFF8900A807946280AD1EE
:103F1000DFF8840AC079462805D10020DFF8E01ACE
:103F2000087000E0FFE770470021080040B20A284F
:103F300006DA0021DFF8602A40B21154401CF5E790
:103F40000021DFF8582A11700D21074A1170012154
:103F5000074A11700349096851F00401014A1160D0
:103F6000704700005C02002028060020280A00207C
:103F7000FB09002006090020FA080020FC080020A8
:103F80000209002004090020F2090020060A00208E
:103F90000B0A00201E0900202009002064020020D6
:103FA000DB090020DC090020E6090020E4090020EC
:103FB000E7090020E50900200D0A0020390A002049
:103FC0000E0A00203A0A0020640300207803002033
:103FD000200A00201F0A0020270A0020780900205C
:103FE000D0080020BA090020BC0900202D0A0020BA
:103FF0005802002055AE0100E109002038B5040048
:104000002000C0B204F04AF8002840F0C384200029
:10401000C0B2FFF776FA2000C0B20A2866D00D2899
:1040200064D0252800F0A1832A2800F001832B28E2
:1040300000F07E822D2800F096822E2800F0AE82BD
:104040002F2800F06E83302800F0B981312800F06D
:10405000F581322800F00E82332800F027823A28BA
:1040600000F09D823B2800F09B82402800F06B838B
:10407000432800F09682462800F034824E2800F053
:10408000AD824F2800F088815E2800F038836128D7
:1040900000F0F38063283DD065284AD066286FD0B1
:1040A000682800F04E816C2800F09680702800F09F
:1040B000D180732800F00C81802800F0AA83812829
:1040C00000F0BF83C82800F0D483C92800F0D6834D
:1040D000D82800F0F083E22800F0FE83E62800F004
:1040E0001884EF2800F02C8400F047BCFFF79AFEFC
:1040F000002005006DB20A2D06DA0020DFF89818BE
:104100006DB248556D1CF5E70020DFF89018087077
:1041100000F040BCDFF8E8080078002807D1DFF89D
:10412000C00B007850F00800DFF8B41B087000F0F6
:1041300031BCDFF86808007802280DD1DFF8580894
:1041400040786C2808D16520DFF84C18887003206F
:10415000DFF84818087011E0DFF8400800780328FD
:104160000CD1DFF834088078652807D16520DFF8A6
:104170002818C8700420DFF82418087000F00ABC62
:10418000DFF87C080078002840F00484DFF80C0891
:10419000007800281DD16620DFF8FC170870012088
:1041A000DFF8F8170870DFF83C0B0078002812D110
:1041B0006620DFF8341B08700120DFF8301B087020
:1041C000DFF82C0B006850F00400DFF8241B0860B7
:1041D00001E0FFF7A9FEDDE3DFF8C0070078012862
:1041E00022D1DFF8B407007866281DD16C20DFF8F3
:1041F000A81748700220DFF8A4170870DFF8E40A57
:104200000078002825D16C20DFF8DC1A0870012026
:10421000DFF8D81A0870DFF8D80A006850F00400F8
:10422000DFF8CC1A086014E0DFF870070078012886
:104230000DD1DFF864070078732808D16C20DFF80F
:10424000581748700220DFF85417087001E0FFF794
:104250006BFE9FE3DFF84407007804280CD1DFF8F9
:104260003807C078652807D17020DFF82C1708714F
:104270000520DFF8281708708CE3DFF820070078A6
:10428000022822D1DFF8100740786C281DD1612068
:10429000DFF8041788700320DFF800170870DFF8D4
:1042A000440A0078002812D16120DFF83C1A087017
:1042B0000120DFF8381A0870DFF8340A006850F07F
:1042C0000400DFF82C1A086001E0FFF72DFE61E31F
:1042D000DFF8C8060078032822D1DFF8BC06807812
:1042E00061281DD17320DFF8B016C8700420DFF8F4
:1042F000AC160870DFF8EC090078002820D1732094
:10430000DFF8E41908700120DFF8E0190870DFF821
:10431000E009006850F00400DFF8D41908600FE0ED
:10432000DFF878060078002808D17320DFF86816D7
:1043300008700120DFF86416087001E0FFF7F4FD53
:1043400028E3DFF858060078042822D1DFF8480671
:10435000C07873281DD16820DFF83C16087105204D
:10436000DFF838160870DFF87C090078002812D1D1
:104370006820DFF8741908700120DFF870190870E0
:10438000DFF86C09006850F00400DFF86419086079
:1043900001E0FFF7C9FDFDE2DFF80006007805281F
:1043A0000CD1DFF8F4050079702807D14F20DFF831
:1043B000E81548710620DFF8E4150870EAE20020ED
:1043C000DFF8301908700020DFF82C190870DFF8CA
:1043D00028090078DFF824190870DFF80809007848
:1043E000002815D1DFF80809006830F08000DFF8F8
:1043F0000019086040F63540DFF804190880DFF83E
:104400000409006850F00800DFF8F818086014E0AC
:10441000DFF8DC08006830F08000DFF8D4180860AE
:1044200040F63540DFF8E0180880DFF8D80800686B
:1044300050F00800DFF8CC180860ABE2DFF8C005E8
:104440000078002840F0A68240F25B10DFF8B01838
:104450000880DFF89C08006850F08000DFF89018B2
:104460000860DFF8A008006850F00800DFF8941832
:1044700008608FE2DFF888050078002840F08A8223
:1044800040F21A60DFF878180880DFF864080068E6
:1044900050F08000DFF858180860DFF868080068FE
:1044A00050F00800DFF85C18086073E2DFF8500590
:1044B0000078002840F06E8240F63540DFF8401862
:1044C0000880DFF82C08006850F08000DFF8201822
:1044D0000860DFF83008006850F00800DFF82418A2
:1044E000086057E2DFF8B404007806280DD1DFF841
:1044F000A80440794F2808D14620DFF89C14887121
:104500000720DFF89814087011E0DFF890040078B5
:1045100007280CD1DFF880048079462807D146208F
:10452000DFF87414C8710820DFF87014087031E2E5
:10453000DFF8CC040078002840F02C820220DFF85D
:10454000CC170870DFF8C807006850F04000DFF8AB
:10455000C0170860DFF8BC07006850F01000DFF8F3
:10456000B417086016E2DFF898040078002840F0DD
:1045700011820120DFF894170870DFF894070068B3
:1045800050F04000DFF888170860DFF888070068FF
:1045900050F01000DFF87C170860FBE1FAE1F9E168
:1045A000F8E1DFF85C040078002840F0F381DFF8E0
:1045B00034070078002808D1DFF85C07006830F085
:1045C0004000DFF85417086007E0DFF84C07006888
:1045D00030F04000DFF840170860DBE1DFF8040747
:1045E0000078002808D1DFF83007006850F040005C
:1045F000DFF8241708601AE0DFF8A0030078062827
:104600000DD1DFF8940340794F2808D14E20DFF810
:10461000881388710720DFF88413087007E0DFF83B
:10462000F806006850F04000DFF8EC160860B1E1D1
:10463000DFF8B0060078002854D1DFF8B40600682F
:1046400030F08000DFF8A8160860DFF8D0060068B8
:1046500050F00200DFF8C4160860C020DFF88816AA
:1046600008702C20DFF8801648700820DFF87816D4
:1046700088701A20DFF87016C8703820DFF86816C6
:1046800008717F20DFF8601648710720DFF85816A0
:1046900088713F20DFF85016C8713F20DFF84816B8
:1046A0000872DFF87C06007810F07F00DFF838161B
:1046B0004872DFF87006007810F07F00DFF82816E7
:1046C00088727F20DFF82016C8720C20DFF81C16D5
:1046D0000870DFF81C06006850F00400DFF81016C0
:1046E00008600BE0C6480078002807D1DFF8F00525
:1046F000007850F00100DFF8E81508704AE1DFF8B3
:10470000E4050078002802D1FFF72DFB08E0BC4843
:104710000078002840F03E81FFF725FB01F03AFECB
:1047200038E1DFF8C0050078002802D1FFF737F83C
:1047300008E0B3480078002840F02C81FFF72FF8FC
:1047400001F028FE26E1DFF89C050078002802D160
:10475000FFF79DF808E0AA480078002840F01A8189
:10476000FFF795F801F016FE14E1DFF88405006804
:1047700030F08000DFF878150860DFF8A0050068E9
:1047800050F00200DFF894150860C120DFF85815DA
:1047900008700020DFF8501548700020DFF8481539
:1047A00088700020DFF84015C8700020DFF8381549
:1047B00008710020DFF8301548710020DFF8281557
:1047C00088710020DFF82015C8710020DFF8181567
:1047D00008720020DFF8101548720020DFF8081575
:1047E00088720B20DFF804150870DFF804050068F4
:1047F00050F00400DFF8F8140860DFF8E8040078EF
:10480000012805D17E480078002801D101F0C2FDC1
:10481000C0E00020DFF810150870FEF7BDFBDFF8E0
:10482000C4040078002802D1FEF77AFF08E074483B
:104830000078002840F0AE80FEF772FF01F0AAFD7C
:10484000A8E00120DFF8E0140870FEF7A5FBDFF810
:1048500094040078002802D1FEF762FF08E068485F
:104860000078002840F09680FEF75AFF01F092FD94
:1048700090E00120DFF8B41408708BE00120DFF82D
:10488000741408700F20DFF8A81408700120DFF8F6
:10489000A41408700020DFF8A01408700120DFF8CD
:1048A0008C140870DFF86C04006850F01000DFF81A
:1048B000641408606EE0DFF82C040078002802D150
:1048C000FFF745F907E04E480078002862D1FFF76E
:1048D0003EF901F05FFD5DE00820DFF81814087074
:1048E0000F20DFF84C1408700120DFF8481408701E
:1048F0000020DFF8441408700120DFF8301408703D
:10490000DFF81004006850F01000DFF808140860A9
:1049100040E0DFF828040078002810D138480078FB
:10492000002837D1DFF818040288DFF8180401786E
:10493000DFF814040078FFF7B9F901F02BFD29E046
:104940002F480078002825D1DFF8000400684008CF
:104950004000DFF8F8130860DFF8B803006850F093
:104960001000DFF8B0130860DFF8A403006850F00F
:104970002000DFF89C1308600CE0084800780A2843
:1049800003DA054805490978445404480078401C76
:104990000249087031BD00008C060020FC0900208F
:1049A00010B5DFF8AC030078002824D0DFF8A403AA
:1049B0000078411CDFF89C231170DFF89C13C0B213
:1049C0000856040002F03EF9DFF884030078DFF8AF
:1049D00084130978C0B2884207D10020DFF8701331
:1049E00008700020DFF86C13087002F029F920002D
:1049F00040B2FFF703FB10BD2E090020CE090020B6
:104A0000CF09002080B500F001F801BD70B5002489
:104A10000025DFF8FC020068C0F34000002840F0E9
:104A20005E81B3480068C00708D5DFF8E802006877
:104A300050F00200DFF8DC12086050E1DFF8D40229
:104A4000006830F00200DFF8CC120860A848006867
:104A5000C0F3C010002800F00081DFF800030078E8
:104A6000002804D0DFF8F8020078002803D0EEF721
:104A70005DFBF5F7FFFA9E480068C0F34000002890
:104A800013D10020DFF8D4120870DFF8900200681C
:104A900030F00800DFF8841208600020DFF8C4124C
:104AA00008700020DFF8C0120870DFF8700200689C
:104AB000C0F3C000002822D0DFF8B0020078002840
:104AC0001CD1DFF8AC02007850F0A000DFF8A4128F
:104AD00008708748006830F04000854908608448C5
:104AE000006830F0020082490860DFF828020068A0
:104AF00040084000DFF81C12086033E0EFE0DFF808
:104B000014020068C0071DD579480068C0F3801002
:104B1000002840F0E4807648006850F04000744976
:104B200008608020DFF84C1208700020DFF848127F
:104B30000880DFF81802006850F04000DFF80C121F
:104B400008600FE0DFF8CC01006850F00100DFF8EA
:104B5000C4110860A020DFF81C1208700020DFF8E4
:104B600018120880DFF8140200880400DFF8100231
:104B700000880500200080B2000A40B2401010F00A
:104B80007F00DFF8F0114870200080B2800810F03C
:104B90007F00DFF8E0118870280080B2000A40B280
:104BA000401010F07F00DFF8CC11C870280080B2F0
:104BB000800810F07F00DFF8BC110871DFF8B80141
:104BC000007810F07F00DFF8AC114871600110F040
:104BD0006000E90011F018010843DFF89C11B1F9F9
:104BE0000010C91111F007010843DFF8881188711E
:104BF000DFF890010088DFF890110880DFF88C0161
:104C00000088DFF88C110880DFF87C01007810F054
:104C10007F00DFF86011C871DFF87401007810F0D0
:104C20007F00DFF850110872DFF84C01B0F9000086
:104C3000012803DB0020DFF85C110880DFF8540155
:104C40000088C0F34600DFF82C1148720A20DFF814
:104C500048110870F7F786FD41E025480068C0F369
:104C6000800000283BD02248006830F00400204932
:104C700008600020060030001C490978C0B2884254
:104C800008D21948F6B2805DDFF8E810F6B2885510
:104C9000761CF0E715480078DFF8FC100870F7F78D
:104CA00061FD1E480068C0F34000002817D01B4873
:104CB000006830F002001949086040F25B101049AA
:104CC00008800B48006850F0800009490860DFF850
:104CD000CC00006850F00800DFF8C010086070BD1C
:104CE000070A0020FE09002028060020FB090020FA
:104CF0005C020020200A0020220A0020210A002055
:104D00003409002050020020E00800202F0A002073
:104D10006C02002080020020640200205802002063
:104D2000FFEF0300FEEF0300280A00201F0A002007
:104D30001C0A00201D0A0020E1090020D2090020E1
:104D4000CC090020520A0020500A002084020020D2
:104D5000EE090020EF09002098060020D409002069
:104D60000C0A0020290A00202C0A0020E209002059
:104D7000F4090020A80600202209002024090020B0
:104D8000260900205209002036090020540900207D
:104D90003809002074090020F0090020500200208A
:104DA00040B200280AD4012210F01F018A40DFF827
:104DB000A81B40B203005B0941F82320704780B56F
:104DC00001F040FFFEF772FA002072490870724845
:104DD000006850F00100704908607048006850F0A9
:104DE00040006E4908606C48006830F008006A496D
:104DF000086003206A4908700020DFF8601B087013
:104E000001F01EFF02F0C2FC02F061F803F045F869
:104E100004F092FC01BD80B503F03FF861480068E2
:104E200030F080005F490860DFF8340B006830F034
:104E30008000DFF82C1B086004F09DFB01F07AFA7B
:104E4000C120DFF8201B0860DFF8180B00688047DE
:104E500001BD80B5FEF764FA50480068C00721D54F
:104E6000DFF8040B0078DFF8041B09788842F3D3DD
:104E70004A4800684008400048490860DFF8F00AE6
:104E8000006830F00200DFF8E81A0860DFF8E00A96
:104E9000006830F00800DFF8D81A0860FEF78DFAD5
:104EA000012002E0FEF789FA002002BD80B5FEF77E
:104EB00037FADFF8BC0A0068C0F3C000002821D030
:104EC000DFF8A40A0078DFF8A41A09788842F0D342
:104ED000324800684008400030490860DFF8900A16
:104EE000006830F00200DFF8881A0860DFF8800AF6
:104EF000006830F00800DFF8781A0860FEF75DFA05
:104F0000012002E0FEF759FA002002BD2DE9F84326
:104F10000020804600208146002005000020060079
:104F20004FF440500400B4F57C3F11D202F0B5FFBD
:104F30002700387890EA0808781C007890EA090978
:104F4000B81C00784540F81C00784640241DEAE76C
:104F50000F20DFF8201A81F82000DFF8180A90F8F7
:104F6000200050F01000DFF80C1A81F82000DFF864
:104F7000040A80F82180DFF8FC0980F82290DFF82D
:104F8000F40980F82350DFF8EC0980F82460BDE8CC
:104F9000F1830000090A0020800200205C0200204A
:104FA000CF090020048E0B4038B5002401F048FEE4
:104FB000FEF78BFAFEF764FAFEF778F9FEF756F97A
:104FC000FEF767F902F032FCDFF8AC09006850F038
:104FD0000100DFF8A419086002F05FFF0220DFF88B
:104FE0009C1908704CF25030DFF894190880DFF8F3
:104FF00094090068C0F34010002820D0DFF8880929
:10500000006850F01000DFF8801908600020DFF819
:105010007C190880DFF86009006840084000DFF86C
:105020005819086004F088FBDFF85809006830F070
:105030002000DFF850190860012002F068FFFEF739
:10504000A0FADFF84C090068C0F3C010002818D09F
:10505000DFF83C090068C00701D5FFF7FAFEDFF86A
:1050600028090068C00706D5DFF824090068C0F3E6
:105070008010002805D100F0A7FCFFF7EAFE002809
:10508000EDD0DFF810090068C0070DD4DFF804097F
:105090000068C0F34000002806D1DFF8F808006877
:1050A000C0F3800000280AD0DFF8E4080068C007D9
:1050B00001D5FFF7CEFE03F05FFDFFF7F7FEDFF847
:1050C000C4080068C0F34000002827D0DFF8BC08FF
:1050D0000088002804D0DFF8C008008800281DD10F
:1050E0000020DFF8B81808700020DFF8B418088036
:1050F000DFF89008006850F00400DFF888180860B6
:105100000020DFF8A01808800F20DFF89C18087036
:105110000021DFF89808007803F059FADFF89008CA
:105120000068C0F34000002823D0DFF8640800685E
:10513000C0F3C01000281CD0DFF854080068C00776
:1051400001D5FFF786FE002001F00EF80400DFF81D
:1051500040080068C00701D5FFF77BFEE4B2002CD1
:1051600007D0DFF84C08006830F00200DFF8401884
:105170000860DFF840080078DFF8301809788842C6
:105180003DD0DFF828080078DFF82C180870DFF829
:1051900024080078012806D029D3032815D00BD382
:1051A00004281BD023E0DFF814080178DFF8040896
:1051B000007803F022FB1AE0DFF800080178DFF83E
:1051C000F407007803F0A2FA11E0DFF8F0070178A5
:1051D000DFF8E007007803F099FA08E0DFF8DC0771
:1051E0000178DFF8D007007803F007FBFFE7DFF86E
:1051F0009407006830F04000DFF888170860DFF897
:10520000C0070068C0F30010002820D0DFF8800736
:105210000068C0F3C010002819D0DFF874070068D8
:10522000C00701D5FFF715FEDFF89807007801F0F9
:1052300013F80400E4B2002C01D0FFF737FEDFF8CA
:105240008007006830F01000DFF874170860DFF89E
:10525000E40B007800285ED0DFF814070068C0F384
:10526000C000002801D0FFF721FEDFF80407006826
:10527000C0F3C000002801D0FFF718FEDFF83007A8
:105280000068C0F34000002810D0002000F06CFF40
:105290000400E4B2002C09D0FFF708FEDFF8100785
:1052A000006830F00200DFF808170860DFF8FC063D
:1052B0000078032804D0DFF8F406007802282AD109
:1052C000DFF8740B0078012825D0DFF8A406006809
:1052D000C0F3C000002801D0FFF7E8FD012002F074
:1052E00016FEDFF88C060068C0F3C000002801D06D
:1052F000FFF7DCFDDFF8400B007801280BD0012020
:1053000002F005FEDFF868060068C0F3C000002860
:1053100001D0FFF7CBFDDFF8240B0078002831D156
:10532000DFF8100B007800282CD001F08BFC04F083
:10533000EAFAFDF7BBFF03F0DAF9DFF8041B088097
:10534000DFF8FC0A0088FEF742F80520FFF728FD89
:1053500001F076FC01F0BBFD02F09FFD01F072FC54
:10536000FEF74AF8FDF782FFFDF793FF04F01EFBFE
:1053700001F066FCDFF80006006850F00100DFF87D
:10538000F8150860DFF8B40A0078002816D1DFF8B5
:10539000A40A0078002811D0DFF8A80A0078401C81
:1053A000DFF8A01A0870DFF89C0A0078002805D002
:1053B0000020DFF8901A0870FEF7B4F8FFF7F0FA53
:1053C00000F002FBDFF8B80B0078000711D5FFF7FB
:1053D0009DFDDFF8AC0B007810F0F700DFF8A01BA4
:1053E0000870DFF89C0B007850F00400DFF8901B89
:1053F0000870DFF8900B0078C00701D5FFF70BFDB0
:10540000DFF8840B0078002818D001F0FDFDDFF8EC
:10541000780B007800280FD00020DFF8801B087080
:10542000FFF717FD002804D00020DFF85C1B087090
:1054300002E000F0C9FAEAE701F0E7FDDFF81C0539
:105440000078002819D0DFF828050068C0F3400074
:105450000028F8D1FFF7B3FCDFF8300B0078DFF855
:10546000301B0978C0B2884202D0FFF799FAF3E7FF
:10547000DFF8200B00780328E5D0DFF8B8090078C2
:10548000002811D0DFF8100B0068C0070CD4DFF83B
:10549000E804006840084000DFF8DC1408600020E1
:1054A000DFF8E814088097E5DFF8CC040068C0074F
:1054B00005D4DFF8D8040088002800F00981DFF85F
:1054C000E00A0068C00700F10381DFF8AC0400685F
:1054D00040084000DFF8A0140860F9F703FA05005F
:1054E0002DB2002D0FD1DFF8BC0A006830F080002B
:1054F000DFF8B01A0860DFF86804006830F0800058
:10550000DFF85C140860DFF88404008800280CD100
:10551000DFF8940A0068C00707D4DFF85C0400686D
:10552000C00702D4012002F0F2FCF6F7B7FBF6F751
:10553000DDFB2DB2002D00F0B680FDF7B7FEDFF8E1
:10554000F4080078002806D1DFF838040068C0F3BA
:10555000C00000280FD0DFF82C04006850F00200D3
:10556000DFF8201408600120DFF8301408700020F4
:10557000DFF82C1408800020DFF8B8180870FCF75A
:105580002BF8FDF79AFEFDF7B3FEFDF75FFDDFF8A0
:105590001C0A0078002804D1DFF8140A00780B28D0
:1055A000F3DBDFF8080A0078002879D0FDF77DFAF0
:1055B000002870D00120DFF8FC190870FDF744F8CE
:1055C000FDF723FA002812D0FDF7A3FE04F0B4F88B
:1055D000DFF860080078002806D1DFF8A80300682B
:1055E000C0F3C000002801D002F02CFBF4E4DFF887
:1055F000AC09007800284DD0DFF8680B007800284F
:1056000048D104F0B4F8F4F7B3FBF5F759FC04F013
:1056100074FCDFF88C090068C0F3401000280BD040
:10562000EFF7BCFC0120DFF890190870F4F7A0FB3D
:105630000020DFF884190870DFF848030068C0F321
:10564000400000280ED003F02BF9DFF85C09006859
:10565000C00703D5032003F027FA02E0012003F07E
:1056600023FA6DE0FFF79CF900F0AEF9DFF830099E
:105670000068C0F3801000280CD0DFF8240900680F
:1056800030F04000DFF818190860FDF742FE04F022
:1056900053F8A1E454E0FDF73CFE04F04DF89BE420
:1056A00004F04AF898E4DFF800090068C0077FF5C5
:1056B00093ACB148006850F00100AF490860DFF8D2
:1056C000E808006840084000DFF8DC18086083E460
:1056D000A9480068C00703D4AC480088002817D048
:1056E000DFF8BC080068C00712D5A348006840086E
:1056F0004000A149086004F01FF8A4480088002871
:105700003FF46AACA1480088401EA049088063E4C9
:105710000020DFF8881808709D48006830F002000B
:105720009B49086000F050F9FFF73AF99548006886
:10573000C0F3801000287FF44FAC01F085FA4BE4F1
:105740008D48006830F008008B49086001F05CFC6F
:1057500004208A490870042002F0D9FB02F09DFB66
:10576000FDF779FFFFF71CF9FDF770FCDFF83C0847
:105770000078002800F09180FDF747F900280DD04F
:10578000DFF8B0060078002805D17E480068C0F335
:10579000C000002801D002F055FAC2E0DFF8FC0793
:1057A0000078002818D0DFF8BC090078002813D151
:1057B00003F0DDFFF4F7DCFAFCF746FFF5F780FBBA
:1057C00004F09BFBDFF8D8070068C0F34010002806
:1057D00004D0EFF7E3FB01E0FCF736FF694800680F
:1057E000C0F34000002803D003F05AF803F003FA96
:1057F0006E48007801281FD1DFF8500A0078002891
:105800001AD103F0F5FADFF8480A0068C00713D58B
:1058100003F03EFBDFF8380A0068C0F340000028C0
:105820000AD00120DFF82C1A08705748006850F0A1
:1058300010005549086074E000F0C6F8DFF8600712
:105840000068C0F38010002808D0DFF85407006813
:1058500030F04000DFF84817086062E04648006812
:10586000C0F3C00000280BD0FDF753FDFDF725FD68
:10587000FDF73EFD4048006830F008003E490860F2
:10588000DFF800070078C00701D5FFF7C4FADFF89A
:10589000F006007800070DD543E0DFF81407007824
:1058A0000B283EDA38480068C0F34000002801D0D9
:1058B00000F08AF8DFF8CC0A007800282CD000200D
:1058C00005002800DFF8BC1A097880B289B2884246
:1058D0001ED22F480068C00704D5DFF8D406007830
:1058E0000B28F6DBDFF8A00AADB230F81500DFF8C0
:1058F0009C1A0880DFF8980AADB230F81500DFF87E
:10590000CC1A0880F4F7B6FB00F05EF86D1CD8E7FF
:105910000020DFF8701A08701048007800283FF463
:105920001AAF01F072FB1A48006830F00200184903
:105930000860FDF7EEFCDFF86C06006830F08000D0
:10594000DFF8601608600648006830F080000449FF
:105950000860FFF731BB000000E100E0CE09002045
:10596000248E0B4044020020FA090020FF09002089
:1059700008070020A806002050020020040A00208A
:10598000C60900206C02002080020020DE080020F2
:105990005C020020CC0700208E090020350A002080
:1059A000900900208C090020340A00202D0A0020D4
:1059B000D00800202F0A0020310A0020300A0020E1
:1059C00070020020320A002080B5DFF8BC0A0068AF
:1059D000C0F3C010002800F02B82DFF86C040068D0
:1059E000C0F3400000280BD1DFF89C0A0068C00714
:1059F00006D4DFF854040068C0F3C000002822D0A9
:105A0000DFF8CC090078411CDFF8C4291170C0B25E
:105A10004828C0F20D82DFF83004006830F0020040
:105A2000DFF824140860DFF8600A006840084000CE
:105A3000DFF8541A0860DFF81004006830F008003E
:105A4000DFF8041408600020DFF884190870DFF81C
:105A5000F8030068C0F34000002840F0E981DFF857
:105A6000E8030068C0F3C000002840F0E181DFF8DF
:105A70004C050078002840F0DB81DFF8100A006850
:105A8000C0F34000002840F0D381DFF81005007813
:105A9000002804D0DFF8CC060078002803D0EDF70A
:105AA00045FBF4F7E7FADFF8E0090068C0F34000CF
:105AB000002813D10020DFF8E4140870DFF8D009C3
:105AC000006830F00800DFF8C81908600020DFF82F
:105AD000C41908700020DFF8B0140870DFF8B009AE
:105AE0000068C0F3C000002800F0D480DFF8A809E7
:105AF0000078002840F0CD80DFF8A0090078401C35
:105B0000DFF898190870DFF8940900780F2803DB94
:105B10000020DFF8881908700120DFF88419087068
:105B2000DFF880090068C0F38000002819D0DFF892
:105B30007409006830F00400DFF868190860DFF8C5
:105B400068090078C001DFF8581948710020DFF8B3
:105B500050198871BC48006850F00800BA490860C4
:105B60005CE1DFF848090088DFF844190880DFF8B5
:105B700044090088DFF840190880DFF84009007800
:105B8000DFF83C190870DFF8380900780001DFF809
:105B900030190870DFF80809007850F08000DFF84D
:105BA00000190870DFF8F8080178DFF814090078A8
:105BB0000143DFF8EC080170DFF8F408008880B2D8
:105BC000000ADFF8DC184870DFF8E4080088DFF826
:105BD000D0188870DFF8E008008880B2000ADFF88B
:105BE000C018C870DFF8D0080088DFF8B418087152
:105BF000DFF8D008B0F90000001210F00F00DFF855
:105C0000A0184871DFF8BC080088DFF89418887184
:105C1000DFF8B008B0F90000012803DB0020DFF84E
:105C2000441A0880DFF83C0A0088DFF87418C8714D
:105C3000DFF8340A0088DFF868180872DFF82C0AE9
:105C40000088DFF85C184872DFF854084079DFF804
:105C5000581891F9001050EAC110DFF84418487143
:105C6000DFF82408006830F04000DFF81C180860F6
:105C7000DFF81408006830F00200DFF80C18086044
:105C8000DFF82008006840084000DFF818180860B6
:105C9000C4E0CDE0DFF80C080068C0072AD5DFF8C3
:105CA000E8070068C0F38010002840F0C180DFF8EA
:105CB000D807006850F04000DFF8CC1708600020DB
:105CC000DFF800180880DFF8F8070078DFF8D01751
:105CD0000870DFF8D007006830F00400DFF8C41760
:105CE0000860DFF8BC02006850F04000DFF8B01236
:105CF000086019E0DFF8AC07006850F00100DFF839
:105D0000A4170860DFF8B8070078DFF89417087068
:105D1000DFF88C07007850F08000DFF884170870F7
:105D20000020DFF8A0170880DFF870070078401C1B
:105D3000DFF868170870DFF8640700780F2803DBC6
:105D40000020DFF858170870DFF85407007810F0CB
:105D5000F000DFF84C170870DFF84407007850F0C7
:105D60000100DFF83C170870DFF84407008880B2B4
:105D7000000ADFF82C174870DFF834070088DFF8D6
:105D800020178870DFF83007008880B2000ADFF83B
:105D90001017C870DFF820070088DFF804170871B3
:105DA000DFF82007B0F90000012803DB0020DFF84E
:105DB000B4180880DFF8AC080088DFF8E416C87172
:105DC000DFF8A4080088DFF8D8160872DFF89C080E
:105DD0000088DFF8CC164872DFF8E806B0F900005A
:105DE000001210F00F00DFF8B8164871DFF8D40683
:105DF0000088DFF8AC168871DFF8A4064079DFF878
:105E0000A81691F9001050EAC110DFF894164871F5
:105E10000D48006850F008000B490860DFF868067C
:105E2000006850F00100DFF86016086000F095FA95
:105E300001BD0000D2090020500A0020000A002005
:105E40008A090020D009002008070020F8B50400C6
:105E50000D0016000027DFF830060068C0F3C01000
:105E6000002801D100208AE0DFF804080068C0F3B0
:105E70004000002801D0002081E0DFF8F40700682E
:105E8000C0F3C000002801D0002078E04B48007823
:105E9000002801D0002072E0DFF8D807007803283E
:105EA00004D1E4B2012C01D0012068E0E4B2052C59
:105EB00002D10120070001E0002007000D20DFF8DB
:105EC000E01508700320DFF8D8154870DFF8A40744
:105ED00000780001DFF8C8158870DFF8C405817804
:105EE00014F00F000143DFF8B80581700020DFF8DF
:105EF000B015C8700020DFF8A8150871E801DFF8B8
:105F0000A0154871DFF898054079B90111F04001FA
:105F10000843DFF88C1548710020DFF8841588717C
:105F20000020DFF87C15C8710020DFF874150872B6
:105F30000020DFF86C1548720020DFF864158872C5
:105F40000020DFF85C15C8720020DFF854150873D4
:105F50000020DFF84C1548730020DFF844158873E3
:105F60000020DFF83C15C873DFF80407006850F024
:105F70000800DFF8FC16086000F0EFF90120F2BD20
:105F8000070A00202E0900202C0A0020EE0900201C
:105F9000EF090020CF090020C8070020D409002005
:105FA00084020020048E0B4068020020D3090020E8
:105FB000010A0020420A0020D7090020CE09002053
:105FC0002DE9F04705000C001600A4B2002C00F0EB
:105FD000C680DFF8B4040068C0F3C010002800F0E9
:105FE000BE80DFF88C060068C0F34000002840F057
:105FF000B680DFF87C060068C0F3C000002840F0DF
:10600000AE80DFF874060078002840F0A880DFF842
:106010009C0400888046DFF89C0400888146DFF8F5
:106020005C0600780700EDB2012D06D012D3032DD7
:106030000DD009D3042D0AD00CE0002080460020AA
:1060400081460020070005E00020824602E0012092
:106050008246FFE73801DFF848140870DFF8400493
:10606000007850F00300DFF838140870404680B222
:10607000000ADFF82C144870DFF8240480F802804E
:10608000484680B2000ADFF81814C870DFF8100420
:1060900080F80490F001DFF808144871DFF8D405A7
:1060A00000780001DFF8F8138871DFF8F4038179D4
:1060B00015F00F000143DFF8E80381710020DFF8DD
:1060C000E013C8710020DFF8D81308720020DFF851
:1060D000D01348720020DFF8C81388720020DFF860
:1060E000C013C8720020DFF8B81308730020DFF86F
:1060F000B01348730020DFF8A81388730020DFF87E
:10610000A013C873DFF86805006850F00800DFF8D6
:106110006015086000F021F9EDB2022D04D01ED305
:10612000042D13D009D31AE0DFF85405006850F0AD
:106130000800DFF84C15086011E0DFF8440500683E
:1061400050F01000DFF83815086008E0DFF830057F
:10615000006850F02000DFF828150860FFE7BDE870
:10616000F08700000C0A002038B50400DFF818039F
:106170000068C0F3C010002801D1002064E0DFF8FF
:10618000F0040068C0F34000002801D000205BE06C
:10619000DFF8DC040068C0F3C000002801D0002054
:1061A00052E0DFF8D4040078002801D000204BE052
:1061B000E4B2002C01D0250003E0DFF8C804007829
:1061C00005000D20B64908700020B5494870DFF879
:1061D000A40400780001B2498870B148C570DFF8A6
:1061E000A804008880B2000AAD490871DFF898045D
:1061F0000088AB4948710020A94988710020A8494E
:10620000C8710020A64908720020A54948720020E4
:10621000A34988720020A249C8720020A0490873CF
:1062200000209F49487300209D49887300209C49A5
:10623000C873DFF83C04006850F00800DFF8301441
:10624000086000F08AF8012032BD00004A0A0020F0
:106250007C0200204B0A0020F8B5040025000D2622
:10626000052789480068C0F3C010002801D100202C
:106270005FE0DFF8FC030068C0F34000002801D0B5
:10628000002056E0DFF8E8030068C0F3C0000028F3
:1062900001D000204DE0DFF8E0030078002801D0B5
:1062A000002046E016F00F007D4908707C484770DA
:1062B000DFF8C00300780001794988707848807859
:1062C000DFF8C813097811F00F010843744988708A
:1062D0007348C570002072490871002070494871E8
:1062E00000206F49887100206D49C87100206C49F9
:1062F000087200206A4948720020694988720020AB
:106300006749C872002066490873002064494873D1
:1063100000206349887300206149C873DFF8500387
:10632000006850F00800DFF84813086000F015F826
:106330000120F2BDDFF8580300688008800050F0AB
:106340000400DFF84C130860DFF84803006830F001
:106350000800DFF8401308607047DFF83403006876
:10636000C008C000DFF828130860DFF828030068C1
:1063700050F00800DFF81C1308600020DFF8181345
:10638000088070472B0A0020B80700201E09002053
:10639000C007002010B5002004002000BF49097884
:1063A000C0B2884209D2BE48E4B2005D3C49E4B2C2
:1063B000214481F82000641CEFE7BA48007850F0CF
:1063C0000200B8490870FFF7C8FF10BD200900207F
:1063D0000A0A002080B52C480068C0F3C0100028CD
:1063E0001FD0B0480078C00707D510202021AE4A42
:1063F00011700121AD4A117034E0AA4800784007BD
:1064000007D520202521A84A11700421A74A117020
:1064100028E000202021A44A11700021A34A117015
:1064200020E0A0480078800709D520209B49097802
:1064300020319D4A117002219C4A117012E0994846
:106440000078C00707D510202021974A117001213C
:10645000964A117006E000202021934A1170002115
:10646000924A11708249096851F00201804A116014
:10647000411C8F4A11700A49C0B2095C8D4803F073
:10648000C3FFFFF757FF01BD5C0200206C02002034
:1064900058020020290A0020E2090020FD090020FE
:1064A000A806002080020020520A002024090020B3
:1064B000D808002026090020DA080020F40900206E
:1064C000D10900202209002070B50024042002F028
:1064D000DEFF78480500280003F089FF0600C6F3B8
:1064E000C010002840F0BC80C6F38010002837D1CF
:1064F000C6F38000002818D0C6F34000002808D05A
:106500000021280003F013FF280003F07FFF0400A0
:10651000A6E00121280003F00AFF280003F076FF1F
:106520000400280003F06BFF9AE0C6F34000002847
:1065300004D0280003F06AFF040091E0280003F073
:1065400065FF04005C4800780F2880F289805A4873
:106550000078411C584A11705849C0B20C547FE071
:10656000C6F38000002812D00121280003F0DFFECE
:10657000C6F34000002804D0FF21280003F044FFA8
:106580006EE0280003F03BFFFFF724FF68E016F001
:106590000A0F65D1F0073BD4454800784249097895
:1065A00088420BD242480078411C414A117044494C
:1065B000C0B2095C3F4803F027FF51E02C48006857
:1065C000C0F3400000281ED03648017837480078D4
:1065D0008143344801702648006830F002002449A5
:1065E0000860384800684008400036490860204884
:1065F0000068C0F3C000002805D01D48006830F0D6
:1066000008001B490860FF212A4803F0FDFE27E02F
:1066100017480068C0F3400000281ED021480178C8
:106620002248007881431F4801701148006830F00B
:1066300002000F49086023480068400840002149D3
:1066400008600B480068C0F3C000002805D0084867
:10665000006830F0080006490860280003F0BEFE1C
:1066600070BD000074090020520900205409002068
:10667000080700202D0A0020CE090020F209002082
:10668000CC070020320A002088090020310A0020AF
:1066900000000C4078020020C4090020FB09002003
:1066A00028060020070A0020F0090020080A002020
:1066B000F109002000000E40EE090020980600209D
:1066C000A80600205C02002040B200280AD4012263
:1066D00010F01F018A40DFF8681840B203005B0920
:1066E00041F82320704740B200280AD4012210F05C
:1066F0001F018A40DFF84C1840B203005B0941F8E3
:106700002320704740B200280AD4012210F01F0154
:106710008A40DFF8341840B203005B0941F82320B7
:10672000704710B440B2002805D48A01DFF81C3845
:1067300040B21A5408E08A01DFF8143840B210F071
:106740000F04234403F8042C10BC704700B587B035
:1067500000F078FAC120DFF8FC17086000F08AFA30
:10676000002000F0D2FAF6F7FFF80121012003F033
:106770000AFF0121022003F006FF0121042003F09B
:1067800002FF0121082003F0FEFE0021102003F08B
:10679000FAFE0121202003F0F6FE0121402003F043
:1067A000F2FE0121802003F0EEFE01214FF4807003
:1067B00003F0E9FE00214FF4007003F0E4FE012134
:1067C0005FF0604003F0ECFE0120DFF88C170860FA
:1067D0000020DFF880170860502005900120069007
:1067E000012001F0F0FA05A801F020FB01F030FBD8
:1067F0000020DFF8681708600C20DFF864170860D5
:106800000F20DFF8601708600F20DFF850170860CE
:106810000320DFF8541708600020DFF850170860E5
:106820003720DFF84C1708604020DFF84817086071
:106830000420DFF8441708600020DFF840170860E4
:106840006420DFF830170860C620DFF834170860CE
:106850002020DFF8301708604220DFF82C1708608E
:106860008120DFF828170860C320DFF824170860AC
:106870000020DFF8201708600020DFF81C170860F0
:106880000020DFF8181708600020DFF808170860FC
:106890000020DFF80C1708600020DFF808170860F8
:1068A0000020DFF8041708600020DFF800170860F8
:1068B0000020DFF8FC1608600020DFF8F8160860FA
:1068C0000020DFF8F41608600020DFF8F0160860FA
:1068D0000020DFF8E01608600020DFF8E41608600A
:1068E0000020DFF8E01608600020DFF8DC16086002
:1068F0000020DFF8D81608600220DFF8D416086000
:106900000120DFF8D0160870DFF8C80600780028EC
:1069100002D100F0E8F801E000F0FFF800F017F90C
:10692000F5F72FFBF5F7C0FDF5F7D0FD012000903E
:106930000520019041F6836002900820039041F603
:1069400083600490DFF8900602F002FD6946DFF8EC
:10695000880602F004FD0620FFF7C5FE0620FFF7BB
:10696000D1FE002002F012FD0120009005200190D0
:10697000FA20029008200390FA200490DFF85C06C9
:1069800002F0E6FC6946DFF8540602F0E8FC01205C
:1069900000900520019047F61220029008200390F5
:1069A00047F612200490DFF8DC0D02F0D1FC6946B6
:1069B000DFF8D00D02F0D3FC00210020FFF7B1FE7C
:1069C00000210120FFF7ADFE00210220FFF7A9FE04
:1069D00000210320FFF7A5FE01210420FFF7A1FEFF
:1069E00000210520FFF79DFE03210620FFF799FEF9
:1069F00000210720FFF795FE03210820FFF791FEF5
:106A000002210920FFF78DFE02210A20FFF789FEEF
:106A100002210B20FFF785FE02210C20FFF781FEEB
:106A200000210D20FFF77DFE00210E20FFF779FEEB
:106A300000210F20FFF775FE00211020FFF771FEE7
:106A400000211920FFF76DFE00211A20FFF769FED3
:106A500000211120FFF765FE00211220FFF761FEE3
:106A600000211320FFF75DFE03211420FFF759FEDC
:106A700000211520FFF755FE0420FFF743FE0420F8
:106A8000FFF722FEDFF84C05007800280CD1082023
:106A9000FFF738FE0720FFF735FE0820FFF714FE4A
:106AA0000720FFF711FE0DE001220321042002F070
:106AB00087FC042002F0EBFC0520FFF723FE0520F5
:106AC000FFF702FE0121DFF8100502F05DFC012155
:106AD000DFF8080502F058FC0121DFF8A80C02F0ED
:106AE00053FC07B000BD00B587B0DFF80C0DF5F71B
:106AF00053FE4FF4164000900820019000200290B1
:106B00000020039030200490002005906946DFF8B3
:106B1000E80CF5F746FE07B000BD00B585B0AC2027
:106B200000900020019001208DF8080000200390C3
:106B3000DFF8CC0C03F0F6FBDFF8C40C03F038FCF4
:106B40006946DFF8BC0C03F00BFC05B000BD10B5C6
:106B500000200400A4B2402C07D20020DFF88014EB
:106B6000A4B241F82400641CF4E7DFF8740402F0D6
:106B700053FB00210E2002F069FB0120DFF86414B2
:106B800008720020DFF85C1448721220DFF85414F9
:106B9000C8600A20DFF84C1408740220DFF844149F
:106BA00048740220DFF83C1488740220DFF83414A3
:106BB000C8740220DFF82C140875DFF82C04DFF805
:106BC00024140860DFF82404DFF81814486000215A
:106BD0000F2002F03BFB0120DFF8BC1D08720020F3
:106BE000DFF8B41D48721B20DFF8AC1DC8600A2016
:106BF000DFF8A41D08740220DFF89C1D48740220F1
:106C0000DFF8941D88740220DFF88C1DC874022000
:106C1000DFF8841D0875DFF8D803DFF87C1D0860F5
:106C2000DFF8D003DFF8701D4860DFF8B8130E20DE
:106C300002F044FBDFF8601D0F2002F03FFB10BDA7
:106C400062B6704772B6704780B5C120C14908600E
:106C5000002003F08FFC0020BE490860BFF34F8F77
:106C600030BF00BF00BF00BF00BF00BF00BF00BFFC
:106C700000BF01BD80B5DFF8100B0068800501D5AD
:106C8000002016E00121012003F001FC4CF25031FC
:106C9000002003F0CDFB03F0E6FB03F0EBFB012843
:106CA000FBD1012003F03CFC03F057FC0128FBD191
:106CB000012002BD80B5DFF8D00A0068800522D52A
:106CC00003F0D8FB0028FBD040F63541002003F04C
:106CD000AFFB012003F04EFC0121002003F0D7FBA5
:106CE000002003F01DFCC44800680028FBD10021EF
:106CF000012003F0CCFBDFF8900A006810F0060FCB
:106D0000F9D1012000E0002002BD38B504007F2544
:106D100064B2002C02D0012C09D011E0012000F057
:106D200012F8012003F07AFB0020050008E00020A3
:106D300000F009F8002003F071FB01200500FFE7D7
:106D4000280040B232BD82B002005FF0FF3152B283
:106D5000012A40F08C80DFF8900C0068400702D5D3
:106D600001200100AFE00020009000200190A34826
:106D7000006850F48070A14B1860A04800680003C0
:106D8000000B9E4B18609D48006850F0C8609B4BFC
:106D90001860DFF8540C006830F00200DFF8483C5F
:106DA0001860DFF8440C006840084000DFF8383C09
:106DB00018609348DFF8303C18609048006850F045
:106DC00001008E4B18608D48006810F002000090A2
:106DD0000098002805D08948006810F00200009053
:106DE000F6E7864800680003000B844B1860834870
:106DF000006850F00360814B1860DFF8EC0B00680E
:106E000050F00100DFF8E03B186000207D4B186077
:106E10007A48006850F00100784B186077480068A5
:106E200010F0020000900098002805D07348006818
:106E300010F002000090F6E7DFF8AC0B006850F0AD
:106E40000200DFF8A43B1860DFF89C0B006810F02C
:106E5000040001900198042806D0DFF88C0B00682C
:106E600010F004000190F5E7012001002BE0DFF8AD
:106E7000780B0068400724D500200090DFF8680BED
:106E8000006830F00200DFF8603B1860DFF8580B54
:106E9000006810F0040000900098002806D0DFF889
:106EA000480B006810F004000090F5E7DFF8380B9D
:106EB000006840084000DFF8303B18600020010007
:106EC00001E000200100080040B202B0704780B528
:106ED00000F004F800F01CF801BD000080B500F0DF
:106EE000C8FFC1201B490860012003F043FB0020BC
:106EF000FFF729FFFFF7DEFEDFF88C08006830F0AF
:106F00000600DFF884180860BFF34F8F30BF01BD63
:106F100080B5FFF797FEFFF7ADFE0120FFF713FFE7
:106F2000DFF86408006840084000DFF85C1808607B
:106F300000200849086000F08BFFFFF781FE01BDCB
:106F400000E100E080E100E080E200E000E400E039
:106F500018ED00E000300F4000C0084004000C4075
:106F600000000C4028000C4008000C400C000C40B5
:106F700038000C4004010C4000010C4028010C407A
:106F800008010C400C010C402C010C4030010C405D
:106F900038010C4004020C4000020C4028020C4056
:106FA00008020C400C020C402C020C4030020C4039
:106FB00038020C4004040C4000040C4028040C402F
:106FC00008040C400C040C402C040C4030040C4011
:106FD00038040C40FE09002000400C4000410C40E9
:106FE000001C002014020020D802002080800B40EA
:106FF00068810B4060030020A400E64330300F405E
:107000000010F0480C300F407047704770B582B0E8
:1070100000240025DFF8EC0700788DF80200DFF887
:10702000E80700788DF80100DFF8E00700788DF8B8
:1070300000000020DFF8D81708700020DFF8D41710
:1070400008700020DFF8D01708700020DFF8CC1798
:10705000087000200400E4B2102C06DA0020DFF8EB
:10706000C017E4B20855641CF5E70F20DFF8B0172D
:107070000874DFF8AC07007CDFF8A4170874582008
:10708000DFF89C1748742020DFF8941788743420A8
:10709000DFF88C17C874E020DFF8841708750F201C
:1070A000DFF87C174875FF20DFF874178875DFF864
:1070B00074070078DFF86817C875DFF86C07007888
:1070C000DFF85C1708760020DFF8541748760020B8
:1070D000DFF84C17887600200078060000200400B6
:1070E000E4B2002C17D130000DF10201E4B2095DC9
:1070F000C0B288420DD10DF10100E4B2005DDFF8AD
:10710000201748766846E4B2005DDFF814178876E9
:1071100001E0641CE4E73F20DFF80417C8763F2055
:10712000DFF8FC160877FF20DFF8F4164877042014
:10713000DFF8EC1688770320DFF8E416C877002024
:10714000DFF8581808700020DFF854180870002085
:10715000DFF8501808700020DFF84C180870002085
:10716000DFF8481808800020DFF844180870002075
:10717000DFF8401808700020DFF83C180870002085
:10718000DFF8381808700020DFF834180870002085
:10719000DFF8301808700020DFF82C180870002085
:1071A000DFF8281808700020DFF824180870002085
:1071B000DFF8201808700020DFF890190870002010
:1071C000DFF8141808700020DFF81018087000208D
:1071D000DFF80C1808700020DFF80818087000208D
:1071E000DFF8081808700020DFF804180870002085
:1071F000DFF8001808700020DFF8FC170870012085
:10720000DFF8F81708700020DFF8F4170870002086
:10721000DFF8F01708700020DFF8EC170880002076
:10722000DFF8E81708700020DFF8E4170870002086
:10723000DFF81C1908700020DFF8D817087000204C
:10724000DFF8D41708700020DFF8D017087000208E
:10725000DFF8CC170870DFF8CC07DFF8A41709783F
:10726000405CDFF8C4170870DFF8C007DFF890173C
:107270000978405CDFF8B8170870DFF8AC070078D1
:10728000DFF8B0170870DFF8A8070078DFF8A81754
:1072900008701020DFF8A41708701020DFF8B41869
:1072A0000870DFF898070078DFF894170870DFF8A7
:1072B000A4080078DFF88C1708701220DFF89818FF
:1072C00008701220DFF8941808700020DFF890187A
:1072D00008800020DFF828170870DFF824070078FE
:1072E000042827DADFF854070178DFF83807DFF8D9
:1072F00010271278805C0143DFF86808DFF8002768
:1073000012788154DFF84C080178DFF82007DFF8A5
:10731000F0261278805C0143DFF84C08DFF8E026A5
:1073200012788154DFF8D8060078401CDFF8D016B8
:107330000870D2E70020DFF8C816087040F25B1032
:10734000DFF82818088040F25B10DFF82418088066
:107350004FF40270DFF81C1808804FF40270DFF859
:10736000181808800020DFF8941408700020DFF857
:107370000C180870DFF88404006850F04000DFF853
:107380007C140860DFF87404006850F08000DFF8B7
:107390006C140860DFF8E407006850F00100DFF8C3
:1073A000DC170860DFF8D407006830F00200DFF86F
:1073B000CC1708600020DFF8C81708700020DFF83D
:1073C000C41708700020DFF8C01708700020DFF82D
:1073D000BC1708700020DFF8B817087048F2B070CA
:1073E000DFF8B01708800020DFF8AC170870002025
:1073F000DFF8A81708700020DFF8A4170870002035
:10740000DFF8A01708700F20DFF89C170870012024
:10741000DFF8981708700020DFF894170870002034
:10742000DFF8901708700020DFF88C170870002034
:10743000DFF888170870DFF884070078DFF8801716
:1074400008700020DFF8681708700020DFF8741754
:1074500008700020DFF8701708700020DFF86C1744
:1074600008700020DFF868170870FBF795FD002012
:10747000DFF8601708800020DFF85C170880002024
:10748000DFF8581708800020DFF854170880002024
:10749000DFF8501708700020DFF84C170880002034
:1074A000DFF8481708800020DFF844170870002034
:1074B000DFF8401708700020DFF83C170870002044
:1074C000DFF83817087000200400E4B2092C31DA24
:1074D0000020DFF82C17E4B221F814000020DFF8B8
:1074E0002417E4B221F814000020DFF81C17E4B2DE
:1074F00021F814000020DFF81417E4B221F814007A
:107500000020DFF80C17E4B221F814000020DFF8A7
:107510000417E4B221F814000020DFF8FC16E4B2EE
:1075200021F814000020DFF8F416E4B221F814006A
:10753000641CCAE700200400E4B2062C19DA00201B
:10754000DFF8DC16E4B221F814000020DFF8D416CE
:10755000E4B221F814000020DFF8CC16E4B221F8E0
:1075600014000020DFF8C416E4B221F81400641CF3
:10757000E2E70020DFF8B81608700020DFF8B41644
:1075800008700020DFF8B01608700020DFF8AC1695
:1075900008700120DFF8A81608700020DFF8D81660
:1075A00008800020DFF8D41608800020DFF8D0160D
:1075B00008800020DFF8CC1608800020DFF8C8160D
:1075C00008700020DFF8C41608800020DFF8C0161D
:1075D00008800020DFF8BC1608700020DFF8B8161D
:1075E0000870DFF86C05006850F00200DFF86015E5
:1075F00008600020DFF8A41608700120DFF8A0164C
:1076000008700020DFF89C160870DFF894060078F8
:10761000DFF894160870DFF88C060078DFF88C1617
:1076200008700020DFF88816087000200400E4B21B
:10763000002C06D10020DFF87C16E4B20855641C4B
:10764000F5E70120DFF8701608700020DFF86C16EF
:1076500008704FF4E150DFF8681608800020DFF86A
:10766000641608800F20DFF8601608700020DFF82D
:107670005C1608800020DFF8581608800020DFF82C
:10768000541608700020DFF8501608800020DFF83C
:107690004C1608800F20DFF8481608700020DFF82D
:1076A000441608700020DFF8401608700120DFF84B
:1076B0003C1608700020DFF8381608700020DFF84C
:1076C000341608800020DFF8301608704FF6FF707F
:1076D000DFF8281608800020DFF824160880002034
:1076E000DFF8201608800020DFF81C160880DFF87D
:1076F0005C04006830F01000DFF850140860DFF818
:107700004C04006830F00800DFF840140860DFF82F
:107710003C04006840084000DFF830140860FF2097
:10772000FBF7DCFE0020DFF8E41508700020DFF82E
:10773000E01508800020DFF8DC1508700020DFF875
:10774000D81508704CF25030DFF8D01508800020B2
:10775000DFF8CC1508700020DFF8C815088000207D
:10776000DFF8C41508800020DFF8C015087000207D
:10777000DFF8BC1508700020DFF8B815087073BD7D
:107780000000000000420C4004300F4010B5DFF84C
:10779000A8050400DFF8A405844203D2002020607D
:1077A000241DF7E700200400122C06D20020DFF889
:1077B000901541F82400641CF6E71220F8F7E8FE63
:1077C0000020DFF880150860DFF87C050400DFF892
:1077D0007C05844203D200202060241DF7E7DFF8F7
:1077E00070050400DFF86C05844203D2002020609D
:1077F000241DF7E710BD000000100E405C020020C1
:1078000000000E40F6A80100F7A80100F8A801004A
:10781000CF090020CE09002008070020FD09002024
:10782000A8060020FFEF0300FEEF0300F8B5DFF825
:107830002003006840084000DFF814130860FFF7D9
:10784000A5FFDFF814050088B0F5007F17D1DFF839
:10785000F404006850F00100DFF8E8140860DFF875
:10786000E404006850F00400DFF8D8140860DFF882
:10787000D404006850F00200DFF8C814086000204B
:10788000050000200600DFF8D0040088B0F5007F76
:107890000AD135F48065012060F3092555F004050F
:1078A000012060F3051501E055F00105DFF88804BB
:1078B0000560DFF8A4040088B0F5007F6AD000BF3F
:1078C00000BF00BF00BF00BF00BF00BF00BF00BFC0
:1078D00000BF00BF00BF00BF00BF00BF00BF00BFB0
:1078E00000BF00BF00BF56F00106DFF8700406605D
:1078F00000BF00BF00BF00BF00BF00BF00BF00BF90
:1079000000BF00BF00BF00BF56F0020656F480362D
:10791000DFF848040660FF2004000020DFF8401470
:1079200008600020070037F4F81737F0787737F051
:107930000067DFF8300407600020DFF82C140880AF
:107940000020DFF8281408800020DFF82014488089
:107950000020DFF8181488800020DFF81014C88099
:107960000020DFF8081408812A48006850F0010060
:10797000284908602748006830F00200254908605F
:10798000FBF76FFD4FF41670FBF73EFD8020DFF82C
:10799000E0130880F1BD00002C020020070A00203F
:1079A000080A00200A0A0020000A0020DE08002041
:1079B000DA09002050020020540200205802002062
:1079C0006002002064020020680200206C02002097
:1079D00070020020740200207C020020D2090020E6
:1079E000D3090020D409002020300F40D509002001
:1079F000D6090020D7090020D8090020D909002085
:107A0000E10900200B0A0020DC08002048020020C9
:107A10004C02002088020020F3090020F809002011
:107A2000F909002055AE0100DF09002059AE010020
:107A3000E00900200D0A00200E0A0020370A00206D
:107A4000390A00203A0A002010B50400DFF82C03A0
:107A50000068C0F34000002876D1DFF820030068FA
:107A600050F00100DFF814130860DFF8DC02006852
:107A700050F04000DFF8D0120860DFF8D402006850
:107A800050F04000DFF8C8120860DFF8BC02006860
:107A900050F08000DFF8B0120860DFF8B402006830
:107AA00050F08000DFF8A8120860FBF7DAFC4FF412
:107AB0001670FBF7A9FCFBF733FCDFF8B80200787F
:107AC000C00712D5DFF8B0020068C0030DD4DFF89C
:107AD000B0020078082805DBFBF76FFCFBF7C1FC60
:107AE000002032E0FFF7B0F8E7E7FBF766FCFBF7B2
:107AF000B8FCDFF85402006830F04000DFF84812AC
:107B00000860DFF84C02006830F04000DFF84012F7
:107B10000860E4B2002C0FD1DFF82C02006830F0CE
:107B20008000DFF824120860DFF82402006830F0DB
:107B30008000DFF81C120860DFF84002006840088F
:107B40004000DFF838120860012010BD78020020E4
:107B500084020020380A00203B0A00203C0A002052
:107B6000720900208C02002090020020E008002012
:107B7000340900203E090020400900208002002036
:107B8000ED090020EE090020EF090020F009002097
:107B9000F10900202C090020FC090020020A002025
:107BA000030A00201B0A00201C0A00201D0A0020D6
:107BB0001E0A00201F0A0020200A0020220A00209E
:107BC000210A0020230A0020240A0020260A00207F
:107BD000280A00204E0900205009002052090020E8
:107BE00054090020130A00205E09002060090020CB
:107BF000290A00202A0A00202B0A00202C0A002033
:107C0000D4070020E8070020FC070020100800200F
:107C10002408002038080020B4030020C8030020F6
:107C20004C0800205808002064080020700800203C
:107C30003E0A00203F0A0020400A0020410A00209E
:107C4000420A00200020504908704E48006830F079
:107C500008004C4908604D48006830F002004B496C
:107C6000086000204A49087000204A490870002036
:107C70004949087070470000A2090020A4090020AB
:107C8000A6090020A8090020430A0020AA09002014
:107C9000AC090020440A0020450A0020470A0020C1
:107CA0002D0A00202E0A00202F0A0020300A002072
:107CB000310A0020320A0020C8070020330A0020C1
:107CC0008A0900208C090020340A00208E09002037
:107CD00090090020350A0020920900209409002014
:107CE000360A0020CC070020D0070020500A0020D0
:107CF000520A0020CC090020D0080020BA09002038
:107D0000BC090020BE090020C4090020CC080020C6
:107D1000B80900204A0A00204B0A0020C6090020AA
:107D20004C0A0020C8090020CA0900204D0A002082
:107D30004E0A00204F0A002000800B4039800B4083
:107D400094020020008E0B40048E0B401C8E0B40D2
:107D5000248E0B403C8E0B402E09002004800B40EB
:107D600008800B4034800B4008090020E802002006
:107D7000DC080020C808002010E000E08802002095
:107D8000FA09002058020020D40900205C020020DB
:107D9000290A00202C0A00202B0A002070B50400BC
:107DA0000025012600F087F8012809D1464800681F
:107DB000050015F0860525434348056000200600B0
:107DC000300040B270BD70B504000025012600F0FF
:107DD00072F801280ED13C480068050064B2012CFD
:107DE00002D155F0040501E035F004053648056080
:107DF00000200600300040B270BD70B504000025C0
:107E0000012600F058F801280DD12F480068050020
:107E1000012C02D155F0020501E035F002052A4897
:107E2000056000200600300040B270BD38B5040087
:107E3000012500F040F8012807D12068FFF7AEFFC8
:107E40006068FFF7DAFF00200500280040B232BD6D
:107E500010B5012400F02FF8012807D11A48006856
:107E600050F080001849086000200400200040B253
:107E700010BD10B5012400F01EF801280AD11248E7
:107E8000006830F0800010490860B1200F49086098
:107E900000200400200040B210BD10B5012400F005
:107EA0000AF8012804D14E20084908600020040087
:107EB000200040B210BD002005490968002901D109
:107EC0000121080040B2704700200F4004200F40FD
:107ED00008200F40DFF8C81B096831F00201DFF805
:107EE000C02B11607047DFF8A4190870DFF8B01BD1
:107EF000096851F00201DFF8A82B11607047704744
:107F0000DFF88C291070DFF88C291180704770B56C
:107F1000050000260024DFF8880B0068C0F380000D
:107F200000286FD1DFF8780B006850F00400DFF80C
:107F3000701B086000200600F6B21A2E39DADFF84E
:107F400058090078DFF85419F6B23201895C88428A
:107F500009D12800DFF84419F6B2320111444978FA
:107F6000C0B2884202D0F6B2192E20D1DFF82C0917
:107F7000F6B2310108444078DFF82019F6B2320138
:107F8000114489688847DFF81409F6B231010844C2
:107F90008188DFF80809F6B2320110448078DFF8F2
:107FA000FC28F6B233011A44D268904701E0761CEF
:107FB000C2E7DFF8EC0A0068C0F34000002819D0DF
:107FC000DFF8D0080288DFF8C8080178DFF8BC08BD
:107FD0000078FDF73BFF0400E4B2002C0AD0DFF884
:107FE000B8080570DFF8B80A006830F00200DFF862
:107FF000B01A0860DFF8A80A006830F00400DFF863
:10800000A01A086070BDDFF8601B0870704710B4DC
:1080100002000020DFF8543B1B781400E4B2A342B6
:1080200002D141F203031800D2B2032A02D141F275
:1080300006031800D2B2042A02D141F20603180046
:1080400080B210BC704702000020DFF8581A09788F
:10805000002903D041F20101080009E0DFF8101BFC
:1080600009781300DBB2994202D140F201110800F5
:1080700080B270470020DFF82C1A0978002903D05D
:1080800041F20101080007E0DFF8E81A0978002949
:1080900002D041F20501080080B27047F8B5060031
:1080A000002700240025F6B230000A2800F00181E4
:1080B0000D2800F0FD80252800F0FC802A2800F023
:1080C00002812B2800F008812C2800F014812D2833
:1080D00000F012812E2800F01E812F2800F02A8146
:1080E000302800F03081312800F02E81322800F055
:1080F0003481332800F03A813B2800F04081402849
:1081000000F04C81432800F05281462800F0638142
:108110004E2800F061814F2800F069815E2800F050
:108120006781612800F07681632800F06A81652804
:1081300000F07181662800F06F81682800F0758179
:108140006C2800F07381702800F07181732800F0B2
:108150006F81802800F06D81812800F06F81822876
:1081600000F07181832800F07381842800F075810C
:10817000852800F07681862800F07781872800F036
:108180007881C42800F07981C52800F07A81C6285A
:1081900000F08081C72800F07E81C82800F07C8133
:1081A000C92800F07A81CA2800F08081CB2800F02D
:1081B0007E81CC2800F07C81CD2800F07A81CE2809
:1081C00000F07881CF2800F07681D02800F074810B
:1081D000D12800F07281D22800F07081D32800F0FD
:1081E0006E81D42800F06C81D52800F06A81D628F1
:1081F00000F06881D72800F06681D82800F06481FB
:10820000D92800F08881DA2800F08681DB2800F088
:108210008481DC2800F08281DD2800F08081DE2866
:1082200000F07E81DF2800F07C81E22800F07A8176
:10823000E32800F08081E42800F07E81E52800F04A
:108240007C81E62800F07A81E72800F08981E8281F
:1082500000F08781E92800F08581EA2800F0838119
:10826000EB2800F08181EC2800F07F81ED2800F000
:108270007D81EE2800F07B81EF2800F07981F028E5
:1082800000F07A81F12800F07881F22800F0768100
:10829000F32800F07481F42800F07281F52800F0D2
:1082A0007081F62800F06E81F72800F06C816BE198
:1082B0006AE169E1DFF8EC070078002802D041F2BA
:1082C0000200040060E1DFF8DC070078002802D03B
:1082D00041F20200040057E1DFF8C80700780028E7
:1082E00003D041F20100040004E001210220FFF765
:1082F0008EFE040048E147E1DFF8A8070078002877
:1083000003D041F20100040004E000210120FFF746
:108310007EFE040038E1DFF88C070078002803D0E7
:1083200041F20100040004E003210420FFF76FFE86
:10833000040029E1DFF86C070078002802D041F240
:108340000100040020E11FE1DFF858070078002851
:1083500002D041F20100040016E1DFF8480700787E
:10836000002802D041F2010004000DE1DFF83407DB
:108370000078002802D041F20100040004E1DFF897
:1083800024070078002803D041F20100040004E033
:1083900002210320FFF73BFE0400F5E0DFF80407AD
:1083A0000078002802D041F201000400ECE0DFF880
:1083B000F4060078002803D041F20100040009E02F
:1083C000DFF898090068C0F38010002802D140F25D
:1083D00001100400D8E0D7E0DFF880090068C0F39E
:1083E0008010002802D040F201100400CCE0CBE065
:1083F000DFF8B0060078002802D041F20100040046
:10840000C2E0DFF8A0060078002802D041F20200A6
:108410000400B9E0B8E0B7E0DFF88806007800288B
:1084200002D041F201000400AEE0ADE0ACE0ABE010
:10843000AAE00020FFF707FE0400A5E00120FFF7F7
:1084400002FE0400A0E00220FFF7FDFD04009BE017
:108450000320FFF7F8FD040096E041F20600040057
:1084600092E041F2060004008EE041F206000400B2
:108470008AE041F20600040086E041F22300040095
:1084800082E0DFF864090078002802D140F2011090
:10849000040079E078E077E076E0DFF850090078D2
:1084A000012802D140F2011004006DE06CE06BE0A5
:1084B0006AE069E068E067E066E065E064E063E088
:1084C00062E061E060E05FE0DFF82009007800280A
:1084D00003D141F2210004000CE0DFF8100900781C
:1084E000012807D0DFF804090078082802D041F2FB
:1084F00022000400DFF87C060078002802D041F258
:1085000005000400DFF89C050078002802D041F245
:108510000100040038E037E036E035E034E033E0D5
:1085200032E031E0DFF8C4080078082802D140F2D8
:108530000110040028E027E026E025E0DFF83406FB
:108540000078002803D041F20500040007E0DFF8BE
:1085500054050078002802D041F20100040013E025
:1085600012E011E010E00FE00EE00DE00CE00BE097
:10857000FFF780FD040007E006E005E004E003E00B
:1085800002E001E000E0FFE7DFF8FC0804803000D3
:10859000C0B2FFF738FDA4B2002C0FD03000C0B23B
:1085A000FDF7E2FD0500EDB2002D07D1DFF8CC09A3
:1085B000006850F00200DFF8C4190860A4B2B4F5F6
:1085C000805F01DB012007003800C0B2F2BD70B54A
:1085D00005000E000024EDB2002D02D0EDB2052DF5
:1085E00000DB49E0F6B2002E01D001200400EDB21C
:1085F000012D06D040D3032D28D012D3042D3AD01C
:108600003AE0DFF8680505700020DFF868150870AB
:10861000DFF86C09006840084000DFF86419086062
:108620002AE0DFF8480505700120DFF848150870DA
:10863000E4B2002C07D0DFF8480900684008400089
:10864000DFF83C190860FAF740FF15E0DFF81C0579
:1086500005700120DFF81C150870E4B2002C09D069
:10866000DFF81C09006840084000DFF814190860B2
:10867000FAF72BFF00E0FFE770BD01000020C9B250
:10868000002902D0C9B2052901DBC0B22EE0C9B26F
:10869000012906D029D3032915D00BD304291BD0D7
:1086A00023E0DFF8E0281278012A01D1002000E061
:1086B00008201AE0DFF8CC281278012A01D1042022
:1086C00000E00C2011E0DFF8BC281278012A01D16B
:1086D0000C2000E00C2008E0DFF8A8281278012A1E
:1086E00001D1042000E00C20FFE7C0B27047012058
:1086F000DFF894180978022903D14FF4F1510800EA
:1087000002E04FF4E151080080B2704738B5040030
:108710000D00E4B22000022802D0032853D06BE001
:10872000DFF86808006850F00400DFF8601808609F
:108730000020DFF85C1808800F20DFF85818087058
:10874000DFF84808006830F00200DFF840180860E1
:108750000020DFF8441808800020DFF84018087077
:10876000DFF83C08006840084000DFF83418086073
:10877000DFF82C08006830F00200DFF824180860E9
:10878000DFF81C08006830F00400DFF814180860F7
:10879000FFF758FA4FF4E150DFF80818088001207D
:1087A000DFF8E41708700020DFF8FC1708700121DB
:1087B0002000C0B2FFF70BFFB948006830F080001E
:1087C000B749086018E04FF4F150DFF8D817088077
:1087D0000220DFF8B41708700020DFF8CC1708700B
:1087E00001212000C0B2FFF7F2FEAD48006830F072
:1087F0008000AB490860FFE731BD38B504000D00CB
:10880000E4B2012C06D040D3032C3CD03AD3042C44
:108810003AD03AE0DFF87407006830F00400DFF87F
:108820006C170860DFF86407006830F00200DFF8BA
:108830005C170860DFF86807006840084000DFF850
:1088400060170860DFF85807006830F00200DFF8B2
:1088500050170860DFF84807006830F00400DFF8C0
:1088600040170860FFF7EEF901212000C0B2FFF7C2
:10887000AEFEDFF83807006850F01000DFF82C1764
:10888000086002E001E000E0FFE731BD510A00208E
:10889000520A0020CC090020500A0020CCA601007A
:1088A00038B500240025DFF808070068C0F3400051
:1088B000002800F0CE80DFF8FC060078C0076AD5FB
:1088C000AA480078FFF7D9FE0500DFF8E80600782F
:1088D000012803D1DFF8DC06047803E0DFF8D406D2
:1088E0000078441EE84310F00F0004420BD1DFF87B
:1088F000C006006830F00200DFF8B41608600520FA
:10890000DFF898160870DFF890060088022813DB5D
:10891000DFF8A4060078DFF89C16097888420BD0AF
:10892000DFF88C06006830F00200DFF8841608607B
:108930000520DFF868160870DFF860060078002868
:10894000022804D9C01E1BD0401E1ED022E0DFF832
:10895000480600884FF6FF7188420CD0DFF83806D1
:108960000088401CDFF830160880DFF848060078E1
:10897000DFF8441608700320DFF82016087068E05E
:108980000420DFF81816087063E00420DFF80C16E6
:1089900008705EE05DE0DFF8F4050068C0F3800079
:1089A000002821D1DFF8E805008800281CD0DFF876
:1089B00004060078022817D00020DFF8D4150880BC
:1089C0000F20DFF8D0150870DFF8C005006850F000
:1089D0000400DFF8B8150860DFF8C4050068400837
:1089E0004000DFF8BC150860DFF8B005007800280B
:1089F000022803D9C01E012826D92AE0DFF89005F5
:108A000000884FF6FF71884213D0DFF8A805007880
:108A1000DFF88015097888420BD0DFF898050078D8
:108A2000022806D1DFF868050088401CDFF86015D1
:108A30000880DFF880050078DFF8581508700120FD
:108A4000DFF85815087004E00220DFF850150870B0
:108A5000FFE7DFF85C050068C0F3400000281DD187
:108A6000DFF8380500780028022804D9C01E07D096
:108A7000401E0AD00EE00020DFF8201508700DE03F
:108A80000020DFF81815087008E00220DFF80C1548
:108A9000087003E00020DFF80415087031BD000005
:108AA00068020020CF09002070B443F2D40340F2E2
:108AB000D5144FF48B75DFF8041509780A00D2B28B
:108AC000042A02D0D2B2052A18D1DFF8F41409889A
:108AD000002947D0DFF8E81409882E00B6B2B14269
:108AE00007D3DFF8DC140988491BDFF8D464318030
:108AF00038E00021DFF8C864318033E0D2B2032AC5
:108B000018D1DFF8BC14098800292BD0DFF8B01485
:108B100009882600B6B2B14207D3DFF8A414098849
:108B2000091BDFF89C6431801CE00021DFF89064B1
:108B3000318017E0DFF888140988002912D0DFF8A7
:108B4000801409881E00B6B2B14207D3DFF8701452
:108B50000988C91ADFF86864318003E00021DFF872
:108B60006064318070BC7047320A00202D0A0020FA
:108B7000280A0020D209002010B50024DFF84C0498
:108B800000780400DFF818040068C00715D522003B
:108B9000D2B24BF6BB310220FDF712FADFF8000427
:108BA0000068C0F3C000002807D0DFF8F4030068B5
:108BB00040084000DFF8E8130860DFF8E4030068CD
:108BC000C0F38000002815D02200D2B24DF6DD514E
:108BD0000420FDF7F5F9DFF8C8030068C0F3401082
:108BE000002807D0DFF8B803006830F00400DFF891
:108BF000B013086010BD80B50420FFF755FFFFF7E4
:108C0000BBFFDFF88C03008801283AD1DFF88C0322
:108C10000078012835D1DFF874030068C0F38000C4
:108C200000282ED0DFF87803006850F00100DFF84C
:108C300070130860DFF86803006830F00800DFF8A0
:108C400060130860DFF84403006830F00400DFF8C8
:108C50003C130860DFF8740302784BF6BB31022046
:108C6000FDF7AEF9DFF838030068C0F3C000002854
:108C700007D0DFF82C03006840084000DFF820131D
:108C80000860DFF814030088002815D0DFF83003EF
:108C90000088002810D10020DFF8001308700020A1
:108CA000DFF8F41208800020DFF814130880002198
:108CB00076480078FFF78BFC01BDDFF800130978D8
:108CC0000A00D2B2042A02D0D2B2052A16D1DFF8A5
:108CD0000013098800293FD0DFF8F41209881C2905
:108CE00007DBDFF8EC1209881C39DFF8E432198061
:108CF00032E00021DFF8D83219802DE0D2B2032A09
:108D000015D1B3490988002926D0B149098840F214
:108D10003113994207DBAE49098840F23113C91A71
:108D2000AB4B198018E00021A94B198014E0A84929
:108D30000988002910D0A649098840F27123994278
:108D400007DBA349098840F27123C91AA04B198097
:108D500002E000219E4B1980704700006402002051
:108D600010B401200022002396490988994C2488D8
:108D7000A14208D29749B1F900409249B1F90010D7
:108D8000641A220007E08F49B1F900409149B1F916
:108D90000010641A22008C4909888F4C2488A14253
:108DA00008D28D49B1F900408749B1F90010641A21
:108DB000230007E08449B1F900408749B1F9001068
:108DC000641A230012B240F2F5118A4207DA1BB28C
:108DD00040F2F5118B4202DA0121080001E0002186
:108DE0000800C0B210BC7047220A0020200A0020F0
:108DF00010B5002479480068C00744D46D48007855
:108E000005280BD16B48007875490978884205D14F
:108E1000FFF7A6FF002801D0012004006548007874
:108E200010F001006E49097811F0010191F0010183
:108E3000084207D063480088664908806248008875
:108E4000654908805B48007865490870E4B2002CE9
:108E500015D00420FFF731FF5D480088002812D1AB
:108E60005E48006850F001005C4908605C4800788A
:108E70005C4908704CF250305549088003E04CF2D0
:108E800050305349088010BD880900202D0A002069
:108E900052480068C0F3400000286ED14548007871
:108EA000C00738D5434800784E490978884232D007
:108EB0004D480078022190FBF1F201FB12000028DE
:108EC00012D13C480078032805D147480078401C5F
:108ED000454908701AE0002043490870434800786B
:108EE000401C4249087011E032480078052805D13D
:108EF0003D480078401C3C49087007E000203A4992
:108F000008703A480078401C3849087029480078B1
:108F10003449087007E027480078C00703D4254883
:108F2000007830490870304800780A280CDB2B485C
:108F3000006850F002002949086000202A490870A2
:108F400000202A49087018E028480078032814DB1C
:108F5000224800684008400020490860002020495D
:108F6000087000201B49088000201B490880002051
:108F70001D49087000201D4908707047D008002066
:108F8000D00700204A0A0020C80700206C020020F9
:108F90008C090020340A002090090020350A0020A6
:108FA000CC0700208A090020330A0020700200202C
:108FB0005C020020F2090020360A0020500A00203E
:108FC0008E0900202409002026090020520A0020D2
:108FD000C6090020C8090020CA0900207C02002020
:108FE0004C0A00204F0A00204D0A00204E0A0020A3
:108FF000114890F90000401E104908700F4890F980
:109000000000001D0E4908700D4800780D490870D9
:10901000002070470C4890F90000401E0B49087072
:109020000A4890F90000001D0949087008480078B6
:109030000849087000207047E5090020DC0900207D
:10904000E7090020EC090020E4090020DB090020EA
:10905000E6090020EB09002080B5FDF7F1FDFEF7E1
:109060001CFF00205D4908705D480088012820D061
:10907000022818D0032819D010281DD0122827D074
:1090800020281CD040281DD060281ED07E2807D064
:109090007F2802D080281ED023E0F6F71BFE20E0B8
:1090A000F7F75BF91DE0F8F7ADFF1AE0F8F7B7FF47
:1090B00017E0F9F7A3FA14E0F4F78EFD11E0F4F7E6
:1090C000B7FC0EE0F4F791FE0BE0F6F7EBF808E0E2
:1090D000F3F728FF05E04248008810F07F00404980
:1090E000088001BD704770477047704770477047F0
:1090F00080B5052000F0CBF901BD80B50920F3F75C
:1091000045FAFDF79DFD37480068C0F38000002850
:109110001CD035480078002812D13448006850F43B
:1091200080303249086000203149087031480068B9
:1091300050F011002F49086001202B4908700BE006
:109140002B480078401C2A49087005E02548006833
:1091500050F001002349086001BD80B50C20F3F7F1
:1091600015FAFDF76DFD1D480078FF2804D01B4857
:109170000078401C1949087001BD80B50F20F3F735
:1091800005FAFDF75DFDFAF7CDF901BD70471A4804
:109190000078C00708D519480078FF2804D0174880
:1091A0000078401C15490870704770477047704739
:1091B00070477047704770477047704770477047F7
:1091C000704770477047FEE7FEE7FEE701000C4A74
:1091D00011600C4A1268100070470000FA09002064
:1091E000DC08002050020020050A002004800B400B
:1091F000010A00200C800B40C8080020480A00200B
:10920000D0800B40D4800B40012025490860704776
:109210000020234908607047224908607047010018
:10922000002049B2002903D11E4A1268100002E052
:109230001D4A12681000704700211C4A1268110074
:10924000012282401143194A11607047002249B23D
:10925000012908D1164B1B681A00012383401A43C9
:10926000134B1A6007E0134B1B681A00012383405D
:109270001A43104B1A60704710B4020000210020FE
:109280000D4B1B680124944023401900002902D093
:109290000123180001E00023180040B210BC704701
:1092A00004C0044008C004400CC0044014C0044082
:1092B00028C004402CC0044030C004402DE9F041D7
:1092C00005000E00002400275FF000082800C0B24F
:1092D000FFF7D2FF040064B2002C04D10020FFF796
:1092E0009EFF070003E00120FFF799FF0700EDB2A2
:1092F00017EB051796F9080050EA080896F90900D7
:1093000058EAC008F068401E58EA001896F91000A4
:1093100058EA803896F9110058EA006896F9120068
:1093200058EA806896F9130058EA007896F9140014
:1093300058EA8078306838603F1D706838603F1D9B
:10934000C7F800803F1D00203860BDE8F0810000B4
:10935000016851F08001016070474160704700234F
:10936000C26813001B091B010A68002A02D04A6860
:10937000134301E00A681343CA681343C3600A69D0
:1093800002628A68426270478161704740B2012878
:1093900006D10949096851F00201074A116005E048
:1093A0000549096831F00201034A1160704780B233
:1093B000024908607047000000C0084004C008402F
:1093C00030B400230500EDB22B00DBB2002B08D037
:1093D000022B22D013D3042B3BD02CD3052B46D009
:1093E00053E0484D2D78EDB22C0014F0F00452B249
:1093F000144349B254EA4104424D2C7045E0424DB9
:109400002D78EDB22C0014F0F00452B2144349B29E
:1094100054EA41043C4D2C7037E03C4D2D78EDB2C0
:109420002C0014F0F00452B2144349B254EA41043F
:10943000364D2C7029E0364D2D78EDB22C0014F00D
:10944000F00452B2144349B254EA4104304D2C7036
:109450001BE0304D2D78EDB22C0014F0F00452B228
:10946000144349B254EA41042A4D2C700DE02A4DB0
:109470002D78EDB22C0014F0F00452B2144349B22E
:1094800054EA4104244D2C70FFE730BC70470021A2
:109490000200D2B21100C9B2002908D0022914D0AA
:1094A0000CD304291FD017D3052923D029E0154A4E
:1094B000127852F0C002134B1A7022E0124A12784E
:1094C00052F0C002104B1A701BE0104A127852F092
:1094D000C0020E4B1A7014E00D4A127852F0C0020E
:1094E0000B4B1A700DE00B4A127852F0C002094B78
:1094F0001A7006E0084A127852F0C002064B1A7041
:10950000FFE7704720800340218003402280034012
:1095100023800340248003402580034040B200287C
:109520000AD4012210F01F018A40DFF8C81440B2AB
:1095300003005B0941F82320704740B200280AD499
:10954000012210F01F018A40DFF8AC1440B2030082
:109550005B0941F82320704740B200280AD4012259
:1095600010F01F018A40DFF8941440B203005B0939
:1095700041F82320704730B583B0FEF707F9FDF7B7
:1095800061FB0020FFF7D9FF0020FFF7E5FF012076
:10959000FFF7D3FF0120FFF7DFFF0220FFF7CDFF2A
:1095A0000220FFF7D9FF0320FFF7C7FF0320FFF7D3
:1095B000D3FF0420FFF7C1FF0420FFF7CDFF0620F3
:1095C000FFF7BBFF0620FFF7C7FF0720FFF7B5FF38
:1095D0000720FFF7C1FF0820FFF7AFFF0820FFF7C4
:1095E000BBFF0920FFF7A9FF0920FFF7B5FF012006
:1095F000DFF80C1408600A20FFF79FFF0A20FFF72E
:10960000ABFF0120DFF8FC1308600B20FFF795FF8C
:109610000B20FFF7A1FF0120DFF8EC1308600C20FE
:10962000FFF78BFF0C20FFF797FF0120DFF8D8131F
:1096300008600D20FFF781FF0D20FFF78DFF0E2042
:10964000FFF77BFF0E20FFF787FF0F20FFF775FF67
:109650000F20FFF781FF1020FFF76FFF1020FFF7AB
:109660007BFF1120FFF769FF1120FFF775FF122024
:10967000FFF763FF1220FFF76FFF1320FFF75DFF77
:109680001320FFF769FF1420FFF757FF0820FFF7AB
:1096900063FF1520FFF751FF1520FFF75DFF162030
:1096A000FFF74BFF1620FFF757FF1720FFF745FF87
:1096B0001720FFF751FF1820FFF73FFF1820FFF793
:1096C0004BFF1920FFF739FF1920FFF745FF1A203C
:1096D000FFF733FF1A20FFF73FFF0021022000F0C1
:1096E00052FF0021042000F04EFF00214FF4807053
:1096F00000F049FF00250024DFF81003006800286F
:10970000FAD10020DFF808130860DFF804030068CE
:10971000050015F080000400002C03D1B120DFF813
:10972000F412086030200090002001906846FEF797
:109730007DFBFEF78DFB37BD80B5F9F7B7FDF9F777
:1097400095FDF9F7A6FD0020B3490880FEF76EF8F5
:10975000B148008810F07F00AF490880FEF79DFBFC
:10976000AE48006850F00100AC49086001BD00201F
:109770000100C9B2092921DAA948C9B230F811009B
:10978000A84AC9B222F81100A748C9B230F811009E
:10979000A64AC9B222F81100A548C9B230F8110092
:1097A000A44AC9B222F81100A348C9B230F8110086
:1097B000A24AC9B222F81100491CDAE7A048007891
:1097C000A04A1070A0480078A04A1070A048007805
:1097D000A04A1070A0480078A04A1070A0480078F5
:1097E000A04A1070A0480088A04A1080A0480088B5
:1097F000A04A1080A0480088A04A1080A048008895
:10980000A04A1080A0480088A04A1080A048008884
:10981000A04A1080A0480088A04A1080A048008874
:10982000A04A1080A048006850F020009E4A1060B6
:1098300000200100C9B2062911DA9C48C9B230F8EB
:1098400011009B4AC9B222F811009A48C9B230F8F7
:109850001100994AC9B222F81100491CEAE7794877
:1098600090F900207B4890F90000121A934802708A
:1098700092480078801D924A1070744890F9002038
:10988000764890F90000121A8E4802708D480078D0
:10989000801D8D4A107000200100C9B2092931DAFB
:1098A0006048C9B230F91100002808D48748C9B20D
:1098B00030F81100864AC9B222F8110008E0834846
:1098C000C9B230F911004042814AC9B222F81100F0
:1098D0005648C9B230F91100002808D47D48C9B2F1
:1098E00030F811007C4AC9B222F8110008E079482A
:1098F000C9B230F911004042774AC9B222F81100CA
:10990000491CCAE7704780B50020FFF716FE01200A
:10991000FFF713FE0220FFF710FE0320FFF70DFEF6
:109920000420FFF70AFE0520FFF707FE0620FFF7D9
:1099300004FE0720FFF701FE0820FFF7FEFD0920C7
:10994000FFF7FBFD0A20FFF7F8FD0B20FFF7F5FD01
:109950000C20FFF7F2FD0D20FFF7EFFD0E20FFF7C3
:10996000ECFD0F20FFF7E9FD1020FFF7E6FD1120C9
:10997000FFF7E3FD1220FFF7E0FD1320FFF7DDFD09
:109980001420FFF7DAFD1520FFF7D7FD1620FFF7AB
:10999000D4FD1720FFF7D1FD1820FFF7CEFD1920C9
:1099A000FFF7CBFD1A20FFF7C8FD01BD80B50420ED
:1099B000FFF7B4FD49480078012802D10520FFF7E0
:1099C000ADFD0620FFF7AAFD44480078002805D128
:1099D0000720FFF7A3FD0820FFF7A0FD0920FFF7F0
:1099E0009DFD0A20FFF79AFD0B20FFF797FD01BDB3
:1099F0000000000000E100E080E100E080E200E023
:109A000018D0E94378D0E943D8D0E94308200F4083
:109A100000200F4004200F40DC08002050020020EE
:109A20008C03002064030020A003002078030020A2
:109A3000FC070020D407002010080020E8070020C1
:109A4000EB090020E6090020EC090020E7090020CE
:109A5000E9090020E4090020EA090020E5090020C6
:109A6000E8090020E3090020EE080020E2080020B9
:109A7000F4080020E8080020F0080020E408002096
:109A8000F6080020EA080020F2080020E60800207E
:109A9000F8080020EC080020FE080020FA0800204A
:109AA00000090020FC080020840200202407002078
:109AB0000C07002030070020180700200F0A0020A4
:109AC000100A0020110A0020120A0020B40300200E
:109AD00044070020C803002058070020FE0900208A
:109AE00010B4DFF8B0070078002820D00020DFF89D
:109AF000A83718700020020052B2042A09DADFF8F1
:109B00009C070088DFF8983752B223F81200521CE5
:109B1000F2E7DFF8880700888000DFF888371860F0
:109B2000DFF878070088DFF88037188033E0DFF847
:109B300074070368DFF86807DFF85C47247830F8BB
:109B400014001B1ADFF854070088C318DFF8540705
:109B50000360DFF85007006880080100DFF848075D
:109B60000180DFF838070088DFF83437DFF828474E
:109B7000247823F81400DFF820070078401CDFF871
:109B800018371870DFF810070078042803DB00206E
:109B9000DFF80437187010BC7047F0B4DFF80C071A
:109BA0000078DFF80C673678861B361DDFF804076F
:109BB0000078032803DA0320DFF8F8763870DFF83E
:109BC000F4060078182803DB1720DFF8E8763870F1
:109BD000DFF8E006007804281DDADFF8DC060088EC
:109BE000B0F5A06F02DA002004003BE0DFF8C80601
:109BF0000088B0F5C86F02DA0120040032E0DFF817
:109C0000B8060088B0F5F06F02DA0220040029E0FF
:109C10000320040026E0DFF89C06007817281DDBEF
:109C2000DFF894060088B0F5665F02DA17200400BA
:109C300018E0DFF884060088B0F56B5F02DA1820C0
:109C400004000FE0DFF870060088B0F5705F02DAFC
:109C50001920040006E01A20040003E0DFF854068F
:109C600000780400F6B2042E1DDADFF850060088F2
:109C7000B0F5A06F02DA0020030037E0DFF83C0601
:109C80000088B0F5C86F02DA012003002EE0DFF88B
:109C90002C060088B0F5F06F02DA0220030025E000
:109CA0000320030022E0F6B2262E1EDBDFF80C06AE
:109CB0000088B0F5BE4F02DA2620030016E0DFF878
:109CC000FC05008846F24007B84202DA272003006C
:109CD0000CE0DFF8E8050088B0F5C34F02DA282071
:109CE000030003E02920030000E03300E4B22A204F
:109CF000DBB200FB04300100DFF8C405006889B264
:109D0000405C0200DFF894050788D2B25001B0F53C
:109D10008050C719DFF884050780DFF8A8050078B0
:109D2000012804D00CD3032807D003D308E0602017
:109D3000050007E08020050004E0C720050001E0E1
:109D400080200500DFF8540507882801B0F5006081
:109D5000C719DFF848050780DFF86C050088002880
:109D600005D0DFF838050088DFF830753880DFF877
:109D700058050088652808DBDFF82005008810F505
:109D80000C60DFF81875388010E0DFF83C050088BB
:109D90001F280BDBDFF804050088DFF82C753F88EF
:109DA0001E3F10EB4710DFF8F4743880DFF81C0515
:109DB0000180F0BC704738B50025DFF8D804007882
:109DC000002820D00020DFF8081508700020DFF8F8
:109DD000041508700020040064B2042C08DADFF8CF
:109DE000F8040078DFF8F41464B20855641CF3E753
:109DF000DFF8E4040078DFF8E81408700020DFF8EA
:109E00009414087078E0DFF8C8040078FF2806D0C2
:109E1000DFF8BC040078401CDFF8B4140870DFF8E9
:109E2000B0040078052812DADFF8AC040078C00727
:109E30000DD50020040064B2042C08DADFF8980481
:109E40000078DFF8981464B20855641CF3E700202A
:109E5000040064B2042C0BDADFF8800464B2005D05
:109E6000DFF874140978884200D16D1C641CF0E797
:109E7000DFF864040078C0071CD56DB2032D06DB43
:109E8000DFF854040078DFF8581408701BE06DB256
:109E9000012D18D1DFF848040078C00713D4012041
:109EA000DFF8F0130870F0F7E5F80020DFF8E413AE
:109EB000087008E06DB2012D05DBDFF81C040078A6
:109EC000DFF81C140870DFF810040078DFF80C14B9
:109ED000DFF8002412788854DFF8F8030078401C7B
:109EE000DFF8F0130870DFF8EC030078042803DBD8
:109EF0000020DFF8E013087031BD10B5DFF8E4038F
:109F00000188DFF8E4030088091ADFF8E003018024
:109F1000DFF8D803008880F47F4090F0FF00DFF87E
:109F2000CC130880DFF8C403008880B24008DFF853
:109F3000BC130880DFF8B4030088B0F5804F08DA5E
:109F4000DFF8A8030088B0F50040DFF85013088060
:109F500005E0DFF898030088DFF840130880DFF899
:109F600090030068C0F38010002801D1FFF715FEB0
:109F7000FFF7B6FDDFF87C13DFF82C03B0F9000023
:109F8000091A0C00DFF87003DFF870130978405CE1
:109F900000285DD024B2012C41DB24B2472000FB15
:109FA00004F00012DFF858130880DFF85403B0F90A
:109FB000000080B2B0F5805F04DB4FF48050DFF822
:109FC000401308800421DFF83803B0F9000000F0E6
:109FD000DAF8DFF82C130880DFF82813DFF8200305
:109FE000B0F9000000F0F1F8DFF814130880DFF892
:109FF0001003B0F90000002803D50020DFF800139B
:10A000000880DFF8FC02B0F9000080B2B0F5805F94
:10A0100009DB40F6FF70DFF8E812088003E000205B
:10A02000DFF8DC120880DFF8E002B0F900109B488E
:10A03000B0F90000091A0C0024B2B4F5647F03DB08
:10A040000120A549087060E00020A34908705CE089
:10A05000AD48B0F900109448B0F90000091A0C009E
:10A0600024B2B4F5647F28DB40F28F30241A24B286
:10A07000A64896490988405C00FB04F0000AA04904
:10A0800008809F4800889E4908809D48008896382F
:10A090009B4908809A48B0F90000012802DA0120A3
:10A0A000974908809648B0F90000B0F5805F07DB5B
:10A0B00040F6FF709249088002E000209049088035
:10A0C0008F48B0F9000001280CDB8D48B0F9001072
:10A0D0008B48B0F90000414340F6FF7091FBF0F06F
:10A0E000874908808848B0F900106C48B0F9000032
:10A0F000091A0C0024B2B4F5647F03DB0120764911
:10A10000087002E00020744908706E480078012849
:10A1100005D17148007850F002006F490870694815
:10A120000078022805D16C48007850F004006A4994
:10A130000870FFF740FE704870490978405C0028BD
:10A1400014D167480078C00703D400206C49088008
:10A1500018E063480078C00714D56948B0F90000DA
:10A1600000280FD10120664908800BE05C48007888
:10A17000C00707D56248B0F90000002802D10120CD
:10A180005F49088010BD30B403001BB21C000022E0
:10A190000C25C9B2002901D1012014E0C9B200295F
:10A1A0000FD0C80705D5002A01D1220001E0624383
:10A1B000EA40C9B24908C9B2002902D06443EC4060
:10A1C000ECE7100000B230BC70472DE9F041504B75
:10A1D0009C4600231A0012B2072A08DA030012B2C2
:10A1E0003CF912801BB2434501DB521CF3E712B26B
:10A1F000002A0FD101231A0012B23CF9128012B2C8
:10A200000CEB420333F9023CB8EB0308454600234C
:10A210001C0024E012B2072A0FD1521E12B23CF9E0
:10A22000128012B20CEB420333F9023CB8EB030884
:10A2300045462B001BB21C0011E012B23CF9128003
:10A2400012B20CEB420333F9023CB8EB030845466B
:10A2500012B20CEB420333F8023CC31A1C0012B2D8
:10A2600001EB420333F9023C1E0012B231F9123005
:10A270001F0024B23FB236B2BB1B03FB04F3ADB2E6
:10A2800093FBF5F39B199E461EEB000000B2BDE860
:10A29000F0810000D7090020F809002004090020FF
:10A2A00068040020E40300200E090020E6090020D5
:10A2B000E4090020E30900200C0900200A0900201D
:10A2C00074070020E1090020720900209E09002087
:10A2D0003D0A0020F9090020F2090020880400202E
:10A2E000F4090020FC0800200609002002090020D3
:10A2F00064020020D08EFFFF51AE01000B0A002047
:10A300002209002040A901002C0900202BD30100C4
:10A3100032A90100010000202E4A914201D1002201
:10A3200010007047016851F080010160704770B5FE
:10A3300004000D0000262000FFF7ECFF616811F01B
:10A34000F8010E00244951F820100E436DB2012D82
:10A3500002D156F0100601E016F0EF06666070BDFF
:10A3600070B504000D0000262000FFF7D3FF0100A8
:10A37000287810F0FE00E060606810F01F00060012
:10A38000686856EA401616F0F806E8680643E8687A
:10A39000114A42F8210095F90800002802D056F031
:10A3A000100601E016F0EF0666601820206170BD0F
:10A3B00010B504002000FFF7ADFF0221216101214B
:10A3C00021616168C907FCD50021034A42F82010C9
:10A3D00010BD000000000E40D408002000210269DA
:10A3E000110011F0E00151F0180101617047010006
:10A3F000002210000A69100000F0FF007047416958
:10A4000031F04101416170478160704701000020D7
:10A410008A68100000F0FF00704700006849096872
:10A4200031F4706240B252EA0022654B1A60704704
:10A4300010B40022634B1B6889B20C0522001B0379
:10A440001B0B33F4807340B2002802D0012802D0E5
:10A4500005E0134303E0134353F48073FFE7594CC3
:10A46000236010BC70475748006850F00100554900
:10A470000860704700200021524A126812F002035F
:10A480001900002901D10123180040B27047F8B526
:10A4900005000E00002401276DB2002D1FD0012DF4
:10A4A0003BD176B2012E08D14748006850F0020037
:10A4B000454908600020070010E000F04EF8040055
:10A4C00064B2002C08D14048006830F006003E49D4
:10A4D00008600020070001E0012007001DE076B2BF
:10A4E000012E08D13848006850F001003649086054
:10A4F0000020070010E000F030F8040064B2002CE7
:10A5000002D10120070007E02F4800684008400002
:10A510002D49086000200700FFE7380040B2F2BD77
:10A5200040B200280CD12849096851F00101264A9F
:10A5300011602549096831F48071234A11600BE0EC
:10A540002149096851F002011F4A11601E4909683A
:10A5500051F480711C4A116070471B480268002149
:10A56000012012F400731900002901D10023180002
:10A5700040B27047154909688908890040B2014313
:10A58000124A11607047124A126849B2012901D17A
:10A59000024300E082439205920D0D4B1A60704712
:10A5A0000C4A126849B2012901D1024300E08243FA
:10A5B00012F0704252F08052064B1A607047000051
:10A5C00008300F4030300F4004300F400C300F4047
:10A5D00050300F4054300F40014880470148004739
:10A5E00029CA000055A6010000F00BF8002801D090
:10A5F00000F00AF80020AFF30080E8F76BFD00F0F0
:10A6000017F801207047000010B507497944183148
:10A61000064C7C44163404E00A68081D114488473F
:10A620000146A142F8D110BDD88AFEFF008BFEFF83
:10A6300000F000B80746384600F002F8FBE70000DB
:10A6400080B5AFF30080024A11001820ABBEFBE7D3
:10A6500026000200FFF7FEBFFFF7FEBFFFF7FEBFB9
:10A66000FFF7FEBFFFF7FEBFAFF30080AFF3008040
:10A67000FFF7BAFF19E050F8042BD30744BFA9F144
:10A6800001039A18091F0023042942F8043BF9D258
:10A690005FEA817C134604D54FF0000CA2F800C09D
:10A6A0009B1CC90744BF0021197050F8041B0029E6
:10A6B000E1D1704710B450F8041B79B102684368C7
:10A6C00002440830DC0744BFA9F10104E31852F842
:10A6D000044B43F8044B091FF9D1ECE710BC704759
:10A6E0000101000000000000C17E0100EB7E0100BE
:10A6F00001020100CA960000D37E0100ED7E010038
:10A70000010301008D3A0000D37E0100ED7E0100BF
:10A710000104010000000000D37E0100ED7E010075
:10A720000105010000000000D37E0100ED7E010064
:10A730000201000000000000D37E0100ED7E010058
:10A7400002020100CA960000C17E0100EB7E0100FA
:10A75000020301008D3A0000D37E0100ED7E01006E
:10A760000204010000000000D37E0100ED7E010024
:10A770000205010000000000D37E0100ED7E010013
:10A780000301000000000000D37E0100ED7E010007
:10A7900003020100CA960000D37E0100ED7E010095
:10A7A000030301008D3A0000C17E0100EB7E010031
:10A7B0000304010000000000D37E0100ED7E0100D3
:10A7C0000305010000000000D37E0100ED7E0100C2
:10A7D0000401000000000000D37E0100ED7E0100B6
:10A7E00004020100CA960000D37E0100ED7E010044
:10A7F000040301008D3A0000D37E0100ED7E0100CC
:10A800000404010000000000C17E0100EB7E010095
:10A810000405010000000000D37E0100ED7E010070
:10A820000501000000000000D37E0100ED7E010064
:10A8300005020100CA960000D37E0100ED7E0100F2
:10A84000050301008D3A0000D37E0100ED7E01007A
:10A850000504010000000000D37E0100ED7E010030
:10A860000505010000000000C17E0100EB7E010033
:10A870000000000000000000C17E0100EB7E01002E
:10A8800000043D047E04C2040A055705A805FE0520
:10A890005906BA0620078C07FF077908FA088309CA
:10A8A000140AAD0A500BFC0BB20C730D400E190FBD
:10A8B000FF0FF310F511061328145B15A016F817F7
:10A8C0006519E81A821C341E0020E721EB230E26AE
:10A8D0005128B72A412DF22FCC32D1350439683CAA
:10A8E0000040CE43D6471C4CA3506E55825AE45FBD
:10A8F0009865A36B0972D17800800000FFFFFFFF0D
:10A90000FFFFFFFFFFFFFFFFFFFF084503000A00F7
:10A910000000010002000300040005010001010124
:10A920000201030104010503000301030203030301
:10A9300004030503060307030807030704070507C5
:10A94000060707070800000001001E004C04A406CB
:10A950008C0AFF0F000000009500ADFE36FE46FF9A
:10A96000B0000005000500059C029C029C029C02B0
:10A970009C029C029C029C029C029C029C029C02E7
:10A980009C029C029C029C029C029C029C029C02D7
:10A990009C020005000500050040004000404FEE0D
:10A9A0004FEE4FEE4FEE4FEE4FEE4FEE4FEE4FEEBF
:10A9B0004FEE4FEE4FEE4FEE4FEE4FEE4FEE4FEEAF
:10A9C0004FEE4FEE4FEE4FEE0040004000400005CE
:10A9D00000050005A002A002A002A002A002A002A1
:10A9E000A002A002A002A002A002A002A002A00257
:10A9F000A002A002A002A002A002A002A0020005E4
:10AA00000005000500400040004037F237F237F201
:10AA100037F237F237F237F237F237F237F237F2EE
:10AA200037F237F237F237F237F237F237F237F2DE
:10AA300037F237F2004000400040000500050005F5
:10AA4000360336033603360336033603360336033E
:10AA5000360336033603360336033603360336032E
:10AA6000360336033603360336033603360336031E
:10AA7000360336033603360336033603360336030E
:10AA80003603360336033603000500050005004093
:10AA900000400040BEEBBEEBBEEBBEEBBEEBBEEB40
:10AAA000BEEBBEEBBEEBBEEBBEEBBEEBBEEBBEEB5E
:10AAB000BEEBBEEBBEEBBEEBBEEBBEEBBEEBBEEB4E
:10AAC000BEEBBEEBBEEBBEEBBEEBBEEBBEEBBEEB3E
:10AAD000BEEBBEEBBEEBBEEBBEEBBEEB0040004000
:10AAE0000040000500050005F402F402F402F4023F
:10AAF000F402F402F402F402F402F402F402F402A6
:10AB0000F402F402F402F402F402F402F402F40295
:10AB1000F402F402F402F402F402F402F402F40285
:10AB2000F402F402F402F402F402F402F402F40275
:10AB300000050005000500400040004088E588E56C
:10AB400088E588E588E588E588E588E588E588E59D
:10AB500088E588E588E588E588E588E588E588E58D
:10AB600088E588E588E588E588E588E588E588E57D
:10AB700088E588E588E588E588E588E588E588E56D
:10AB800088E588E50040004000400005000500051C
:10AB90006A026A026A026A026A026A026A026A0255
:10ABA0006A026A026A026A026A026A026A026A0245
:10ABB0006A026A026A026A026A020005000500056A
:10ABC00000400040004018EA18EA18EA18EA18EABB
:10ABD00018EA18EA18EA18EA18EA18EA18EA18EA65
:10ABE00018EA18EA18EA18EA18EA18EA18EA18EA55
:10ABF000004000400040000500050005820282027E
:10AC00008202820282028202820282028202820224
:10AC10008202820282028202820282028202820214
:10AC20008202820282020005000500050040004009
:10AC30000040EAF0EAF0EAF0EAF0EAF0EAF0EAF0DE
:10AC4000EAF0EAF0EAF0EAF0EAF0EAF0EAF0EAF034
:10AC5000EAF0EAF0EAF0EAF0EAF0EAF00040004058
:10AC600000400005000500053903390339033903A5
:10AC700039033903390339033903390339033903F4
:10AC800039033903390339033903390339033903E4
:10AC900039033903390339033903390339033903D4
:10ACA00039033903390339033903390339033903C4
:10ACB0000005000500050040004000408FEB8FEBD1
:10ACC0008FEB8FEB8FEB8FEB8FEB8FEB8FEB8FEBB4
:10ACD0008FEB8FEB8FEB8FEB8FEB8FEB8FEB8FEBA4
:10ACE0008FEB8FEB8FEB8FEB8FEB8FEB8FEB8FEB94
:10ACF0008FEB8FEB8FEB8FEB8FEB8FEB8FEB8FEB84
:10AD00008FEB8FEB00400040004000050005000580
:10AD1000E802E802E802E802E802E802E802E802E3
:10AD2000E802E802E802E802E802E802E802E802D3
:10AD3000E802E802E802E802E802E802E802E802C3
:10AD4000E802E802E802E802E802E802E802E802B3
:10AD5000E802E802E802E8020005000500050040FC
:10AD600000400040BCE8BCE8BCE8BCE8BCE8BCE88B
:10AD7000BCE8BCE8BCE8BCE8BCE8BCE8BCE8BCE8B3
:10AD8000BCE8BCE8BCE8BCE8BCE8BCE8BCE8BCE8A3
:10AD9000BCE8BCE8BCE8BCE8BCE8BCE8BCE8BCE893
:10ADA000BCE8BCE8BCE8BCE8BCE8BCE8004000404B
:10ADB0000040000102030405060708090A0B0C0DF8
:10ADC0000E0F101112131415161718191A1B1C1D2B
:10ADD0001E1F202122237F7F7F7F3435363738396D
:10ADE0003A3B3C3D3E3F4041424344454647487F15
:10ADF0007F7F7F7F7F7F7F7F7F7F7F7F7F7F7F7F63
:10AE00007F7F7F7F00000102030405060708090A0F
:10AE10000B0C0D0E0F101112131415161718191A0A
:10AE20001B1C1D1E1F20212223237F7F7F7F7F3439
:10AE30003435363738393A3B3C3D3E3F404142435A
:10AE40004445464748487F7F7F34373A3D40434634
:10AE500035383B3E41444736393C3F4245487F7F89
:10AE60000102030405000000010B0808090B080893
:10AE7000090B0808090B0808090B0808090B080842
:10AE8000090B0808090B080809000096FFB8F2A68C
:10AE9000745F59532E403E44483D47473B3E354141
:10AEA00040404346404B3C3441594637595D5DB9BB
:10AEB0008000A777FF80DBD0B69F8D827870716AA3
:10AEC0006B656669676B706E6C6968686460676EF5
:10AED0006662676F6A6F7E7C8098B9BDC2E9F68052
:10AEE000DCA99F8D88847E7B7A7774717374747704
:10AEF0007A7A787673706E6E727675757879757801
:10AF00008082828A969D9F8E800AFFAB9D87868471
:10AF1000817F7E7C7A7878787A7C7E7E7D7B7A777A
:10AF200076777A7C7B7C7E7E7C7D8285848992921A
:10AF30009189FFFFCCAFA18982838080807F7D7C57
:10AF40007C7D7D7F80807F7E7E7D7C7C7E7F7F7F21
:10AF500080818081848584868D8C874C004995AA68
:10AF60009D8A80807F7E7F807F7F7F7F7F7F8080C4
:10AF7000807F80807F7F80808080808181828283CB
:10AF800081848E8B803000FF80AF9F8F8180807F97
:10AF90007F8080818181818182828282838382839A
:10AFA0008483838383838484838480828989812DBD
:10AFB0000035779F97887E7F7E7D7E7E7F80808034
:10AFC000818181818282838382828383828283835F
:10AFD000838383828183888B852D80006E9F9B8BEA
:10AFE0007D7C7B7A7B7C7C7D7E7E7F7F8080818286
:10AFF000828280808181818181818181818281843D
:10B000008A8F883880538BA19C8C7E7C7878797A63
:10B010007B7C7C7D7D7E7F80808182817F80808043
:10B0200080808180808080807F848B8F873A80FFC2
:10B030005E9C988A7E797576787A7A7B7C7C7D7E38
:10B040007F7F808081817E7E7F8080808080808005
:10B05000807F7E838B908A3380035D95968B7F788B
:10B060007475797A7A7B7B7C7D7D7E7F7F80808022
:10B070007F7D7E7F808080808080807F7F838C93B7
:10B080008C3F00004F92968C7F7875777A7B7B7B24
:10B090007C7C7D7D7E7F7F808080807F7D7D7D7FCD
:10B0A00080808080807F7F838C948D4300004B92D2
:10B0B000968D817C797A7C7C7C7C7C7D7D7D7E7E9E
:10B0C0007F808080807F7F7E7C7D7E7F808080808F
:10B0D0007F838D948B4100004A93978F84807E7E7E
:10B0E0007E7E7D7D7D7D7D7E7E7F7F808080808079
:10B0F0007F807F7E7D7D7E7F808180848E948C3971
:10B1000000004D95989085838280807F7E7E7E7E34
:10B110007E7E7E7F7F808080808080808080807E39
:10B120007D7E808280818C948A37806F5798999138
:10B130008785838282807F7F7E7F7E7E7F7F7F8008
:10B1400080808080808080808080808080817E7B05
:10B1500087928A3E80004E91969087868483828073
:10B160007F7F7F7F7F7F7F7F7F80808080808080E8
:10B1700080808080818283847F79838F88410000F2
:10B180005190968F87858483828080807F7F7F7FA8
:10B190007F7F7F80808080808080808080808182AF
:10B1A0008485807A828E8A41006B358F969087865F
:10B1B00084838280808080807F7F7F808080818088
:10B1C000808080808080808081828385827E848D63
:10B1D000833385005F83968F8785838281807F7F1D
:10B1E0007F7F7F7F7F7F7F8080807F7F7F7F7F7F6C
:10B1F0008080808082838284888A8E33008F4E9103
:10B20000958D858381807F7E7D7D7D7D7D7D7D7D2E
:10B210007D7E7F7E7D7D7C7C7C7D7D7D7E7E7F7F57
:10B220007A8189887A1200805296938C8582807FF9
:10B230007E7E7D7D7D7C7C7C7C7C7D7E7F7E7D7C3E
:10B240007B7C7C7C7D7D7E7F807E777F8A8A803957
:10B2500099B173948E8A83807E7C7D7D7B7B7A7AA4
:10B260007A7A797A7A7C7E7D7A7979797A7B7C7D33
:10B270007D7E80807B808C918D678080A19F849271
:10B2800084807E78787C7978767575717676767933
:10B290007B7A78766E757778787A797C80807E8410
:10B2A000969390A666AD806B82BB97A37A768DA5A8
:10B2B000887D78726C707B7F82678180766E767213
:10B2C000757388837C7D89759B97937E3E4173E27D
:10B2D00077008080804E59722465574D3B67D92D89
:10B2E0000146543148494239A0DE32505A5D691056
:10B2F0004900EC428080803E8060EA2D413913296C
:10B300000C180805FDFDFC0003040000000000000F
:10B310000000000000010102020203030301FCF827
:10B32000FA040B0C04FDFAFF030707080502FDF5FC
:10B33000F9050B0E060200020409070401000011C2
:10B34000071BEEE0D6CAC8C8EE9FE7E0ED211E134A
:10B350000E060A0505FDFBFA0001010000000000D1
:10B36000000000000000000101010102020301FFD2
:10B37000FCFC02060602FFFD0002030303040200B8
:10B38000FCFC020505020100010304060403FF01A1
:10B39000050A00F6E7D6D0E6021E15FBDADAEB0363
:10B3A000090902020303FDFBFAFD00000000FF0093
:10B3B0000000000000000000000001010102020185
:10B3C00000FDFD0105040200FF000102020203026C
:10B3D00000FDFE0103030000FF0002040604030059
:10B3E00000050A01FCEBDEE905281F150AE2D5E19C
:10B3F000F3FF03FFFF0103FDFAF9FCFF000000FF6C
:10B4000000FF000000000000000000000001010239
:10B410000100FEFE0103040200000001010102031D
:10B420000201FFFE0001010000FF00020406050406
:10B4300000FF060A03FAE9DBF01027271CFED6D727
:10B44000DCECFD00FDFB0103FDFAF8FBFE00000053
:10B45000FF00FF00000000000000000000000101EC
:10B4600002010000FF0103030100000001000101CF
:10B4700002020100FF000000FF00FF0001030605BB
:10B480000400FF080E05F7E5D7EE1328291CFFE19D
:10B49000D8DDEBFBFFFAFA0205FEF9F7FAFDFFFF34
:10B4A00000FF00FF0000000000000000000000019D
:10B4B0000101010000000102020100000000000182
:10B4C0000101010100FF000000FF00FF0001030671
:10B4D000060400FE0C1207FAE0CFE81229231C0A2A
:10B4E000E2DBE1EDFCFFF8FA0205FFF9F6F9FCFFFB
:10B4F000FF00FF00FF00FF00FF00FF000000000052
:10B500000001010101000000010101000000000034
:10B5100001010101010000000000FF00FF00010324
:10B52000060604FFFE0D1508F4EDCADD10272720DE
:10B5300014E6E1E5F0FC00F6FA0206FFF9F5F8FC86
:10B54000FEFFFFFF00FF000000FF00FF0000000003
:10B5500000000001010100000001010100000000E5
:10B560000001000101010000000000FE00000001D8
:10B5700004060604FFFD0F170AF8E0C9DE0D272AAE
:10B58000211DF5EBF0FC04FEF1EFFC0801F9F4F6E7
:10B59000FAFEFEFFFEFFFF00FF00FF00FF000000BD
:10B5A0000000000001010101010000000000000096
:10B5B00000000100010101000000FF00FF00000089
:10B5C0000204060604FEFE111B08F8E0C8D703209B
:10B5D000221F1AFCF4FE050BFEEBE5F00904FAF459
:10B5E000F5FAFDFEFFFE00FF00FF00FF00FF000078
:10B5F0000000000000010101010100000000000046
:10B6000000000001010101010001000000FF000035
:10B61000010204060603FEFF111D0AFAE1C8D60066
:10B62000181B0D1813F8040A0DFEE8DDEA0B05FBE4
:10B63000F5F5F9FCFDFEFE00FF00FF00FF00FF0036
:10B6400000000000000001010101010000000100F4
:10B6500000000000010101010100010000000000E4
:10B66000000102040606030001111C0BFBDDD0D80B
:10B67000FD1111FB1908FE060D0EFEE8DCE80906B7
:10B68000FCF6F6F9FBFCFEFE00FF00FF00FF00FFEA
:10B6900000000000000000010101010100000001A4
:10B6A0000000000000010001010101010000000094
:10B6B000000101020406050301030E170AFDE7D687
:10B6C000DEFE0808EF1610FB070E0EFEE8DCE908A8
:10B6D00006FDF6F7F8FAFCFDFE000000FF00FF0093
:10B6E000FF00000000000000010101010100000056
:10B6F0000100000000000101010101010100000042
:10B7000000010101020406050402040B100902F104
:10B71000E2ED000604E11711FB050C0FFFEAE0EB78
:10B720000404FDF7F8F9FBFCFDFE000000FF00FF3C
:10B7300000FF000000000000000101010101000005
:10B7400001010000000000010101000101010000F1
:10B75000000101010102040605040405080E0805A4
:10B76000F7EBF30206FDDC190BF901090E02F0E913
:10B77000EF0201FDF8FAFAFCFDFEFF000000FF00F9
:10B78000FF00FF00000000000000010101000100B7
:10B7900001000100000000000101010001010101A0
:10B7A00000000101010102040605040405080D085A
:10B7B00007F5EDF80108F5DF1BF8F900071006F5AD
:10B7C000F5F5FEFFFCF9FBFCFEFEFFFF000000FFAD
:10B7D00000FF00FF00000000000000010101000167
:10B7E0000001000100000000000101010001010151
:10B7F0000101000101010102040504040405080C13
:10B800000707F6EEF90107F1D91DF8FA000811094A
:10B81000F8F8F5FBFDFCFBFDFDFFFF00000000005C
:10B820000000FF0000000000000000000101010016
:10B830000100010001000000000001010000010101
:10B8400001010101010101010203050404040508CD
:10B850000C0707F8F0F90105F4DA1A11F7000911DD
:10B860000AF9F8F5FAFCFDFCFEFE000000000000FD
:10B87000000000FF000000000000000000010001C7
:10B8800000010101000000000000000100000001B3
:10B890000101010101010101010103040404040586
:10B8A000070C0808F9F0FA0104F7D72409FC020C88
:10B8B0001009FAF8F4F9FCFEFDFEFE00000001009C
:10B8C0000000000000000000000000000000010077
:10B8D0000000010101000100000000000100010062
:10B8E000010101010101020101010102040404043A
:10B8F00004070C0708F8F1FA0103F8D82A13FC032F
:10B900000C1009FAF8F4F9FCFEFEFFFF000000013C
:10B910000101000000000000000000000000000124
:10B920000000000100010000000000000001000113
:10B9300000010101010101020101010102040404ED
:10B940000404070D0808F9F1FA0105F1D72610FBE8
:10B95000010A1008FAF8F4F9FDFFFEFFFF000000ED
:10B9600001010100000000000000000000000000D4
:10B9700001000000000001000000000001000100C3
:10B9800001000101010101010201010101020304A1
:10B99000040404070C0708F8F1F90104F7D81B0B9D
:10B9A000F900080F08FAF9F4FAFDFFFF00FF0000A4
:10B9B0000001010100000000000000000000000084
:10B9C0000001000000000001000000000001000173
:10B9D0000001000101010101010202020101020452
:10B9E00004040404090D0807F7F0F90103F7D71C54
:10B9F000F8FC00080F08FAF9F5FAFE00FF00FF0056
:10BA00000000000000000000000000000000000036
:10BA10000000010000000000010000000000010023
:10BA20000101010001010101010102020202020201
:10BA30000404040404090D0707F6EFF80004F0D726
:10BA400019FCFD00080F08FAFAF5FBFF00FF00FFE4
:10BA500000000000000000000000000000000000E6
:10BA600000000001000000000001000000000001D3
:10BA700001010101000101010101010202020202B2
:10BA8000030405050404090D0606F6EEF80005F7A3
:10BA9000D21AFCFD00090F09FAFAF5FBFF00FF00BE
:10BAA000FF00FF00FF000000000000000000000099
:10BAB0000000000001000000000001000000000084
:10BAC0000000010101010101010101010202020264
:10BAD00003030405060505080B0606F6EEF8000547
:10BAE000F0DA19FCFE00090F09FAFAF6FB00000073
:10BAF00000FF00FFFFFF000000000000000000004A
:10BB00000000000000010000000000010000000033
:10BB10000001000101010101010101010101020215
:10BB20000203030405060505080B0606F6EFF901F6
:10BB300007F1D619FCFE00090F09FAFAF6FB00001E
:10BB40000000FF00FFFFFE00FF00000000000000FB
:10BB500000000000000001000000000001000000E3
:10BB600000000100010001010101010101010202C7
:10BB7000020203020304060505080B0606F7F0F9A6
:10BB80000105F3D718FCFD000A0F09FAFAF5FBFFCF
:10BB900000FF00FF00FFFFFEFFFF000000000000AD
:10BBA0000000000000000001000000000001000093
:10BBB0000000000100000001010101010102010279
:10BBC00001020203020304050405090C0707F7F04C
:10BBD000FA0207F0DA19FBFD00090F09FBFAF6FB80
:10BBE000FF00FF00FF00FFFFFE00FF00000000005D
:10BBF0000000000000000000010000000100010042
:10BC00000000010001000000000101010101020229
:10BC10000201020202020303040405090C0708F8EA
:10BC2000F0FA0207F1D71B01FB00090F09FBFAF636
:10BC3000FBFE00FF00FF00FF00FF00FF0000000010
:10BC400000000000000000000001000000010001F1
:10BC500000000001000100000001010101010102DA
:10BC60000202020202020203020303050A0D08088F
:10BC7000F9F0FA0206F1D81E11F9010A1009FBFACF
:10BC8000F6FBFEFFFF00FF00FF00FF00FF000000CB
:10BC900000000000000000000000010000000100A2
:10BCA000000001000100010000000101010101018B
:10BCB000010102020202020203020304050B0E0943
:10BCC00008F7EFF90106F0DB2310FC010C1009FB6B
:10BCD000FAF7FBFEFFFF00FF00FF00FF00FF000080
:10BCE0000000000000000000000101010000000051
:10BCF000000000010001000100010101010101013A
:10BD000001010101010202020203030304050C0EFA
:10BD10000907F7EFF90106F4D91D07FA00090F0921
:10BD2000FBFAF6FBFDFFFF00FF000000FF00FF0035
:10BD30000000000000000000000000000100000002
:10BD400000000000010001000101010101010101E9
:10BD50000101010101010202020303030304050BB7
:10BD60000E0807F6EEF80108ECDD14F8FAFF080FEC
:10BD700009FBFAF6FBFEFFFF00FF000000FF00FFDB
:10BD800000000000000000000000000000010000B2
:10BD90000000000000010001010101010101010199
:10BDA000010101010102020202020303040303056F
:10BDB0000B0E0807F6EDF80005F3D90FFBFAFE06A7
:10BDC0000E08FAFAF6FBFEFFFF00FF00FF00FF007F
:10BDD000FF00000000000100000000000000000063
:10BDE0000000000001000101010101010101010148
:10BDF0000101010001010202020202030304030324
:10BE0000050B0D0806F6EDF80105F4DB0CF9F8FD5D
:10BE1000060E08FAFAF6FBFE00FF00FF00FF00FF27
:10BE200000FF000000010000000000000000000012
:10BE300000000001000101010101010101010101F6
:10BE400001010101010102020202020202040403D3
:10BE500003040A0D0806F5ECF80107F5DC0AF8F80A
:10BE6000FD050D08FAFAF6FBFE00FF00FF00FF00DB
:10BE7000FF00FF00000001000100000000000000C2
:10BE800000000000010101010101010101010100A7
:10BE90000101010101010102020202020202030486
:10BEA000030304080C0806F5EEF90207FCDF08F7A7
:10BEB000F7FC050D08FAFAF7FBFF000000FFFFFE94
:10BEC00000FF00FF00000001000000000000000073
:10BED0000000000000010201010101010101010156
:10BEE0000001010101010101020202020202030438
:10BEF00004030303070B0705F5EDFB040701E1034A
:10BF0000F4F5FB030D08FBFAF6FCFF000000FEFE53
:10BF1000FEFFFF00FF000000010000000000000025
:10BF20000000000000010102010101010101010105
:10BF300001000101010101010101020202020203EB
:10BF40000404030203060A0605F6EFFC060905E2EF
:10BF5000FDFAF2F9030D08FBFBF7FCFF0000FFFE02
:10BF6000FEFE00FF000000000001000000000000D5
:10BF700000000001010000010101010101010101B6
:10BF800001010001000100010001010202020202A0
:10BF9000030404030202050A0605F7F1FE090D0772
:10BFA000E9FCECEFF4010C08FBFBF7FCFF0000FFE1
:10BFB000FEFFFE000000FF00000001000000000086
:10BFC000000000000000000001010100010101016A
:10BFD0000101010001000100000001010202020252
:10BFE0000202030303020204090505F7F2000D1122
:10BFF0000BF6FBEBECF2000C08FCFBF9FC0000007C
:10C0000000FF00FF000000FF000000010001000031
:10C010000000000000000000000101010001010219
:10C020000202010100000000000000010101010204
:10C03000010202030303020204070505F7F30212DB
:10C040001715FBF8E8E7EFFE0B07FCFCF9FD000015
:10C050000000FF00FF000000FF00000001010100E0
:10C0600000000000000000000000000001010101CC
:10C0700002020201010000000000000001010101B4
:10C0800002010202020203020104060404F7F4049E
:10C09000171D1B07F2E3E2EBFD0B08FCFCFAFD00A9
:10C0A000000000FF0000000000FF0000010101018E
:10C0B0000000000000FF00FF00000000000101017F
:10C0C0000102020201010000000000000001010164
:10C0D0000101010201010102020103060403F7F458
:10C0E000071A24231AE6E2DFEAFC0B08FDFDFAFE3C
:10C0F00000000000FF0000000000FF00000101013F
:10C10000010000000000FF00FF000000000001012E
:10C110000101010202010100000000000000000115
:10C12000010101010201010103020103060302F6FC
:10C13000F3071B262019E5E1DDE8FB0D0AFEFEFBF7
:10C14000FE00000000000000000000FF00000101F0
:10C1500001010000000000FF00FF00FF00000001DF
:10C1600001010101020201000000000000000000C6
:10C1700001010101010101010103020203060302A1
:10C18000F6F2071C262318E6E1DFE8FC0F0CFFFEA1
:10C19000FBFE00000000000000000000FF000101A5
:10C1A0000101010000000000FF00FF00FF0000008F
:10C1B0000101010101010101000000000000000077
:10C1C0000001010101010100000103030204060254
:10C1D00001F4EF031B262019E6DBDEEB00120D0055
:10C1E000FFFBFEFF00000000010101000000000055
:10C1F0000101010000FF00000000000000FF00003E
:10C200000001010101010101010000000100000025
:10C210000000010101010101000001030403050602
:10C2200002FFF3EE00162422191BE0E3F2081C13B0
:10C230000402F8FEFE00FE000103030300000000FC
:10C24000010100000000FF00000100010000FF00EC
:10C2500000010102010101010100000000020102D0
:10C2600001010101010100000000FE0003050607B5
:10C2700008FEF9EEE5F009211F181BE3FC27352E17
:10C280001D0D00F9F8FDFFFC00030906040200FF84
:10C290000101020001FE00FF01010302020100FE94
:10C2A000FFFF010202020100010000FF000105047E
:10C2B000050201010201010001FFFFFBFE030C0F5B
:10C2C0001A070AEBDED12BE20E1E105007094E3D75
:10C2D0003E3E00F501F6FEF9F8FD08160E110603C4
:10C2E000010201FFFEFDFBFAFC010108060A03043E
:10C2F000FE01FE0302070402FFFFFEFDFE03020A29
:10C30000090E0206010603FEFFFFFCF9F5F6FE0F1B
:10C310001622030013D8C6C66FEFEFB01D66313486
:10C3200030E0D8EAE90807F4E5E1FD1F1B08FDF954
:10C33000F0F5F5F7FEFEFAFFFFFF01FFFCF7020044
:10C34000010402FD0F1717F902FAA5A5D3D3B35BB9
:10C350003F39340BF3F7E9FB0709FAE9E1F50F126E
:10C3600004FDF9F5F6F8FCFEFDFDFDFC0201FEFC06
:10C37000FEFF010001030407100F07FBF8D9C39F5C
:10C38000AB8B060C21180EF3F5F4F30D09FAECE46F
:10C39000F20D0D0300F9F5F9FCFDFEFFFDFDFEFFBA
:10C3A00000FEFCFF000000010000070A0D03FFF97A
:10C3B000E3D7D6EDE6E8D5F90201F6FAF6030F0A5F
:10C3C000FAEDE4EF0B0900FCFAF9FAFBFDFFFEFEC3
:10C3D000FCFEFE00FFFEFF0000000000000308045A
:10C3E00001FCF9F1EEF513E9EAD2E3F1F8F8FBF913
:10C3F00007100AFBECE1EE0607FFFCF9FAFAFCFD78
:10C40000FFFEFDFDFDFDFFFEFEFF00000000000041
:10C4100002050301FBFDFA000714FEE4D0DFEBF296
:10C42000F9FAF706100AFAECE3ED0506FEFBF9FA55
:10C43000FAFCFDFFFEFEFCFDFDFEFEFFFF0000001E
:10C440000000FF01050202FBFD00050E1402EDD104
:10C45000DDEAF2F9FAF5050F09FAEDE3EE0505FE5E
:10C46000FBF9FAFAFCFDFFFEFDFCFEFDFEFEFFFF00
:10C4700000FF00FF00FF01030301FBFD00070E1694
:10C4800002F6D1DEEBF3F9F9F4050F08FAEDE4EE6C
:10C490000505FEFBF9FAFAFCFEFFFDFDFCFDFDFEC5
:10C4A000FEFFFF00FF00FF00FF01040302FAFE0190
:10C4B000070D160A03D9E6EDF4FBFBF5000906FAB1
:10C4C000EFE8F20403FEFCF9FAFAFDFEFFFEFEFDC2
:10C4D000FDFDFEFEFFFF00FF000000FF020403035E
:10C4E000FCFF00060B0C0407E6ECEFF8FE00F6FA82
:10C4F000FF00FBF5F3FB0302FEFCFAFAFBFDFF0075
:10C50000FEFEFDFEFDFEFEFFFF00FF00000000023C
:10C51000050404FD000003070DF00CEEF2F5FD012B
:10C5200002F9F9F7FBFCF9F9FC000000FEFBFBFB4C
:10C53000FEFF00FFFEFDFEFDFEFEFFFFFFFF000011
:10C54000000002060405FE0000010408F112F5F8DF
:10C55000FA010404FAF9F6FAFCFAFAFBFE0001000B
:10C56000FDFCFCFEFF00FFFEFDFEFDFEFEFFFF00EA
:10C57000FF0001000002050506FF01FF000105ECB8
:10C5800015FBFBFD010605FAF9F6FAFDFCFAFAFCCB
:10C59000000100FEFCFCFE0000FFFFFDFEFDFEFEB4
:10C5A000FFFFFFFF0001010002050507FF01FF007B
:10C5B0000005EA1DFDFCFE020404FAF8F6F9FEFD92
:10C5C000FBF9FC000201FFFDFCFEFF0000FFFDFE89
:10C5D000FDFEFEFFFF00FF0001010002050608004E
:10C5E0000200000100EB1F00FFFE010302F8F8F655
:10C5F000FAFFFEFCF9FB000201FFFEFCFDFF00005C
:10C60000FFFDFEFDFEFEFFFF00FF00010100020531
:10C610000709000300010307F2220000FF000100E8
:10C62000F7F6F6FAFFFEFCFAFC00020100FEFCFD44
:10C63000FF0000FFFDFDFDFEFEFFFF00FF0001010A
:10C640000002060609020302030406F3230200FFA8
:10C65000000000F5F5F5F9FFFEFDFBFD000201000D
:10C66000FEFDFEFF0000FFFDFEFDFEFEFFFF00FFE2
:10C670000001010002070709020402030306F12575
:10C680000301FF0000FFF5F3F4F9FFFFFEFDFE00DC
:10C69000010100FFFDFEFF0000FFFDFEFDFEFEFFAD
:10C6A000FF00FF000000000307080A020401010068
:10C6B00001EA2401020000FFFFF4F3F4F8FEFFFF9B
:10C6C000FFFF000100FFFFFDFEFF00FFFFFEFEFD7C
:10C6D000FEFEFFFF00FF000000010408080A01033E
:10C6E0000000FFFCE92004020000FFFFF4F2F4F870
:10C6F000FEFFFF000000010000FFFEFEFEFFFFFF47
:10C70000FEFEFEFFFEFFFF00FF000000010509081E
:10C71000090102FFFEFDF9EB2103020000FFFFF417
:10C72000F2F4F8FEFF00000100010000FFFDFEFE34
:10C73000FFFFFFFEFFFEFFFFFFFF00FF0000000105
:10C74000050909090002FEFDFCF9E42003030001CC
:10C75000FFFFF4F2F4F8FE0000000000010000FF0B
:10C76000FEFEFEFEFEFFFFFFFEFFFFFFFF00FF00DD
:10C77000000001050909090001FCFDFCFAE821039C
:10C7800002000100FFF4F3F4F8FF000000010001D3
:10C790000000FFFEFEFEFEFEFFFFFFFFFFFFFFFFAC
:10C7A000FFFF00000001060A09090000FCFCFCF97B
:10C7B000E5200503000100FFF5F3F4F8FF00000099
:10C7C0000000010000FFFEFFFEFEFEFFFFFFFFFF77
:10C7D000FEFFFFFFFF00000002050A0A0900FFFA42
:10C7E000FCFCF9E71F0303010200FFF4F3F4F9FF77
:10C7F000000000000000000000FFFFFEFEFEFEFF44
:10C80000FFFFFFFEFFFFFFFF00000001050A0A090E
:10C8100000FFFAFCFCFAE5230303010200FFF5F335
:10C82000F4F9FF00FF00000000000000FFFFFEFE23
:10C83000FDFEFF00FFFFFEFFFFFFFF0000000106FF
:10C840000A0A0900FEFAFBFCFBE8220403010100CE
:10C85000FFF4F2F4F9FFFFFF00000000000000FF0A
:10C8600000FEFEFEFFFF00FFFFFFFFFF00FF0000D6
:10C870000001060A0A0900FEF9FBFCFAE72304039B
:10C88000010200FFF4F2F4F9FFFFFF0000000000D6
:10C890000000FF00FFFFFFFFFF00FFFFFFFFFF00A3
:10C8A000FF00000001060B0A0900FEFAFBFCFFEA8C
:10C8B000230503010100FEF6F2F4FAFEFFFF00007B
:10C8C00000000000000000FFFFFF00FF00FFFFFF6F
:10C8D000FFFF00FF00FF0001060B0B0A00FEF9FB43
:10C8E000FDFFEF230504010100FFF6F2F5FAFEFF5C
:10C8F000FF00000001000000FF00FF00FF00FF003C
:10C90000FFFFFF00FF00FF00FF0001060B0B0A0006
:10C91000FFF9FCFD00F32504030101FFFFF4F2F42D
:10C92000F9FEFFFF000000000000000000FF00FF14
:10C9300000FF00FFFFFF00FF00FF00000001060BEB
:10C940000B0A00FEFAFBFD01F0230504010100FFC4
:10C95000F4F2F4F8FEFFFF00000000000000000009
:10C96000FF00FF00FF00FF00FF00FF00FF000000CE
:10C9700001060B0B0A00FFFAFCFD02F7220304017B
:10C980000100FFF4F2F4F8FDFEFFFFFF00000000DD
:10C99000000000FF00FF00FF00FF000000FF00FF9D
:10C9A00000000001060B0B0A0000FBFCFE01F22454
:10C9B0000403010200FFF4F2F3F7FDFFFF00FF00A4
:10C9C000000000000000FF00FF00FF00FF0000006B
:10C9D000FF00FF00000001060B0B0A0100FBFCFD3D
:10C9E000FDEE2003020101FFFFF4F2F3F7FDFFFF6C
:10C9F00000FF0000000000FF00FF000000FF00003B
:10CA0000000000FF00FF00000001060A0B0A010001
:10CA1000FBFCFBFBEA210101000000FFF4F2F3F74D
:10CA2000FDFFFF000000000000000000000000000B
:10CA3000FF0000000000FF00FF00000001060A0BDD
:10CA40000A0101FCFBFBF9EB1E0100FF00FFFFF4F4
:10CA5000F2F3F7FDFFFF00FF000000000000000000
:10CA6000000000FF0000000000FF00FF00FF0001C9
:10CA7000060A0B0A0101FDFCFBF8EA1E00FFFF009D
:10CA80000000F4F2F3F7FDFFFF00000000000000DB
:10CA9000000000000000FF0000000000FF00FF0099
:10CAA000FF0101060A0B0A0101FDFCFBFBE41A0170
:10CAB0000000020100F5F3F3F7FDFEFF00000000A7
:10CAC000000000000000000000FF0000000000FF68
:10CAD00000FF00FF0002060A0A0A0102FDFCFCFA40
:10CAE000EB1C020202040301F6F3F2F7FDFE000064
:10CAF0000000000000000000000000000000000036
:10CB00000000FF00FF00000002060A0B0A0202FDFF
:10CB1000FDFCFCEB1B030303050502F6F3F3F7FC36
:10CB2000FF00000000000000000000000000000006
:10CB30000000000000FF00FF00000002060A0A0AD1
:10CB40000102FDFCFCF9EB1B020202050401F6F2F6
:10CB5000F2F7FDFF000000000000000000000000F0
:10CB60000000000000000000FF00FF0000000106C0
:10CB70000A0A0A0102FDFDFDFEE817020101030297
:10CB800000F5F2F3F7FDFFFF0000000000000000D9
:10CB9000000000000000000000FF000000FF000097
:10CBA0000102060A0A0A0102FDFDFDFDED1B00015E
:10CBB00001030100F4F2F2F7FDFF000000000000A5
:10CBC000000000000000000000000000FF00FF0067
:10CBD0000000000002060A0B0A0202FDFDFD00E94A
:10CBE00019000101040200F6F2F3F8FEFF00000054
:10CBF000000000000000000000000000000000FF36
:10CC000000FF00FF00000102060A0B0A0102FDFD01
:10CC1000FDFCED11000101040200F5F1F3F7FEFF48
:10CC2000FF00000000000000000000000000000005
:10CC30000000FF0000000000000102060A0B0A01CC
:10CC400002FDFDFDFEEA0D010102050300F6F1F211
:10CC5000F7FDFEFF000000000000000000000000E3
:10CC60000000000000FF00FF00FF00000102070BB2
:10CC70000B0A0101FCFCFDFEED0C000102050400A5
:10CC8000F4F1F2F8FDFEFF000000000000000000DB
:10CC90000000000000000000FF00FF00FF00000196
:10CCA00002060B0B0A0101FCFCFCFCF00BFF00016F
:10CCB000050300F4F1F2F7FDFEFF000000000000A4
:10CCC0000000000000000001000000FF00FF000065
:10CCD00000000002070B0B0B0000FBFCFDFFF31034
:10CCE000FF0001050400F4F2F2F7FDFEFF00000072
:10CCF000000000000000FF00000000000000FF0036
:10CD000000000000000102070B0C0A0100FAFCFD04
:10CD100001F01D010102050400F4F2F2F7FDFEFF2F
:10CD20000000000000000000000000000000000003
:10CD300000000000000000000103070C0B0A0000C7
:10CD4000FAFBFD01F31C020302050300F5F2F2F702
:10CD5000FDFEFF0000000000000000000000FF00DA
:10CD600000000000000000000000000002070C0BA3
:10CD70000A0000FBFCFF00F919010001030200F4A6
:10CD8000F1F2F7FDFEFFFF000000000000000000D0
:10CD900000FF000000000000000000000000010291
:10CDA000070B0B0A0000FCFDFF02F913FEFD000358
:10CDB0000200F4F2F2F7FDFEFFFFFF0000000000AA
:10CDC0000000000000000000000000000000000063
:10CDD000000102070C0B0A0000FCFDFF01F50BF936
:10CDE000FD00030300F4F2F1F7FDFEFF00FF000079
:10CDF0000000000000000000000000000000000033
:10CE0000000000000102070B0B0A0100FCFCFDFF03
:10CE1000ED08FCFF01050401F5F2F2F7FDFEFF004D
:10CE20000000000000000000000000000000000002
:10CE3000000000000000000102060B0B0A0101FBCC
:10CE4000FCFCFCEA0DFE0103060601F5F2F2F7FD1B
:10CE5000FEFF0000000000000000000000000000D5
:10CE6000000000000000000000000102070B0B0A98
:10CE70000101FCFCFCFBE410FF0003060501F6F2D7
:10CE8000F2F7FDFE000000000000000000000000BE
:10CE90000000000000000000000000000001020788
:10CEA0000B0B0A0101FCFCFDFEEA14FF0101050465
:10CEB00000F5F2F2F7FDFEFF0000000000000000A8
:10CEC0000000000000000000000000000000000062
:10CED0000102070B0B0A0001FDFCFDFCE61C010131
:10CEE00001050300F5F3F3F8FDFEFF00000000006C
:10CEF0000000000000000000000000000000000032
:10CF00000000000102070B0B0A0101FDFDFDFCE61C
:10CF10001C020201030100F5F3F3F8FDFFFF00001E
:10CF20000000000000FF0000000000000000000002
:10CF30000000000000010103070B0B0A0101FEFEC7
:10CF4000FEFEE81F050202040100F5F4F3F9FDFFFF
:10CF5000FF000000000000000000000000000000D2
:10CF60000000000000000000010103060A0B0A0295
:10CF700002FFFFFF00EA21050302040200F6F4F4B9
:10CF8000F9FDFF0000000000000000FF00000000AD
:10CF90000000000000000000000000010102060A7D
:10CFA0000B0A0202FFFFFF02E8210204030503004F
:10CFB000F6F4F4F9FEFF000000000000000000009D
:10CFC0000000000000000000FF0000000000010160
:10CFD00002060A0A0A0102FFFEFF03EC250404030D
:10CFE000050401F6F5F4F9FE000000FF0000000062
:10CFF00000000000000000FF000000FF0000000033
:10D00000000101020509080A0100FCFEFF04F024EA
:10D01000020304070502F6F4F3F9FE000000FF0026
:10D02000FF00000001000100FFFFFF000000FF0003
:10D03000FF00000001010204090809FFFCF9FBFDE3
:10D0400003EE20000303070703F7F5F3F7FE0001E3
:10D0500000FFFF0000000000010100FFFDFEFFFFD8
:10D0600000FF00FF00000102010204080808FCF8AC
:10D07000F5F9FD05F018FF0103070704F7F4F2F6D0
:10D08000FF000100FF000000000000000200FEFCA5
:10D09000FDFFFFFFFF00FF00000002010203070782
:10D0A00007FEFCFAFE0207FA13FE0001060705F868
:10D0B000F5F1F4FE020200FEFF000000FFFF000297
:10D0C00001FEFCFCFEFEFFFF00FF0000000201016C
:10D0D00003060607FEFEFD0108100B10FCFF01060B
:10D0E0000806FAF6F1F4FD020300FEFFFF00FFFF61
:10D0F000FF000201FEFCFCFEFE00FF00FF0000003E
:10D1000002010102060607FDFDFF04090FE915F9FA
:10D11000FE00060C0B00FAF2F1FA010400FDFDFE20
:10D12000FFFFFFFF000201FEFDFCFEFF000000FF0D
:10D1300000000001010103060506FEFE00050A0EBF
:10D14000060EECF9FE0C110F08FDF2EDF4000601DD
:10D15000FCFCFDFF000000020200FEFDFDFF0000E0
:10D160000000FF00000001000102050405FE0001AF
:10D17000070D13EF0AE6F1FB0D15130B00F2EBF1AF
:10D18000000702FDFCFDFF000000010200FEFEFEA4
:10D190000000000000FF000000010001030604057C
:10D1A000FE0003091014EE05E0ECF5091613090062
:10D1B000F3ECF1000803FDFBFCFF0000010101009E
:10D1C000FFFFFF000100000000000000010001025D
:10D1D000060404FDFF030C111C01F1DFEAF8091538
:10D1E000120A00F1ECF1000702FEFBFCFF00000058
:10D1F000010000FFFFFF0001000000000000000030
:10D20000000103050404FC00020C121409FEDCEA10
:10D21000F60815130B00F3EDF2010704FEFCFCFE0B
:10D22000000000000000FFFFFF0001000000000000
:10D23000000001000103060404FCFE0109111D02A7
:10D24000E7DDEBF906101009FFF3EFF4020702FD2A
:10D25000FCFCFEFF00FF000000FF000000000000DB
:10D26000000000FF0001010103060303FBFCFB00BB
:10D270000E2D02FAE7FD080C0B0904FCF5F0FA0488
:10D280000903FEFBFCFEFFFE0000FF00FF000000A4
:10D29000000000000000FF0001000103060302FB84
:10D2A000F6EEEEF015DB050A2B221906FFFBF5EF73
:10D2B000EFFC070904FEFBFBFCFFFDFFFFFFFEFF89
:10D2C00000000001000000FF00000000020207094A
:10D2D0000605FCF9E3D7D1E9D81C54493B250004E5
:10D2E000F2EFEDECFD090B04FDF9FBFCFFFDFEFE8A
:10D2F000FEFEFF00000001000000FF00000103042B
:10D30000020B0C0B08F4FADABFB19DD82353534437
:10D31000FEFEFFF3EED4F0F90E0E0800F8FAF6FE6A
:10D32000FCFEFCFEFEFF0302020102000100010000
:10D3300003030106030809FBF9F9D2D280808EA607
:10D34000A6A6A6A6A6A6A6A6A6A6A6A6A6A6A6A67D
:10D35000A6A6A6A6A6A6A6A6A6A6A6A6A6A6A6A66D
:10D36000A6A6A6A6A6A6A6A6A6A6A6A6A6A6A6A65D
:10D37000A6A6A6A6A6A6A6A6A6A6A6A6A6A6A6A64D
:10D38000A6A6A6A6A6A6A6A6A6A6A6A6A6A6A6A63D
:10D39000A6A6A6A6A6A6A6A6A6A6A6A6A6A6A6A62D
:10D3A000A6A6A6A6A6A6A6A6A6A6A6A6A6A6A6A61D
:10D3B000A6A6A6A6A6A6A6A6A6A6A6A6A6A6A6A60D
:10D3C000A6979797979797979797979797979797DE
:10D3D00097979797979797979797979797979797DD
:10D3E00097979797A6A6A6A6A6A6A69788888888A0
:10D3F00088888888888888888888888888888888AD
:10D400008888888888888888888888888897A6A651
:10D41000A6A6A6A6A69788888888888888888888E7
:10D42000888888888888888888888888888888887C
:10D430008888888888888897A6A6A6A6A6A6A6977C
:10D44000888888888888888888888888888888885C
:10D45000888888888888888888888888888888884C
:10D460008897A6A6A6A6A6A6A6978888888888884C
:10D47000888888888888888888888888888888882C
:10D48000888888888888888888888897A6A6A6A695
:10D49000A6A6A697888888888888888888888888A3
:10D4A00088888888888888888888888888888888FC
:10D4B000888888888897A6A6A6A6A6A6A6978888FC
:10D4C00088888888888888888888888888888888DC
:10D4D00088888888888888888888888888888897BD
:10D4E000A6A6A6A6A6A6A6978888888888888888DB
:10D4F00088888888888888888888888888888888AC
:10D5000088888888888888888897A6A6A6A6A6A6D8
:10D51000A69788888888888888888888888888885E
:10D52000888888888888888888888888888888887B
:10D5300088888897A6A6A6A6A6A6A697888888887B
:10D54000888888888888888888888888888888885B
:10D550008888888888888888888888888897A6A600
:10D56000A6A6A6A6A6978888888888888888888896
:10D57000888888888888888888888888888888882B
:10D580008888888888888897A6A6A6A6A6A6A6972B
:10D59000888888888888888888888888888888880B
:10D5A00088888888888888888888888888888888FB
:10D5B0008897A6A6A6A6A6A6A697888888888888FB
:10D5C00088888888888888888888888888888888DB
:10D5D000888888888888888888888897A6A6A6A644
:10D5E000A6A6A69788888888888888888888888852
:10D5F00088888888888888888888888888888888AB
:10D60000888888888897A6A6A6A6A6A6A6978888AA
:10D61000888888888888888888888888888888888A
:10D62000888888888888888888888888888888976B
:10D63000A6A6A6A6A6A6A697888888888888888889
:10D64000888888888888888888888888888888885A
:10D6500088888888888888888897A6A6A6A6A6A687
:10D66000A69788888888888888888888888888880D
:10D67000888888888888888888888888888888882A
:10D6800088888897A6A6A6A6A6A6A697888888882A
:10D69000888888888888888888888888888888880A
:10D6A0008888888888888888888888888897A6A6AF
:10D6B000A6A6A6A6A6978888888888888888888845
:10D6C00088888888888888888888888888888888DA
:10D6D0008888888888888897A6A6A6A6A6A6A697DA
:10D6E00088888888888888888888888888888888BA
:10D6F00088888888888888888888888888888888AA
:10D700008897A6A6A6A6A6A6A6979797979797974F
:10D710009797979797979797979797979797979799
:10D72000979797979797979797979797A6A6A6A64D
:10D73000A6A6A6A6A6A6A6A6A6A6A6A6A6A6A6A689
:10D74000A6A6A6A6A6A6A6A6A6A6A6A6A6A6A6A679
:10D75000A6A6A6A6A6A6A6A6A6A6A6A6A6A6A6A669
:10D76000A6A6A6A6A6A6A6A6A6A6A6A6A6A6A6A659
:10D77000A6A6A6A6A6A6A6A6A6A6A6A6A6A6A6A649
:10D78000A6A6A6A6A6A6A6A6A6A6A6A6A6A6A6A639
:10D79000A6A6A6A6A6A6A6A6A6A6A6A6A6A6A6A629
:10D7A000A6A6A6A6A6A6A6A6A6A6A6A6A680A98062
:10D7B000EBA97A71514045361D303A3A2C40354D2F
:10D7C00033453E403A3D4240393E4A4F3754696EF8
:10D7D0005B9CFF8076FFAE80C7CDAC9B8A84756F63
:10D7E0006B686763636466686D6B6A6363685F5DDB
:10D7F000626B675F676E6A707C7C809EB7A7DD8016
:10D80000FF80C4AC9C8C86837C787774716F6F6F5B
:10D81000727577777572706D6C6C6F7474727576E3
:10D8200073767C80808A979999AA80FF89A89D87C2
:10D8300084837F7B7A797675747476787B7A79784D
:10D84000767372737679797A7B7B787A7F82818638
:10D85000908F8DA78011B0AB9E8880807D7C7B7A75
:10D8600079787877787A7C7C7B7A7A7A78797B7C1D
:10D870007C7D7E7E7C7E808281858C89853E0027B2
:10D880008FA89B877D7E7B79797A7A7A7A7A7A7B80
:10D890007C7C7C7C7C7C7C7C7D7E7E7E7E7F7E7EB8
:10D8A0007E7F7E828C897D2D00B984AA9E8D7F7DAE
:10D8B0007C79797B7C7D7D7D7D7E7E7F7F7F808096
:10D8C000808081818081808180807F807E8087864A
:10D8D0007B34000D779E96867B7B797777797A7C8F
:10D8E0007C7D7D7E7E7F8080808180808181818142
:10D8F0008080807F7E7E7E818588853280597CA273
:10D900009A8979767574747577797A7B7B7C7D7E5C
:10D910007F8080807F7F8080808080807E7D7D7E14
:10D920007F82888C871D800083A49A8979757170A5
:10D9300073747677787A7A7B7D7D7F8080807E7F36
:10D9400080808080807F7E7D7C7D7D82898C832429
:10D9500000807B9C968778746F7073747577797A82
:10D960007B7C7D7E7F8080807E7E808080808080CA
:10D970007E7D7D7D7D82898F882600805B9895885D
:10D980007A726E6F73757678797A7B7D7D7E7F8013
:10D9900080807F7D7E80808181807F7D7C7C7B819B
:10D9A0008B938C330080349494887A726F7275767E
:10D9B00078797A7B7C7D7E7F80808181807F7E7D8F
:10D9C0007F808181807E7C7C7D818C95913F0080F1
:10D9D0003394948A7D7674767879797B7B7C7D7EAE
:10D9E0007E7F808081818080807F7E7E7F80807F3F
:10D9F0007F7D7D828D96914400804496968D817EB8
:10DA00007B7B7C7C7C7D7E7E7E7F7F808081818134
:10DA10008181818181807E7E7F80808080848F96DD
:10DA20008F3B00E3529898908583808080807F7F31
:10DA300080808080808081818282828181818282D7
:10DA4000817F7E7E808180818D948B3300804A9996
:10DA5000989288868483838181818181818181817B
:10DA6000828282828282828282828282818080829B
:10DA70007E7A8892892400E43495969089888685F8
:10DA80008583828282828282828282828283828271
:10DA9000828282828282838484858078848F893B9B
:10DAA0000080589597918A898787868584848483A6
:10DAB0008383828283828383828282828282828241
:10DAC00083848687827A818D8921E3FF51919792A1
:10DAD0008C8A8988878685858584848383838383EC
:10DAE0008483838282828282828283848688837E08
:10DAF000858C892CFF80479298938D8B89878786A8
:10DB000085858585848483838384848382828181DF
:10DB100081818181828385868586898A7717FF80C6
:10DB2000399497918B8886848484838383828281CD
:10DB3000818181828281807F7F7E7F7F7F7F7F80E6
:10DB400081807C838A877A1C8080789995908986E9
:10DB50008180818281818080807F7F8080818180BF
:10DB60007F7D7D7C7D7E7F7F7F80817F77808B8ABC
:10DB70007F3280807E938D8B84807C797C7E7D7CDF
:10DB80007C7B7B7B7B7B7C7D7E7C7B7978797A7BE5
:10DB90007C7C7B7E807F777F8B8E8C6C8080BA9F35
:10DBA000938E8D827D74787D7A78767574757575AF
:10DBB000767879787673737374767778777A7D7EF2
:10DBC0007B7D8CA69891801EA69E4DB97C70557D5C
:10DBD0008B3D7C6D7C7578748F858890A08484766D
:10DBE000717D7974887C7D8E7B7C84B278675F8060
:10DBF000E6E8A9A2800080807E8E448080808050EC
:10DC00004E7A5B94C04F5E5A3A39546FA352738078
:10DC1000564D3A568046FF807300E14BF409452B80
:10DC20000BFE0C1A0A0AFEFBFB01060604020202A6
:10DC30000000FF00FEFFFE00FF000000010201FFE8
:10DC4000F9F5F8030B0C04FBF7FC02090A0702FFC5
:10DC5000FBF9FC04070B0503000304080603FFFCA3
:10DC6000FE170A1C28D8D8C8CBB1C580DCDCD90E79
:10DC70001E100E060A0707FDFBFA0002030201014F
:10DC8000010000FF00FFFFFEFFFF00FF0000010199
:10DC900000FCFBFB00060601FEFBFD010404040181
:10DCA00000FFFEFE0102030101000103050603015E
:10DCB000FCFD080CFEF6DDD2CEE01D2A0BE1D7CE2E
:10DCC000E700050700020404FCFAF9FD0001010069
:10DCD0000000FF00FFFEFFFEFFFFFF00FF0000004F
:10DCE0000100FEFBFC00040401FFFDFF0002030233
:10DCF000010000FFFF000000000000010203050416
:10DD000002FDFD060A01F9E8DDE707282124E1DA32
:10DD1000CCD9F1FE00FDFE0204FCF8F8FCFF000186
:10DD2000000000FFFFFFFFFFFFFEFFFF00FF0000FE
:10DD3000000000FEFDFD0003030100FDFF000101E6
:10DD4000010000000000000000FF00FF00020305CA
:10DD50000402FDFD060B01F9E4DAED132A2524E1A6
:10DD6000DACCD8EAFAFFFBFA0103FCF8F6FBFE0076
:10DD700000000000FFFFFEFFFEFFFEFFFF00FF00B0
:10DD800000000000FFFEFE0002020100FEFFFF0097
:10DD90000100000000000000FF00FE00FF00010382
:10DDA000050402FDFC080E03F8DED0EC142A322430
:10DDB000E2DACCD8EAF9FDF8F90003FCF8F6FAFD4E
:10DDC000000000FF00FFFFFEFFFEFFFEFFFF00FF61
:10DDD0000000000000FFFFFF0001010000FEFFFF48
:10DDE000000000000000000000FFFFFEFFFF000138
:10DDF00003050402FDFC0C1005F4E1CBE3122B2A11
:10DE000028E9E0D1DBEBFAFCF6F8FF03FDF8F5F9C1
:10DE1000FCFF0000FF00FEFFFEFFFEFFFEFFFF0015
:10DE2000FF00000000000000FF0000010000FFFFF5
:10DE3000FF000000000000000000FFFFFEFFFF00E9
:10DE40000103050401FDFB0D1306F5DDC8DA1129F8
:10DE50002D25F8E3D2E1EEFCFEF6F50004FEF8F520
:10DE6000F8FCFEFF00FF00FEFFFEFFFEFFFEFFFFCF
:10DE700000FF00FF0000000000000000000000FFA5
:10DE8000FFFF000000000000000000FFFFFEFFFF9A
:10DE9000000102050401FDFB0E1507F4DDC6D90CD7
:10DEA000282C220EF0E0ECFA01FDEFEEFA0500F965
:10DEB000F4F5FAFEFEFFFEFFFEFFFEFEFEFEFEFF95
:10DEC000FF00FF00FF00000000000000FF00000056
:10DED000FFFFFE000000000000000000FFFFFE004A
:10DEE00000000102050401FCFC101908F5DDC3D493
:10DEF000042325200EF3E8FA040AFDE9E4EE090301
:10DF0000FAF4F5F9FCFDFEFEFFFEFFFDFEFDFFFE4F
:10DF1000FFFF00FF00FF00000001000000FF000005
:10DF200000FFFFFF000000000000000000FFFFFFF7
:10DF30000000000102050401FDFD111A08F5DCC412
:10DF4000D200191A1A0403F200090DFDE7DBE90AF1
:10DF500005FBF4F4F8FBFCFDFDFEFEFFFEFEFEFEFD
:10DF6000FEFFFF00FF00FF00000001000000FF00B7
:10DF70000000FF00FF000000000000000000FF00A4
:10DF8000000001010103050401FE00111908F9E078
:10DF9000C8D4FC1311010302F5030D0DFDE7DAE807
:10DFA0000B06FBF4F4F7FAFBFCFCFEFEFFFEFEFEA4
:10DFB000FEFEFFFF000000FF00000001000000FF68
:10DFC0000000000000FF0000000000000000000052
:10DFD0000000010101020406050200030E1508F904
:10DFE000E1D0DAFD0B0BF10303F7050E0EFEE7DCC3
:10DFF000E90906FBF4F3F7FAFAFCFCFEFEFFFEFE6D
:10E00000FEFEFEFFFF000000FF0000000000000019
:10E01000000000000000FF00000000000000000001
:10E02000000001010101020406050302040C0F06B1
:10E03000FFECDCEAFF09F9E10404F6040D0FFFE947
:10E04000DFEA0603FAF4F4F7FAFBFCFCFEFEFFFE3F
:10E05000FEFDFEFE0000000000FF000000000000CA
:10E0600000000000000000FF0000000000000000B1
:10E0700000000001010201030507060402050A0D64
:10E080000602F1E4EF0008F7DD0603F200091003D1
:10E09000F0EBEE0100F9F5F6FAFDFDFDFDFFFEFFE8
:10E0A000FEFFFEFEFE0000000000FF00000000007A
:10E0B0000000000000000000FF0000000000000061
:10E0C0000100000001010101030607060403050A1F
:10E0D0000C0603F3E8F20107F4DB0703F2FE0B1171
:10E0E00007F4F4F5FDFCF9F7FBFCFFFFFFFE00FF72
:10E0F00000FEFFFEFFFF000000FF00FF0000000029
:10E10000000000000000000000000000000000000F
:10E1100000010000000101010102050706040405D9
:10E12000080B0504F4EBF40107F2DB0A04F3FF0922
:10E13000120AF8F6F3F9FAFBFBFEFDFFFF00000000
:10E140000000FFFFFEFFFF000000FF00FF000000D7
:10E1500000000000000000000000000000000000BF
:10E16000000101010101010100000104060606058C
:10E1700005080A0404F6ECF70007F3DB0F04F4FFCC
:10E180000C120AF8F6F2F5FBFE0000FDFDFE0000A1
:10E19000000000FF00FF00FF000000FF0000000083
:10E1A000000000000000000000000000000000006F
:10E1B0000000010101010101010000000205060744
:10E1C000070506090305F2EEF80107F2DB1707F66B
:10E1D000000C110AF8F6F1F5FC000100FDFBFD0052
:10E1E000010101000000FF0000000000FF0000002E
:10E1F000000000000000000000000000000000001F
:10E200000000000101010101010100FFFF000406FF
:10E2100008080505080305F5ECF80108F1DA1E0BFE
:10E22000F7010D1109F7F6F1F8FE020300FDFBFC02
:10E23000FF010202010000FF0000000000FF0000DB
:10E2400000000000000000000000000000000000CE
:10E25000000000010101010101020100FFFE0003B5
:10E260000608080604080305F5EEF80104F7D11CBA
:10E2700008F6000B1008F7F6F2F900030400FDFCA5
:10E28000FBFF00020201000000000000000000008F
:10E29000000000000000000000000000000000007E
:10E2A0000000000001010101010102010000FF0066
:10E2B000020507070606090306F4EEF80109EED881
:10E2C0001204F5FF080F07F8F7F3FA00030301FD46
:10E2D000FCFCFE0002020100000000000000000043
:10E2E000000000000000000000000000000000002E
:10E2F0000000000000000001010101020101000016
:10E30000010203050606060A0706F5EEF80005F603
:10E31000D10B03F5FF091008F9F8F5FC0002020023
:10E32000FEFDFCFEFF0001010000000000000000F7
:10E3300000000000000000000000000000000000DD
:10E3400000000100000000000101010102020201C1
:10E3500002020302030405070B0A06F3EDF70006A9
:10E36000F2D00803F600091109FAFAF6FD010100DE
:10E3700000FEFEFDFEFE00000000000000000000A8
:10E38000000000000000000000000000000000008D
:10E390000000000100010001000101010102020270
:10E3A0000203040403020203090C0B05F6EDF50059
:10E3B00004F6CD0A04F6000C120AFBFBF7FE01007E
:10E3C000FEFFFEFFFEFEFD0000000000000000005A
:10E3D000000000000000010000000000000000003C
:10E3E0000000000001000100010001010102020221
:10E3F000030304040504020102080C0A04F4ECF40B
:10E40000FF06F2CC0A05F7000D120BFBFBF7FE022C
:10E4100000FEFDFEFFFDFDFDFFFF0000000000000F
:10E4200000000000000000010000000000010000EA
:10E4300000000000000100010101010101020202CF
:10E4400002030404040504030202070B0504F4ECB0
:10E45000F40006F3D20904F7000D120BFCFBF7FEE3
:10E460000100FEFEFEFFFDFDFCFEFF00FF000000C0
:10E47000000000000000000001000000000001009A
:10E480000000000000000000010101010101020282
:10E490000202030404030404030202070A0504F54C
:10E4A000ECF50006F4CC0904F7010E130CFCFBF7A5
:10E4B000FD0000FEFEFEFFFDFDFDFEFE00FF000074
:10E4C0000000000000000000000100000001000149
:10E4D0000000000000010000000101010101020232
:10E4E000020202030304030303030203070A0805ED
:10E4F000F2ECF70005F4CE0A04F7010E130CFDFC54
:10E50000F6FCFF00FFFFFEFFFEFEFDFFFE00FF002A
:10E5100000000000000000000001010000000100F8
:10E5200001000000010001000000010101010102E1
:10E5300002020202020203020202020203080B0AA2
:10E5400006F5EDF80107F6D00F05F8010E130DFCE6
:10E55000FCF6FBFE00FFFFFF00FFFFFEFFFF00FFDA
:10E5600000000000000000000001010100000001A7
:10E570000001000100010001000000010101010192
:10E580000202020202020203020202020204090D56
:10E590000B07F4ECF80108EFD41A08F8020E13097F
:10E5A000FDFCF6FBFEFFFF00FF00FF00FF00FF0089
:10E5B000FF00000000000000000001010100010058
:10E5C0000100010001000100010001000101010141
:10E5D0000102020202020202020202020202040B11
:10E5E0000D0B07F4EDF70108F0D51D0BFA030F141E
:10E5F0000BFDFCF6FBFDFFFF00FF0000000000FF2D
:10E600000000000000000000000000010101000106
:10E6100000010001000101010101010101010201EC
:10E6200001010102020201020102020202020305CB
:10E630000B0E0B06F4ECF70108F1D81406F8020EE5
:10E640001209FDFCF7FBFDFFFF00000000000000C9
:10E65000FF000000000000000000000001010100B8
:10E66000010001000101010101010101010101029B
:10E67000010101010202020102010202030302037D
:10E68000050B0E0A06F3EBF70107F0D80903F700B4
:10E690000C130DFDFCF7FBFDFFFF00000000000068
:10E6A0000000000000000001000000000001010166
:10E6B000000100010001010101010102020101014B
:10E6C000010101010101020202020202020303032D
:10E6D00002040B0D0806F7ECF70107F2D90302F666
:10E6E000FF0B120BFCFCF7FBFEFFFF00000000001D
:10E6F0000000000000000000010000000100010017
:10E7000001000100010001010101010202020101F9
:10E7100001010101010101020202020202020303DE
:10E720000302040B0D0806F4EBF40208F2D6010113
:10E73000F5FF0C120CFCFBF7FBFEFF0000000000D5
:10E7400000000000000000010001000100010001C4
:10E7500000010001000101010101020102020201A8
:10E76000010101010101010202020202020202038F
:10E77000030303040A0D0805F5EBF50208F4DC00B9
:10E7800002F5FF09130BFCFBF7FBFE000000000085
:10E790000000000000000000010101000100010074
:10E7A0000100010001010101020201020202020155
:10E7B0000101010101010101020203020202020240
:10E7C00003030303040A0C0705F4EBF80309F5E05F
:10E7D000FFFAF5FF09130DFDFCF7FBFE000000003A
:10E7E0000000000000000000000101010001000124
:10E7F0000001000100010102020202010102020205
:10E8000001010101010101020202020202020202EF
:10E81000020403030304080C0705F6ECF8040AF8E5
:10E82000DFFEF4F5FE091409FDFCF7FCFF00000013
:10E8300000000000000000000000010101000100D4
:10E8400001000100010101010202020101010202B5
:10E8500002010101010101010101010202020202A2
:10E8600002030404040303070A0705F2EDFB060A8A
:10E8700002E4F9F3F3FC08140BFEFCF8FCFF0000C3
:10E88000000000FF00000000000000010101000185
:10E890000001000101010101010202020101010266
:10E8A000020202020101010101010102020302034D
:10E8B0000202030404040303060B0605F4EEFE093A
:10E8C0000D09EAF7F0F1FA07140BFFFDF9FC00005F
:10E8D0000100FF00FF000000000000000101010135
:10E8E0000101010101010101010101020201020214
:10E8F00002020202020101010101010101020302FF
:10E9000002020303040404030305090605F5EE00EF
:10E910000E1109F6F7F2EBF804140CFFFEF9FC00F7
:10E92000010100FF00FF00000000000001010101E3
:10E9300001010101010101010001000102020202C5
:10E9400002030203020201010101010101020202AC
:10E950000202020303040404030305090504F5F09D
:10E9600001121913FEF5F1E9F303130C00FEFBFD90
:10E9700000020200FE00FF00000000000101020290
:10E980000201010101010100010001000101020277
:10E99000020203030302020101010100010102025C
:10E9A000020202020303040404040204070504F53E
:10E9B000F104161E1B06EEEBE5F001150D00FFFB42
:10E9C000FD01040400FDFD00000000000001010243
:10E9D000020201010101000000010000000101022A
:10E9E000020202030303020201010100000101010E
:10E9F00002020202010203040405040102060403E8
:10EA0000F5F2071B24201AE9DEE4EE00130D0100E5
:10EA1000FBFD01040500FBFE0001000000000102F7
:10EA200002020202010101000000000001000101D8
:10EA300002020202030303020201010100000101BC
:10EA4000010202020201020204040504010205049B
:10EA500003F5F2071C27221B18DEE1EC00140E025E
:10EA600000FBFD02060600FAFD00020100000001A5
:10EA70000202020201010101000000000000000189
:10EA8000010202020203020302020101010100016C
:10EA90000101020201010102020304050401010552
:10EAA0000403F6F1071E28211818DCE1ED01171008
:10EAB0000300FBFE02070800FAFF0202010000004B
:10EAC0000102020201010101010000000100000039
:10EAD000010102020202020203020101020101011C
:10EAE0000101010202010101020203030504000009
:10EAF000040403F4EF051D272118E2DEE1EE051DF5
:10EB0000130500FAFD02080800FB000404010000E0
:10EB100001020202020101010101010101010100E2
:10EB200000010202020202020202020101020201CB
:10EB300001010101020201010001020202040501BA
:10EB400001040302F4ED021927251AE3DAE4F617AB
:10EB5000261C0703F6FE030B0901FC04090702014A
:10EB6000000202030102010100020102010201028E
:10EB7000000101020203020201020202010102037A
:10EB80000303020202030201000001020101020567
:10EB900004020800FFF0E6F61522211A63DCFA2AC7
:10EBA0003F392816FAFAF8000F0901FF0F10080381
:10EBB00001FF02020101020001000201030303023E
:10EBC0000000FF01010302030201010102FF010233
:10EBD000060504040102030200FEFF000200FFFF1D
:10EBE00008080E070BEBE2D5D2E01515014A0F20FD
:10EBF0002DD0D0B3A1CABDFE12170E03082E191FC7
:10EC00000902FA050304FFFEFE00FF030108050BDD
:10EC10000505FF03000504070204FDFFFCFEFF03DA
:10EC2000030D0A0F040903070301FBFBFD00FBF3BF
:10EC3000F70C1124EF3D227F7FE1E1EBEB811F4CCC
:10EC40001B1B1BEBEBCAE70A03F6EBE7FD251B0CCE
:10EC5000FFF8EEF2EEF4FBF6FFF5000707FF020007
:10EC6000FF16010706080E1616010A6A6AB39BD73B
:10EC7000A26C4E452713EFF0F9FE060DFCEBE8FB06
:10EC800013130702FDF3F6F8FBFEFEFFFE0003037D
:10EC900001FF0001FD040605020B120F07FAF2DA6C
:10ECA000AF9A92AC1F202B1E0CF3FBEDFA0B0BFE60
:10ECB000EEEAF8120E0400FCF5F8F9FDFFFFFFFE86
:10ECC000FF020401FD01020204030303080A0F030B
:10ECD000FCF7E7DBD5EBE4EEE1FE0804F9FBF80412
:10ECE000110BFEF0E7F30D0A0200FBFAFAFBFD0040
:10ECF000FFFFFE0001030100010102020302020402
:10ED0000080503FBF9F5F6FD13F1E8D1E6F4FAFA8C
:10ED1000FDFB08120BFEF0E7F1090800FDFBFBFA12
:10ED2000FCFE00FFFFFEFF000001000102010202E5
:10ED3000010203060503FAFC00080E181EECD0E2DF
:10ED4000EDF6FAFCF909130AFEF0E7F1080700FCFA
:10ED5000FBFBFAFDFE00FFFFFEFFFF0000000100CD
:10ED6000010202010103060303F9FC050E12191E3C
:10ED7000ECD8E0EEF5FAFBF707110AFEF0E6F10831
:10ED800006FFFDFBFBFAFDFF00FFFFFEFFFF00009B
:10ED9000000100010202010104050403F9FB040E55
:10EDA0001214F6EFD5E3EDF6FBFAF606110AFEF0C3
:10EDB000E8F20906FFFCFAFBFBFDFF0000FFFEFF87
:10EDC000FF0000000100010102010103050403F935
:10EDD000FB050E1115EBFEE2E9F0F8FBFBF5010C6B
:10EDE00008FFF3EBF80604FEFCFAFBFBFE01010052
:10EDF00000FEFFFF00000001000102020202040702
:10EE00000404F9FB030C0E13F40BEAF1F4FAFDFE13
:10EE1000F6FB010400F8F5FC0401FFFDFBFCFC001F
:10EE200002020100FEFFFF000000000001010202DB
:10EE30000205070504F9FA0107090FEC13F6F9FAC0
:10EE4000FDFF00F7FAFA0102FEFBFCFF0000FFFDE8
:10EE5000FDFD0104040100FEFFFF000000000000B2
:10EE60000102020305070504F9F900040504E71788
:10EE7000FCFDFE000001F8FAFC010400FAF9FC00B8
:10EE80000402FFFEFE0105050200FDFEFF0000007A
:10EE90000000000002030406080506FBFB00030354
:10EEA000FFE51DFE0000020202F9FBFB010500FA6E
:10EEB000F6FB03080601FFFD0002050300FCFDFE52
:10EEC000FF00000000000002030406080507FD0023
:10EED00002060300DC21FF0000030202F9FAFB0036
:10EEE0000500F9F4FD090C090200FCFCFF04040014
:10EEF000FCFDFDFFFF000000000002030506080600
:10EF00000A0103050704FEE320000000020101F8E6
:10EF1000FAFA000500F9F4FF0B0E0A0400FBF9FCF5
:10EF2000010400FCFCFDFEFF0000000000020405DF
:10EF30000708070B0204050503FFEA22010100028E
:10EF40000001F7F9F9000400FAF6FF0B0D090400BF
:10EF5000FBF9FB000300FDFCFDFEFF0000000000CC
:10EF60000203040708060A000204060505EC230252
:10EF70000200010000F7F8F8FE0400FCF7FE070AA3
:10EF8000070300FCFAFC000300FEFDFDFEFF00018C
:10EF900000000001020407080608FF00030606043B
:10EFA000E924010200010000F6F6F7FD0200FDFA77
:10EFB000FE0306040200FDFDFE010300FEFEFDFF50
:10EFC000FF000000000000020306090708FDFF0320
:10EFD000060400E52303020001FFFFF5F5F6FC013E
:10EFE00000FFFDFE0003020100FEFF00010200FF22
:10EFF000FEFEFF00000000000000010306090708F4
:10F00000FEFF020403FEE32104020001FFFFF5F40A
:10F01000F6FA000000FF000002010000FEFF000001
:10F020000000FFFFFF0000000000000000010206DA
:10F03000090809FEFF000300FDDF2003020101FFB4
:10F04000FEF4F4F5FA00000100010002010000FEE8
:10F05000FFFF000000FF00FF0000000000000000B4
:10F06000010207090909FEFE000100FDE02003037B
:10F070000001FFFFF4F3F5F90000010001010201B6
:10F080000000FEFEFE00FF00000000000000000087
:10F090000000000102060A0A09FEFEFF0100FBE073
:10F0A0001F05020102FFFFF5F3F4F9000001000162
:10F0B0000102020100FEFFFEFFFF00000000000051
:10F0C0000000000000000103070A0A09FDFDFE0020
:10F0D00000FAE02004030102FFFFF4F4F5FA000057
:10F0E0000100010102020100FFFFFEFEFEFF000021
:10F0F0000000000000000000010103070A0A09FDEA
:10F10000FCFE00FFFBE01F05030102FFFFF4F4F427
:10F11000FA00000100010102010100FFFFFEFEFEF6
:10F12000FFFF000000000000000000010103070ACB
:10F130000B09FDFCFD0000FCDE2005040101FFFFC2
:10F14000F4F2F4FA00000100010102010100FF00E5
:10F15000FFFEFEFFFF0000000000000000000101B4
:10F1600003070A0B09FDFCFD00FFFCE3200303017C
:10F1700001FFFEF4F2F4FB000000000101020101B6
:10F1800000FF00FFFFFEFFFF000000000000000086
:10F1900000010102070B0B09FDFCFD00FFFBE32250
:10F1A00006030101FFFEF6F2F4FA0000000001017F
:10F1B000020100000000FFFFFF000000000000004F
:10F1C00000000000000102080B0B09FDFBFCFFFF23
:10F1D000FBE41F04040001FFFEF5F2F4FAFF000057
:10F1E000000101020000000000FF00FF000000001D
:10F1F00000000000000000000102080B0C09FDFCEB
:10F20000FC0000FFE72104030001FFFEF5F3F5FA1F
:10F21000FFFF00000101010000000000FF000000EE
:10F2200000000000000000000000000002080B0CBD
:10F230000AFEFBFC000000E52304040101FFFEF4CC
:10F24000F3F5FAFFFF00000000010000000000FFDE
:10F2500000FF0000000000000000000000000002AD
:10F26000070B0C0AFDFCFC0000FFE822040301016F
:10F27000FFFEF4F3F4FAFE00FF00000000000000BF
:10F280000000FF00FF00FF00000000000000000081
:10F29000000001070B0C0AFEFCFD000002EA22043C
:10F2A000030102FFFFF4F4F4F9FEFFFF0000000089
:10F2B0000000000000FF00FF000000000000000050
:10F2C000000000000001070A0C0AFEFCFD0000FF20
:10F2D000EC2004030102FFFFF4F3F4F9FEFF000049
:10F2E0000000000000000000FF000000000000001F
:10F2F000000000000000000001070B0C0AFFFDFDEC
:10F300000000FDE32302020002FFFFF6F3F4F7FE24
:10F31000FF000000000000000000000000000000EE
:10F320000000000000FF000000000002070A0C0AB5
:10F33000FFFDFDFFFFFBE11E02010000FFFFF4F2F5
:10F34000F3F7FDFF000000000000000000000000D7
:10F3500000000000000000000000000000000207A4
:10F360000A0B0AFFFEFE00FEFAE31D0100FF00FF8C
:10F37000FEF4F2F3F8FDFF000000000000000000C2
:10F380000000000000000000000000FF000000007E
:10F390000102070A0C09FFFEFE00FEFCDE1B010055
:10F3A000000000FFF5F3F3F7FDFFFF000000000091
:10F3B0000000000000000000000000000000FF004E
:10F3C0000000000102070A0B0900FFFE00FEFCDC42
:10F3D0001B000000030000F5F3F3F7FDFFFF000042
:10F3E000000000000000000000000000000000001D
:10F3F00000FF00FF0000010207090B0900FEFE00EC
:10F40000FEFAE21A020202040400F5F3F3F7FDFF2C
:10F41000FF000000000000000000000000000000ED
:10F42000000000000000FF00000102060A0A09FFB8
:10F43000FFFF00FFFBE01C030303060401F6F3F2E9
:10F44000F6FDFFFF000000000000000000000000CB
:10F45000000000000000000000FF00000102060A9A
:10F460000A09FFFFFE0000FBDE190102020503008E
:10F47000F5F2F2F7FDFFFF000000000000000000C1
:10F48000000000000000000000000000000000017B
:10F4900002060A0909FFFFFF0000FCE41501010153
:10F4A000030100F4F2F2F7FDFF000000000000FF8E
:10F4B0000000000000000000000000FF00FF00004E
:10F4C00000000102060A0A0900FFFF0000FBE41425
:10F4D0000200000200FFF5F1F2F7FDFFFF0000005F
:10F4E0000000FF000000000000000000000000001D
:10F4F00000000000000102060A0A0900FFFF00FFE9
:10F50000FAE7140001000200FFF4F1F2F7FDFEFF3C
:10F510000000000000FF0000000000FF00000000ED
:10F52000000000FF000000000102060A0B09FFFFB7
:10F53000FF0000FEE40EFF00010401FFF5F1F3F708
:10F54000FDFEFF0000000000FF0000000000FF00C3
:10F5500000000000FF000000FF00000102070A0B8E
:10F560000AFFFFFE00FFFEDF0B0001020502FFF5B0
:10F57000F1F1F7FDFEFEFF0000000000000000FFBB
:10F5800000FF0000000000FF00FF00FF000001027C
:10F59000060A0B09FFFEFD00FFFBE5090000010460
:10F5A0000200F5F1F1F7FDFEFEFFFF000000000094
:10F5B0000000FF00000000000000FFFFFF0000004F
:10F5C000000102070B0B09FEFDFDFFFFFEE60AFE30
:10F5D000FF000402FFF5F1F1F7FDFEFEFFFF000062
:10F5E0000000000000FF00000000000000FF00FF1E
:10F5F00000FF00000002070A0C09FEFDFCFFFFFFF0
:10F60000EB0CFE00000301FFF5F0F1F7FDFEFEFF3D
:10F61000FF00000000000000FF00000000000000EC
:10F62000FF00FF00FF00000002080B0B09FEFBFBC0
:10F63000FF00FEEC180000010401FFF4F0F2F5FCFD
:10F64000FEFEFFFF00000000000000FFFFFF0000C3
:10F65000000000FF00FF00FF00000002080B0C0983
:10F66000FEFCFCFF0001EA1C0202010401FFF5F0B0
:10F67000F1F5FCFEFEFFFF00FF0000000000FFFFB1
:10F68000FF00000000000000000000000000020772
:10F690000B0B09FEFCFD000101ED19020201040142
:10F6A000FFF5F0F2F5FCFEFEFFFF00FF000000009A
:10F6B00000FFFFFFFF0000000000000000FF00004F
:10F6C0000002070B0C09FEFDFD010304F011FFFF12
:10F6D000000301FEF4F0F1F5FCFDFEFEFF00FF006B
:10F6E00000000000FFFFFF0000000000000000001D
:10F6F000FF00000001070A0B09FEFDFD000001EB01
:10F700000AFBFE000301FEF4F0F1F5FCFDFEFEFF36
:10F7100000FF000000FF00FF00FF00FF00000000EE
:10F7200000FF00000000000106090909FEFDFD00C0
:10F7300000FCE408FDFF010401FFF4F0F0F5FCFD1E
:10F74000FEFFFF00FF000000FFFFFF00FF00FF00C3
:10F750000000FF00FF00FF00000001060A0909FE8B
:10F76000FEFD00FFFBE20DFE00010502FFF4F0F0DC
:10F77000F5FCFDFEFFFF00FF00FF00FFFFFFFFFFA6
:10F7800000FF00FF00FF00FF00FF00000001060A6D
:10F790000909FEFEFDFFFFFBE20DFE00010501FF72
:10F7A000F4F0F0F4FCFDFDFFFF00FF00FFFFFEFFA3
:10F7B000FEFFFF00FF00FF00FF00FF00FF00FF0053
:10F7C00001050A0909FEFEFE00FFFBE2140000012C
:10F7D0000401FEF4F0F0F5FCFDFEFFFF000000FF69
:10F7E000FFFEFFFEFFFF00FF00FF00FF00FF00FF26
:10F7F00000000001060A0908FEFEFD00FEFBDF19FD
:10F800000101010401FEF4EFF1F5FCFDFDFFFF0035
:10F810000000FFFFFEFFFEFFFF00FF00FF00FF00F4
:10F82000FF00FF00FF000105090909FEFEFE00FFC1
:10F83000FBE0210202010300FDF4F0F2F5FCFDFD06
:10F84000FEFF000000FFFFFEFFFEFFFF00FF00FFC6
:10F8500000FF00FFFFFF0000000106090908FFFE8E
:10F86000FE0000FDDE1D0203010200FEF4F1F2F5D0
:10F87000FBFDFDFEFF000000FFFFFEFFFEFFFFFFA0
:10F88000FF00FF00FF00FFFFFF0000000105090966
:10F8900008FEFEFE0000FBE2210303020300FEF46B
:10F8A000F1F2F5FCFDFEFEFEFFFF00FF00FF00FF92
:10F8B000FFFFFFFE00FFFFFF00FF00FF00FF000053
:10F8C00005090808FFFEFE0000FFE1210204020412
:10F8D00001FFF6F1F2F5FCFEFDFEFDFEFEFFFF006E
:10F8E00000000000FFFEFEFFFFFFFEFFFF00FFFF26
:10F8F000FF000004090808FEFDFE0000FEE82301E9
:10F900000402050300F4F1F2F5FCFEFEFDFCFCFD33
:10F91000FE000001010100FFFEFDFEFEFEFEFEFEF8
:10F92000FFFEFFFF000004090807FCFAFBFF0004CC
:10F93000E61F000202060501F4F1F2F5FDFFFFFDEE
:10F94000FBFBFCFEFF0001030301FEFDFBFDFDFED2
:10F95000FDFEFEFFFEFFFF000004090807F9F5F8B1
:10F96000FDFFFEEB18FDFF01050601F5F0F0F5FDCA
:10F9700000FFFCFBFCFDFEFE0000010402FEFBFAA2
:10F98000FCFCFEFDFEFDFEFEFFFF00000409080674
:10F99000F6F0F2FAFE02ED0AF6FBFF050702F4F0BC
:10F9A000EFF4FD00FEFCFCFEFFFEFDFDFBFF02048C
:10F9B000FFFAF8FAFBFDFDFEFDFEFEFFFEFF000371
:10F9C000080606F7F2F4FC0007F208F2F9FD040756
:10F9D00002F5F1EEF3FD00FEFCFE0000FEFDFAF77D
:10F9E000F9000400F9F7F9FBFDFDFEFDFEFEFFFE48
:10F9F000FFFF03080606F8F3F5FE020AF40BF3FB1B
:10FA0000FF060804F7F4EFF3FD00FEFCFF0000FF23
:10FA1000FCF9F5F5FE0401FAF6F9FBFEFEFEFDFE2B
:10FA2000FEFFFEFFFF03080404F7F3F700040AF5E6
:10FA30000BEEFAFE060B0AFEF8F1F1F9FFFFFCFDF2
:10FA400000FFFEFCF9F6F6FD0300FBF7F9FBFEFEF6
:10FA5000FEFDFEFEFFFEFFFF03070403F6F3F801C1
:10FA6000070EED0AEBF5FC0B100C04FBF1EEF4FEB7
:10FA700000FEFBFDFDFEFCFAF8FB000200FBF9FBBB
:10FA8000FDFFFFFEFDFEFEFFFEFEFF03070301F587
:10FA9000F3FC050B10EB04E5F0FA09131007FCF377
:10FAA000EBF1FE02FEFAFBFCFEFDFDFCFE0001FF99
:10FAB000FCFAFCFE00FFFEFDFEFFFFFEFEFF03065C
:10FAC0000301F6F5FF080F15FAF8DEEAF607131042
:10FAD00008FDF2ECF1FE03FFFBFBFBFDFEFEFE006A
:10FAE0000000FEFCFBFEFF00FFFFFEFFFEFFFEFE30
:10FAF000FF02040201F6F7000C1219F9F5DCE9F334
:10FB000007120F06FEF2ECF2FF0300FBFAFBFDFE0C
:10FB1000FFFE000000FDFDFCFEFF00FFFFFEFFFFFB
:10FB2000FFFEFFFF02040200F6F7000C131CEEF5C7
:10FB3000DCE7F206111007FDF3EDF2000400FCFB18
:10FB4000FBFDFEFEFE0000FFFDFDFCFEFF00FFFFD3
:10FB5000FEFFFFFEFFFEFF01040200F6F7000C139C
:10FB60001AE4EADEE9F4040D0C06FCF2EEF50004FA
:10FB700001FCFAFAFDFEFEFE00FFFFFDFDFDFDFFAC
:10FB800000FFFFFEFFFEFFFEFEFF02040100F6F590
:10FB9000FA02101CFEEADEFB0609060500FAF2EF87
:10FBA000F9030501FCFAFBFCFEFEFDFFFEFEFCFE78
:10FBB000FDFF0000FEFFFEFEFEFFFF00FF01040050
:10FBC000FEF6F2ECEEF513FEFC1829201502FDF707
:10FBD000F3EBF0FC050602FCFBFAFCFDFDFDFEFD6F
:10FBE000FEFCFEFD000000FF00FEFFFDFFFF000029
:10FBF00004070302F8F2E3CFD3E3C90B563D311AF1
:10FC0000FBFCECE7F0EEFC080A03FDFAF9FAFDFB59
:10FC1000FCFEFDFCFCFDFDFF0000FF00FDFFFC0005
:10FC2000FF0000050C0400F8F0CEC1A5A1C91F7F9C
:10FC3000363636F5F8E4EFCDEF020C0B0CFCFAFA91
:10FC4000FDFFFDFBFCFDFEFAFEFD000000FF01FCD8
:10FC5000FD0200000301030809F5F4EDED98988515
:10FC6000D68B8B8B6D7C6E7A848488898681848226
:10FC7000848384858380807E81767178867A7274AD
:10FC80008086888B847D807885848B8B8B8B8B8B17
:10FC90006D7C6E7A8484888986818482848384855D
:10FCA0008380807E81767178867A72748086888B74
:10FCB000847D807885848B8B8B8B8B8B6D7C6E7A2F
:10FCC0008484888986818482848384858380807EFD
:10FCD00081767178867A72748086888B847D80784C
:10FCE00085848B8B8B8B8B8B645857534F4A49473A
:10FCF0004646464646464646484A49494B4A494A88
:10FD00004B4D4B4A4A4847494C4D505452678B8B98
:10FD10008B6D6D6D6053504C4A464544434343439D
:10FD20004343434444464545464645464647474681
:10FD30004544444547484A4C4B596D6D6D8B8B8B00
:10FD400062554F4A49454342424141414141414246
:10FD50004243444443434444444545444443434369
:10FD600046464A4F4C598080808B8B8B5B54504762
:10FD7000484542414140404040404040414141416E
:10FD800041414141414242424141414245454A513E
:10FD90004D577E7E7E8B8B8B57555348484543424B
:10FDA0004241414141414141414141414141414142
:10FDB00041414141414141424444484E4D5388886C
:10FDC000888B8B8B545250474745444342424141B4
:10FDD0004141414141414141414141414141414113
:10FDE000414141424344474C4E508B8B8B8B8B8B14
:10FDF000524F4C46464444434242424141414141B4
:10FE000041414141414141414141414141414142E1
:10FE10004344464B4E4C8B8B8B8B8B8B524E4B46BD
:10FE200045444343434242414141414141414141B3
:10FE30004141414141414141414141424344454A9F
:10FE40004D4C8B8B8B8B8B8B554E49454444434398
:10FE5000424242424141414141414141414141418E
:10FE60004141414141414142434445494D4E6D6DFF
:10FE70006D8B8B8B4F4C484443434343424242413A
:10FE80004141414141414141414141414141414162
:10FE900041414142434445494D4D8B8B8B8A8A8A6F
:10FEA0004D4B484443434342424241414141414119
:10FEB0004141414141414141414141414141414231
:10FEC0004344454A4D518B8B8B8989894D4B48431F
:10FED000424342424241414141414141414141410C
:10FEE00041414141414141414141414243444549F0
:10FEF0004D526D6D6D8989894C4A47434242424259
:10FF000041414141414141414141414141414141E1
:10FF10004141414141414142434445494C518B8B10
:10FF20008B8B8B8B4D4A474341424141414141417B
:10FF300041414141414141414141414141414141B1
:10FF400041414142424344494C4C8B8B8B8B8B8BC0
:10FF5000504B474241414141414140404141414173
:10FF60004141414141414141414141414141414181
:10FF7000424244484C4E8B8B8B8989894D4946427D
:10FF80004141414141404040404041414141414166
:10FF90004141414141414141414141414242434846
:10FFA0004B498585858585854C494642414141417E
:10FFB000414040404040404040404141414141413A
:10FFC0004141414141414141424243484B4C8A8A6F
:10FFD0008A8383834D4945424141414140404040ED
:10FFE0004040404040404041414141414141414108
:10FFF00041414141424243474B4E89898981818138
:020000022000DC
:100000004E494541414141404040404040404040D0
:1000100040404040404040404040404040414141DD
:10002000424242464A5087878782828251494441F0
:100030004041414140403F4040404040403F4040BF
:1000400040404040404040404040414142424245A3
:1000500049527F7F7F8282825649444242434342D3
:100060004241414142424242414141414142424377
:1000700043424241424242434443434448557F7FC6
:100080007F6D6D6D574B484747484948474747473D
:1000900047474747474746474747484848484747ED
:1000A00047474848484848484B577D7D7D8B8B8B58
:1000B00084585955545453545251505151515151DF
:1000C000515050505151515252525151515152521E
:1000D0005254575858818B8B8B8B8B8B8586858B95
:1000E0008A8B6D8B8B8B8B8B8B6D6D8B8B8B8B8BBB
:1000F0008B8B8B6D6D6D8B8B8B8B8B6D6D6D8B7C13
:10010000778B8B8B8B8B8B8B8586858B8A8B6D8B83
:100110008B8B8B8B8B6D6D8B8B8B8B8B8B8B8B6D89
:100120006D6D8B8B8B8B8B6D6D6D8B7C778B8B8BD8
:100130008B8B8B8B8586858B8A8B6D8B8B8B8B8B3F
:100140008B6D6D8B8B8B8B8B8B8B8B6D6D6D8B8B95
:100150008B8B8B6D6D6D8B7C778B8B8B8B32323277
:1001600032444448504B4A495350575255535155C5
:1001700055554F5057504F4F4A4A51504B4B4E5088
:100180004A4B47434C423232323232323244444894
:10019000504B4A49535057525553515555554F504E
:1001A00057504F4F4A4A51504B4B4E504A4B474382
:1001B0004C4232323232323232444448504B4A4955
:1001C000535057525553515555554F5057504F4F07
:1001D0004A4A51504B4B4E504A4B47434C423232A5
:1001E00032919191425365656562626262646565B0
:1001F00065646467646767656567656764676867A2
:10020000646262646467675E544447474744444499
:100210004E65808280767878787878787878787B80
:10022000787D787B7B807B7B7B7B807B7876767B25
:100230007B8282766753434343454545607DA4A84E
:10024000A094989198919191919191949498A09C57
:1002500091949C98989CA0989C9898919C9CA0A004
:100260007B64494949515151677DACA8ACA4A0A019
:10027000A09CA0A0A0A0A0A0A0A0A0A0A0A0A09C86
:100280009CA4A0A0A0A0A0A0A8A8ACAC826A515138
:10029000515A5A5A6C80B6ACB1A4A8A4A8A4A4A47C
:1002A000A8A8A4A4A4A4A4A4A4A4A4A4A4A0A0A012
:1002B000A4A4A4A4A8A8ACA8886E555555606060F5
:1002C0007082ACACACA4ACACA4A8A4A4A4A4A4A418
:1002D000A4A4A4A4A4A4A4A4A4A4A0A0A4A4A0A4EA
:1002E000A0A8AC9C826E5A5A5A5B5B5B6C80A0A83B
:1002F000ACA0ACACA4A4A8A0A4A4A4A4A4A4A4A4AA
:10030000A4A4A4A4A4A4A0A0A0A0A0A4A0A8A49CC9
:10031000806A575757575757687D9CA8A8A4A4AC24
:10032000ACA4A8A0A4A4A4A4A4A4A4A4A4A4A4A485
:10033000A4A4A0A0A0A0A0A4A4A8A49C7B68575794
:10034000575C5C5C6A8094A8A4ACA4A8A4A4A4A8EC
:10035000A0A0A4A4A4A4A4A4A4A4A4A4A4A4A4A069
:10036000A0A0A0A4A4A8A4947B685A5A5A5858588C
:10037000687D91A0A0A4A4ACA4A4A4A0A0A4A4A4BB
:10038000A4A4A4A4A4A4A4A4A4A4A4A0A0A0A0A041
:10039000A4A8A4947D6A5C5C5C5C5C5C6A7D98A4A7
:1003A000A8A8A8A4A4A8A0A0A0A4A4A4A4A4A4A409
:1003B000A4A4A4A4A4A4A0A0A0A0A0A0A0A4A49C21
:1003C0007D6A5F5F5F5E5E5E6A7D98A0A0A8A4A460
:1003D000A8A0A0A0A4A4A4A4A4A4A4A4A4A4A4A4E5
:1003E000A4A4A0A0A0A0A0A0A0A4A4947D6C5A5AEC
:1003F0005A5A5A5A687894A0A0A0A4A4A0A4A4A46D
:10040000A4A4A4A4A4A4A4A4A4A4A4A4A4A4A4A0B0
:10041000A0A0A0A4A8A8A8987B685A5A5A575757D2
:10042000677898A49CA8A0A0A4A4A4A4A4A4A4A40D
:10043000A4A4A4A4A4A4A4A4A4A4A4A4A0A0A0A884
:10044000A0A4A0987B6A585858565656687D989C28
:10045000A0A0A0A4A4A49CA0A8A4A4A4A4A4A4A470
:10046000A4A4A4A4A4A4A4A4A4A0A0A0A0A0A49173
:100470007D6A585858545454677698A0A0A0A4A4F4
:10048000A4A0A0A0A0A0A4A8A4A4A4A4A4A4A4A43C
:10049000A4A4A4A4A4A4A0A0A8A49C947B6A565637
:1004A00056575757687898A4A0A4A4A4A8A0A4A4B9
:1004B000A0A0A0A0A0A0A8A4A4A8A4A4A4A4A4A40C
:1004C000A4A4A4A0A8A4A49C806C56565656565624
:1004D000687B94A8A4A4A4A4A4A4A4A4A4A4A4A44D
:1004E000A4A4A4ACACACA8A8A4A8A4ACA8A4A4A49C
:1004F000A8A8A498806A585858525252687D98A06B
:10050000A4A4A4A0A0A4A8A4A4A4A4A4A4A4A4A4AF
:10051000A0A0A0A0A0A4A0A0A4A8A4A4A4A4A09CBF
:1005200080685454544E4E4E678094A09CA0A0A85E
:10053000A0A09CA4A0A0A0A0A09CA4A0A0A0A09CBF
:100540009CA0A0A0A0A0A0A0A4A4A49880685151A1
:10055000514444445C728B94949C989498919191EA
:100560009491919191919191919491989891919167
:10057000989491989C949888725E4747475A5A5A23
:100580005060727B7B7B807B787D7B787878787617
:100590007878767B78787D787D7D787878787D7DC1
:1005A0007D7D7D706252404040525252414B5257C5
:1005B0005A5B5F5A585B5A5B5B5C5C5B5A5C5A5C8B
:1005C0005B5A5C5C5C5C5A5B585A5B5C5F5B565187
:1005D0004B414242423535357272473A5A3E4341A9
:1005E000404E4B4E573F443E4E4D444F4E4650506A
:1005F00043443C403E3C4B3F423E4C4A474364648C
:10060000643535357272473A5A3E4341404E4B4E3F
:10061000573F443E4E4D444F4E46505043443C405D
:100620003E3C4B3F423E4C4A47436464643535355B
:100630007272473A5A3E4341404E4B4E573F443EFA
:100640004E4D444F4E46505043443C403E3C4B3F41
:10065000423E4C4A4743646464FAFCFE01050A0DBD
:100660000900F7F3F6FBFF020406F4F6F8FBFF05BA
:10067000090700F9F7FB0105080A0CEEF1F3F6FA99
:1006800000060500FBFA00060A0D0F12E9ECEEF178
:10069000F5FC010300FDFF040B0F121417E4E7E95A
:1006A000ECF0F7FD0000000309101417191CE1E439
:1006B000E6E9ECF3F9FE0002070D14171A1C1FDF20
:1006C000E1E3E6E9F0F5FC00040B10171A1D1F2109
:1006D000DDDFE1E4E7EDF2FA00060E13191C1F213D
:1006E00023DCDEE0E3E6ECF1F900070F141A1D202D
:1006F0002224DDDFE1E4E7EDF2FA00060E13191C17
:100700001F2123DFE1E3E6E9F0F5FC00040B1017FD
:100710001A1D1F21E1E4E6E9ECF3F9FE0002070DE2
:1007200014171A1C1FE4E7E9ECF0F7FD00000003C2
:1007300009101417191CE9ECEEF1F5FC010300FD9A
:10074000FF040B0F121417EEF1F3F6FA0006050082
:10075000FBFA00060A0D0F12F4F6F8FBFF05090775
:1007600000F9F7FB0105080A0CFAFCFE01050A0D69
:100770000900F7F3F6FBFF0204062523323B383E5F
:10078000363B35333130303031313131302D2C2F53
:1007900031313031312F2E31343536323029262D5A
:1007A000322B3B45434940453F3D3B3B3A3B3B3B7E
:1007B0003C3C3A38373B3D3D3D3D3C3B393C3E3F80
:1007C000403D3A322F384536454F4D554C514945FD
:1007D00044444445454545454442414649484848C6
:1007E0004746454849494A48463D3A4655424C5392
:1007F00050594F564D484747484848484848484749
:10080000464A4C4C4B4C4B4A494B4C4B4D4B4A4146
:100810003E4C604C5252525C535B514B4B4C4C4DD6
:100820004C4C4C4D4C4C4B4E50504F4F4F4E4D4EF0
:100830004F4F514F4F46435168545951545E565F84
:10084000554E4E50505050505050505050515353A0
:1008500053535252515152525453534C47566D595F
:100860005E52556058635851515354545353535327
:10087000545353545656555555555454545557562C
:1008800056524A5A725D615357615A655A525356CD
:1008900057575555565656565657585857575757EF
:1008A00056565657595859564F5D79636459586290
:1008B0005A655C5556595A595858585859585859A4
:1008C0005A5A59595959595858595B5A5C5D576188
:1008D000806A6467596158625C595A5C5C5B5A5A19
:1008E0005A5A5B5A5A5B5B5B5A5A5A5A5A5B5B5B61
:1008F0005B5C5E615B6489716668585E565F5D5CD7
:100900005D5E5D5C5B5B5B5B5C5B5B5C5B5B5B5B2D
:100910005B5B5B5C5C5B5C5C5F635C669975676999
:10092000585E555E5E5E5E5E5D5C5C5B5C5C5C5C06
:100930005C5C5C5C5B5B5B5B5C5C5C5C5C5C5F64F0
:100940005D678F736769585E555E5E5E5E5E5D5D76
:100950005C5C5C5C5C5C5C5C5C5C5B5B5C5C5C5CD9
:100960005C5C5C5D5F645E688D74676A595F555E50
:100970005F5E5D5E5D5D5C5C5C5C5D5C5C5C5C5CAC
:100980005C5B5C5C5C5C5C5C5C5D5F655F688F7540
:10099000686B595F555E5F5D5C5D5C5C5C5B5C5C7D
:1009A0005C5C5C5C5C5C5B5B5C5C5C5C5D5D5D5D85
:1009B0005F6560688E75686B595F545E5E5D5C5CF8
:1009C0005B5B5B5B5C5C5C5C5C5C5C5C5B5B5C5C6D
:1009D0005C5C5C5C5D5D5F6560689075686B585ED3
:1009E000535C5D5C5B5B5B5B5B5A5B5B5C5C5B5B5A
:1009F0005C5C5B5A5B5B5B5C5C5C5C5C5F645E6824
:100A00009977686B585E535B5C5B5B5B5A5B5A5AC9
:100A10005B5B5B5B5A5B5B5B5B5A5B5B5B5B5B5B28
:100A20005B5C5E645E678B73676A575D525A5B5AA4
:100A30005A5A5A5A5A595A5A5A5A595A5A5A5A5919
:100A40005A5A5A5A5B5B5B5B5D635D66867165688B
:100A5000565C505959595859585959585858585816
:100A6000585859595958585859595959595A5C61EF
:100A70005B64826E6265535A4E57575656565656A9
:100A8000565556555655555656565655565656560B
:100A900056575657595F585F7C695E6150574B54A3
:100AA000535253535353535253525352525253531C
:100AB00053525353535353535354565B535B7764BE
:100AC000595D4D534951515050515050504F504F16
:100AD000504F4F505050504F505050505050505118
:100AE00053584F58715E5458494F454D4D4C4D4DDC
:100AF0004D4D4C4C4C4C4C4C4C4C4C4C4C4C4C4C34
:100B00004D4D4C4C4C4D4F544A536C594E51444AE8
:100B1000414848494949494848474848484747475C
:100B20004748484848484948484747484A4F444E3C
:100B30006551474A3F453C4343444645444444434A
:100B4000444444434343434343434444454444436C
:100B50004243444940485B4A42453B41383F3F415C
:100B600043424141403F4141424140404040403F7B
:100B700040414242413F3F3E40463D44463F3A3E6F
:100B8000363B3339393C3E3C3B3A3938393B3C3BC8
:100B90003A3A3A393A393A3B3D3C3B393838393EB2
:100BA000373D3F3E3C42373C333937393D3B3A399C
:100BB000373637383B3A39393938373637393B3BAE
:100BC0003A383635353B383E202D2D3233302F2FF5
:100BD0002F303030303133312F2D2F303030333013
:100BE0002E2B2F313336332D332D2F2D2F30283010
:100BF000373D3E3B39393A3A3B3A3B3C3D3C39384C
:100C00003B3C3B3C3E3C3936393B3D413E363C3635
:100C10003434393E313840484844424343434444E5
:100C2000444546464442454747474948454244456E
:100C3000474D4B42494440454B53383B444D4D484A
:100C4000464646474747484849494746494A4A4B26
:100C50004C4B494648484A514F464E4A474F535ECF
:100C6000403F4852524C49494A4B4B4B4B4C4D4DDF
:100C70004B4A4D4E4E4F4F4F4D4B4C4D4E56544A96
:100C8000534F4E585C6848414B5656504D4D4E4F51
:100C90004F4F4F4F50504F4E505151525252514F53
:100CA00050505259584D5754556063724D444E5AE6
:100CB0005A5350505152525252525252525152540F
:100CC0005454545554535353545B5A505B575D65B9
:100CD000697C5147525C5D56525254545455545499
:100CE0005454545355565656565756555555565BAB
:100CF0005B525D5862666D84564C565E5E58555523
:100D00005657575756565656565657585858575876
:100D100058575857585B5C545F596865718C5D54DF
:100D20005C5E5E5957575959585858585758585833
:100D300059595959595959595A595A5B5C545F591B
:100D40006B6974906258605D5C5958585A5959598A
:100D5000585858595A595A5A5A5A59595A5A5B5BFB
:100D60005B5C5D545F596C6A76936459615C5C5955
:100D700058595A5A59595959595A5A5A5A5A5A5ADB
:100D80005A5A5A5A5C5C5C5C5D5460596D6B76943F
:100D90006457615C5B5959595A5A59595959595AAA
:100DA0005B5A5A5A5A5A5A5A5A5A5C5C5C5C5D549D
:100DB000605A6E6C77956357615C5B5A5A5A5A5AFF
:100DC000595A5959595A5B5A5B5B5A5A5A5B5A5A83
:100DD0005C5C5B5B5C53615B706D77956357605CDB
:100DE0005B5A5A5A5A5A595A59595A5A5B5A5B5B62
:100DF0005A5A5A5B5B5A5B5C5B5B5C53615B716E1E
:100E000078966356605C5B5A5B5A5A5A595A5959DC
:100E10005A5A5A5A5B5B5B5B5A5B5B5A5B5C5C5C25
:100E20005C54615A706D77956457615C5A5A5B5A8D
:100E30005A5A59595959595A5A5A5A5A5B5B5A5A15
:100E4000575A5B5B5C5C5D545F586C6C769463577F
:100E5000615C5A595A5A5A5959595858595A5A5AF2
:100E60005A5A5A595653555A5B5B5B5A584F595602
:100E7000676976936357605B595959595A5858585E
:100E8000585858595A5959585553545758595A59E6
:100E90005553584E5E5B6668759262555F5A585856
:100EA00058585857575757575758585754515255DD
:100EB000565757575452545659505E5B6466728E5B
:100EC0005E525D58575656555255555555555554C1
:100ED000514E4F5254555555554F52545555584EE5
:100EE0005C5961626E875B4F5A565452514D4C5259
:100EF000525352514F4C4C4E5051515251515150EE
:100F000052525252554C59565C5D6880574C57535B
:100F1000504D4A494C4F50504E4D4A494C4D4E4E03
:100F20004E4F4F4F4F4E4F4F4F4F524955525858BB
:100F300062775349534F4B4645484A4C4C4C4946BF
:100F400046484A4A4A4B4B4B4B4B4B4B4C4C4C4CF8
:100F50004F46514E52525D6F4E454E4943404346B7
:100F60004748484643424446464646474747474621
:100F70004748484848484A414A484A4B54644840D0
:100F800048423D3E40424344413F3E40414242424E
:100F9000424343434242424344444444443D444226
:100FA00043444C5A423B423D3B3B3E40403F3B3C2E
:100FB0003C3E3F403F3F3F4040403E3E3F4041413E
:100FC000414040393E3D3E3F455239333B3A36364B
:100FD000383A3A37363737393A3A3A3A3B3B3A3980
:100FE0003738393B3B3B3A383731373738383B4174
:100FF00039373D38343436393A363736353738397B
:101000003839393A38373535383A3B3A3835342F6C
:1010100038393B3A3B3C35303D47525D656A6F712C
:101020007473727374747575727273757475747485
:101030007577737574747474726D6967605A50490A
:10104000363B3C38414B565F646A6E6E6E6D6E6F18
:101050006E6F6F6F6E6D6F7171717172727272728D
:10106000716F6F6E6C6B68645F5A544C3A3C4A47C0
:1010700050565D6165696B6B6A6968696969696821
:1010800068686A6C6D6C6D6E6E6E6E706E6B6A68A1
:101090006664605C59575249383C57535B606469D9
:1010A0006D70716F6D6C6B6B6A6B6A6A6A6B6D6E7B
:1010B0006E6D6E6F6F6F70706F6D6B6A6967656371
:1010C000605E584F3E3E4F4D53535356585A5B5AED
:1010D000595858595858585858585A5A5A5A5A5A82
:1010E0005B5B5B5B5B5A5958575552504C48443ECA
:1010F0003134484E5A5B5B5D5D5F60605E5C5D5D98
:101100005D5C5C5C5C5C5D5D5D5D5E5E5E5E5E5E0E
:101110005D5D5D5C5B5A58544F483F3E34364447F2
:10112000504D4C4B4C4D4E4E4F51525353535353C5
:101130005354555454545454545454545454545370
:101140005352514F4D4A464437352D2E363B464C6F
:101150005053545657585A5B5A5A5A5A5A5A5B5B0C
:101160005B5B5B5A5B5B5B5A5B5A5A5A5A5A5957DC
:1011700054504E4B3E3B31364042484C4D4E4E5003
:101180005357595A5A5A5A5A5B5B5B5C5C5B5B5BC0
:101190005B5A5B5B5B5B5A5A5A59585755524F4ED4
:1011A000423D353944474A4D4F5050515456585995
:1011B00059595A5A5A5B5B5B5B5B5A5A5A5A5A5A8C
:1011C0005B5A5A5958575554524F4D4C413C3D3F2C
:1011D0004A4B4E5254555657575859595A5A5B5ABA
:1011E0005A5B5B5B5B5B5A5B5B5B5B5B5B5A5A5955
:1011F000575653514E4A47463C3738394244484D7A
:1012000051545759595959595A5A5A5B5B5B5B5A51
:101210005A5A5A5A5B5B5B5B5B5B5A5A595653513D
:101220004E4B48473C36363A44464B4F5255575939
:101230005A5A595A5A5A5A5A5A5A5A5B5A5A5A5A0E
:101240005A5A5B5A5A5A5A5B5A595653514E4B493D
:101250003E37363B46494D5155585A5C5C5C5A5AAC
:101260005A595A595A5A5A5A5A5A5A5A5A5A595AE1
:101270005A5A5A5B5A585654514E4A493E37373C8F
:10128000474A4E5255585A5D5D5C5B5A5A5A5A5AF3
:101290005A595A5B5B5A5B5A5A5A5A5A5A5A5A59AD
:1012A0005A575553504D4A483D37373B46484C51A5
:1012B0005457595B5B5C5B5B5A5A5A595A5B5B5B90
:1012C0005A5A5A5B5A5A5B5B5A5A5A595956535191
:1012D0004F4D49483D38383C46484C505355575877
:1012E000595A5A5A5A5A5A5B5A5B5B5A5A5A5A5A5C
:1012F0005B5B5B5A5A5A5A5A59585553514E4A4990
:101300003E373A3D46484C4F525557595A5A5A5A09
:101310005A5A5B5B5A5A5A5A5A5A5A5A5A5A5B5B29
:101320005A5A5B5B5A595655524F4B493E37393DD5
:1013300047494D50535758595A5A5A5B5B5B5B5A51
:101340005B5A5A5A5B5B5B5B5B5B5B5B5B5B5C5DED
:101350005C5B595753514D4B3E38393E484B4E52CA
:1013600055585B5C5C5D5E5E5D5D5D5D5D5C5C5DBE
:101370005D5D5D5D5D5D5D5D5D5D5D5E5D5C5A57A6
:1013800055504D4B403A3C404A4C5055585B5E617D
:1013900062636565656565666666666666666666F9
:1013A0006666666666656463615E5B5856524D4B61
:1013B000403B3A37404346494C4F52555658595A8C
:1013C0005C5C5D5E5E5E5D5D5D5C5D5D5D5D5E5C4D
:1013D0005C5B5A585653504D4945403F39393D3F63
:1013E000484A4F53565A5C5F616365656767686832
:1013F00068686968686769686A6968686867656372
:10140000605B55524F4C48473E3C32344046505B3F
:101410006267696A6B6B6A6A6A6A6A6A6A696A6A37
:101420006B6A6A6B6B6B6B6A6A6968686763606139
:10143000605D5B54403A464953545B5C5E60626158
:101440005F5F5F5E5E5F5E5E5E5D5D5D5E5F5F5FB8
:101450005F5F5F5F5D5D5C5D5B5A5855534F4C4706
:1014600037333A4453565A5E65696D6D6C6B6868E4
:1014700068676768676767676868686969696969ED
:10148000686766666566645F59534D4A3C36384006
:101490004D4F53575B5F626362615F5F5F5E5E5E8D
:1014A0005E5E5E5E5D5E5F5F5F5F5F5F5E5E5E5E57
:1014B0005D585654504C464238332D2F383D444ADF
:1014C0004F5256595A5B5B5B5C5B5A5B5B5B5B5C88
:1014D0005C5B5B5B5B5C5B5B5A5B5B5B5B5C5C595B
:1014E00056514D4A403838394244474A4D4F50537F
:1014F000555758585959595A5A5A5B5B5B5B5B5A56
:101500005A5A5A5A5A5A5A5A5A57565654514D4B71
:10151000413A363A4445494C4E5052535457575825
:1015200058595A5A5A5A5A5A5B5B5A5A5A5A5A5A1C
:101530005A59595857585855524E4A483E38373CD0
:1015400047474B4E5052545556575859595A5A5A64
:101550005A5A5A5A5A5A5A5A5A5A5A5A5A5A5A58ED
:10156000565352514E4B47463C3634394344474B11
:101570004E5053545658595A5A5A5A5A5A5B5A5AF4
:101580005A5A595A595A5A5A5A5A5A5957565652D1
:101590004F4B48473C36353A44474A4D50515356D5
:1015A000575859595959595A5A5A5A5A5A5A5A59A6
:1015B0005959595A5A5A5A5A59565453524E4A48D6
:1015C0003E36393D46484C4F525558595A5A5A5A48
:1015D0005A595959595A5A5A5A5A595A5959595974
:1015E00059595959595D5854514D49473C353B3E1D
:1015F00047494D505356585A5B5B5B5A5A5A5A5A90
:10160000595A5A5A5A5A5A5A5A59595A5A59595940
:1016100057535554514D4A483D37373C46494C5035
:101620005356585A5B5B5B5B5A5A5A5A595A5A5A24
:101630005A5A5A5A5A5A5A5959595958585A56531D
:10164000504C49473C36373B45474C4F525456580F
:10165000595A5A595A5A5A5A5A5A5A5A595A5A5AED
:101660005A59595A5A5A5A5A59565655524F4B491D
:101670003D38383D46484C50535557595A5A5A5A96
:10168000595A595A5A59595959595A5A5A595959C4
:101690005A5A5A5A5B5C5956534F4B493E383A3C5A
:1016A00046484B505455585A5A5A5A5959595959EB
:1016B00059585959595959585959595959595A5B99
:1016C0005B5A5A5855514C493F3A36363F41464984
:1016D0004B4F5152535353525252525252525252F2
:1016E00052525252525252525252535454525351D5
:1016F0004E4A45433A363E3F47494D5255595C5E46
:101700005E5D5C5C5B5B5B5B5B5B5B5B5B5B5B5B22
:101710005B5B5B5B5B5A5B5C5E615E5B56514C493D
:10172000403E3E3A4144484C4F52555859585857FC
:101730005757575757575757575757585858585735
:1017400056565657585B5854504B46433B3A4E45B5
:101750004A4D52585D6166686967676868696A6A78
:10176000696968686868696A6A6A6A6967666667F3
:10177000686663605B544F4A4345493D45484D5355
:10178000585C62646565656567676869686867670E
:10179000676768696A6967676665646464615E5AF9
:1017A000544E49453E42453F474C53585D6166683B
:1017B00069696B6B6E6E6F6F70706F6E6E6E6F714E
:1017C00071716E6D6D6C6B6A66635D58534C484504
:1017D0003E41433C4A4F555C63676A6B7071747459
:1017E0007678767778797978777878777875747786
:1017F0007673726E6B66605A554F4A463B450005DC
:10180000A0054006E00680072008C0086009000A1D
:10181000A00A400B800C80118016801B8020802540
:10182000802A802F80348039803E80438048804DDC
:1018300080528057005A405BE05B805C205DC05D59
:10184000605E005FA05F4060E06080610005A00511
:101850004006E00680072008C0086009000AA00AC8
:10186000400B800C80118016801B80208025802AF0
:10187000802F8034C03560360037A0374038E038DC
:101880008039203AC03A603B003C00054006E00643
:1018900080072008C0086009000A400B800CC00DBA
:1018A000000F40108011C012001440158016C017A0
:1018B0000019401A801BC01C001E401F8020C02140
:1018C000002340248025C02600284029802AC02BE0
:1018D000002D402E802FC030003240338034C03580
:1018E000003740388039C03A003C403D803EC03F20
:1018F000004140428043C044004640478048C049C0
:10190000004B404C804DC04E005040518052C0535F
:10191000005540568057C058005A405B805C205D9F
:10192000C05D605E005FA05F4060806100054006B2
:10193000E00680072008C0086009000A400B800C00
:10194000C00D000F40108011C01200144015801609
:10195000C0170019401A801BC01C001E401F8020A9
:10196000C021002340248025C02600284029802A49
:10197000C02B002D402E802FC030003240338034E9
:10198000C0350037A0374038E0388039203AC03AB7
:10199000003CFFFF0A0A261D191502F8DCF2EDF4DF
:1019A000F3F1F1F0F2EAEBE3F0E6EDEDF0F2D2E67E
:1019B00011FFF4EEF4FE0FF1B437FF1B421F1A16AD
:1019C0000F0E03FC00F8F8F7F6F5F5F7EFFAF1FA69
:1019D000F1F5F3F0F1F5FF070603FDFE130F1423F5
:1019E00037401B280D15171411090506FE00FFFED0
:1019F000FEFDFFFAFEFBFEFBFDFCFCFEFF0106FF09
:101A0000FC0108090C24F9372117151B14121612B2
:101A100008080801020101010100FF000000FF00A9
:101A2000FFFE01010103FEEFEFFC0204F9F8392D7E
:101A30001D1A171314171209090A010302020202E0
:101A40000101010101010201FE04030205FAE9E6B8
:101A5000EFF7F3F6E4351A1B1A18111115110A0ADB
:101A60000A0003020202020200010101010201FE5A
:101A700005040306F8E5DBE3F0EEF1E0241D191A96
:101A800018121113100B0B0A0003020102020201CB
:101A9000010101010201FC02030207FBE7DBDDEAB1
:101AA000ECE7DB1F2B181917100F13100A0A090097
:101AB00003020202020101010101010201FD000213
:101AC0000205FBECE0DCE9E9E6D422261517150F48
:101AD00010110F0A090700030102010201010101AF
:101AE00001010100FBFE000305FCECDEDAE8E7E79C
:101AF000D02E231217140E0E120C09060700020135
:101B00000101010101010101010100FCFC040307C5
:101B1000FCEDDDDCE8E7E3CD351E1F18140D0D13D9
:101B20000B0A03050001010101010101010100018E
:101B30000100FAFB050307FCEEDEDEEAE9E8C92452
:101B4000181710140F09130B070102000000000002
:101B5000010100010000000100FBFA010108FEF094
:101B6000E0DFEDEEE0C91910210F110A030F0A079B
:101B70000401FFFF00FF0000000100000000000062
:101B800000FDFE0003FFF4EEF4F9FBEDCC211E2274
:101B90000E120B050C0B080602FF0000FF000000F0
:101BA000000000000000FF000001000200F3EDF75C
:101BB000FDFCF0CD0E141F0D120A060B0B070501DC
:101BC000FE0000FF0000000000000000000000FE1A
:101BD000FF000100F4EEF7FEFBF1CAF8101F0D1133
:101BE0000A060A0B070401FF00FFFF00FF000000C8
:101BF00000000000FFFFFDFF000100F2EEF7FDFD19
:101C0000F0C60F1824111209070C0B070501FF007D
:101C1000FFFF00FF000000000000FF00FFFEFF00CC
:101C20000200F3EEF5FEFAEFC4FE0F0F0D110B05E7
:101C30000A0B060501FE00FFFF0000000000000087
:101C4000000000FFFE00010200F2EDF6FEFDEDC413
:101C5000FB090C120F0A050A0B060501FFFFFFFF27
:101C6000000000FFFF0000FFFF000000FF02030074
:101C7000F3EBF4F8F5EBC5F4FB07110F0A080D0CB4
:101C80000B080604050505050604050405060504FC
:101C900005020505070808F6F5FD00FDF5F3F1F46A
:101CA000070E0F0B09100F0C0B09080A090A0A0985
:101CB000090909090909090908090A0B0C0B00FFA0
:101CC0000507050202F2F6050F100C0B11110D0E9F
:101CD0000C0B0B0B0B0B0A0B0B0A0B0B0A0B0B0B56
:101CE0000B0D0E0E0B02040A0A090605F6F1050F8C
:101CF0000F0C0C131310110F0E0D0E0E0E0E0D0EF9
:101D00000E0E0D0D0E0E0D0E1011110F07070F0FF9
:101D10000C0605F9F607100F0D0E1514131211110C
:101D200010111111101011111110111111101012A8
:101D3000141512090D1313101410F9000C11120FC1
:101D40000F16161515141414141514131314141453
:101D5000131414141313161718161013171614123D
:101D600012FC001012120F10151716171515151565
:101D70001515151416151515151515151517191909
:101D80001712161B1916171207070B13120E10162F
:101D900017161615141615151514141515141515F2
:101DA0001514161517191A1713181E1E1C8F1B4011
:101DB0007F000F0D0E0C12151216141315131413A9
:101DC000131314131314131413151316191B1711CB
:101DD0001F2428E380EF406CDD05FFFA040B0B1590
:101DE0000A11121013110E100D0E0D0D0F0D0E0E07
:101DF000110E0B0F19141114212A80EFEF40F5EF8B
:101E000080F7E9F88088160409FC09010204FE0540
:101E1000030503050302050B0A12181219E9E9C6A6
:101E2000232E2BEFF5EBEB8080F37F802C2C262CE0
:101E3000EB09100BFF010EFFFEF3FE1BF9F53C0C46
:101E40000F1EFE02F4F470702B2BE8544C4C4CE542
:101E5000E4F0DBE60812F9060106F7FE040A0919A8
:101E600016190909F6EFE6F0FAD25454CAF6D5DA93
:101E7000EEEDF1E3FAF8F5F5F5FCFFFFFE0D1716B0
:101E8000171109F4EF2C1AC8BF1CF1F3E6E1E1E7E2
:101E9000E4EBF0E6F4EFF0F3F1F0F4F4F90000F81D
:101EA000FEFEF7EAEBBEB2BF1CC1D8ECE7E5E4E604
:101EB000E7EAF5EDF0EFEEEEF0EFEFEFF7F0EEF131
:101EC000F5EFECEFFAF5FFDFE1F2E6E8E9E7E7E846
:101ED000E6EBEBEEEBEBECECECEDEDEEEEECEEF33B
:101EE000EEEBF1FBE2FFE6E9E9E8E7EBEAEAE8E737
:101EF000EAECEBEBEBECECECEBECEDEEEBECF2F11B
:101F0000EBF3F60410E9ECEAE8EBF1EEECEAEAEECA
:101F1000EDEDEBECECECECECEBEDEEEBEDF5F3EFEB
:101F2000F6030D30EDF1EFEDEFF6F5EEEEEEF1F03C
:101F3000EEEEEFEFEEEFEFEFEEEFEDEEF8F6F1F79E
:101F4000052618E3F8F6F2F4FBF7F1F0F1F4F4F0FB
:101F5000F1F1F1F1F1F2F1F0F1EFF2FAF7F2F90447
:101F60001904F2FCF8F7FB01FBF3F1F4F6F6F2F2D8
:101F7000F4F4F4F4F4F4F3F3F2F3FDF9F4FB0613E0
:101F800004EAFDFAFAFF06FEF6F3F6FAF8F4F6F7BD
:101F9000F6F6F6F6F7F6F5F4F4FEFAF5F80C150D8C
:101FA00002FF02FE070E05F7F5F7FAFCF9FAFAFA56
:101FB000FBFAFAFAFAF8F6F701FCF7FA050FF51250
:101FC0000305040F180DFFFCFDFDFEFF01010101DB
:101FD00000000000FEFBFC06FFF5FB040E0B1D02DB
:101FE00001030F180E00FF000201FF0000000201B4
:101FF000000000FEFBFC06FFF6FB060910190204B8
:102000000511190F02010203010000000000000089
:1020100000FFFDF9FA03FDF5FA04040B19010506AA
:10202000121B100401020302000000010100020063
:10203000FEFDF9FA03FEF4FA07060B1D050306126E
:102040001B1003000305010000010101010200FF54
:10205000FEFAFA04FFF5FA030A091D040306121B2F
:102060001104030405030000000001010100FFFF4B
:10207000FCFC04FEF5FC050F0519010807131D11F2
:1020800004030405020000010001010101FFFEFB41
:10209000FC04FEF5FB0310FE19040708141D1104CF
:1020A000020305030001010101010100FFFEFBFB2A
:1020B00003FFF5F907050112080908131B100301B6
:1020C0000305020001010001010101FFFEFBFD0407
:1020D00000F6FB060B0311080809151C1105030483
:1020E0000503000101010101010100FFFBFB0400E8
:1020F000F6FC0409121C070B0A151D110503040642
:10210000030000010001010100FEFEFBFC03FEF5DF
:10211000FB050C1514090A0B151C10040304060317
:102120000001000101010100FEFEFAFA03FEF7F9C9
:102130000506031201030712191004030305030126
:1021400001000101010100FEFDFAF903FDF6FB08A3
:102150000B0F1D020908121A0F04020305020101E8
:10216000020100000200FFFEFAFA04FDF5F9030A7D
:102170000A1E040B0B161F120400030403000101C6
:1021800001010001FFFDFCF9F903FDF7FC080F1048
:102190001B0E130C19201304FD020205020000019E
:1021A000010001FEFDFAF7F4FEF7F2F602FD0C174E
:1021B00017141222241605FC00020302000000017D
:1021C0000000FEFBF9F6F4FDF5F0F4010409191323
:1021D000121427261705FD0202010200000000006C
:1021E000FFFDFBF8F5F3FCF7EFF4FB010B11101208
:1021F0001528261804000202010100000000FFFF5C
:10220000FDFBF8F7F3FBF7EDF301FD0B18121213CA
:1022100027261804FE0104FF020000FF000000FE54
:10222000FAF7F6F3FAF6EEF2FA08FA180F1111239C
:10223000291A06000204FF0100FFFF00FFFFFDFB5B
:10224000F7F6F3FAF7EFF03100F70F0A0D0A192746
:102250001A07010306FE0200FFFF000000FEFCF863
:10226000F6F2F9F5EFF2F600F703FE03021020187C
:10227000090205080000020001010001FFFDFBF555
:10228000F4FAF5EFF3FEFAEE23150105031814092D
:10229000060B0B09040605070606060100FFF8F702
:1022A000F9F2EEE9F3E6EE3B381907FD1117100ECF
:1022B00015141309110D0E0E0D0A080907FEFDFA7B
:1022C000F0E1332DCBD9373E7F2C020B1A111D269E
:1022D0002123121E181A191919171C1C1019FBEFAB
:1022E000555D20CFD94E5C357F251D2C232A313BEF
:1022F0003C1821201F202320352E211719FAFAE13E
:1023000016202AA84141141D21800880D545AF011F
:10231000050C0E0D0C0D0A08070C090E0A0B0E1405
:102320000720141615172FFD9D94ED4149531921CF
:1023300019181E1911F4190F121210111112100F81
:10234000110D100F1114131B151C1B1B0B1FE9F98A
:102350009BE91919341D1A1D1B181717221A12167A
:102360001616161615141515141514151818171C0D
:102370001E211C16111C412524194E10141D1A1C57
:102380001B1A161A191517171717171617161617D7
:102390001716171918191D1C1D1919181A2C242481
:1023A00021190E131617171C1A16181915161716B9
:1023B000161616171516161616151718181B1D1CA7
:1023C000161A1A181216144C020B131512141A1A94
:1023D00014171714151615151515151515151614AA
:1023E00015161617191D1914191B191414E511FFC8
:1023F0000710120F111818131314131212121213BC
:102400001314131213121213141114161B180E178F
:1024100018171116E5FFFE060F110D0F14150F0FFB
:10242000100F0F0F0F0F0F0F100F0E100F0F100FB9
:102430000E1113130F090C0F110D0E0AF3F5020DF7
:10244000100D0F13130D0E0E0C0D0C0D0C0D0C0DAD
:102450000D0C0D0C0C0C0C0B0D10110D0300050ACE
:10246000070603F5F5090D0F0B0D11120E0F0D0ADE
:102470000A0A0A0A0A0A0A0B0A0A0A090A08090CBD
:102480000E100800FA01060303000DFCFF0E0F0AF0
:102490000D12100D100C080908090909090909098C
:1024A0000909080805060E0C0E0CFBF6FE0301FDDB
:1024B000F80B0B0611100D09140E0D060904060485
:1024C0000505050505060606050504010208090DB2
:1024D00004F4ECF1FEFEF6F2FC0D0415110B0610EF
:1024E0000C070202010000000100010202010102CA
:1024F00002FF000102030400F5F1F901F8F3DB0328
:10250000150D0F100A040C0C0A0907000101000147
:10251000000001010101010100000001020403F4B7
:10252000F2FCFFFCF4D20C141911120B080D0B086D
:102530000605FF010000000001000100010100008C
:1025400000FE01020301F6F0F900FBF3CDF31205E2
:10255000120F0A050B0B0706030000000001000123
:1025600000000000000000FFFF00010201F4EFF98D
:10257000FDFDF0CF030E0F101009050B0A0706032F
:10258000000000000101000000010000000000FF49
:1025900000010300F5EFF9FEFCF2D105171512104A
:1025A0000A070C0B090604000000000001010100ED
:1025B000000000000000FE00010200F4EFFAFDFD43
:1025C000F2D0F60E0E12100B060C0B080603FF00DD
:1025D0000000000000000000000000000000FF00FC
:1025E0000200F3EDF8FBFBEFCF05131417140E09EF
:1025F0000E0B0A06040000010101010101010101A5
:102600000101010000FE0003FFF1ECF1F5F5E4D358
:1026100010181818140E0B100D09090400020101FE
:1026200001010101010101010101FF00000003009E
:10263000F2ECF0F3F1E8D2141C1A1A160F0C110E7A
:102640000B08040002020202010102010101010162
:10265000010101FF020300F1EBF0F2EFE6CC1F1DD8
:102660001C1B17100D120F0C0A05010202020202B8
:1026700001020101010202010101000103FFF2EB6D
:10268000F0F2EDE5C9281B1F1D17110F130E0C09E1
:10269000050102020202020102020101030102011C
:1026A0000101020400F3EBEFF2EDEACF281D201E3A
:1026B00018130F120F0B0905010202020202020297
:1026C000020202030202010101020400F3ECF0F233
:1026D000EEE5D52824211E1A130F120F0C0A05014E
:1026E00002020201020202020201030202010102CD
:1026F000030401F5EFF2F4F1E7D7072523201A13BD
:1027000010130F0B0A040101010101000101010076
:1027100001020101FF0100030500F3EDF3F7EFFDF6
:10272000F849F91C1C18120D120B080401FDFBFDE1
:10273000FCFDFBFCFCFCFDFBFCFCFEFDFD020205C0
:10274000FDF2ECF6FDE5090349DF131D0D06FF015F
:1027500005FEF8FAF6F2F5F4F6F1F4F3F4F5F2F416
:10276000F4FAEFF3F00107FEE7D5FDC020D19C336A
:10277000E8D7D71308F708F7F8E3E0DFD5DADDDEAE
:10278000D9DDDCDDDCD7DCDDE5D8DEDCE7F9FAD449
:10279000B2A58004E4F133EFD7D713080008FDFD9C
:1027A000EEE4DCDADDDEDEDCDCDDDEDEDCDFDEE33B
:1027B000D9DFDBE3ECDDDDA69C80FAFAFA343E0FCC
:1027C0001116CAD2BCBAD30BD5F703F5ECF1FCF65F
:1027D00005FFF40E110D1CE00101C8C834EB0FDB3E
:1027E00011F0F9E1D4CBDEF5000705070408050771
:1027F000FE1510151F2916BE8EE4E226EAE1071029
:102800000B03070309F9070E0C0D0D0A0E0E10102D
:102810000E15161A24262713D5D514F2FB171813F4
:102820001012120D060F1413101312131313161493
:10283000181619191C1625D5D5E2EA08131816130F
:102840001818130F15161615161616171716191B26
:102850001918171C1B171D1DFEF504151513131A47
:10286000191214161817161616171718181B1A18F7
:102870001416181A151616F5EF0012131011191662
:1028800013151616161616151615161618181510F1
:1028900012191B191113E0EFFF10110E0D15121173
:1028A00013141214141211131314131616120B0E00
:1028B0001517191616E8F4FF11100C0B110F0E1056
:1028C00011101111100F1010101112130F07061113
:1028D00015141313DDF9030F0E0A080F0B0B0E105E
:1028E0000C0F0F0E0D0E0D0E0E0F110C02020C131D
:1028F000121011E7DB080F0C08040E0A0A0B0E0A6F
:102900000C0C0B0B0B0B0C0E0D0E0CFFFE0A0E121B
:102910001912D0FA07110D06010E0C090807060955
:1029200007070708080807090A07F7F40108040C55
:102930000D030107120C06FF0A0A0806030502012F
:10294000010102020201020300F2E9F1FBFAF6F8CA
:10295000190507130C06FF0909050402020201010B
:102960000101010100000100F2E8F0FDFCFD00049E
:102970000106120B04FE0708060400020201010111
:1029800001010200010200F2ECF3FE03FDFA09036B
:1029900007120A03FD0707050300010201010101F7
:1029A0000101FF0000FEF2EBF1FD00FFFF0A04064B
:1029B000120B03FD060605030000020101010101DF
:1029C00000FE0000FFF2E9EFFAF9F8F80B04061236
:1029D0000A03FD07080604010101010101010100CC
:1029E000FEFF00FEF2E8EFFC00FBFD0001070F0A0E
:1029F00002FC05070503010101010101010200FEBE
:102A0000FF00FFF3E9F2FE00FEFE040307120A03D3
:102A1000FC08080704010101010101010100FFFF99
:102A200000FEF2EAF1FCFDFD00FCFB07110B03FDCB
:102A300007060503010101010101010100FEFF007C
:102A4000FFF2E9F1FCFFFEFFFEFD08110B02FC099D
:102A5000070503010001010101010100FEFF00FE65
:102A6000F2E8EFFAFAF7FB04000A0F0C02FD070682
:102A70000503010101010001010100FEFF00FFF259
:102A8000E8F0FAFFF9FB00F808100A04FE0808064F
:102A900004010101010101010100FEFF00FFF2EA52
:102AA000F2FD02FFFE070506120D05FF08080403EC
:102AB000020101010101010101FEFF00FEF2E7F048
:102AC000FBFDFFFF0A0808140D06FF0A0A060402B0
:102AD00002000101010102FFFF0000FFF2E9F0FC2A
:102AE000F8F5FCFFFF06120D0700080804030201B9
:102AF00001000202020200FDFF00FEF0E2EAF5F32F
:102B0000F8FEFF0313150F05FD060A060503010174
:102B1000010302020201FF0002FEF2E6EDF9F6F8FF
:102B2000FA040111150F0500070B07050400010346
:102B30000303030201000103FFF2E6EEF8F6FBFBDC
:102B4000FC0312161006000D0E080604FF02030314
:102B500004030202000204FFF3E6EEF8F5F6F80CB7
:102B60000210161007010E0F0B07050002030304E5
:102B700003020200010500F3E7EDF8F6F5EE0403A9
:102B800011150F08000F0D090704010304030403C6
:102B9000030301030400F2E8EEF9F8F2EC17021067
:102BA00015100A040F100A080401030403050303A7
:102BB0000302030500F3EAF0FBF5ECEC0CFC0E1548
:102BC0000F0903100F0B070202040503050303039B
:102BD00001020500F2ECFA01F4EBEF160D041712F6
:102BE0000B050D0C0806020002020203020202009D
:102BF000030400F5F1020BFCECE919080A17120DA9
:102C0000050B0A070303FDFEFEFDFEFDFFFCFDFFB5
:102C100000FEF3F206FF220E01E101582A130C0315
:102C20000803FEF8FBF6F6F6F5F5F4F7F0F1F3F924
:102C3000F8F0FC082EEACBA601FF132A1312FFE3DB
:102C4000F9EAE8ECE8EAEAE7EAE8E9E8E3E8EEF9D5
:102C5000E000F6972AE5A62608202A13A4A4E2DAC3
:102C6000D7D2CEE5E2E1E3E5E3E0E1D5DDE8E4FB60
:102C7000F9A1A5279DA6EFEFEF4829070303FC0A5A
:102C8000060B130F0F100F0E0F121B101812111836
:102C9000100F0D1CF9F8DED8D5FDFEB0CB210B5F6F
:102CA00032F8EE01FCFDFE03020F080A0A0B0A0BC4
:102CB0000A0E070E080C0904010301F9F2F2D9DE2D
:102CC000D5A0A1CBFCFC12F6F80707FCFCFD03FE27
:102CD0000401010202020203060205030301FDFCD6
:102CE000FAFAF3EFF2F2ECEF80DEB12F0C04050DEF
:102CF0000D09FDFCFC010000FFFEFFFF00FF0001CD
:102D000000010000FFFAFBF8F5F0ECF0ECE7E5F26B
:102D1000E9B12F190F0D0F120A00FCFD0301FFFD91
:102D2000FEFEFEFEFEFFFFFFFF00FFFEFBFEF6F3D2
:102D3000EFEBEEEFE8E1DDC4CA331B141315170CFB
:102D400001FCFF0601FEFDFDFDFEFDFFFEFFFEFE98
:102D5000FFFFFEFB00F6F3EFE8ECEEE8E4E1DED483
:102D6000231D171417180E02FF000700FFFDFDFDBD
:102D7000FDFEFFFEFEFEFEFFFFFEFA00F6F2EDE8AE
:102D8000EBEEE7E4E2E5DE21231614181A1002FF49
:102D9000000500FFFDFDFEFEFEFEFEFEFEFFFFFF46
:102DA000FFFBFFF6F4ECEBF0F2E7E4E3E4DD381EC2
:102DB0001413181C1201FFFF010000FEFEFEFEFFAF
:102DC000FEFEFFFEFFFFFEFFFCFEF4F3ECEBF2F075
:102DD000E9E6E3E1E831181413181C1201FDFE04C2
:102DE0000000FEFEFEFEFFFFFEFFFFFFFFFFFFFCF9
:102DF000FEF6F3EEEBF1F2EBE8E6EAE02C18111642
:102E0000181B1200FBFBFF00FFFEFEFEFEFFFFFF94
:102E1000FFFFFFFFFF00FDFEF7F5EEEAF4F5EEEC35
:102E2000E9E6E22F19040F13180AFFFAFC0007FE67
:102E3000FEFEFFFFFF00FFFFFFFFFFFF00FFFDF7AC
:102E4000F4EEEDF8F6EDEEF1E6E8341405040D12BB
:102E50000A0000060808FDFFFFFEFFFFFFFFFFFF5F
:102E6000FFFFFFFFFFFCF9F7F5F2F7F6EDEFDAE011
:102E7000E13D1906030B120DFFFDFDFEFDFFFFFFF7
:102E8000FFFFFFFFFFFFFFFFFFFF00FFFCFAF8F46B
:102E9000F2F7F2ECF3DFE4DB220D08010A110BFF7D
:102EA000FDFEFFFFFFFFFFFFFFFFFFFFFFFFFFFF35
:102EB000FFFFFFFBFAF8F4F3F7F4EDF2DDE3CF25C3
:102EC000120D040B110CFFFEFEFFFFFFFEFFFFFFC4
:102ED000FFFFFFFFFFFFFFFFFFFEFBFAF7F5F4F731
:102EE000F3EEF3DFE0D12B1607040C110CFFFDFE0F
:102EF000FFFFFEFEFFFFFFFFFFFEFEFFFFFEFFFEE8
:102F0000FEFCFAF8F4F3F7F4EEEBD9D9D423140964
:102F10000208110AFEFCFEFFFFFEFEFEFFFFFFFFA0
:102F2000FFFEFEFEFEFEFFFEFCFAF8F4F3F8F3EE01
:102F3000E932E0D92A1C07060A130CFEFCFDFEFE4E
:102F4000FDFDFEFEFEFEFFFEFEFEFEFFFDFEFDFCA5
:102F5000FAF8F5F3F7F2EEE5E1E3DE1A1701FF0206
:102F60000806F7F5F6F8F9F8F9F9F9F8FAF9F9F8C1
:102F7000F8F9F9F9F9F8F8F6F5F3F1F7F4EFEDF1FE
:102F8000FC05FC00F7F8F900FEF6F1F2F2F4F5F4B6
:102F9000F5F5F5F5F5F6F5F5F5F5F5F5F5F6F2F3E4
:102FA000EFEFF5F4EFEAFCF203FCF3F4F4F3F9FBD2
:102FB000F2EFEFF0F1F3F1F3F3F3F2F3F3F2F3F2F4
:102FC000F3F3F3F3F2F0F1EDEDF3F2EEECFEF0F1EA
:102FD000EEEEF0EEEDF3F7EFEDECEDEEF0EFF0F0FE
:102FE000F0F0EFF0F0F0EFF0F0F0EFF0EEEEECEBF1
:102FF000F1F1EEEDF2FCF3EBE6EBE9E9EEF3EDE9EE
:10300000EAEBEBEDEBECEDEDECECEDEEEDECEDEDFC
:10301000EDECECECECEAEBEFEFEDECF5FFF3E6E6D4
:10302000E7E6E4EAEDE8E6E6E7E8EAE9EAEAEAEA1A
:10303000EAEAEAEBEAEAEAEAE9E9E9E9E8E8ECEDF2
:10304000ECEBF0F8F5E8E8E8E3E3E6ECE6E5E5E6E6
:10305000E7E9E9E9E9E9E9E9E9E9E9E9E9E9E9E8E3
:10306000E7E8E8E7E8ECEEEDECF1F6F5E0E0D8E2D1
:10307000E0E6ECE6E5E5E5E8E9E8E7E9E9E8E8E9DE
:10308000EAE9E9E8E9E9E8E9E5E7E8E6EBEFEFEFA7
:10309000EC80F0383802D8D9E9EAE7E5E4E5EBEB73
:1030A000E9E9EAE9EAEAEAEAEAEAE9E9EAEBEEE882
:1030B000ECEBE9F3F9F3F200D7FAF84CBDDFD7D324
:1030C000E4E5E5F1E5F2EFEFEEEFEDEDEFF1EFEE38
:1030D000EDEFEFEDE7EDE5DDEBE9E2E8FA000AD828
:1030E000FA36F8BFECEDEEE7ECF6CFFBF2FAF5F7C7
:1030F000F8F6FBF7F4F2F8F6F7F5F6FA445AE6EAD2
:10310000E9CAB3C75525D8D736EEEEC1E5E5EBEBF6
:10311000B0F4ECE6FD1A3C20FA091D02FCFE071C87
:1031200005FC0945371A1AE9CAB3B5341919D7523B
:10313000EF663B3B2D2D2D464E4E2B2D2F362F2E41
:1031400033253E5F26202421F8E8291DDBE55214B3
:10315000661C0E16262624353D1F2317291C222106
:1031600015182928202A09F8E8292B27B852D4F263
:1031700010040E150D13252611190C170B0F100C2A
:103180000F110D06FF03F8D523949EB8F0DF080257
:103190000C151007081118090A0108050B0704038C
:1031A00000FFFBF9FDF6EBEAF9E8A8F90D130811A9
:1031B00018100404080D0505FF0201000100FDFFC1
:1031C000FDF6F5FBF7EDECFB0D14131F1212181DA5
:1031D0000E0402060A0302FD01FF00FFFEFCFCF8DC
:1031E000F4F4FAF7EEF4F20B12151F181621200F63
:1031F0000304070C0105FEFFFFFFFEFDFCFBF8F6D4
:10320000F3FCF7F0F4FD0C0919231C1B2120110518
:103210000408090203FEFFFFFFFFFEFDFBF7F6F3C4
:10322000FDF5EFF201FC0415251D1B2221110505FA
:1032300007090104FEFF00FFFFFFFDFAF7F7F5FEA7
:10324000F5F0F3FA0AFD191A1818222212060506DB
:10325000090106FE000000FFFEFEFCF8F5F5FEF792
:10326000F0F404FB0C1B19151522231206030506A6
:103270000108FE00FF00FFFFFEFCF8F5F5FFF8F186
:10328000F504FB041B131514232414050303040085
:1032900004FF000001FF00FEFCF9F6F600F8F1F66D
:1032A000FD13F82001060A1620110301020402FF93
:1032B000010101010001FFFEFCF8F802FCF6F9042F
:1032C0000D0E1D010306131C10030103060300016C
:1032D000010101010100FEFDFAFB06FFF5FB0406FA
:1032E0000A1B010406131C1004020405020101005C
:1032F0000000000100FFFDF9FA03FDF5F90505F8EE
:1033000019020506131C1104020305020101000144
:1033100001010100FEFDF9F904FEF5F9060A051C9C
:10332000020406131B0F0301030601010101000142
:10333000000100FEFDF9FA03FEF7FA040915190071
:103340000406121B1004030405030101000101011E
:103350000000FFFEFBFB05FFF5FB060E0B14030947
:1033600008151F11050305060301000100010001F6
:1033700001FFFEFBFB04FEF7FA0706FC1504080735
:10338000141C1004020406030101010001010100E4
:10339000FFFEFAFB03FEF6F90406FF120808081503
:1033A0001C1004010406020001010001000100FEDE
:1033B000FEFBFC03FEF5F906051723050908151B9E
:1033C0000F04020405030101010101000101FFFED8
:1033D000FAFB03FFF6FB0607150F070A0B151D1076
:1033E00004030405030001010001010100FFFEFBCD
:1033F000FC04FEF5FA050DFB1B090C0C151B0F0454
:10340000020405030001000100010100FEFDFAF9BC
:1034100002FDF7F9040A061F03060611180F03013F
:103420000203010001000001010000FEFDFAFB03A0
:10343000FDF5F9040A1110FF03060F170D01000036
:1034400003000000000000000100FFFDF9F801FA90
:10345000F3F803090C140805030D160DFFFCFE001C
:10346000FFFEFFFE00FFFEFFFFFDFCF8FA04FCF785
:10347000FE08142306FA00FA07140CFDF8F9FBF90C
:10348000FBFAFBFBFAFBFAFBFAF8F6F600FAF4F9A2
:1034900003050FF2F6FCF6010D08F8F2F4F4F6F766
:1034A000F6F7F6F6F7F6F7F7F5F4F2FEF9F3F907A3
:1034B0001117EDF0F4F4000805F4F1F2F3F4F5F56A
:1034C000F5F4F5F4F4F6F3F4F2F1FCF7F2F9021086
:1034D0000E01EDF3F0FB04FFF4EFF1F1F2F2F3F281
:1034E000F1F3F3F2F2F0F1EFEFF9F8F0F83E140E29
:1034F000F7EFEEECF0FCFBF0EBEDEEF0F0EFEFEFC2
:10350000EFEFF0EFEDEFEDEEF5F5EEF60527EDF967
:10351000ECEBE9ECF3F6ECE8EAECEEEDEDEBECECE1
:10352000ECECEEEBECEAEBF2F2EEF5FD0DE3E2E2B1
:10353000EDE7EAEEEEE9E6E8ECECECEBEBEBECEBDE
:10354000EBECE9ECE9EAEFEEEBF2FA020CE4DDEB8E
:10355000EAE9ECEBE7E6E9EDEAEBEBEAEAECEBECC7
:10356000ECEBEEE9ECEFECE9F4F6010B2CF5F1E60F
:10357000E6EAE8E9EAEBEFECEDEDECEDEEEEEDED91
:10358000ECEEEBEDF1E9ECF9F4F9CA51CEBAF0DA70
:10359000E6EBECEEEEECEFF1F0EEF0F0FCF2F4FD29
:1035A000F8F6FBF7ECF0E4BF9EF62FCEF729E0D457
:1035B000ECEAF2F7F7F9F6FCF7F5F7F6F8FFFE1488
:1035C0000608FBFC4B0DD7E1F67F7F0707F6F4F505
:1035D000EA13F200F4F4F8F6F6FDF816152100E807
:1035E00009FCFCF09EA8AAB4E5F23D37F5EBE3D761
:1035F000F1E7E7F0F4F4F5F4F0F5F5F8F7FAF9F996
:10360000F5F4FE00E1676C6CE46A6AFAFA80C2E5E0
:10361000E52CE8F8E2E5E6E5E7E8EBEFF0F0F0F0BE
:10362000F0F1F2F0F2F1F3F1F1F4F5FEFFE7E7E883
:10363000DDC0D42180F7D95757ECE5EDE3E3E6E4AC
:10364000ECE8EDEBEBEBECECECEEEDEEEDEEECEEB6
:10365000EDECEAE9EBE9E8E2E501FFF7C0E4E4E2DA
:10366000E9ECEAEEE5E5E3EAE8EAEAEAEAEBEBEAC6
:10367000ECEAEBECECEBECEAECE8ECE8EBEAE8E5A6
:10368000F102B7C0EBEBEBEAECEDECE7E6E5E9EADB
:10369000ECEBEBEBEBECEBECEBECECECEBEBEAEB75
:1036A000E7EAEAEAEEEFECE5E5EFE014ECEEEDED4B
:1036B000EFEFEBE8E6EBEAEDEBECECEDEDECEEED4D
:1036C000EDEDEEEDECECEAE8EAEBEDF1F5EEEEEF28
:1036D000F6F614EDEFEFF0F2F1ECEBEAEDEDF0EED3
:1036E000EEEFEFF0EEF0F0EFEFEFEFEFEDEBE9EAFA
:1036F000EBF2F4F6F0EFF0F8EEEFEEF2F3F4F9F4AB
:10370000EEEEECF1F1F2F2F2F2F2F3F1F3F2F2F3A7
:10371000F2F2F3F1F0EDEFEAF3FCFAF2F1F500ED7D
:10372000EFF2F7F6F7FCF9F0F2F1F4F5F5F5F5F54F
:10373000F5F5F5F5F5F4F5F5F4F5F4F6F0EFEAF353
:10374000FBF8F1F2F4FFF8F8F6F2FBF9FEFDF6F5FE
:10375000F5FCF7F8F6F6F6F6F7F6F6F6F7F6F7F6FE
:10376000F7F6F7F3F1EEF1FBFAF4F4FB00F914EEDF
:10377000F9FEFE02FEF7F7FA01FAF9F8F8F8F9F99E
:10378000F9F8F8F8F8F8F9F9F8F8F5F3EEF2FDFBC6
:10379000F6F6FDFCF523170500040804F9F8FE0110
:1037A00004FBFDFCFCFCFCFCFBFCFBFBFBFCFCFA57
:1037B000FCF8F6F1F2FCFAF4F5FBFEFA2813090620
:1037C0000F130CFCF9FEFC070000000000FF0000D6
:1037D00000FFFF000100FDFEFBF9F6F2FBF5EDF145
:1037E000E5EDDF1E060800060F0CFEFDFEFEFE01E5
:1037F00000000000000000000000000000FFFCFBD3
:10380000F8F5F5FBF6F0F1E0E9E52B1508020A10F2
:103810000DFFFDFEFF0000000000000000000100A1
:103820000000000000FCFBF9F6F5F9F6EFF2DFE42A
:10383000DB23120D040A100A00FEFF000000000046
:103840000000000000000000000100FFFDFBF9F691
:10385000F5FAF5EEF2E0E4DE230E08000B100B00A3
:10386000FEFF00000000000000000000000000005B
:1038700000FFFFFDFBF8F5F4F9F5EEF2E2E8C028F1
:103880001908040C110C00FE00000000FF000000ED
:1038900000000000000000000000FCFBF8F6F5F955
:1038A000F5EEF0E4E5E127190A070C130D00FF001F
:1038B0000000FF0000000000010000000000000008
:1038C00000FDFAF7F5F4F8F4EFF0E7EDF02D200D38
:1038D0000D12170E01FE000100FFFFFFFF0000FFA9
:1038E00000000000000000FEFBF9F6F4F2F7F3ED33
:1038F000EAEDE9E9311A0E1012180E02FDFF000080
:10390000FFFFFFFFFFFFFFFF0000FFFFFFFFFFFCC8
:10391000F8F7F3F0F5F2ECE6E8E7E6361B151113DD
:10392000190E02FEFF00FFFFFFFFFFFFFFFFFFFF7B
:10393000FFFFFFFFFF00FCF8F6F2F0F4F1EBE6E723
:10394000E4E43618161214180D02FE0000FFFFFE04
:10395000FFFFFFFFFEFFFFFFFFFEFFFEFFFBF7F491
:10396000F1EEF3EFEBE5E4E1DC3A1A171314190E6C
:1039700001FDFEFFFEFEFEFEFFFFFFFEFE00FFFF5D
:10398000FFFFFEFFFBF7F5F2EFF3EEE9E3E4E5D925
:10399000371A1613141A0D00FCFDFFFEFEFEFEFF83
:1039A000FFFFFEFEFF00FFFFFFFEFFFBF8F5F1EE5D
:1039B000F1EEE8E3E2E1DA2B19160F13180C00FB25
:1039C000FDFFFEFEFEFEFFFFFEFFFEFF00FFFFFE0F
:1039D000FEFEFBF8F6F2EFF2EFE8E3E4DCCF0D11C8
:1039E000101013180E01FCFF00FFFFFFFF0000FF87
:1039F00000000000000000FFFEFCF7F5F3ECEEEC29
:103A0000E9E5E6C1BE0D020206181F1405FD01FF1F
:103A1000040501040405030503040503040306016A
:103A200001FCFBF4EFF8F8F1EFE29EAD61EBFB5B1C
:103A3000190A0C0200040D0B0C060D0D0C090E0BDF
:103A40000C0E090D0A0E02FDFD0202FCEED602BAB2
:103A5000C1ADAD6916E3685F36261300221D272627
:103A60001924242520242122241D2322271A181F4B
:103A70000C0500D4C9B7C1C1ADAD21F6F65D503912
:103A80002B1E22242D22271F2324252124222324F8
:103A9000212323271D1811040500D4D4B8B8C1ADC3
:103AA000AD3F4930321E8080EAD9C9C9C3C8CAD7E0
:103AB000D3D0D5D2C8BBD2E4D9E9B58383050A8077
:103AC0002249C7321E1E94ECDDD69FE1E6DDE3E518
:103AD000DEE4EAE0D9DAE3ECE4E1D5829C0C8EF393
:103AE000E8C7301B0F0D0907EAECF5F3F1F7F8EF23
:103AF000F2F3EDE9EAF4F3EBF40407049B8EF1F73B
:103B00000A17140F0C0E0B0A04FEFAF9FCFDF9FB60
:103B1000FCFAF6FAFEF8EFF004FE250710EFF311B9
:103B200015110D0C0F09040003FE00010100010135
:103B3000FEFE0002FDEFECFF060B0909FB0807166D
:103B4000110C090D06020105FF0303020203020026
:103B5000000103FCEFE8F501F80303F8040B16136A
:103B60000C060C04020004FF04030203030200001D
:103B70000103FCEFE5F0FBF7FCFCFCFF0B15110B60
:103B8000060A02020103010403020202020200010A
:103B900004FDF0E5EEF8F7F3F3EF070A150E0A045B
:103BA000090301FF020004030303020202000003F1
:103BB000FDF0E3EDF8F4F4EBEF030C130D08030A4A
:103BC000040100FE0203020303020202000203FDDD
:103BD000F0E5EEF8F6F3EAEF030A100D05010B0627
:103BE00003FFFD0203020203020202000103FDF0D3
:103BF000E5EEF6F8FCED01FB0C110C04000D0B05D5
:103C000003FD0102010203020201000103FCF0E5D1
:103C1000EFF9F4F8F802FF05110A03FC090905059C
:103C2000020000000101010100FEFF00FDF1E5EED0
:103C3000FBFBFDFD180606130B04FE080805040235
:103C40000000000100010000FDFEFFFCF0E5EEFBBE
:103C5000FBF5F7080106120A03FE07080604010136
:103C600001000000010100FE0000FEF2E9F2FE0288
:103C7000FEFE0A0307120903FD08070504010101FE
:103C8000000100000100FEFF00FDF2E9F0FD01FF70
:103C9000FE090205120A03FD0705050400000100E4
:103CA0000000010100FEFFFFFDF2E8EFFBFAFBF967
:103CB0000C0606120B03FE080706040100010001B2
:103CC00001010100FEFF00FDF2E8F0FBFCF8F90441
:103CD0000307110C02FD06070503010101010100A4
:103CE000010100FEFF00FEF3E9F1FE00FF01040404
:103CF00009110A02FB070605030101010101000188
:103D00000100FEFF00FDF2E9F1FCFEFCFFFBF908FB
:103D1000110B03FD07050403000101000001000170
:103D200000FEFF00FEF2E8F0FCFDFEFEFF000A10C0
:103D30000B02FC090705020101010101010101005B
:103D4000FDFF00FEF1E8EFFAFAFBFBFDFC070F0AAE
:103D500002FD07060402010101010001010100FE4C
:103D60000000FEF2E8F0FAFAF9F4FDF9060D0A0196
:103D7000FB07060503000001010101010100FF002E
:103D800000FFF1E9F3FCFEFEFC070407120902FD47
:103D900007060402010102010202020101FF010300
:103DA000FFF3EBF3FDFCFEFD080107120B05FE0916
:103DB000090403020201020201020201000103FFE1
:103DC000F3E9F0FBFDFAFAFBF906120C05FC060913
:103DD000060404060202040304030301020402F4BD
:103DE000EBF2FCF9F6FCECF40B0F0B03FE0B0D09E8
:103DF0000906080608080808080907090A07F8F567
:103E0000000604090BF2EC0D0F0C02FE0E0F0B0D59
:103E10000C0B0A0B0C0C0C0B0B0D0D0E0901FE0705
:103E20000D0D1810E5F0090F0C05010F120E0E0D07
:103E30000E0E0E0E0E0E0D0F0F10100C04010E12B2
:103E4000100F0FD4F0040F0E060210141011100FF3
:103E5000111010101010101113130F07060F151763
:103E60001717D4F406100D090611141212131213A9
:103E700013131312141414151512090E1317171512
:103E800015F4FA0914100B0A131414151516151647
:103E90001616161615161818161011191A130D0DD8
:103EA000DBF0051513100D13161416171815171639
:103EB00017171618171B1A1912141818100A0DDBE9
:103EC000F0FD1717150E13151317151615161617DF
:103ED000161718171A1A1A19171B1C14100A3C184F
:103EE0001B1116130E12141311121511141315169B
:103EF00015161417191919172019302D0A3CDB480B
:103F0000280C0F0B0D0F060307110F140E121211C0
:103F1000111716181D191A1D1F2D2D2DE5EF38FF2D
:103F2000210FF7F407E209000A0C0F060D0A090F2A
:103F30000C17141F1C293D771F1FBA612EFD07188F
:103F40000B04E2FAF0FCF304F1060B08090D140E61
:103F5000140F22052F2C1F1F1FBAFFFFFFFFFFFFAB
:103F6000FFFFFFFFFFFFFFFFFFFFFFFFFFFFFFFF61
:103F7000FFFFFFFFFFFFFFFFFFFFFFFFFFFFFFFF51
:103F8000FFFFFFFFFFFFFFFFFFFFFFFFFFFFFFFF41
:103F9000FFFFFFFFFFFFFFFFFFFFFFFFFFFFFFFF31
:103FA000FFFFFFFFFFFFFFFFFFFFFFFFFFFFFFFF21
:103FB000FFFFFFFFFFFFFFFFFFFFFFFFFFFFFFFF11
:103FC000FFFFFFFFFFFFFFFFFFFFFFFFFFFFFFFF01
:103FD000FFFFFFFFFFFFFFFFFFFFFFFFFFFFFFFFF1
:103FE000FFFFFFFFFFFFFFFFFFFFFFFFFFFFFFFFE1
:103FF000FFFFFFFFFFFFFFFFFFFFFFFFFFFFFFFFD1
:10400000FFFFFFFFFFFFFFFFFFFFFFFFFFFFFFFFC0
:10401000FFFFFFFFFFFFFFFFFFFFFFFFFFFFFFFFB0
:10402000FFFFFFFFFFFFFFFFFFFFFFFFFFFFFFFFA0
:10403000FFFFFFFFFFFFFFFFFFFFFFFFFFFFFFFF90
:10404000FFFFFFFFFFFFFFFFFFFFFFFFFFFFFFFF80
:10405000FFFFFFFFFFFFFFFFFFFFFFFFFFFFFFFF70
:10406000FFFFFFFFFFFFFFFFFFFFFFFFFFFFFFFF60
:10407000FFFFFFFFFFFFFFFFFFFFFFFFFFFFFFFF50
:10408000FFFFFFFFFFFFFFFFFFFFFFFFFFFFFFFF40
:10409000FFFFFFFFFFFFFFFFFFFFFFFFFFFFFFFF30
:1040A000FFFFFFFFFFFFFFFFFFFFFFFFFFFFFFFF20
:1040B000FFFFFFFFFFFFFFFFFFFFFFFFFFFFFFFF10
:1040C000FFFFFFFFFFFFFFFFFFFFFFFFFFFFFFFF00
:1040D000FFFFFFFFFFFFFFFFFFFFFFFFFFFFFFFFF0
:1040E000FFFFFFFFFFFFFFFFFFFFFFFFFFFFFFFFE0
:1040F000FFFFFFFFFFFFFFFFFFFFFFFFFFFFFFFFD0
:10410000FFFFFFFFFFFFFFFFFFFFFFFFFFFFFFFFBF
:10411000FFFFFFFFFFFFFFFFFFFFFFFFFFFFFFFFAF
:10412000FFFFFFFFFFFFFFFFFFFFFFFFFFFFFFFF9F
:10413000FFFFFFFFFFFFFFFFFFFFFFFFFFFFFFFF8F
:10414000FFFFFFFFFFFFFFFFFFFFFFFFFFFFFFFF7F
:10415000FFFFFFFFFFFFFFFFFFFFFFFFFFFFFFFF6F
:10416000FFFFFFFFFFFFFFFFFFFFFFFFFFFFFFFF5F
:10417000FFFFFFFFFFFFFFFFFFFFFFFFFFFFFFFF4F
:10418000FFFFFFFFFFFFFFFFFFFFFFFFFFFFFFFF3F
:10419000FFFFFFFFFFFFFFFFFFFFFFFFFFFFFFFF2F
:1041A000FFFFFFFFFFFFFFFFFFFFFFFFFFFFFFFF1F
:1041B000FFFFFFFFFFFFFFFFFFFFFFFFFFFFFFFF0F
:1041C000FFFFFFFFFFFFFFFFFFFFFFFFFFFFFFFFFF
:1041D000FFFFFFFFFFFFFFFFFFFFFFFFFFFFFFFFEF
:1041E000FFFFFFFFFFFFFFFFFFFFFFFFFFFFFFFFDF
:1041F000FFFFFFFFFFFFFFFFFFFFFFFFFFFFFFFFCF
:10420000FFFFFFFFFFFFFFFFFFFFFFFFFFFFFFFFBE
:10421000FFFFFFFFFFFFFFFFFFFFFFFFFFFFFFFFAE
:10422000FFFFFFFFFFFFFFFFFFFFFFFFFFFFFFFF9E
:10423000FFFFFFFFFFFFFFFFFFFFFFFFFFFFFFFF8E
:10424000FFFFFFFFFFFFFFFFFFFFFFFFFFFFFFFF7E
:10425000FFFFFFFFFFFFFFFFFFFFFFFFFFFFFFFF6E
:10426000FFFFFFFFFFFFFFFFFFFFFFFFFFFFFFFF5E
:10427000FFFFFFFFFFFFFFFFFFFFFFFFFFFFFFFF4E
:10428000FFFFFFFFFFFFFFFFFFFFFFFFFFFFFFFF3E
:10429000FFFFFFFFFFFFFFFFFFFFFFFFFFFFFFFF2E
:1042A000FFFFFFFFFFFFFFFFFFFFFFFFFFFFFFFF1E
:1042B000FFFFFFFFFFFFFFFFFFFFFFFFFFFFFFFF0E
:1042C000FFFFFFFFFFFFFFFFFFFFFFFFFFFFFFFFFE
:1042D000FFFFFFFFFFFFFFFFFFFFFFFFFFFFFFFFEE
:1042E000FFFFFFFFFFFFFFFFFFFFFFFFFFFFFFFFDE
:1042F000FFFFFFFFFFFFFFFFFFFFFFFFFFFFFFFFCE
:10430000FFFFFFFFFFFFFFFFFFFFFFFFFFFFFFFFBD
:10431000FFFFFFFFFFFFFFFFFFFFFFFFFFFFFFFFAD
:10432000FFFFFFFFFFFFFFFFFFFFFFFFFFFFFFFF9D
:10433000FFFFFFFFFFFFFFFFFFFFFFFFFFFFFFFF8D
:10434000FFFFFFFFFFFFFFFFFFFFFFFFFFFFFFFF7D
:10435000FFFFFFFFFFFFFFFFFFFFFFFFFFFFFFFF6D
:10436000FFFFFFFFFFFFFFFFFFFFFFFFFFFFFFFF5D
:10437000FFFFFFFFFFFFFFFFFFFFFFFFFFFFFFFF4D
:10438000FFFFFFFFFFFFFFFFFFFFFFFFFFFFFFFF3D
:10439000FFFFFFFFFFFFFFFFFFFFFFFFFFFFFFFF2D
:1043A000FFFFFFFFFFFFFFFFFFFFFFFFFFFFFFFF1D
:1043B000FFFFFFFFFFFFFFFFFFFFFFFFFFFFFFFF0D
:1043C000FFFFFFFFFFFFFFFFFFFFFFFFFFFFFFFFFD
:1043D000FFFFFFFFFFFFFFFFFFFFFFFFFFFFFFFFED
:1043E000FFFFFFFFFFFFFFFFFFFFFFFFFFFFFFFFDD
:1043F000FFFFFFFFFFFFFFFFFFFFFFFFFFFFFFFFCD
:10440000FFFFFFFFFFFFFFFFFFFFFFFFFFFFFFFFBC
:10441000FFFFFFFFFFFFFFFFFFFFFFFFFFFFFFFFAC
:10442000FFFFFFFFFFFFFFFFFFFFFFFFFFFFFFFF9C
:10443000FFFFFFFFFFFFFFFFFFFFFFFFFFFFFFFF8C
:10444000FFFFFFFFFFFFFFFFFFFFFFFFFFFFFFFF7C
:10445000FFFFFFFFFFFFFFFFFFFFFFFFFFFFFFFF6C
:10446000FFFFFFFFFFFFFFFFFFFFFFFFFFFFFFFF5C
:10447000FFFFFFFFFFFFFFFFFFFFFFFFFFFFFFFF4C
:10448000FFFFFFFFFFFFFFFFFFFFFFFFFFFFFFFF3C
:10449000FFFFFFFFFFFFFFFFFFFFFFFFFFFFFFFF2C
:1044A000FFFFFFFFFFFFFFFFFFFFFFFFFFFFFFFF1C
:1044B000FFFFFFFFFFFFFFFFFFFFFFFFFFFFFFFF0C
:1044C000FFFFFFFFFFFFFFFFFFFFFFFFFFFFFFFFFC
:1044D000FFFFFFFFFFFFFFFFFFFFFFFFFFFFFFFFEC
:1044E000FFFFFFFFFFFFFFFFFFFFFFFFFFFFFFFFDC
:1044F000FFFFFFFFFFFFFFFFFFFFFFFFFFFFFFFFCC
:10450000FFFFFFFFFFFFFFFFFFFFFFFFFFFFFFFFBB
:10451000FFFFFFFFFFFFFFFFFFFFFFFFFFFFFFFFAB
:10452000FFFFFFFFFFFFFFFFFFFFFFFFFFFFFFFF9B
:10453000FFFFFFFFFFFFFFFFFFFFFFFFFFFFFFFF8B
:10454000FFFFFFFFFFFFFFFFFFFFFFFFFFFFFFFF7B
:10455000FFFFFFFFFFFFFFFFFFFFFFFFFFFFFFFF6B
:10456000FFFFFFFFFFFFFFFFFFFFFFFFFFFFFFFF5B
:10457000FFFFFFFFFFFFFFFFFFFFFFFFFFFFFFFF4B
:10458000FFFFFFFFFFFFFFFFFFFFFFFFFFFFFFFF3B
:10459000FFFFFFFFFFFFFFFFFFFFFFFFFFFFFFFF2B
:1045A000FFFFFFFFFFFFFFFFFFFFFFFFFFFFFFFF1B
:1045B000FFFFFFFFFFFFFFFFFFFFFFFFFFFFFFFF0B
:1045C000FFFFFFFFFFFFFFFFFFFFFFFFFFFFFFFFFB
:1045D000FFFFFFFFFFFFFFFFFFFFFFFFFFFFFFFFEB
:1045E000FFFFFFFFFFFFFFFFFFFFFFFFFFFFFFFFDB
:1045F000FFFFFFFFFFFFFFFFFFFFFFFFFFFFFFFFCB
:10460000FFFFFFFFFFFFFFFFFFFFFFFFFFFFFFFFBA
:10461000FFFFFFFFFFFFFFFFFFFFFFFFFFFFFFFFAA
:10462000FFFFFFFFFFFFFFFFFFFFFFFFFFFFFFFF9A
:10463000FFFFFFFFFFFFFFFFFFFFFFFFFFFFFFFF8A
:10464000FFFFFFFFFFFFFFFFFFFFFFFFFFFFFFFF7A
:10465000FFFFFFFFFFFFFFFFFFFFFFFFFFFFFFFF6A
:10466000FFFFFFFFFFFFFFFFFFFFFFFFFFFFFFFF5A
:10467000FFFFFFFFFFFFFFFFFFFFFFFFFFFFFFFF4A
:10468000FFFFFFFFFFFFFFFFFFFFFFFFFFFFFFFF3A
:10469000FFFFFFFFFFFFFFFFFFFFFFFFFFFFFFFF2A
:1046A000FFFFFFFFFFFFFFFFFFFFFFFFFFFFFFFF1A
:1046B000FFFFFFFFFFFFFFFFFFFFFFFFFFFFFFFF0A
:1046C000FFFFFFFFFFFFFFFFFFFFFFFFFFFFFFFFFA
:1046D000FFFFFFFFFFFFFFFFFFFFFFFFFFFFFFFFEA
:1046E000FFFFFFFFFFFFFFFFFFFFFFFFFFFFFFFFDA
:1046F000FFFFFFFFFFFFFFFFFFFFFFFFFFFFFFFFCA
:10470000FFFFFFFFFFFFFFFFFFFFFFFFFFFFFFFFB9
:10471000FFFFFFFFFFFFFFFFFFFFFFFFFFFFFFFFA9
:10472000FFFFFFFFFFFFFFFFFFFFFFFFFFFFFFFF99
:10473000FFFFFFFFFFFFFFFFFFFFFFFFFFFFFFFF89
:10474000FFFFFFFFFFFFFFFFFFFFFFFFFFFFFFFF79
:10475000FFFFFFFFFFFFFFFFFFFFFFFFFFFFFFFF69
:10476000FFFFFFFFFFFFFFFFFFFFFFFFFFFFFFFF59
:10477000FFFFFFFFFFFFFFFFFFFFFFFFFFFFFFFF49
:10478000FFFFFFFFFFFFFFFFFFFFFFFFFFFFFFFF39
:10479000FFFFFFFFFFFFFFFFFFFFFFFFFFFFFFFF29
:1047A000FFFFFFFFFFFFFFFFFFFFFFFFFFFFFFFF19
:1047B000FFFFFFFFFFFFFFFFFFFFFFFFFFFFFFFF09
:1047C000FFFFFFFFFFFFFFFFFFFFFFFFFFFFFFFFF9
:1047D000FFFFFFFFFFFFFFFFFFFFFFFFFFFFFFFFE9
:1047E000FFFFFFFFFFFFFFFFFFFFFFFFFFFFFFFFD9
:1047F000FFFFFFFFFFFFFFFFFFFFFFFFFFFFFFFFC9
:10480000FFFFFFFFFFFFFFFFFFFFFFFFFFFFFFFFB8
:10481000FFFFFFFFFFFFFFFFFFFFFFFFFFFFFFFFA8
:10482000FFFFFFFFFFFFFFFFFFFFFFFFFFFFFFFF98
:10483000FFFFFFFFFFFFFFFFFFFFFFFFFFFFFFFF88
:10484000FFFFFFFFFFFFFFFFFFFFFFFFFFFFFFFF78
:10485000FFFFFFFFFFFFFFFFFFFFFFFFFFFFFFFF68
:10486000FFFFFFFFFFFFFFFFFFFFFFFFFFFFFFFF58
:10487000FFFFFFFFFFFFFFFFFFFFFFFFFFFFFFFF48
:10488000FFFFFFFFFFFFFFFFFFFFFFFFFFFFFFFF38
:10489000FFFFFFFFFFFFFFFFFFFFFFFFFFFFFFFF28
:1048A000FFFFFFFFFFFFFFFFFFFFFFFFFFFFFFFF18
:1048B000FFFFFFFFFFFFFFFFFFFFFFFFFFFFFFFF08
:1048C000FFFFFFFFFFFFFFFFFFFFFFFFFFFFFFFFF8
:1048D000FFFFFFFFFFFFFFFFFFFFFFFFFFFFFFFFE8
:1048E000FFFFFFFFFFFFFFFFFFFFFFFFFFFFFFFFD8
:1048F000FFFFFFFFFFFFFFFFFFFFFFFFFFFFFFFFC8
:10490000FFFFFFFFFFFFFFFFFFFFFFFFFFFFFFFFB7
:10491000FFFFFFFFFFFFFFFFFFFFFFFFFFFFFFFFA7
:10492000FFFFFFFFFFFFFFFFFFFFFFFFFFFFFFFF97
:10493000FFFFFFFFFFFFFFFFFFFFFFFFFFFFFFFF87
:10494000FFFFFFFFFFFFFFFFFFFFFFFFFFFFFFFF77
:10495000FFFFFFFFFFFFFFFFFFFFFFFFFFFFFFFF67
:10496000FFFFFFFFFFFFFFFFFFFFFFFFFFFFFFFF57
:10497000FFFFFFFFFFFFFFFFFFFFFFFFFFFFFFFF47
:10498000FFFFFFFFFFFFFFFFFFFFFFFFFFFFFFFF37
:10499000FFFFFFFFFFFFFFFFFFFFFFFFFFFFFFFF27
:1049A000FFFFFFFFFFFFFFFFFFFFFFFFFFFFFFFF17
:1049B000FFFFFFFFFFFFFFFFFFFFFFFFFFFFFFFF07
:1049C000FFFFFFFFFFFFFFFFFFFFFFFFFFFFFFFFF7
:1049D000FFFFFFFFFFFFFFFFFFFFFFFFFFFFFFFFE7
:1049E000FFFFFFFFFFFFFFFFFFFFFFFFFFFFFFFFD7
:1049F000FFFFFFFFFFFFFFFFFFFFFFFFFFFFFFFFC7
:104A0000FFFFFFFFFFFFFFFFFFFFFFFFFFFFFFFFB6
:104A1000FFFFFFFFFFFFFFFFFFFFFFFFFFFFFFFFA6
:104A2000FFFFFFFFFFFFFFFFFFFFFFFFFFFFFFFF96
:104A3000FFFFFFFFFFFFFFFFFFFFFFFFFFFFFFFF86
:104A4000FFFFFFFFFFFFFFFFFFFFFFFFFFFFFFFF76
:104A5000FFFFFFFFFFFFFFFFFFFFFFFFFFFFFFFF66
:104A6000FFFFFFFFFFFFFFFFFFFFFFFFFFFFFFFF56
:104A7000FFFFFFFFFFFFFFFFFFFFFFFFFFFFFFFF46
:104A8000FFFFFFFFFFFFFFFFFFFFFFFFFFFFFFFF36
:104A9000FFFFFFFFFFFFFFFFFFFFFFFFFFFFFFFF26
:104AA000FFFFFFFFFFFFFFFFFFFFFFFFFFFFFFFF16
:104AB000FFFFFFFFFFFFFFFFFFFFFFFFFFFFFFFF06
:104AC000FFFFFFFFFFFFFFFFFFFFFFFFFFFFFFFFF6
:104AD000FFFFFFFFFFFFFFFFFFFFFFFFFFFFFFFFE6
:104AE000FFFFFFFFFFFFFFFFFFFFFFFFFFFFFFFFD6
:104AF000FFFFFFFFFFFFFFFFFFFFFFFFFFFFFFFFC6
:104B0000FFFFFFFFFFFFFFFFFFFFFFFFFFFFFFFFB5
:104B1000FFFFFFFFFFFFFFFFFFFFFFFFFFFFFFFFA5
:104B2000FFFFFFFFFFFFFFFFFFFFFFFFFFFFFFFF95
:104B3000FFFFFFFFFFFFFFFFFFFFFFFFFFFFFFFF85
:104B4000FFFFFFFFFFFFFFFFFFFFFFFFFFFFFFFF75
:104B5000FFFFFFFFFFFFFFFFFFFFFFFFFFFFFFFF65
:104B6000FFFFFFFFFFFFFFFFFFFFFFFFFFFFFFFF55
:104B7000FFFFFFFFFFFFFFFFFFFFFFFFFFFFFFFF45
:104B8000FFFFFFFFFFFFFFFFFFFFFFFFFFFFFFFF35
:104B9000FFFFFFFFFFFFFFFFFFFFFFFFFFFFFFFF25
:104BA000FFFFFFFFFFFFFFFFFFFFFFFFFFFFFFFF15
:104BB000FFFFFFFFFFFFFFFFFFFFFFFFFFFFFFFF05
:104BC000FFFFFFFFFFFFFFFFFFFFFFFFFFFFFFFFF5
:104BD000FFFFFFFFFFFFFFFFFFFFFFFFFFFFFFFFE5
:104BE000FFFFFFFFFFFFFFFFFFFFFFFFFFFFFFFFD5
:104BF000FFFFFFFFFFFFFFFFFFFFFFFFFFFFFFFFC5
:104C0000FFFFFFFFFFFFFFFFFFFFFFFFFFFFFFFFB4
:104C1000FFFFFFFFFFFFFFFFFFFFFFFFFFFFFFFFA4
:104C2000FFFFFFFFFFFFFFFFFFFFFFFFFFFFFFFF94
:104C3000FFFFFFFFFFFFFFFFFFFFFFFFFFFFFFFF84
:104C4000FFFFFFFFFFFFFFFFFFFFFFFFFFFFFFFF74
:104C5000FFFFFFFFFFFFFFFFFFFFFFFFFFFFFFFF64
:104C6000FFFFFFFFFFFFFFFFFFFFFFFFFFFFFFFF54
:104C7000FFFFFFFFFFFFFFFFFFFFFFFFFFFFFFFF44
:104C8000FFFFFFFFFFFFFFFFFFFFFFFFFFFFFFFF34
:104C9000FFFFFFFFFFFFFFFFFFFFFFFFFFFFFFFF24
:104CA000FFFFFFFFFFFFFFFFFFFFFFFFFFFFFFFF14
:104CB000FFFFFFFFFFFFFFFFFFFFFFFFFFFFFFFF04
:104CC000FFFFFFFFFFFFFFFFFFFFFFFFFFFFFFFFF4
:104CD000FFFFFFFFFFFFFFFFFFFFFFFFFFFFFFFFE4
:104CE000FFFFFFFFFFFFFFFFFFFFFFFFFFFFFFFFD4
:104CF000FFFFFFFFFFFFFFFFFFFFFFFFFFFFFFFFC4
:104D0000FFFFFFFFFFFFFFFFFFFFFFFFFFFFFFFFB3
:104D1000FFFFFFFFFFFFFFFFFFFFFFFFFFFFFFFFA3
:104D2000FFFFFFFFFFFFFFFFFFFFFFFFFFFFFFFF93
:104D3000FFFFFFFFFFFFFFFFFFFFFFFFFFFFFFFF83
:104D4000FFFFFFFFFFFFFFFFFFFFFFFFFFFFFFFF73
:104D5000FFFFFFFFFFFFFFFFFFFFFFFFFFFFFFFF63
:104D6000FFFFFFFFFFFFFFFFFFFFFFFFFFFFFFFF53
:104D7000FFFFFFFFFFFFFFFFFFFFFFFFFFFFFFFF43
:104D8000FFFFFFFFFFFFFFFFFFFFFFFFFFFFFFFF33
:104D9000FFFFFFFFFFFFFFFFFFFFFFFFFFFFFFFF23
:104DA000FFFFFFFFFFFFFFFFFFFFFFFFFFFFFFFF13
:104DB000FFFFFFFFFFFFFFFFFFFFFFFFFFFFFFFF03
:104DC000FFFFFFFFFFFFFFFFFFFFFFFFFFFFFFFFF3
:104DD000FFFFFFFFFFFFFFFFFFFFFFFFFFFFFFFFE3
:104DE000FFFFFFFFFFFFFFFFFFFFFFFFFFFFFFFFD3
:104DF000FFFFFFFFFFFFFFFFFFFFFFFFFFFFFFFFC3
:104E0000FFFFFFFFFFFFFFFFFFFFFFFFFFFFFFFFB2
:104E1000FFFFFFFFFFFFFFFFFFFFFFFFFFFFFFFFA2
:104E2000FFFFFFFFFFFFFFFFFFFFFFFFFFFFFFFF92
:104E3000FFFFFFFFFFFFFFFFFFFFFFFFFFFFFFFF82
:104E4000FFFFFFFFFFFFFFFFFFFFFFFFFFFFFFFF72
:104E5000FFFFFFFFFFFFFFFFFFFFFFFFFFFFFFFF62
:104E6000FFFFFFFFFFFFFFFFFFFFFFFFFFFFFFFF52
:104E7000FFFFFFFFFFFFFFFFFFFFFFFFFFFFFFFF42
:104E8000FFFFFFFFFFFFFFFFFFFFFFFFFFFFFFFF32
:104E9000FFFFFFFFFFFFFFFFFFFFFFFFFFFFFFFF22
:104EA000FFFFFFFFFFFFFFFFFFFFFFFFFFFFFFFF12
:104EB000FFFFFFFFFFFFFFFFFFFFFFFFFFFFFFFF02
:104EC000FFFFFFFFFFFFFFFFFFFFFFFFFFFFFFFFF2
:104ED000FFFFFFFFFFFFFFFFFFFFFFFFFFFFFFFFE2
:104EE000FFFFFFFFFFFFFFFFFFFFFFFFFFFFFFFFD2
:104EF000FFFFFFFFFFFFFFFFFFFFFFFFFFFFFFFFC2
:104F0000FFFFFFFFFFFFFFFFFFFFFFFFFFFFFFFFB1
:104F1000FFFFFFFFFFFFFFFFFFFFFFFFFFFFFFFFA1
:104F2000FFFFFFFFFFFFFFFFFFFFFFFFFFFFFFFF91
:104F3000FFFFFFFFFFFFFFFFFFFFFFFFFFFFFFFF81
:104F4000FFFFFFFFFFFFFFFFFFFFFFFFFFFFFFFF71
:104F5000FFFFFFFFFFFFFFFFFFFFFFFFFFFFFFFF61
:104F6000FFFFFFFFFFFFFFFFFFFFFFFFFFFFFFFF51
:104F7000FFFFFFFFFFFFFFFFFFFFFFFFFFFFFFFF41
:104F8000FFFFFFFFFFFFFFFFFFFFFFFFFFFFFFFF31
:104F9000FFFFFFFFFFFFFFFFFFFFFFFFFFFFFFFF21
:104FA000FFFFFFFFFFFFFFFFFFFFFFFFFFFFFFFF11
:104FB000FFFFFFFFFFFFFFFFFFFFFFFFFFFFFFFF01
:104FC000FFFFFFFFFFFFFFFFFFFFFFFFFFFFFFFFF1
:104FD000FFFFFFFFFFFFFFFFFFFFFFFFFFFFFFFFE1
:104FE000FFFFFFFFFFFFFFFFFFFFFFFFFFFFFFFFD1
:104FF000FFFFFFFFFFFFFFFFFFFFFFFFFFFFFFFFC1
:10500000FFFFFFFFFFFFFFFFFFFFFFFFFFFFFFFFB0
:10501000FFFFFFFFFFFFFFFFFFFFFFFFFFFFFFFFA0
:10502000FFFFFFFFFFFFFFFFFFFFFFFFFFFFFFFF90
:10503000FFFFFFFFFFFFFFFFFFFFFFFFFFFFFFFF80
:10504000FFFFFFFFFFFFFFFFFFFFFFFFFFFFFFFF70
:10505000FFFFFFFFFFFFFFFFFFFFFFFFFFFFFFFF60
:10506000FFFFFFFFFFFFFFFFFFFFFFFFFFFFFFFF50
:10507000FFFFFFFFFFFFFFFFFFFFFFFFFFFFFFFF40
:10508000FFFFFFFFFFFFFFFFFFFFFFFFFFFFFFFF30
:10509000FFFFFFFFFFFFFFFFFFFFFFFFFFFFFFFF20
:1050A000FFFFFFFFFFFFFFFFFFFFFFFFFFFFFFFF10
:1050B000FFFFFFFFFFFFFFFFFFFFFFFFFFFFFFFF00
:1050C000FFFFFFFFFFFFFFFFFFFFFFFFFFFFFFFFF0
:1050D000FFFFFFFFFFFFFFFFFFFFFFFFFFFFFFFFE0
:1050E000FFFFFFFFFFFFFFFFFFFFFFFFFFFFFFFFD0
:1050F000FFFFFFFFFFFFFFFFFFFFFFFFFFFFFFFFC0
:10510000FFFFFFFFFFFFFFFFFFFFFFFFFFFFFFFFAF
:10511000FFFFFFFFFFFFFFFFFFFFFFFFFFFFFFFF9F
:10512000FFFFFFFFFFFFFFFFFFFFFFFFFFFFFFFF8F
:10513000FFFFFFFFFFFFFFFFFFFFFFFFFFFFFFFF7F
:10514000FFFFFFFFFFFFFFFFFFFFFFFFFFFFFFFF6F
:10515000FFFFFFFFFFFFFFFFFFFFFFFFFFFFFFFF5F
:10516000FFFFFFFFFFFFFFFFFFFFFFFFFFFFFFFF4F
:10517000FFFFFFFFFFFFFFFFFFFFFFFFFFFFFFFF3F
:10518000FFFFFFFFFFFFFFFFFFFFFFFFFFFFFFFF2F
:10519000FFFFFFFFFFFFFFFFFFFFFFFFFFFFFFFF1F
:1051A000FFFFFFFFFFFFFFFFFFFFFFFFFFFFFFFF0F
:1051B000FFFFFFFFFFFFFFFFFFFFFFFFFFFFFFFFFF
:1051C000FFFFFFFFFFFFFFFFFFFFFFFFFFFFFFFFEF
:1051D000FFFFFFFFFFFFFFFFFFFFFFFFFFFFFFFFDF
:1051E000FFFFFFFFFFFFFFFFFFFFFFFFFFFFFFFFCF
:1051F000FFFFFFFFFFFFFFFFFFFFFFFFFFFFFFFFBF
:10520000FFFFFFFFFFFFFFFFFFFFFFFFFFFFFFFFAE
:10521000FFFFFFFFFFFFFFFFFFFFFFFFFFFFFFFF9E
:10522000FFFFFFFFFFFFFFFFFFFFFFFFFFFFFFFF8E
:10523000FFFFFFFFFFFFFFFFFFFFFFFFFFFFFFFF7E
:10524000FFFFFFFFFFFFFFFFFFFFFFFFFFFFFFFF6E
:10525000FFFFFFFFFFFFFFFFFFFFFFFFFFFFFFFF5E
:10526000FFFFFFFFFFFFFFFFFFFFFFFFFFFFFFFF4E
:10527000FFFFFFFFFFFFFFFFFFFFFFFFFFFFFFFF3E
:10528000FFFFFFFFFFFFFFFFFFFFFFFFFFFFFFFF2E
:10529000FFFFFFFFFFFFFFFFFFFFFFFFFFFFFFFF1E
:1052A000FFFFFFFFFFFFFFFFFFFFFFFFFFFFFFFF0E
:1052B000FFFFFFFFFFFFFFFFFFFFFFFFFFFFFFFFFE
:1052C000FFFFFFFFFFFFFFFFFFFFFFFFFFFFFFFFEE
:1052D000FFFFFFFFFFFFFFFFFFFFFFFFFFFFFFFFDE
:1052E000FFFFFFFFFFFFFFFFFFFFFFFFFFFFFFFFCE
:1052F000FFFFFFFFFFFFFFFFFFFFFFFFFFFFFFFFBE
:10530000FFFFFFFFFFFFFFFFFFFFFFFFFFFFFFFFAD
:10531000FFFFFFFFFFFFFFFFFFFFFFFFFFFFFFFF9D
:10532000FFFFFFFFFFFFFFFFFFFFFFFFFFFFFFFF8D
:10533000FFFFFFFFFFFFFFFFFFFFFFFFFFFFFFFF7D
:10534000FFFFFFFFFFFFFFFFFFFFFFFFFFFFFFFF6D
:10535000FFFFFFFFFFFFFFFFFFFFFFFFFFFFFFFF5D
:10536000FFFFFFFFFFFFFFFFFFFFFFFFFFFFFFFF4D
:10537000FFFFFFFFFFFFFFFFFFFFFFFFFFFFFFFF3D
:10538000FFFFFFFFFFFFFFFFFFFFFFFFFFFFFFFF2D
:10539000FFFFFFFFFFFFFFFFFFFFFFFFFFFFFFFF1D
:1053A000FFFFFFFFFFFFFFFFFFFFFFFFFFFFFFFF0D
:1053B000FFFFFFFFFFFFFFFFFFFFFFFFFFFFFFFFFD
:1053C000FFFFFFFFFFFFFFFFFFFFFFFFFFFFFFFFED
:1053D000FFFFFFFFFFFFFFFFFFFFFFFFFFFFFFFFDD
:1053E000FFFFFFFFFFFFFFFFFFFFFFFFFFFFFFFFCD
:1053F000FFFFFFFFFFFFFFFFFFFFFFFFFFFFFFFFBD
:10540000FFFFFFFFFFFFFFFFFFFFFFFFFFFFFFFFAC
:10541000FFFFFFFFFFFFFFFFFFFFFFFFFFFFFFFF9C
:10542000FFFFFFFFFFFFFFFFFFFFFFFFFFFFFFFF8C
:10543000FFFFFFFFFFFFFFFFFFFFFFFFFFFFFFFF7C
:10544000FFFFFFFFFFFFFFFFFFFFFFFFFFFFFFFF6C
:10545000FFFFFFFFFFFFFFFFFFFFFFFFFFFFFFFF5C
:10546000FFFFFFFFFFFFFFFFFFFFFFFFFFFFFFFF4C
:10547000FFFFFFFFFFFFFFFFFFFFFFFFFFFFFFFF3C
:10548000FFFFFFFFFFFFFFFFFFFFFFFFFFFFFFFF2C
:10549000FFFFFFFFFFFFFFFFFFFFFFFFFFFFFFFF1C
:1054A000FFFFFFFFFFFFFFFFFFFFFFFFFFFFFFFF0C
:1054B000FFFFFFFFFFFFFFFFFFFFFFFFFFFFFFFFFC
:1054C000FFFFFFFFFFFFFFFFFFFFFFFFFFFFFFFFEC
:1054D000FFFFFFFFFFFFFFFFFFFFFFFFFFFFFFFFDC
:1054E000FFFFFFFFFFFFFFFFFFFFFFFFFFFFFFFFCC
:1054F000FFFFFFFFFFFFFFFFFFFFFFFFFFFFFFFFBC
:10550000FFFFFFFFFFFFFFFFFFFFFFFFFFFFFFFFAB
:10551000FFFFFFFFFFFFFFFFFFFFFFFFFFFFFFFF9B
:10552000FFFFFFFFFFFFFFFFFFFFFFFFFFFFFFFF8B
:10553000FFFFFFFFFFFFFFFFFFFFFFFFFFFFFFFF7B
:10554000FFFFFFFFFFFFFFFFFFFFFFFFFFFFFFFF6B
:10555000FFFFFFFFFFFFFFFFFFFFFFFFFFFFFFFF5B
:10556000FFFFFFFFFFFFFFFFFFFFFFFFFFFFFFFF4B
:10557000FFFFFFFFFFFFFFFFFFFFFFFFFFFFFFFF3B
:10558000FFFFFFFFFFFFFFFFFFFFFFFFFFFFFFFF2B
:10559000FFFFFFFFFFFFFFFFFFFFFFFFFFFFFFFF1B
:1055A000FFFFFFFFFFFFFFFFFFFFFFFFFFFFFFFF0B
:1055B000FFFFFFFFFFFFFFFFFFFFFFFFFFFFFFFFFB
:1055C000FFFFFFFFFFFFFFFFFFFFFFFFFFFFFFFFEB
:1055D000FFFFFFFFFFFFFFFFFFFFFFFFFFFFFFFFDB
:1055E000FFFFFFFFFFFFFFFFFFFFFFFFFFFFFFFFCB
:1055F000FFFFFFFFFFFFFFFFFFFFFFFFFFFFFFFFBB
:10560000FFFFFFFFFFFFFFFFFFFFFFFFFFFFFFFFAA
:10561000FFFFFFFFFFFFFFFFFFFFFFFFFFFFFFFF9A
:10562000FFFFFFFFFFFFFFFFFFFFFFFFFFFFFFFF8A
:10563000FFFFFFFFFFFFFFFFFFFFFFFFFFFFFFFF7A
:10564000FFFFFFFFFFFFFFFFFFFFFFFFFFFFFFFF6A
:10565000FFFFFFFFFFFFFFFFFFFFFFFFFFFFFFFF5A
:10566000FFFFFFFFFFFFFFFFFFFFFFFFFFFFFFFF4A
:10567000FFFFFFFFFFFFFFFFFFFFFFFFFFFFFFFF3A
:10568000FFFFFFFFFFFFFFFFFFFFFFFFFFFFFFFF2A
:10569000FFFFFFFFFFFFFFFFFFFFFFFFFFFFFFFF1A
:1056A000FFFFFFFFFFFFFFFFFFFFFFFFFFFFFFFF0A
:1056B000FFFFFFFFFFFFFFFFFFFFFFFFFFFFFFFFFA
:1056C000FFFFFFFFFFFFFFFFFFFFFFFFFFFFFFFFEA
:1056D000FFFFFFFFFFFFFFFFFFFFFFFFFFFFFFFFDA
:1056E000FFFFFFFFFFFFFFFFFFFFFFFFFFFFFFFFCA
:1056F000FFFFFFFFFFFFFFFFFFFFFFFFFFFFFFFFBA
:10570000FFFFFFFFFFFFFFFFFFFFFFFFFFFFFFFFA9
:10571000FFFFFFFFFFFFFFFFFFFFFFFFFFFFFFFF99
:10572000FFFFFFFFFFFFFFFFFFFFFFFFFFFFFFFF89
:10573000FFFFFFFFFFFFFFFFFFFFFFFFFFFFFFFF79
:10574000FFFFFFFFFFFFFFFFFFFFFFFFFFFFFFFF69
:10575000FFFFFFFFFFFFFFFFFFFFFFFFFFFFFFFF59
:10576000FFFFFFFFFFFFFFFFFFFFFFFFFFFFFFFF49
:10577000FFFFFFFFFFFFFFFFFFFFFFFFFFFFFFFF39
:10578000FFFFFFFFFFFFFFFFFFFFFFFFFFFFFFFF29
:10579000FFFFFFFFFFFFFFFFFFFFFFFFFFFFFFFF19
:1057A000FFFFFFFFFFFFFFFFFFFFFFFFFFFFFFFF09
:1057B000FFFFFFFFFFFFFFFFFFFFFFFFFFFFFFFFF9
:1057C000FFFFFFFFFFFFFFFFFFFFFFFFFFFFFFFFE9
:1057D000FFFFFFFFFFFFFFFFFFFFFFFFFFFFFFFFD9
:1057E000FFFFFFFFFFFFFFFFFFFFFFFFFFFFFFFFC9
:1057F000FFFFFFFFFFFFFFFFFFFFFFFFFFFFFFFFB9
:10580000FFFFFFFFFFFFFFFFFFFFFFFFFFFFFFFFA8
:10581000FFFFFFFFFFFFFFFFFFFFFFFFFFFFFFFF98
:10582000FFFFFFFFFFFFFFFFFFFFFFFFFFFFFFFF88
:10583000FFFFFFFFFFFFFFFFFFFFFFFFFFFFFFFF78
:10584000FFFFFFFFFFFFFFFFFFFFFFFFFFFFFFFF68
:10585000FFFFFFFFFFFFFFFFFFFFFFFFFFFFFFFF58
:10586000FFFFFFFFFFFFFFFFFFFFFFFFFFFFFFFF48
:10587000FFFFFFFFFFFFFFFFFFFFFFFFFFFFFFFF38
:10588000FFFFFFFFFFFFFFFFFFFFFFFFFFFFFFFF28
:10589000FFFFFFFFFFFFFFFFFFFFFFFFFFFFFFFF18
:1058A000FFFFFFFFFFFFFFFFFFFFFFFFFFFFFFFF08
:1058B000FFFFFFFFFFFFFFFFFFFFFFFFFFFFFFFFF8
:1058C000FFFFFFFFFFFFFFFFFFFFFFFFFFFFFFFFE8
:1058D000FFFFFFFFFFFFFFFFFFFFFFFFFFFFFFFFD8
:1058E000FFFFFFFFFFFFFFFFFFFFFFFFFFFFFFFFC8
:1058F000FFFFFFFFFFFFFFFFFFFFFFFFFFFFFFFFB8
:10590000FFFFFFFFFFFFFFFFFFFFFFFFFFFFFFFFA7
:10591000FFFFFFFFFFFFFFFFFFFFFFFFFFFFFFFF97
:10592000FFFFFFFFFFFFFFFFFFFFFFFFFFFFFFFF87
:10593000FFFFFFFFFFFFFFFFFFFFFFFFFFFFFFFF77
:10594000FFFFFFFFFFFFFFFFFFFFFFFFFFFFFFFF67
:10595000FFFFFFFFFFFFFFFFFFFFFFFFFFFFFFFF57
:10596000FFFFFFFFFFFFFFFFFFFFFFFFFFFFFFFF47
:10597000FFFFFFFFFFFFFFFFFFFFFFFFFFFFFFFF37
:10598000FFFFFFFFFFFFFFFFFFFFFFFFFFFFFFFF27
:10599000FFFFFFFFFFFFFFFFFFFFFFFFFFFFFFFF17
:1059A000FFFFFFFFFFFFFFFFFFFFFFFFFFFFFFFF07
:1059B000FFFFFFFFFFFFFFFFFFFFFFFFFFFFFFFFF7
:1059C000FFFFFFFFFFFFFFFFFFFFFFFFFFFFFFFFE7
:1059D000FFFFFFFFFFFFFFFFFFFFFFFFFFFFFFFFD7
:1059E000FFFFFFFFFFFFFFFFFFFFFFFFFFFFFFFFC7
:1059F000FFFFFFFFFFFFFFFFFFFFFFFFFFFFFFFFB7
:105A0000FFFFFFFFFFFFFFFFFFFFFFFFFFFFFFFFA6
:105A1000FFFFFFFFFFFFFFFFFFFFFFFFFFFFFFFF96
:105A2000FFFFFFFFFFFFFFFFFFFFFFFFFFFFFFFF86
:105A3000FFFFFFFFFFFFFFFFFFFFFFFFFFFFFFFF76
:105A4000FFFFFFFFFFFFFFFFFFFFFFFFFFFFFFFF66
:105A5000FFFFFFFFFFFFFFFFFFFFFFFFFFFFFFFF56
:105A6000FFFFFFFFFFFFFFFFFFFFFFFFFFFFFFFF46
:105A7000FFFFFFFFFFFFFFFFFFFFFFFFFFFFFFFF36
:105A8000FFFFFFFFFFFFFFFFFFFFFFFFFFFFFFFF26
:105A9000FFFFFFFFFFFFFFFFFFFFFFFFFFFFFFFF16
:105AA000FFFFFFFFFFFFFFFFFFFFFFFFFFFFFFFF06
:105AB000FFFFFFFFFFFFFFFFFFFFFFFFFFFFFFFFF6
:105AC000FFFFFFFFFFFFFFFFFFFFFFFFFFFFFFFFE6
:105AD000FFFFFFFFFFFFFFFFFFFFFFFFFFFFFFFFD6
:105AE000FFFFFFFFFFFFFFFFFFFFFFFFFFFFFFFFC6
:105AF000FFFFFFFFFFFFFFFFFFFFFFFFFFFFFFFFB6
:105B0000FFFFFFFFFFFFFFFFFFFFFFFFFFFFFFFFA5
:105B1000FFFFFFFFFFFFFFFFFFFFFFFFFFFFFFFF95
:105B2000FFFFFFFFFFFFFFFFFFFFFFFFFFFFFFFF85
:105B3000FFFFFFFFFFFFFFFFFFFFFFFFFFFFFFFF75
:105B4000FFFFFFFFFFFFFFFFFFFFFFFFFFFFFFFF65
:105B5000FFFFFFFFFFFFFFFFFFFFFFFFFFFFFFFF55
:105B6000FFFFFFFFFFFFFFFFFFFFFFFFFFFFFFFF45
:105B7000FFFFFFFFFFFFFFFFFFFFFFFFFFFFFFFF35
:105B8000FFFFFFFFFFFFFFFFFFFFFFFFFFFFFFFF25
:105B9000FFFFFFFFFFFFFFFFFFFFFFFFFFFFFFFF15
:105BA000FFFFFFFFFFFFFFFFFFFFFFFFFFFFFFFF05
:105BB000FFFFFFFFFFFFFFFFFFFFFFFFFFFFFFFFF5
:105BC000FFFFFFFFFFFFFFFFFFFFFFFFFFFFFFFFE5
:105BD000FFFFFFFFFFFFFFFFFFFFFFFFFFFFFFFFD5
:105BE000FFFFFFFFFFFFFFFFFFFFFFFFFFFFFFFFC5
:105BF000FFFFFFFFFFFFFFFFFFFFFFFFFFFFFFFFB5
:105C0000FFFFFFFFFFFFFFFFFFFFFFFFFFFFFFFFA4
:105C1000FFFFFFFFFFFFFFFFFFFFFFFFFFFFFFFF94
:105C2000FFFFFFFFFFFFFFFFFFFFFFFFFFFFFFFF84
:105C3000FFFFFFFFFFFFFFFFFFFFFFFFFFFFFFFF74
:105C4000FFFFFFFFFFFFFFFFFFFFFFFFFFFFFFFF64
:105C5000FFFFFFFFFFFFFFFFFFFFFFFFFFFFFFFF54
:105C6000FFFFFFFFFFFFFFFFFFFFFFFFFFFFFFFF44
:105C7000FFFFFFFFFFFFFFFFFFFFFFFFFFFFFFFF34
:105C8000FFFFFFFFFFFFFFFFFFFFFFFFFFFFFFFF24
:105C9000FFFFFFFFFFFFFFFFFFFFFFFFFFFFFFFF14
:105CA000FFFFFFFFFFFFFFFFFFFFFFFFFFFFFFFF04
:105CB000FFFFFFFFFFFFFFFFFFFFFFFFFFFFFFFFF4
:105CC000FFFFFFFFFFFFFFFFFFFFFFFFFFFFFFFFE4
:105CD000FFFFFFFFFFFFFFFFFFFFFFFFFFFFFFFFD4
:105CE000FFFFFFFFFFFFFFFFFFFFFFFFFFFFFFFFC4
:105CF000FFFFFFFFFFFFFFFFFFFFFFFFFFFFFFFFB4
:105D0000FFFFFFFFFFFFFFFFFFFFFFFFFFFFFFFFA3
:105D1000FFFFFFFFFFFFFFFFFFFFFFFFFFFFFFFF93
:105D2000FFFFFFFFFFFFFFFFFFFFFFFFFFFFFFFF83
:105D3000FFFFFFFFFFFFFFFFFFFFFFFFFFFFFFFF73
:105D4000FFFFFFFFFFFFFFFFFFFFFFFFFFFFFFFF63
:105D5000FFFFFFFFFFFFFFFFFFFFFFFFFFFFFFFF53
:105D6000FFFFFFFFFFFFFFFFFFFFFFFFFFFFFFFF43
:105D7000FFFFFFFFFFFFFFFFFFFFFFFFFFFFFFFF33
:105D8000FFFFFFFFFFFFFFFFFFFFFFFFFFFFFFFF23
:105D9000FFFFFFFFFFFFFFFFFFFFFFFFFFFFFFFF13
:105DA000FFFFFFFFFFFFFFFFFFFFFFFFFFFFFFFF03
:105DB000FFFFFFFFFFFFFFFFFFFFFFFFFFFFFFFFF3
:105DC000FFFFFFFFFFFFFFFFFFFFFFFFFFFFFFFFE3
:105DD000FFFFFFFFFFFFFFFFFFFFFFFFFFFFFFFFD3
:105DE000FFFFFFFFFFFFFFFFFFFFFFFFFFFFFFFFC3
:105DF000FFFFFFFFFFFFFFFFFFFFFFFFFFFFFFFFB3
:105E0000FFFFFFFFFFFFFFFFFFFFFFFFFFFFFFFFA2
:105E1000FFFFFFFFFFFFFFFFFFFFFFFFFFFFFFFF92
:105E2000FFFFFFFFFFFFFFFFFFFFFFFFFFFFFFFF82
:105E3000FFFFFFFFFFFFFFFFFFFFFFFFFFFFFFFF72
:105E4000FFFFFFFFFFFFFFFFFFFFFFFFFFFFFFFF62
:105E5000FFFFFFFFFFFFFFFFFFFFFFFFFFFFFFFF52
:105E6000FFFFFFFFFFFFFFFFFFFFFFFFFFFFFFFF42
:105E7000FFFFFFFFFFFFFFFFFFFFFFFFFFFFFFFF32
:105E8000FFFFFFFFFFFFFFFFFFFFFFFFFFFFFFFF22
:105E9000FFFFFFFFFFFFFFFFFFFFFFFFFFFFFFFF12
:105EA000FFFFFFFFFFFFFFFFFFFFFFFFFFFFFFFF02
:105EB000FFFFFFFFFFFFFFFFFFFFFFFFFFFFFFFFF2
:105EC000FFFFFFFFFFFFFFFFFFFFFFFFFFFFFFFFE2
:105ED000FFFFFFFFFFFFFFFFFFFFFFFFFFFFFFFFD2
:105EE000FFFFFFFFFFFFFFFFFFFFFFFFFFFFFFFFC2
:105EF000FFFFFFFFFFFFFFFFFFFFFFFFFFFFFFFFB2
:105F0000FFFFFFFFFFFFFFFFFFFFFFFFFFFFFFFFA1
:105F1000FFFFFFFFFFFFFFFFFFFFFFFFFFFFFFFF91
:105F2000FFFFFFFFFFFFFFFFFFFFFFFFFFFFFFFF81
:105F3000FFFFFFFFFFFFFFFFFFFFFFFFFFFFFFFF71
:105F4000FFFFFFFFFFFFFFFFFFFFFFFFFFFFFFFF61
:105F5000FFFFFFFFFFFFFFFFFFFFFFFFFFFFFFFF51
:105F6000FFFFFFFFFFFFFFFFFFFFFFFFFFFFFFFF41
:105F7000FFFFFFFFFFFFFFFFFFFFFFFFFFFFFFFF31
:105F8000FFFFFFFFFFFFFFFFFFFFFFFFFFFFFFFF21
:105F9000FFFFFFFFFFFFFFFFFFFFFFFFFFFFFFFF11
:105FA000FFFFFFFFFFFFFFFFFFFFFFFFFFFFFFFF01
:105FB000FFFFFFFFFFFFFFFFFFFFFFFFFFFFFFFFF1
:105FC000FFFFFFFFFFFFFFFFFFFFFFFFFFFFFFFFE1
:105FD000FFFFFFFFFFFFFFFFFFFFFFFFFFFFFFFFD1
:105FE000FFFFFFFFFFFFFFFFFFFFFFFFFFFFFFFFC1
:105FF000FFFFFFFFFFFFFFFFFFFFFFFFFFFFFFFFB1
:10600000FFFFFFFFFFFFFFFFFFFFFFFFFFFFFFFFA0
:10601000FFFFFFFFFFFFFFFFFFFFFFFFFFFFFFFF90
:10602000FFFFFFFFFFFFFFFFFFFFFFFFFFFFFFFF80
:10603000FFFFFFFFFFFFFFFFFFFFFFFFFFFFFFFF70
:10604000FFFFFFFFFFFFFFFFFFFFFFFFFFFFFFFF60
:10605000FFFFFFFFFFFFFFFFFFFFFFFFFFFFFFFF50
:10606000FFFFFFFFFFFFFFFFFFFFFFFFFFFFFFFF40
:10607000FFFFFFFFFFFFFFFFFFFFFFFFFFFFFFFF30
:10608000FFFFFFFFFFFFFFFFFFFFFFFFFFFFFFFF20
:10609000FFFFFFFFFFFFFFFFFFFFFFFFFFFFFFFF10
:1060A000FFFFFFFFFFFFFFFFFFFFFFFFFFFFFFFF00
:1060B000FFFFFFFFFFFFFFFFFFFFFFFFFFFFFFFFF0
:1060C000FFFFFFFFFFFFFFFFFFFFFFFFFFFFFFFFE0
:1060D000FFFFFFFFFFFFFFFFFFFFFFFFFFFFFFFFD0
:1060E000FFFFFFFFFFFFFFFFFFFFFFFFFFFFFFFFC0
:1060F000FFFFFFFFFFFFFFFFFFFFFFFFFFFFFFFFB0
:10610000FFFFFFFFFFFFFFFFFFFFFFFFFFFFFFFF9F
:10611000FFFFFFFFFFFFFFFFFFFFFFFFFFFFFFFF8F
:10612000FFFFFFFFFFFFFFFFFFFFFFFFFFFFFFFF7F
:10613000FFFFFFFFFFFFFFFFFFFFFFFFFFFFFFFF6F
:10614000FFFFFFFFFFFFFFFFFFFFFFFFFFFFFFFF5F
:10615000FFFFFFFFFFFFFFFFFFFFFFFFFFFFFFFF4F
:10616000FFFFFFFFFFFFFFFFFFFFFFFFFFFFFFFF3F
:10617000FFFFFFFFFFFFFFFFFFFFFFFFFFFFFFFF2F
:10618000FFFFFFFFFFFFFFFFFFFFFFFFFFFFFFFF1F
:10619000FFFFFFFFFFFFFFFFFFFFFFFFFFFFFFFF0F
:1061A000FFFFFFFFFFFFFFFFFFFFFFFFFFFFFFFFFF
:1061B000FFFFFFFFFFFFFFFFFFFFFFFFFFFFFFFFEF
:1061C000FFFFFFFFFFFFFFFFFFFFFFFFFFFFFFFFDF
:1061D000FFFFFFFFFFFFFFFFFFFFFFFFFFFFFFFFCF
:1061E000FFFFFFFFFFFFFFFFFFFFFFFFFFFFFFFFBF
:1061F000FFFFFFFFFFFFFFFFFFFFFFFFFFFFFFFFAF
:10620000FFFFFFFFFFFFFFFFFFFFFFFFFFFFFFFF9E
:10621000FFFFFFFFFFFFFFFFFFFFFFFFFFFFFFFF8E
:10622000FFFFFFFFFFFFFFFFFFFFFFFFFFFFFFFF7E
:10623000FFFFFFFFFFFFFFFFFFFFFFFFFFFFFFFF6E
:10624000FFFFFFFFFFFFFFFFFFFFFFFFFFFFFFFF5E
:10625000FFFFFFFFFFFFFFFFFFFFFFFFFFFFFFFF4E
:10626000FFFFFFFFFFFFFFFFFFFFFFFFFFFFFFFF3E
:10627000FFFFFFFFFFFFFFFFFFFFFFFFFFFFFFFF2E
:10628000FFFFFFFFFFFFFFFFFFFFFFFFFFFFFFFF1E
:10629000FFFFFFFFFFFFFFFFFFFFFFFFFFFFFFFF0E
:1062A000FFFFFFFFFFFFFFFFFFFFFFFFFFFFFFFFFE
:1062B000FFFFFFFFFFFFFFFFFFFFFFFFFFFFFFFFEE
:1062C000FFFFFFFFFFFFFFFFFFFFFFFFFFFFFFFFDE
:1062D000FFFFFFFFFFFFFFFFFFFFFFFFFFFFFFFFCE
:1062E000FFFFFFFFFFFFFFFFFFFFFFFFFFFFFFFFBE
:1062F000FFFFFFFFFFFFFFFFFFFFFFFFFFFFFFFFAE
:10630000FFFFFFFFFFFFFFFFFFFFFFFFFFFFFFFF9D
:10631000FFFFFFFFFFFFFFFFFFFFFFFFFFFFFFFF8D
:10632000FFFFFFFFFFFFFFFFFFFFFFFFFFFFFFFF7D
:10633000FFFFFFFFFFFFFFFFFFFFFFFFFFFFFFFF6D
:10634000FFFFFFFFFFFFFFFFFFFFFFFFFFFFFFFF5D
:10635000FFFFFFFFFFFFFFFFFFFFFFFFFFFFFFFF4D
:10636000FFFFFFFFFFFFFFFFFFFFFFFFFFFFFFFF3D
:10637000FFFFFFFFFFFFFFFFFFFFFFFFFFFFFFFF2D
:10638000FFFFFFFFFFFFFFFFFFFFFFFFFFFFFFFF1D
:10639000FFFFFFFFFFFFFFFFFFFFFFFFFFFFFFFF0D
:1063A000FFFFFFFFFFFFFFFFFFFFFFFFFFFFFFFFFD
:1063B000FFFFFFFFFFFFFFFFFFFFFFFFFFFFFFFFED
:1063C000FFFFFFFFFFFFFFFFFFFFFFFFFFFFFFFFDD
:1063D000FFFFFFFFFFFFFFFFFFFFFFFFFFFFFFFFCD
:1063E000FFFFFFFFFFFFFFFFFFFFFFFFFFFFFFFFBD
:1063F000FFFFFFFFFFFFFFFFFFFFFFFFFFFFFFFFAD
:10640000FFFFFFFFFFFFFFFFFFFFFFFFFFFFFFFF9C
:10641000FFFFFFFFFFFFFFFFFFFFFFFFFFFFFFFF8C
:10642000FFFFFFFFFFFFFFFFFFFFFFFFFFFFFFFF7C
:10643000FFFFFFFFFFFFFFFFFFFFFFFFFFFFFFFF6C
:10644000FFFFFFFFFFFFFFFFFFFFFFFFFFFFFFFF5C
:10645000FFFFFFFFFFFFFFFFFFFFFFFFFFFFFFFF4C
:10646000FFFFFFFFFFFFFFFFFFFFFFFFFFFFFFFF3C
:10647000FFFFFFFFFFFFFFFFFFFFFFFFFFFFFFFF2C
:10648000FFFFFFFFFFFFFFFFFFFFFFFFFFFFFFFF1C
:10649000FFFFFFFFFFFFFFFFFFFFFFFFFFFFFFFF0C
:1064A000FFFFFFFFFFFFFFFFFFFFFFFFFFFFFFFFFC
:1064B000FFFFFFFFFFFFFFFFFFFFFFFFFFFFFFFFEC
:1064C000FFFFFFFFFFFFFFFFFFFFFFFFFFFFFFFFDC
:1064D000FFFFFFFFFFFFFFFFFFFFFFFFFFFFFFFFCC
:1064E000FFFFFFFFFFFFFFFFFFFFFFFFFFFFFFFFBC
:1064F000FFFFFFFFFFFFFFFFFFFFFFFFFFFFFFFFAC
:10650000FFFFFFFFFFFFFFFFFFFFFFFFFFFFFFFF9B
:10651000FFFFFFFFFFFFFFFFFFFFFFFFFFFFFFFF8B
:10652000FFFFFFFFFFFFFFFFFFFFFFFFFFFFFFFF7B
:10653000FFFFFFFFFFFFFFFFFFFFFFFFFFFFFFFF6B
:10654000FFFFFFFFFFFFFFFFFFFFFFFFFFFFFFFF5B
:10655000FFFFFFFFFFFFFFFFFFFFFFFFFFFFFFFF4B
:10656000FFFFFFFFFFFFFFFFFFFFFFFFFFFFFFFF3B
:10657000FFFFFFFFFFFFFFFFFFFFFFFFFFFFFFFF2B
:10658000FFFFFFFFFFFFFFFFFFFFFFFFFFFFFFFF1B
:10659000FFFFFFFFFFFFFFFFFFFFFFFFFFFFFFFF0B
:1065A000FFFFFFFFFFFFFFFFFFFFFFFFFFFFFFFFFB
:1065B000FFFFFFFFFFFFFFFFFFFFFFFFFFFFFFFFEB
:1065C000FFFFFFFFFFFFFFFFFFFFFFFFFFFFFFFFDB
:1065D000FFFFFFFFFFFFFFFFFFFFFFFFFFFFFFFFCB
:1065E000FFFFFFFFFFFFFFFFFFFFFFFFFFFFFFFFBB
:1065F000FFFFFFFFFFFFFFFFFFFFFFFFFFFFFFFFAB
:10660000FFFFFFFFFFFFFFFFFFFFFFFFFFFFFFFF9A
:10661000FFFFFFFFFFFFFFFFFFFFFFFFFFFFFFFF8A
:10662000FFFFFFFFFFFFFFFFFFFFFFFFFFFFFFFF7A
:10663000FFFFFFFFFFFFFFFFFFFFFFFFFFFFFFFF6A
:10664000FFFFFFFFFFFFFFFFFFFFFFFFFFFFFFFF5A
:10665000FFFFFFFFFFFFFFFFFFFFFFFFFFFFFFFF4A
:10666000FFFFFFFFFFFFFFFFFFFFFFFFFFFFFFFF3A
:10667000FFFFFFFFFFFFFFFFFFFFFFFFFFFFFFFF2A
:10668000FFFFFFFFFFFFFFFFFFFFFFFFFFFFFFFF1A
:10669000FFFFFFFFFFFFFFFFFFFFFFFFFFFFFFFF0A
:1066A000FFFFFFFFFFFFFFFFFFFFFFFFFFFFFFFFFA
:1066B000FFFFFFFFFFFFFFFFFFFFFFFFFFFFFFFFEA
:1066C000FFFFFFFFFFFFFFFFFFFFFFFFFFFFFFFFDA
:1066D000FFFFFFFFFFFFFFFFFFFFFFFFFFFFFFFFCA
:1066E000FFFFFFFFFFFFFFFFFFFFFFFFFFFFFFFFBA
:1066F000FFFFFFFFFFFFFFFFFFFFFFFFFFFFFFFFAA
:10670000FFFFFFFFFFFFFFFFFFFFFFFFFFFFFFFF99
:10671000FFFFFFFFFFFFFFFFFFFFFFFFFFFFFFFF89
:10672000FFFFFFFFFFFFFFFFFFFFFFFFFFFFFFFF79
:10673000FFFFFFFFFFFFFFFFFFFFFFFFFFFFFFFF69
:10674000FFFFFFFFFFFFFFFFFFFFFFFFFFFFFFFF59
:10675000FFFFFFFFFFFFFFFFFFFFFFFFFFFFFFFF49
:10676000FFFFFFFFFFFFFFFFFFFFFFFFFFFFFFFF39
:10677000FFFFFFFFFFFFFFFFFFFFFFFFFFFFFFFF29
:10678000FFFFFFFFFFFFFFFFFFFFFFFFFFFFFFFF19
:10679000FFFFFFFFFFFFFFFFFFFFFFFFFFFFFFFF09
:1067A000FFFFFFFFFFFFFFFFFFFFFFFFFFFFFFFFF9
:1067B000FFFFFFFFFFFFFFFFFFFFFFFFFFFFFFFFE9
:1067C000FFFFFFFFFFFFFFFFFFFFFFFFFFFFFFFFD9
:1067D000FFFFFFFFFFFFFFFFFFFFFFFFFFFFFFFFC9
:1067E000FFFFFFFFFFFFFFFFFFFFFFFFFFFFFFFFB9
:1067F000FFFFFFFFFFFFFFFFFFFFFFFFFFFFFFFFA9
:10680000FFFFFFFFFFFFFFFFFFFFFFFFFFFFFFFF98
:10681000FFFFFFFFFFFFFFFFFFFFFFFFFFFFFFFF88
:10682000FFFFFFFFFFFFFFFFFFFFFFFFFFFFFFFF78
:10683000FFFFFFFFFFFFFFFFFFFFFFFFFFFFFFFF68
:10684000FFFFFFFFFFFFFFFFFFFFFFFFFFFFFFFF58
:10685000FFFFFFFFFFFFFFFFFFFFFFFFFFFFFFFF48
:10686000FFFFFFFFFFFFFFFFFFFFFFFFFFFFFFFF38
:10687000FFFFFFFFFFFFFFFFFFFFFFFFFFFFFFFF28
:10688000FFFFFFFFFFFFFFFFFFFFFFFFFFFFFFFF18
:10689000FFFFFFFFFFFFFFFFFFFFFFFFFFFFFFFF08
:1068A000FFFFFFFFFFFFFFFFFFFFFFFFFFFFFFFFF8
:1068B000FFFFFFFFFFFFFFFFFFFFFFFFFFFFFFFFE8
:1068C000FFFFFFFFFFFFFFFFFFFFFFFFFFFFFFFFD8
:1068D000FFFFFFFFFFFFFFFFFFFFFFFFFFFFFFFFC8
:1068E000FFFFFFFFFFFFFFFFFFFFFFFFFFFFFFFFB8
:1068F000FFFFFFFFFFFFFFFFFFFFFFFFFFFFFFFFA8
:10690000FFFFFFFFFFFFFFFFFFFFFFFFFFFFFFFF97
:10691000FFFFFFFFFFFFFFFFFFFFFFFFFFFFFFFF87
:10692000FFFFFFFFFFFFFFFFFFFFFFFFFFFFFFFF77
:10693000FFFFFFFFFFFFFFFFFFFFFFFFFFFFFFFF67
:10694000FFFFFFFFFFFFFFFFFFFFFFFFFFFFFFFF57
:10695000FFFFFFFFFFFFFFFFFFFFFFFFFFFFFFFF47
:10696000FFFFFFFFFFFFFFFFFFFFFFFFFFFFFFFF37
:10697000FFFFFFFFFFFFFFFFFFFFFFFFFFFFFFFF27
:10698000FFFFFFFFFFFFFFFFFFFFFFFFFFFFFFFF17
:10699000FFFFFFFFFFFFFFFFFFFFFFFFFFFFFFFF07
:1069A000FFFFFFFFFFFFFFFFFFFFFFFFFFFFFFFFF7
:1069B000FFFFFFFFFFFFFFFFFFFFFFFFFFFFFFFFE7
:1069C000FFFFFFFFFFFFFFFFFFFFFFFFFFFFFFFFD7
:1069D000FFFFFFFFFFFFFFFFFFFFFFFFFFFFFFFFC7
:1069E000FFFFFFFFFFFFFFFFFFFFFFFFFFFFFFFFB7
:1069F000FFFFFFFFFFFFFFFFFFFFFFFFFFFFFFFFA7
:106A0000FFFFFFFFFFFFFFFFFFFFFFFFFFFFFFFF96
:106A1000FFFFFFFFFFFFFFFFFFFFFFFFFFFFFFFF86
:106A2000FFFFFFFFFFFFFFFFFFFFFFFFFFFFFFFF76
:106A3000FFFFFFFFFFFFFFFFFFFFFFFFFFFFFFFF66
:106A4000FFFFFFFFFFFFFFFFFFFFFFFFFFFFFFFF56
:106A5000FFFFFFFFFFFFFFFFFFFFFFFFFFFFFFFF46
:106A6000FFFFFFFFFFFFFFFFFFFFFFFFFFFFFFFF36
:106A7000FFFFFFFFFFFFFFFFFFFFFFFFFFFFFFFF26
:106A8000FFFFFFFFFFFFFFFFFFFFFFFFFFFFFFFF16
:106A9000FFFFFFFFFFFFFFFFFFFFFFFFFFFFFFFF06
:106AA000FFFFFFFFFFFFFFFFFFFFFFFFFFFFFFFFF6
:106AB000FFFFFFFFFFFFFFFFFFFFFFFFFFFFFFFFE6
:106AC000FFFFFFFFFFFFFFFFFFFFFFFFFFFFFFFFD6
:106AD000FFFFFFFFFFFFFFFFFFFFFFFFFFFFFFFFC6
:106AE000FFFFFFFFFFFFFFFFFFFFFFFFFFFFFFFFB6
:106AF000FFFFFFFFFFFFFFFFFFFFFFFFFFFFFFFFA6
:106B0000FFFFFFFFFFFFFFFFFFFFFFFFFFFFFFFF95
:106B1000FFFFFFFFFFFFFFFFFFFFFFFFFFFFFFFF85
:106B2000FFFFFFFFFFFFFFFFFFFFFFFFFFFFFFFF75
:106B3000FFFFFFFFFFFFFFFFFFFFFFFFFFFFFFFF65
:106B4000FFFFFFFFFFFFFFFFFFFFFFFFFFFFFFFF55
:106B5000FFFFFFFFFFFFFFFFFFFFFFFFFFFFFFFF45
:106B6000FFFFFFFFFFFFFFFFFFFFFFFFFFFFFFFF35
:106B7000FFFFFFFFFFFFFFFFFFFFFFFFFFFFFFFF25
:106B8000FFFFFFFFFFFFFFFFFFFFFFFFFFFFFFFF15
:106B9000FFFFFFFFFFFFFFFFFFFFFFFFFFFFFFFF05
:106BA000FFFFFFFFFFFFFFFFFFFFFFFFFFFFFFFFF5
:106BB000FFFFFFFFFFFFFFFFFFFFFFFFFFFFFFFFE5
:106BC000FFFFFFFFFFFFFFFFFFFFFFFFFFFFFFFFD5
:106BD000FFFFFFFFFFFFFFFFFFFFFFFFFFFFFFFFC5
:106BE000FFFFFFFFFFFFFFFFFFFFFFFFFFFFFFFFB5
:106BF000FFFFFFFFFFFFFFFFFFFFFFFFFFFFFFFFA5
:106C0000FFFFFFFFFFFFFFFFFFFFFFFFFFFFFFFF94
:106C1000FFFFFFFFFFFFFFFFFFFFFFFFFFFFFFFF84
:106C2000FFFFFFFFFFFFFFFFFFFFFFFFFFFFFFFF74
:106C3000FFFFFFFFFFFFFFFFFFFFFFFFFFFFFFFF64
:106C4000FFFFFFFFFFFFFFFFFFFFFFFFFFFFFFFF54
:106C5000FFFFFFFFFFFFFFFFFFFFFFFFFFFFFFFF44
:106C6000FFFFFFFFFFFFFFFFFFFFFFFFFFFFFFFF34
:106C7000FFFFFFFFFFFFFFFFFFFFFFFFFFFFFFFF24
:106C8000FFFFFFFFFFFFFFFFFFFFFFFFFFFFFFFF14
:106C9000FFFFFFFFFFFFFFFFFFFFFFFFFFFFFFFF04
:106CA000FFFFFFFFFFFFFFFFFFFFFFFFFFFFFFFFF4
:106CB000FFFFFFFFFFFFFFFFFFFFFFFFFFFFFFFFE4
:106CC000FFFFFFFFFFFFFFFFFFFFFFFFFFFFFFFFD4
:106CD000FFFFFFFFFFFFFFFFFFFFFFFFFFFFFFFFC4
:106CE000FFFFFFFFFFFFFFFFFFFFFFFFFFFFFFFFB4
:106CF000FFFFFFFFFFFFFFFFFFFFFFFFFFFFFFFFA4
:106D0000FFFFFFFFFFFFFFFFFFFFFFFFFFFFFFFF93
:106D1000FFFFFFFFFFFFFFFFFFFFFFFFFFFFFFFF83
:106D2000FFFFFFFFFFFFFFFFFFFFFFFFFFFFFFFF73
:106D3000FFFFFFFFFFFFFFFFFFFFFFFFFFFFFFFF63
:106D4000FFFFFFFFFFFFFFFFFFFFFFFFFFFFFFFF53
:106D5000FFFFFFFFFFFFFFFFFFFFFFFFFFFFFFFF43
:106D6000FFFFFFFFFFFFFFFFFFFFFFFFFFFFFFFF33
:106D7000FFFFFFFFFFFFFFFFFFFFFFFFFFFFFFFF23
:106D8000FFFFFFFFFFFFFFFFFFFFFFFFFFFFFFFF13
:106D9000FFFFFFFFFFFFFFFFFFFFFFFFFFFFFFFF03
:106DA000FFFFFFFFFFFFFFFFFFFFFFFFFFFFFFFFF3
:106DB000FFFFFFFFFFFFFFFFFFFFFFFFFFFFFFFFE3
:106DC000FFFFFFFFFFFFFFFFFFFFFFFFFFFFFFFFD3
:106DD000FFFFFFFFFFFFFFFFFFFFFFFFFFFFFFFFC3
:106DE000FFFFFFFFFFFFFFFFFFFFFFFFFFFFFFFFB3
:106DF000FFFFFFFFFFFFFFFFFFFFFFFFFFFFFFFFA3
:106E0000FFFFFFFFFFFFFFFFFFFFFFFFFFFFFFFF92
:106E1000FFFFFFFFFFFFFFFFFFFFFFFFFFFFFFFF82
:106E2000FFFFFFFFFFFFFFFFFFFFFFFFFFFFFFFF72
:106E3000FFFFFFFFFFFFFFFFFFFFFFFFFFFFFFFF62
:106E4000FFFFFFFFFFFFFFFFFFFFFFFFFFFFFFFF52
:106E5000FFFFFFFFFFFFFFFFFFFFFFFFFFFFFFFF42
:106E6000FFFFFFFFFFFFFFFFFFFFFFFFFFFFFFFF32
:106E7000FFFFFFFFFFFFFFFFFFFFFFFFFFFFFFFF22
:106E8000FFFFFFFFFFFFFFFFFFFFFFFFFFFFFFFF12
:106E9000FFFFFFFFFFFFFFFFFFFFFFFFFFFFFFFF02
:106EA000FFFFFFFFFFFFFFFFFFFFFFFFFFFFFFFFF2
:106EB000FFFFFFFFFFFFFFFFFFFFFFFFFFFFFFFFE2
:106EC000FFFFFFFFFFFFFFFFFFFFFFFFFFFFFFFFD2
:106ED000FFFFFFFFFFFFFFFFFFFFFFFFFFFFFFFFC2
:106EE000FFFFFFFFFFFFFFFFFFFFFFFFFFFFFFFFB2
:106EF000FFFFFFFFFFFFFFFFFFFFFFFFFFFFFFFFA2
:106F0000FFFFFFFFFFFFFFFFFFFFFFFFFFFFFFFF91
:106F1000FFFFFFFFFFFFFFFFFFFFFFFFFFFFFFFF81
:106F2000FFFFFFFFFFFFFFFFFFFFFFFFFFFFFFFF71
:106F3000FFFFFFFFFFFFFFFFFFFFFFFFFFFFFFFF61
:106F4000FFFFFFFFFFFFFFFFFFFFFFFFFFFFFFFF51
:106F5000FFFFFFFFFFFFFFFFFFFFFFFFFFFFFFFF41
:106F6000FFFFFFFFFFFFFFFFFFFFFFFFFFFFFFFF31
:106F7000FFFFFFFFFFFFFFFFFFFFFFFFFFFFFFFF21
:106F8000FFFFFFFFFFFFFFFFFFFFFFFFFFFFFFFF11
:106F9000FFFFFFFFFFFFFFFFFFFFFFFFFFFFFFFF01
:106FA000FFFFFFFFFFFFFFFFFFFFFFFFFFFFFFFFF1
:106FB000FFFFFFFFFFFFFFFFFFFFFFFFFFFFFFFFE1
:106FC000FFFFFFFFFFFFFFFFFFFFFFFFFFFFFFFFD1
:106FD000FFFFFFFFFFFFFFFFFFFFFFFFFFFFFFFFC1
:106FE000FFFFFFFFFFFFFFFFFFFFFFFFFFFFFFFFB1
:106FF000FFFFFFFFFFFFFFFFFFFFFFFFFFFFFFFFA1
:10700000FFFFFFFFFFFFFFFFFFFFFFFFFFFFFFFF90
:10701000FFFFFFFFFFFFFFFFFFFFFFFFFFFFFFFF80
:10702000FFFFFFFFFFFFFFFFFFFFFFFFFFFFFFFF70
:10703000FFFFFFFFFFFFFFFFFFFFFFFFFFFFFFFF60
:10704000FFFFFFFFFFFFFFFFFFFFFFFFFFFFFFFF50
:10705000FFFFFFFFFFFFFFFFFFFFFFFFFFFFFFFF40
:10706000FFFFFFFFFFFFFFFFFFFFFFFFFFFFFFFF30
:10707000FFFFFFFFFFFFFFFFFFFFFFFFFFFFFFFF20
:10708000FFFFFFFFFFFFFFFFFFFFFFFFFFFFFFFF10
:10709000FFFFFFFFFFFFFFFFFFFFFFFFFFFFFFFF00
:1070A000FFFFFFFFFFFFFFFFFFFFFFFFFFFFFFFFF0
:1070B000FFFFFFFFFFFFFFFFFFFFFFFFFFFFFFFFE0
:1070C000FFFFFFFFFFFFFFFFFFFFFFFFFFFFFFFFD0
:1070D000FFFFFFFFFFFFFFFFFFFFFFFFFFFFFFFFC0
:1070E000FFFFFFFFFFFFFFFFFFFFFFFFFFFFFFFFB0
:1070F000FFFFFFFFFFFFFFFFFFFFFFFFFFFFFFFFA0
:10710000FFFFFFFFFFFFFFFFFFFFFFFFFFFFFFFF8F
:10711000FFFFFFFFFFFFFFFFFFFFFFFFFFFFFFFF7F
:10712000FFFFFFFFFFFFFFFFFFFFFFFFFFFFFFFF6F
:10713000FFFFFFFFFFFFFFFFFFFFFFFFFFFFFFFF5F
:10714000FFFFFFFFFFFFFFFFFFFFFFFFFFFFFFFF4F
:10715000FFFFFFFFFFFFFFFFFFFFFFFFFFFFFFFF3F
:10716000FFFFFFFFFFFFFFFFFFFFFFFFFFFFFFFF2F
:10717000FFFFFFFFFFFFFFFFFFFFFFFFFFFFFFFF1F
:10718000FFFFFFFFFFFFFFFFFFFFFFFFFFFFFFFF0F
:10719000FFFFFFFFFFFFFFFFFFFFFFFFFFFFFFFFFF
:1071A000FFFFFFFFFFFFFFFFFFFFFFFFFFFFFFFFEF
:1071B000FFFFFFFFFFFFFFFFFFFFFFFFFFFFFFFFDF
:1071C000FFFFFFFFFFFFFFFFFFFFFFFFFFFFFFFFCF
:1071D000FFFFFFFFFFFFFFFFFFFFFFFFFFFFFFFFBF
:1071E000FFFFFFFFFFFFFFFFFFFFFFFFFFFFFFFFAF
:1071F000FFFFFFFFFFFFFFFFFFFFFFFFFFFFFFFF9F
:10720000FFFFFFFFFFFFFFFFFFFFFFFFFFFFFFFF8E
:10721000FFFFFFFFFFFFFFFFFFFFFFFFFFFFFFFF7E
:10722000FFFFFFFFFFFFFFFFFFFFFFFFFFFFFFFF6E
:10723000FFFFFFFFFFFFFFFFFFFFFFFFFFFFFFFF5E
:10724000FFFFFFFFFFFFFFFFFFFFFFFFFFFFFFFF4E
:10725000FFFFFFFFFFFFFFFFFFFFFFFFFFFFFFFF3E
:10726000FFFFFFFFFFFFFFFFFFFFFFFFFFFFFFFF2E
:10727000FFFFFFFFFFFFFFFFFFFFFFFFFFFFFFFF1E
:10728000FFFFFFFFFFFFFFFFFFFFFFFFFFFFFFFF0E
:10729000FFFFFFFFFFFFFFFFFFFFFFFFFFFFFFFFFE
:1072A000FFFFFFFFFFFFFFFFFFFFFFFFFFFFFFFFEE
:1072B000FFFFFFFFFFFFFFFFFFFFFFFFFFFFFFFFDE
:1072C000FFFFFFFFFFFFFFFFFFFFFFFFFFFFFFFFCE
:1072D000FFFFFFFFFFFFFFFFFFFFFFFFFFFFFFFFBE
:1072E000FFFFFFFFFFFFFFFFFFFFFFFFFFFFFFFFAE
:1072F000FFFFFFFFFFFFFFFFFFFFFFFFFFFFFFFF9E
:10730000FFFFFFFFFFFFFFFFFFFFFFFFFFFFFFFF8D
:10731000FFFFFFFFFFFFFFFFFFFFFFFFFFFFFFFF7D
:10732000FFFFFFFFFFFFFFFFFFFFFFFFFFFFFFFF6D
:10733000FFFFFFFFFFFFFFFFFFFFFFFFFFFFFFFF5D
:10734000FFFFFFFFFFFFFFFFFFFFFFFFFFFFFFFF4D
:10735000FFFFFFFFFFFFFFFFFFFFFFFFFFFFFFFF3D
:10736000FFFFFFFFFFFFFFFFFFFFFFFFFFFFFFFF2D
:10737000FFFFFFFFFFFFFFFFFFFFFFFFFFFFFFFF1D
:10738000FFFFFFFFFFFFFFFFFFFFFFFFFFFFFFFF0D
:10739000FFFFFFFFFFFFFFFFFFFFFFFFFFFFFFFFFD
:1073A000FFFFFFFFFFFFFFFFFFFFFFFFFFFFFFFFED
:1073B000FFFFFFFFFFFFFFFFFFFFFFFFFFFFFFFFDD
:1073C000FFFFFFFFFFFFFFFFFFFFFFFFFFFFFFFFCD
:1073D000FFFFFFFFFFFFFFFFFFFFFFFFFFFFFFFFBD
:1073E000FFFFFFFFFFFFFFFFFFFFFFFFFFFFFFFFAD
:1073F000FFFFFFFFFFFFFFFFFFFFFFFFFFFFFFFF9D
:10740000FFFFFFFFFFFFFFFFFFFFFFFFFFFFFFFF8C
:10741000FFFFFFFFFFFFFFFFFFFFFFFFFFFFFFFF7C
:10742000FFFFFFFFFFFFFFFFFFFFFFFFFFFFFFFF6C
:10743000FFFFFFFFFFFFFFFFFFFFFFFFFFFFFFFF5C
:10744000FFFFFFFFFFFFFFFFFFFFFFFFFFFFFFFF4C
:10745000FFFFFFFFFFFFFFFFFFFFFFFFFFFFFFFF3C
:10746000FFFFFFFFFFFFFFFFFFFFFFFFFFFFFFFF2C
:10747000FFFFFFFFFFFFFFFFFFFFFFFFFFFFFFFF1C
:10748000FFFFFFFFFFFFFFFFFFFFFFFFFFFFFFFF0C
:10749000FFFFFFFFFFFFFFFFFFFFFFFFFFFFFFFFFC
:1074A000FFFFFFFFFFFFFFFFFFFFFFFFFFFFFFFFEC
:1074B000FFFFFFFFFFFFFFFFFFFFFFFFFFFFFFFFDC
:1074C000FFFFFFFFFFFFFFFFFFFFFFFFFFFFFFFFCC
:1074D000FFFFFFFFFFFFFFFFFFFFFFFFFFFFFFFFBC
:1074E000FFFFFFFFFFFFFFFFFFFFFFFFFFFFFFFFAC
:1074F000FFFFFFFFFFFFFFFFFFFFFFFFFFFFFFFF9C
:10750000FFFFFFFFFFFFFFFFFFFFFFFFFFFFFFFF8B
:10751000FFFFFFFFFFFFFFFFFFFFFFFFFFFFFFFF7B
:10752000FFFFFFFFFFFFFFFFFFFFFFFFFFFFFFFF6B
:10753000FFFFFFFFFFFFFFFFFFFFFFFFFFFFFFFF5B
:10754000FFFFFFFFFFFFFFFFFFFFFFFFFFFFFFFF4B
:10755000FFFFFFFFFFFFFFFFFFFFFFFFFFFFFFFF3B
:10756000FFFFFFFFFFFFFFFFFFFFFFFFFFFFFFFF2B
:10757000FFFFFFFFFFFFFFFFFFFFFFFFFFFFFFFF1B
:10758000FFFFFFFFFFFFFFFFFFFFFFFFFFFFFFFF0B
:10759000FFFFFFFFFFFFFFFFFFFFFFFFFFFFFFFFFB
:1075A000FFFFFFFFFFFFFFFFFFFFFFFFFFFFFFFFEB
:1075B000FFFFFFFFFFFFFFFFFFFFFFFFFFFFFFFFDB
:1075C000FFFFFFFFFFFFFFFFFFFFFFFFFFFFFFFFCB
:1075D000FFFFFFFFFFFFFFFFFFFFFFFFFFFFFFFFBB
:1075E000FFFFFFFFFFFFFFFFFFFFFFFFFFFFFFFFAB
:1075F000FFFFFFFFFFFFFFFFFFFFFFFFFFFFFFFF9B
:10760000FFFFFFFFFFFFFFFFFFFFFFFFFFFFFFFF8A
:10761000FFFFFFFFFFFFFFFFFFFFFFFFFFFFFFFF7A
:10762000FFFFFFFFFFFFFFFFFFFFFFFFFFFFFFFF6A
:10763000FFFFFFFFFFFFFFFFFFFFFFFFFFFFFFFF5A
:10764000FFFFFFFFFFFFFFFFFFFFFFFFFFFFFFFF4A
:10765000FFFFFFFFFFFFFFFFFFFFFFFFFFFFFFFF3A
:10766000FFFFFFFFFFFFFFFFFFFFFFFFFFFFFFFF2A
:10767000FFFFFFFFFFFFFFFFFFFFFFFFFFFFFFFF1A
:10768000FFFFFFFFFFFFFFFFFFFFFFFFFFFFFFFF0A
:10769000FFFFFFFFFFFFFFFFFFFFFFFFFFFFFFFFFA
:1076A000FFFFFFFFFFFFFFFFFFFFFFFFFFFFFFFFEA
:1076B000FFFFFFFFFFFFFFFFFFFFFFFFFFFFFFFFDA
:1076C000FFFFFFFFFFFFFFFFFFFFFFFFFFFFFFFFCA
:1076D000FFFFFFFFFFFFFFFFFFFFFFFFFFFFFFFFBA
:1076E000FFFFFFFFFFFFFFFFFFFFFFFFFFFFFFFFAA
:1076F000FFFFFFFFFFFFFFFFFFFFFFFFFFFFFFFF9A
:10770000FFFFFFFFFFFFFFFFFFFFFFFFFFFFFFFF89
:10771000FFFFFFFFFFFFFFFFFFFFFFFFFFFFFFFF79
:10772000FFFFFFFFFFFFFFFFFFFFFFFFFFFFFFFF69
:10773000FFFFFFFFFFFFFFFFFFFFFFFFFFFFFFFF59
:10774000FFFFFFFFFFFFFFFFFFFFFFFFFFFFFFFF49
:10775000FFFFFFFFFFFFFFFFFFFFFFFFFFFFFFFF39
:10776000FFFFFFFFFFFFFFFFFFFFFFFFFFFFFFFF29
:10777000FFFFFFFFFFFFFFFFFFFFFFFFFFFFFFFF19
:10778000FFFFFFFFFFFFFFFFFFFFFFFFFFFFFFFF09
:10779000FFFFFFFFFFFFFFFFFFFFFFFFFFFFFFFFF9
:1077A000FFFFFFFFFFFFFFFFFFFFFFFFFFFFFFFFE9
:1077B000FFFFFFFFFFFFFFFFFFFFFFFFFFFFFFFFD9
:1077C000FFFFFFFFFFFFFFFFFFFFFFFFFFFFFFFFC9
:1077D000FFFFFFFFFFFFFFFFFFFFFFFFFFFFFFFFB9
:1077E000FFFFFFFFFFFFFFFFFFFFFFFFFFFFFFFFA9
:1077F000FFFFFFFFFFFFFFFFFFFFFFFFFFFFFFFF99
:10780000FFFFFFFFFFFFFFFFFFFFFFFFFFFFFFFF88
:10781000FFFFFFFFFFFFFFFFFFFFFFFFFFFFFFFF78
:10782000FFFFFFFFFFFFFFFFFFFFFFFFFFFFFFFF68
:10783000FFFFFFFFFFFFFFFFFFFFFFFFFFFFFFFF58
:10784000FFFFFFFFFFFFFFFFFFFFFFFFFFFFFFFF48
:10785000FFFFFFFFFFFFFFFFFFFFFFFFFFFFFFFF38
:10786000FFFFFFFFFFFFFFFFFFFFFFFFFFFFFFFF28
:10787000FFFFFFFFFFFFFFFFFFFFFFFFFFFFFFFF18
:10788000FFFFFFFFFFFFFFFFFFFFFFFFFFFFFFFF08
:10789000FFFFFFFFFFFFFFFFFFFFFFFFFFFFFFFFF8
:1078A000FFFFFFFFFFFFFFFFFFFFFFFFFFFFFFFFE8
:1078B000FFFFFFFFFFFFFFFFFFFFFFFFFFFFFFFFD8
:1078C000FFFFFFFFFFFFFFFFFFFFFFFFFFFFFFFFC8
:1078D000FFFFFFFFFFFFFFFFFFFFFFFFFFFFFFFFB8
:1078E000FFFFFFFFFFFFFFFFFFFFFFFFFFFFFFFFA8
:1078F000FFFFFFFFFFFFFFFFFFFFFFFFFFFFFFFF98
:10790000FFFFFFFFFFFFFFFFFFFFFFFFFFFFFFFF87
:10791000FFFFFFFFFFFFFFFFFFFFFFFFFFFFFFFF77
:10792000FFFFFFFFFFFFFFFFFFFFFFFFFFFFFFFF67
:10793000FFFFFFFFFFFFFFFFFFFFFFFFFFFFFFFF57
:10794000FFFFFFFFFFFFFFFFFFFFFFFFFFFFFFFF47
:10795000FFFFFFFFFFFFFFFFFFFFFFFFFFFFFFFF37
:10796000FFFFFFFFFFFFFFFFFFFFFFFFFFFFFFFF27
:10797000FFFFFFFFFFFFFFFFFFFFFFFFFFFFFFFF17
:10798000FFFFFFFFFFFFFFFFFFFFFFFFFFFFFFFF07
:10799000FFFFFFFFFFFFFFFFFFFFFFFFFFFFFFFFF7
:1079A000FFFFFFFFFFFFFFFFFFFFFFFFFFFFFFFFE7
:1079B000FFFFFFFFFFFFFFFFFFFFFFFFFFFFFFFFD7
:1079C000FFFFFFFFFFFFFFFFFFFFFFFFFFFFFFFFC7
:1079D000FFFFFFFFFFFFFFFFFFFFFFFFFFFFFFFFB7
:1079E000FFFFFFFFFFFFFFFFFFFFFFFFFFFFFFFFA7
:1079F000FFFFFFFFFFFFFFFFFFFFFFFFFFFFFFFF97
:107A0000FFFFFFFFFFFFFFFFFFFFFFFFFFFFFFFF86
:107A1000FFFFFFFFFFFFFFFFFFFFFFFFFFFFFFFF76
:107A2000FFFFFFFFFFFFFFFFFFFFFFFFFFFFFFFF66
:107A3000FFFFFFFFFFFFFFFFFFFFFFFFFFFFFFFF56
:107A4000FFFFFFFFFFFFFFFFFFFFFFFFFFFFFFFF46
:107A5000FFFFFFFFFFFFFFFFFFFFFFFFFFFFFFFF36
:107A6000FFFFFFFFFFFFFFFFFFFFFFFFFFFFFFFF26
:107A7000FFFFFFFFFFFFFFFFFFFFFFFFFFFFFFFF16
:107A8000FFFFFFFFFFFFFFFFFFFFFFFFFFFFFFFF06
:107A9000FFFFFFFFFFFFFFFFFFFFFFFFFFFFFFFFF6
:107AA000FFFFFFFFFFFFFFFFFFFFFFFFFFFFFFFFE6
:107AB000FFFFFFFFFFFFFFFFFFFFFFFFFFFFFFFFD6
:107AC000FFFFFFFFFFFFFFFFFFFFFFFFFFFFFFFFC6
:107AD000FFFFFFFFFFFFFFFFFFFFFFFFFFFFFFFFB6
:107AE000FFFFFFFFFFFFFFFFFFFFFFFFFFFFFFFFA6
:107AF000FFFFFFFFFFFFFFFFFFFFFFFFFFFFFFFF96
:107B0000FFFFFFFFFFFFFFFFFFFFFFFFFFFFFFFF85
:107B1000FFFFFFFFFFFFFFFFFFFFFFFFFFFFFFFF75
:107B2000FFFFFFFFFFFFFFFFFFFFFFFFFFFFFFFF65
:107B3000FFFFFFFFFFFFFFFFFFFFFFFFFFFFFFFF55
:107B4000FFFFFFFFFFFFFFFFFFFFFFFFFFFFFFFF45
:107B5000FFFFFFFFFFFFFFFFFFFFFFFFFFFFFFFF35
:107B6000FFFFFFFFFFFFFFFFFFFFFFFFFFFFFFFF25
:107B7000FFFFFFFFFFFFFFFFFFFFFFFFFFFFFFFF15
:107B8000FFFFFFFFFFFFFFFFFFFFFFFFFFFFFFFF05
:107B9000FFFFFFFFFFFFFFFFFFFFFFFFFFFFFFFFF5
:107BA000FFFFFFFFFFFFFFFFFFFFFFFFFFFFFFFFE5
:107BB000FFFFFFFFFFFFFFFFFFFFFFFFFFFFFFFFD5
:107BC000FFFFFFFFFFFFFFFFFFFFFFFFFFFFFFFFC5
:107BD000FFFFFFFFFFFFFFFFFFFFFFFFFFFFFFFFB5
:107BE000FFFFFFFFFFFFFFFFFFFFFFFFFFFFFFFFA5
:107BF000FFFFFFFFFFFFFFFFFFFFFFFFFFFFFFFF95
:107C0000FFFFFFFFFFFFFFFFFFFFFFFFFFFFFFFF84
:107C1000FFFFFFFFFFFFFFFFFFFFFFFFFFFFFFFF74
:107C2000FFFFFFFFFFFFFFFFFFFFFFFFFFFFFFFF64
:107C3000FFFFFFFFFFFFFFFFFFFFFFFFFFFFFFFF54
:107C4000FFFFFFFFFFFFFFFFFFFFFFFFFFFFFFFF44
:107C5000FFFFFFFFFFFFFFFFFFFFFFFFFFFFFFFF34
:107C6000FFFFFFFFFFFFFFFFFFFFFFFFFFFFFFFF24
:107C7000FFFFFFFFFFFFFFFFFFFFFFFFFFFFFFFF14
:107C8000FFFFFFFFFFFFFFFFFFFFFFFFFFFFFFFF04
:107C9000FFFFFFFFFFFFFFFFFFFFFFFFFFFFFFFFF4
:107CA000FFFFFFFFFFFFFFFFFFFFFFFFFFFFFFFFE4
:107CB000FFFFFFFFFFFFFFFFFFFFFFFFFFFFFFFFD4
:107CC000FFFFFFFFFFFFFFFFFFFFFFFFFFFFFFFFC4
:107CD000FFFFFFFFFFFFFFFFFFFFFFFFFFFFFFFFB4
:107CE000FFFFFFFFFFFFFFFFFFFFFFFFFFFFFFFFA4
:107CF000FFFFFFFFFFFFFFFFFFFFFFFFFFFFFFFF94
:107D0000FFFFFFFFFFFFFFFFFFFFFFFFFFFFFFFF83
:107D1000FFFFFFFFFFFFFFFFFFFFFFFFFFFFFFFF73
:107D2000FFFFFFFFFFFFFFFFFFFFFFFFFFFFFFFF63
:107D3000FFFFFFFFFFFFFFFFFFFFFFFFFFFFFFFF53
:107D4000FFFFFFFFFFFFFFFFFFFFFFFFFFFFFFFF43
:107D5000FFFFFFFFFFFFFFFFFFFFFFFFFFFFFFFF33
:107D6000FFFFFFFFFFFFFFFFFFFFFFFFFFFFFFFF23
:107D7000FFFFFFFFFFFFFFFFFFFFFFFFFFFFFFFF13
:107D8000FFFFFFFFFFFFFFFFFFFFFFFFFFFFFFFF03
:107D9000FFFFFFFFFFFFFFFFFFFFFFFFFFFFFFFFF3
:107DA000FFFFFFFFFFFFFFFFFFFFFFFFFFFFFFFFE3
:107DB000FFFFFFFFFFFFFFFFFFFFFFFFFFFFFFFFD3
:107DC000FFFFFFFFFFFFFFFFFFFFFFFFFFFFFFFFC3
:107DD000FFFFFFFFFFFFFFFFFFFFFFFFFFFFFFFFB3
:107DE000FFFFFFFFFFFFFFFFFFFFFFFFFFFFFFFFA3
:107DF000FFFFFFFFFFFFFFFFFFFFFFFFFFFFFFFF93
:107E0000FFFFFFFFFFFFFFFFFFFFFFFFFFFFFFFF82
:107E1000FFFFFFFFFFFFFFFFFFFFFFFFFFFFFFFF72
:107E2000FFFFFFFFFFFFFFFFFFFFFFFFFFFFFFFF62
:107E3000FFFFFFFFFFFFFFFFFFFFFFFFFFFFFFFF52
:107E4000FFFFFFFFFFFFFFFFFFFFFFFFFFFFFFFF42
:107E5000FFFFFFFFFFFFFFFFFFFFFFFFFFFFFFFF32
:107E6000FFFFFFFFFFFFFFFFFFFFFFFFFFFFFFFF22
:107E7000FFFFFFFFFFFFFFFFFFFFFFFFFFFFFFFF12
:107E8000FFFFFFFFFFFFFFFFFFFFFFFFFFFFFFFF02
:107E9000FFFFFFFFFFFFFFFFFFFFFFFFFFFFFFFFF2
:107EA000FFFFFFFFFFFFFFFFFFFFFFFFFFFFFFFFE2
:107EB000FFFFFFFFFFFFFFFFFFFFFFFFFFFFFFFFD2
:107EC000FFFFFFFFFFFFFFFFFFFFFFFFFFFFFFFFC2
:107ED000FFFFFFFFFFFFFFFFFFFFFFFFFFFFFFFFB2
:107EE000FFFFFFFFFFFFFFFFFFFFFFFFFFFFFFFFA2
:107EF000FFFFFFFFFFFFFFFFFFFFFFFFFFFFFFFF92
:107F0000FFFFFFFFFFFFFFFFFFFFFFFFFFFFFFFF81
:107F1000FFFFFFFFFFFFFFFFFFFFFFFFFFFFFFFF71
:107F2000FFFFFFFFFFFFFFFFFFFFFFFFFFFFFFFF61
:107F3000FFFFFFFFFFFFFFFFFFFFFFFFFFFFFFFF51
:107F4000FFFFFFFFFFFFFFFFFFFFFFFFFFFFFFFF41
:107F5000FFFFFFFFFFFFFFFFFFFFFFFFFFFFFFFF31
:107F6000FFFFFFFFFFFFFFFFFFFFFFFFFFFFFFFF21
:107F7000FFFFFFFFFFFFFFFFFFFFFFFFFFFFFFFF11
:107F8000FFFFFFFFFFFFFFFFFFFFFFFFFFFFFFFF01
:107F9000FFFFFFFFFFFFFFFFFFFFFFFFFFFFFFFFF1
:107FA000FFFFFFFFFFFFFFFFFFFFFFFFFFFFFFFFE1
:107FB000FFFFFFFFFFFFFFFFFFFFFFFFFFFFFFFFD1
:107FC000FFFFFFFFFFFFFFFFFFFFFFFFFFFFFFFFC1
:107FD000FFFFFFFFFFFFFFFFFFFFFFFFFFFFFFFFB1
:107FE000FFFFFFFFFFFFFFFFFFFFFFFFFFFFFFFFA1
:107FF000FFFFFFFFFFFFFFFFFFFFFFFFFFFFFFFF91
:10800000FFFFFFFFFFFFFFFFFFFFFFFFFFFFFFFF80
:10801000FFFFFFFFFFFFFFFFFFFFFFFFFFFFFFFF70
:10802000FFFFFFFFFFFFFFFFFFFFFFFFFFFFFFFF60
:10803000FFFFFFFFFFFFFFFFFFFFFFFFFFFFFFFF50
:10804000FFFFFFFFFFFFFFFFFFFFFFFFFFFFFFFF40
:10805000FFFFFFFFFFFFFFFFFFFFFFFFFFFFFFFF30
:10806000FFFFFFFFFFFFFFFFFFFFFFFFFFFFFFFF20
:10807000FFFFFFFFFFFFFFFFFFFFFFFFFFFFFFFF10
:10808000FFFFFFFFFFFFFFFFFFFFFFFFFFFFFFFF00
:10809000FFFFFFFFFFFFFFFFFFFFFFFFFFFFFFFFF0
:1080A000FFFFFFFFFFFFFFFFFFFFFFFFFFFFFFFFE0
:1080B000FFFFFFFFFFFFFFFFFFFFFFFFFFFFFFFFD0
:1080C000FFFFFFFFFFFFFFFFFFFFFFFFFFFFFFFFC0
:1080D000FFFFFFFFFFFFFFFFFFFFFFFFFFFFFFFFB0
:1080E000FFFFFFFFFFFFFFFFFFFFFFFFFFFFFFFFA0
:1080F000FFFFFFFFFFFFFFFFFFFFFFFFFFFFFFFF90
:10810000FFFFFFFFFFFFFFFFFFFFFFFFFFFFFFFF7F
:10811000FFFFFFFFFFFFFFFFFFFFFFFFFFFFFFFF6F
:10812000FFFFFFFFFFFFFFFFFFFFFFFFFFFFFFFF5F
:10813000FFFFFFFFFFFFFFFFFFFFFFFFFFFFFFFF4F
:10814000FFFFFFFFFFFFFFFFFFFFFFFFFFFFFFFF3F
:10815000FFFFFFFFFFFFFFFFFFFFFFFFFFFFFFFF2F
:10816000FFFFFFFFFFFFFFFFFFFFFFFFFFFFFFFF1F
:10817000FFFFFFFFFFFFFFFFFFFFFFFFFFFFFFFF0F
:10818000FFFFFFFFFFFFFFFFFFFFFFFFFFFFFFFFFF
:10819000FFFFFFFFFFFFFFFFFFFFFFFFFFFFFFFFEF
:1081A000FFFFFFFFFFFFFFFFFFFFFFFFFFFFFFFFDF
:1081B000FFFFFFFFFFFFFFFFFFFFFFFFFFFFFFFFCF
:1081C000FFFFFFFFFFFFFFFFFFFFFFFFFFFFFFFFBF
:1081D000FFFFFFFFFFFFFFFFFFFFFFFFFFFFFFFFAF
:1081E000FFFFFFFFFFFFFFFFFFFFFFFFFFFFFFFF9F
:1081F000FFFFFFFFFFFFFFFFFFFFFFFFFFFFFFFF8F
:10820000FFFFFFFFFFFFFFFFFFFFFFFFFFFFFFFF7E
:10821000FFFFFFFFFFFFFFFFFFFFFFFFFFFFFFFF6E
:10822000FFFFFFFFFFFFFFFFFFFFFFFFFFFFFFFF5E
:10823000FFFFFFFFFFFFFFFFFFFFFFFFFFFFFFFF4E
:10824000FFFFFFFFFFFFFFFFFFFFFFFFFFFFFFFF3E
:10825000FFFFFFFFFFFFFFFFFFFFFFFFFFFFFFFF2E
:10826000FFFFFFFFFFFFFFFFFFFFFFFFFFFFFFFF1E
:10827000FFFFFFFFFFFFFFFFFFFFFFFFFFFFFFFF0E
:10828000FFFFFFFFFFFFFFFFFFFFFFFFFFFFFFFFFE
:10829000FFFFFFFFFFFFFFFFFFFFFFFFFFFFFFFFEE
:1082A000FFFFFFFFFFFFFFFFFFFFFFFFFFFFFFFFDE
:1082B000FFFFFFFFFFFFFFFFFFFFFFFFFFFFFFFFCE
:1082C000FFFFFFFFFFFFFFFFFFFFFFFFFFFFFFFFBE
:1082D000FFFFFFFFFFFFFFFFFFFFFFFFFFFFFFFFAE
:1082E000FFFFFFFFFFFFFFFFFFFFFFFFFFFFFFFF9E
:1082F000FFFFFFFFFFFFFFFFFFFFFFFFFFFFFFFF8E
:10830000FFFFFFFFFFFFFFFFFFFFFFFFFFFFFFFF7D
:10831000FFFFFFFFFFFFFFFFFFFFFFFFFFFFFFFF6D
:10832000FFFFFFFFFFFFFFFFFFFFFFFFFFFFFFFF5D
:10833000FFFFFFFFFFFFFFFFFFFFFFFFFFFFFFFF4D
:10834000FFFFFFFFFFFFFFFFFFFFFFFFFFFFFFFF3D
:10835000FFFFFFFFFFFFFFFFFFFFFFFFFFFFFFFF2D
:10836000FFFFFFFFFFFFFFFFFFFFFFFFFFFFFFFF1D
:10837000FFFFFFFFFFFFFFFFFFFFFFFFFFFFFFFF0D
:10838000FFFFFFFFFFFFFFFFFFFFFFFFFFFFFFFFFD
:10839000FFFFFFFFFFFFFFFFFFFFFFFFFFFFFFFFED
:1083A000FFFFFFFFFFFFFFFFFFFFFFFFFFFFFFFFDD
:1083B000FFFFFFFFFFFFFFFFFFFFFFFFFFFFFFFFCD
:1083C000FFFFFFFFFFFFFFFFFFFFFFFFFFFFFFFFBD
:1083D000FFFFFFFFFFFFFFFFFFFFFFFFFFFFFFFFAD
:1083E000FFFFFFFFFFFFFFFFFFFFFFFFFFFFFFFF9D
:1083F000FFFFFFFFFFFFFFFFFFFFFFFFFFFFFFFF8D
:10840000FFFFFFFFFFFFFFFFFFFFFFFFFFFFFFFF7C
:10841000FFFFFFFFFFFFFFFFFFFFFFFFFFFFFFFF6C
:10842000FFFFFFFFFFFFFFFFFFFFFFFFFFFFFFFF5C
:10843000FFFFFFFFFFFFFFFFFFFFFFFFFFFFFFFF4C
:10844000FFFFFFFFFFFFFFFFFFFFFFFFFFFFFFFF3C
:10845000FFFFFFFFFFFFFFFFFFFFFFFFFFFFFFFF2C
:10846000FFFFFFFFFFFFFFFFFFFFFFFFFFFFFFFF1C
:10847000FFFFFFFFFFFFFFFFFFFFFFFFFFFFFFFF0C
:10848000FFFFFFFFFFFFFFFFFFFFFFFFFFFFFFFFFC
:10849000FFFFFFFFFFFFFFFFFFFFFFFFFFFFFFFFEC
:1084A000FFFFFFFFFFFFFFFFFFFFFFFFFFFFFFFFDC
:1084B000FFFFFFFFFFFFFFFFFFFFFFFFFFFFFFFFCC
:1084C000FFFFFFFFFFFFFFFFFFFFFFFFFFFFFFFFBC
:1084D000FFFFFFFFFFFFFFFFFFFFFFFFFFFFFFFFAC
:1084E000FFFFFFFFFFFFFFFFFFFFFFFFFFFFFFFF9C
:1084F000FFFFFFFFFFFFFFFFFFFFFFFFFFFFFFFF8C
:10850000FFFFFFFFFFFFFFFFFFFFFFFFFFFFFFFF7B
:10851000FFFFFFFFFFFFFFFFFFFFFFFFFFFFFFFF6B
:10852000FFFFFFFFFFFFFFFFFFFFFFFFFFFFFFFF5B
:10853000FFFFFFFFFFFFFFFFFFFFFFFFFFFFFFFF4B
:10854000FFFFFFFFFFFFFFFFFFFFFFFFFFFFFFFF3B
:10855000FFFFFFFFFFFFFFFFFFFFFFFFFFFFFFFF2B
:10856000FFFFFFFFFFFFFFFFFFFFFFFFFFFFFFFF1B
:10857000FFFFFFFFFFFFFFFFFFFFFFFFFFFFFFFF0B
:10858000FFFFFFFFFFFFFFFFFFFFFFFFFFFFFFFFFB
:10859000FFFFFFFFFFFFFFFFFFFFFFFFFFFFFFFFEB
:1085A000FFFFFFFFFFFFFFFFFFFFFFFFFFFFFFFFDB
:1085B000FFFFFFFFFFFFFFFFFFFFFFFFFFFFFFFFCB
:1085C000FFFFFFFFFFFFFFFFFFFFFFFFFFFFFFFFBB
:1085D000FFFFFFFFFFFFFFFFFFFFFFFFFFFFFFFFAB
:1085E000FFFFFFFFFFFFFFFFFFFFFFFFFFFFFFFF9B
:1085F000FFFFFFFFFFFFFFFFFFFFFFFFFFFFFFFF8B
:10860000FFFFFFFFFFFFFFFFFFFFFFFFFFFFFFFF7A
:10861000FFFFFFFFFFFFFFFFFFFFFFFFFFFFFFFF6A
:10862000FFFFFFFFFFFFFFFFFFFFFFFFFFFFFFFF5A
:10863000FFFFFFFFFFFFFFFFFFFFFFFFFFFFFFFF4A
:10864000FFFFFFFFFFFFFFFFFFFFFFFFFFFFFFFF3A
:10865000FFFFFFFFFFFFFFFFFFFFFFFFFFFFFFFF2A
:10866000FFFFFFFFFFFFFFFFFFFFFFFFFFFFFFFF1A
:10867000FFFFFFFFFFFFFFFFFFFFFFFFFFFFFFFF0A
:10868000FFFFFFFFFFFFFFFFFFFFFFFFFFFFFFFFFA
:10869000FFFFFFFFFFFFFFFFFFFFFFFFFFFFFFFFEA
:1086A000FFFFFFFFFFFFFFFFFFFFFFFFFFFFFFFFDA
:1086B000FFFFFFFFFFFFFFFFFFFFFFFFFFFFFFFFCA
:1086C000FFFFFFFFFFFFFFFFFFFFFFFFFFFFFFFFBA
:1086D000FFFFFFFFFFFFFFFFFFFFFFFFFFFFFFFFAA
:1086E000FFFFFFFFFFFFFFFFFFFFFFFFFFFFFFFF9A
:1086F000FFFFFFFFFFFFFFFFFFFFFFFFFFFFFFFF8A
:10870000FFFFFFFFFFFFFFFFFFFFFFFFFFFFFFFF79
:10871000FFFFFFFFFFFFFFFFFFFFFFFFFFFFFFFF69
:10872000FFFFFFFFFFFFFFFFFFFFFFFFFFFFFFFF59
:10873000FFFFFFFFFFFFFFFFFFFFFFFFFFFFFFFF49
:10874000FFFFFFFFFFFFFFFFFFFFFFFFFFFFFFFF39
:10875000FFFFFFFFFFFFFFFFFFFFFFFFFFFFFFFF29
:10876000FFFFFFFFFFFFFFFFFFFFFFFFFFFFFFFF19
:10877000FFFFFFFFFFFFFFFFFFFFFFFFFFFFFFFF09
:10878000FFFFFFFFFFFFFFFFFFFFFFFFFFFFFFFFF9
:10879000FFFFFFFFFFFFFFFFFFFFFFFFFFFFFFFFE9
:1087A000FFFFFFFFFFFFFFFFFFFFFFFFFFFFFFFFD9
:1087B000FFFFFFFFFFFFFFFFFFFFFFFFFFFFFFFFC9
:1087C000FFFFFFFFFFFFFFFFFFFFFFFFFFFFFFFFB9
:1087D000FFFFFFFFFFFFFFFFFFFFFFFFFFFFFFFFA9
:1087E000FFFFFFFFFFFFFFFFFFFFFFFFFFFFFFFF99
:1087F000FFFFFFFFFFFFFFFFFFFFFFFFFFFFFFFF89
:10880000FFFFFFFFFFFFFFFFFFFFFFFFFFFFFFFF78
:10881000FFFFFFFFFFFFFFFFFFFFFFFFFFFFFFFF68
:10882000FFFFFFFFFFFFFFFFFFFFFFFFFFFFFFFF58
:10883000FFFFFFFFFFFFFFFFFFFFFFFFFFFFFFFF48
:10884000FFFFFFFFFFFFFFFFFFFFFFFFFFFFFFFF38
:10885000FFFFFFFFFFFFFFFFFFFFFFFFFFFFFFFF28
:10886000FFFFFFFFFFFFFFFFFFFFFFFFFFFFFFFF18
:10887000FFFFFFFFFFFFFFFFFFFFFFFFFFFFFFFF08
:10888000FFFFFFFFFFFFFFFFFFFFFFFFFFFFFFFFF8
:10889000FFFFFFFFFFFFFFFFFFFFFFFFFFFFFFFFE8
:1088A000FFFFFFFFFFFFFFFFFFFFFFFFFFFFFFFFD8
:1088B000FFFFFFFFFFFFFFFFFFFFFFFFFFFFFFFFC8
:1088C000FFFFFFFFFFFFFFFFFFFFFFFFFFFFFFFFB8
:1088D000FFFFFFFFFFFFFFFFFFFFFFFFFFFFFFFFA8
:1088E000FFFFFFFFFFFFFFFFFFFFFFFFFFFFFFFF98
:1088F000FFFFFFFFFFFFFFFFFFFFFFFFFFFFFFFF88
:10890000FFFFFFFFFFFFFFFFFFFFFFFFFFFFFFFF77
:10891000FFFFFFFFFFFFFFFFFFFFFFFFFFFFFFFF67
:10892000FFFFFFFFFFFFFFFFFFFFFFFFFFFFFFFF57
:10893000FFFFFFFFFFFFFFFFFFFFFFFFFFFFFFFF47
:10894000FFFFFFFFFFFFFFFFFFFFFFFFFFFFFFFF37
:10895000FFFFFFFFFFFFFFFFFFFFFFFFFFFFFFFF27
:10896000FFFFFFFFFFFFFFFFFFFFFFFFFFFFFFFF17
:10897000FFFFFFFFFFFFFFFFFFFFFFFFFFFFFFFF07
:10898000FFFFFFFFFFFFFFFFFFFFFFFFFFFFFFFFF7
:10899000FFFFFFFFFFFFFFFFFFFFFFFFFFFFFFFFE7
:1089A000FFFFFFFFFFFFFFFFFFFFFFFFFFFFFFFFD7
:1089B000FFFFFFFFFFFFFFFFFFFFFFFFFFFFFFFFC7
:1089C000FFFFFFFFFFFFFFFFFFFFFFFFFFFFFFFFB7
:1089D000FFFFFFFFFFFFFFFFFFFFFFFFFFFFFFFFA7
:1089E000FFFFFFFFFFFFFFFFFFFFFFFFFFFFFFFF97
:1089F000FFFFFFFFFFFFFFFFFFFFFFFFFFFFFFFF87
:108A0000FFFFFFFFFFFFFFFFFFFFFFFFFFFFFFFF76
:108A1000FFFFFFFFFFFFFFFFFFFFFFFFFFFFFFFF66
:108A2000FFFFFFFFFFFFFFFFFFFFFFFFFFFFFFFF56
:108A3000FFFFFFFFFFFFFFFFFFFFFFFFFFFFFFFF46
:108A4000FFFFFFFFFFFFFFFFFFFFFFFFFFFFFFFF36
:108A5000FFFFFFFFFFFFFFFFFFFFFFFFFFFFFFFF26
:108A6000FFFFFFFFFFFFFFFFFFFFFFFFFFFFFFFF16
:108A7000FFFFFFFFFFFFFFFFFFFFFFFFFFFFFFFF06
:108A8000FFFFFFFFFFFFFFFFFFFFFFFFFFFFFFFFF6
:108A9000FFFFFFFFFFFFFFFFFFFFFFFFFFFFFFFFE6
:108AA000FFFFFFFFFFFFFFFFFFFFFFFFFFFFFFFFD6
:108AB000FFFFFFFFFFFFFFFFFFFFFFFFFFFFFFFFC6
:108AC000FFFFFFFFFFFFFFFFFFFFFFFFFFFFFFFFB6
:108AD000FFFFFFFFFFFFFFFFFFFFFFFFFFFFFFFFA6
:108AE000FFFFFFFFFFFFFFFFFFFFFFFFFFFFFFFF96
:108AF000FFFFFFFFFFFFFFFFFFFFFFFFFFFFFFFF86
:108B0000FFFFFFFFFFFFFFFFFFFFFFFFFFFFFFFF75
:108B1000FFFFFFFFFFFFFFFFFFFFFFFFFFFFFFFF65
:108B2000FFFFFFFFFFFFFFFFFFFFFFFFFFFFFFFF55
:108B3000FFFFFFFFFFFFFFFFFFFFFFFFFFFFFFFF45
:108B4000FFFFFFFFFFFFFFFFFFFFFFFFFFFFFFFF35
:108B5000FFFFFFFFFFFFFFFFFFFFFFFFFFFFFFFF25
:108B6000FFFFFFFFFFFFFFFFFFFFFFFFFFFFFFFF15
:108B7000FFFFFFFFFFFFFFFFFFFFFFFFFFFFFFFF05
:108B8000FFFFFFFFFFFFFFFFFFFFFFFFFFFFFFFFF5
:108B9000FFFFFFFFFFFFFFFFFFFFFFFFFFFFFFFFE5
:108BA000FFFFFFFFFFFFFFFFFFFFFFFFFFFFFFFFD5
:108BB000FFFFFFFFFFFFFFFFFFFFFFFFFFFFFFFFC5
:108BC000FFFFFFFFFFFFFFFFFFFFFFFFFFFFFFFFB5
:108BD000FFFFFFFFFFFFFFFFFFFFFFFFFFFFFFFFA5
:108BE000FFFFFFFFFFFFFFFFFFFFFFFFFFFFFFFF95
:108BF000FFFFFFFFFFFFFFFFFFFFFFFFFFFFFFFF85
:108C0000FFFFFFFFFFFFFFFFFFFFFFFFFFFFFFFF74
:108C1000FFFFFFFFFFFFFFFFFFFFFFFFFFFFFFFF64
:108C2000FFFFFFFFFFFFFFFFFFFFFFFFFFFFFFFF54
:108C3000FFFFFFFFFFFFFFFFFFFFFFFFFFFFFFFF44
:108C4000FFFFFFFFFFFFFFFFFFFFFFFFFFFFFFFF34
:108C5000FFFFFFFFFFFFFFFFFFFFFFFFFFFFFFFF24
:108C6000FFFFFFFFFFFFFFFFFFFFFFFFFFFFFFFF14
:108C7000FFFFFFFFFFFFFFFFFFFFFFFFFFFFFFFF04
:108C8000FFFFFFFFFFFFFFFFFFFFFFFFFFFFFFFFF4
:108C9000FFFFFFFFFFFFFFFFFFFFFFFFFFFFFFFFE4
:108CA000FFFFFFFFFFFFFFFFFFFFFFFFFFFFFFFFD4
:108CB000FFFFFFFFFFFFFFFFFFFFFFFFFFFFFFFFC4
:108CC000FFFFFFFFFFFFFFFFFFFFFFFFFFFFFFFFB4
:108CD000FFFFFFFFFFFFFFFFFFFFFFFFFFFFFFFFA4
:108CE000FFFFFFFFFFFFFFFFFFFFFFFFFFFFFFFF94
:108CF000FFFFFFFFFFFFFFFFFFFFFFFFFFFFFFFF84
:108D0000FFFFFFFFFFFFFFFFFFFFFFFFFFFFFFFF73
:108D1000FFFFFFFFFFFFFFFFFFFFFFFFFFFFFFFF63
:108D2000FFFFFFFFFFFFFFFFFFFFFFFFFFFFFFFF53
:108D3000FFFFFFFFFFFFFFFFFFFFFFFFFFFFFFFF43
:108D4000FFFFFFFFFFFFFFFFFFFFFFFFFFFFFFFF33
:108D5000FFFFFFFFFFFFFFFFFFFFFFFFFFFFFFFF23
:108D6000FFFFFFFFFFFFFFFFFFFFFFFFFFFFFFFF13
:108D7000FFFFFFFFFFFFFFFFFFFFFFFFFFFFFFFF03
:108D8000FFFFFFFFFFFFFFFFFFFFFFFFFFFFFFFFF3
:108D9000FFFFFFFFFFFFFFFFFFFFFFFFFFFFFFFFE3
:108DA000FFFFFFFFFFFFFFFFFFFFFFFFFFFFFFFFD3
:108DB000FFFFFFFFFFFFFFFFFFFFFFFFFFFFFFFFC3
:108DC000FFFFFFFFFFFFFFFFFFFFFFFFFFFFFFFFB3
:108DD000FFFFFFFFFFFFFFFFFFFFFFFFFFFFFFFFA3
:108DE000FFFFFFFFFFFFFFFFFFFFFFFFFFFFFFFF93
:108DF000FFFFFFFFFFFFFFFFFFFFFFFFFFFFFFFF83
:108E0000FFFFFFFFFFFFFFFFFFFFFFFFFFFFFFFF72
:108E1000FFFFFFFFFFFFFFFFFFFFFFFFFFFFFFFF62
:108E2000FFFFFFFFFFFFFFFFFFFFFFFFFFFFFFFF52
:108E3000FFFFFFFFFFFFFFFFFFFFFFFFFFFFFFFF42
:108E4000FFFFFFFFFFFFFFFFFFFFFFFFFFFFFFFF32
:108E5000FFFFFFFFFFFFFFFFFFFFFFFFFFFFFFFF22
:108E6000FFFFFFFFFFFFFFFFFFFFFFFFFFFFFFFF12
:108E7000FFFFFFFFFFFFFFFFFFFFFFFFFFFFFFFF02
:108E8000FFFFFFFFFFFFFFFFFFFFFFFFFFFFFFFFF2
:108E9000FFFFFFFFFFFFFFFFFFFFFFFFFFFFFFFFE2
:108EA000FFFFFFFFFFFFFFFFFFFFFFFFFFFFFFFFD2
:108EB000FFFFFFFFFFFFFFFFFFFFFFFFFFFFFFFFC2
:108EC000FFFFFFFFFFFFFFFFFFFFFFFFFFFFFFFFB2
:108ED000FFFFFFFFFFFFFFFFFFFFFFFFFFFFFFFFA2
:108EE000FFFFFFFFFFFFFFFFFFFFFFFFFFFFFFFF92
:108EF000FFFFFFFFFFFFFFFFFFFFFFFFFFFFFFFF82
:108F0000FFFFFFFFFFFFFFFFFFFFFFFFFFFFFFFF71
:108F1000FFFFFFFFFFFFFFFFFFFFFFFFFFFFFFFF61
:108F2000FFFFFFFFFFFFFFFFFFFFFFFFFFFFFFFF51
:108F3000FFFFFFFFFFFFFFFFFFFFFFFFFFFFFFFF41
:108F4000FFFFFFFFFFFFFFFFFFFFFFFFFFFFFFFF31
:108F5000FFFFFFFFFFFFFFFFFFFFFFFFFFFFFFFF21
:108F6000FFFFFFFFFFFFFFFFFFFFFFFFFFFFFFFF11
:108F7000FFFFFFFFFFFFFFFFFFFFFFFFFFFFFFFF01
:108F8000FFFFFFFFFFFFFFFFFFFFFFFFFFFFFFFFF1
:108F9000FFFFFFFFFFFFFFFFFFFFFFFFFFFFFFFFE1
:108FA000FFFFFFFFFFFFFFFFFFFFFFFFFFFFFFFFD1
:108FB000FFFFFFFFFFFFFFFFFFFFFFFFFFFFFFFFC1
:108FC000FFFFFFFFFFFFFFFFFFFFFFFFFFFFFFFFB1
:108FD000FFFFFFFFFFFFFFFFFFFFFFFFFFFFFFFFA1
:108FE000FFFFFFFFFFFFFFFFFFFFFFFFFFFFFFFF91
:108FF000FFFFFFFFFFFFFFFFFFFFFFFFFFFFFFFF81
:10900000FFFFFFFFFFFFFFFFFFFFFFFFFFFFFFFF70
:10901000FFFFFFFFFFFFFFFFFFFFFFFFFFFFFFFF60
:10902000FFFFFFFFFFFFFFFFFFFFFFFFFFFFFFFF50
:10903000FFFFFFFFFFFFFFFFFFFFFFFFFFFFFFFF40
:10904000FFFFFFFFFFFFFFFFFFFFFFFFFFFFFFFF30
:10905000FFFFFFFFFFFFFFFFFFFFFFFFFFFFFFFF20
:10906000FFFFFFFFFFFFFFFFFFFFFFFFFFFFFFFF10
:10907000FFFFFFFFFFFFFFFFFFFFFFFFFFFFFFFF00
:10908000FFFFFFFFFFFFFFFFFFFFFFFFFFFFFFFFF0
:10909000FFFFFFFFFFFFFFFFFFFFFFFFFFFFFFFFE0
:1090A000FFFFFFFFFFFFFFFFFFFFFFFFFFFFFFFFD0
:1090B000FFFFFFFFFFFFFFFFFFFFFFFFFFFFFFFFC0
:1090C000FFFFFFFFFFFFFFFFFFFFFFFFFFFFFFFFB0
:1090D000FFFFFFFFFFFFFFFFFFFFFFFFFFFFFFFFA0
:1090E000FFFFFFFFFFFFFFFFFFFFFFFFFFFFFFFF90
:1090F000FFFFFFFFFFFFFFFFFFFFFFFFFFFFFFFF80
:10910000FFFFFFFFFFFFFFFFFFFFFFFFFFFFFFFF6F
:10911000FFFFFFFFFFFFFFFFFFFFFFFFFFFFFFFF5F
:10912000FFFFFFFFFFFFFFFFFFFFFFFFFFFFFFFF4F
:10913000FFFFFFFFFFFFFFFFFFFFFFFFFFFFFFFF3F
:10914000FFFFFFFFFFFFFFFFFFFFFFFFFFFFFFFF2F
:10915000FFFFFFFFFFFFFFFFFFFFFFFFFFFFFFFF1F
:10916000FFFFFFFFFFFFFFFFFFFFFFFFFFFFFFFF0F
:10917000FFFFFFFFFFFFFFFFFFFFFFFFFFFFFFFFFF
:10918000FFFFFFFFFFFFFFFFFFFFFFFFFFFFFFFFEF
:10919000FFFFFFFFFFFFFFFFFFFFFFFFFFFFFFFFDF
:1091A000FFFFFFFFFFFFFFFFFFFFFFFFFFFFFFFFCF
:1091B000FFFFFFFFFFFFFFFFFFFFFFFFFFFFFFFFBF
:1091C000FFFFFFFFFFFFFFFFFFFFFFFFFFFFFFFFAF
:1091D000FFFFFFFFFFFFFFFFFFFFFFFFFFFFFFFF9F
:1091E000FFFFFFFFFFFFFFFFFFFFFFFFFFFFFFFF8F
:1091F000FFFFFFFFFFFFFFFFFFFFFFFFFFFFFFFF7F
:10920000FFFFFFFFFFFFFFFFFFFFFFFFFFFFFFFF6E
:10921000FFFFFFFFFFFFFFFFFFFFFFFFFFFFFFFF5E
:10922000FFFFFFFFFFFFFFFFFFFFFFFFFFFFFFFF4E
:10923000FFFFFFFFFFFFFFFFFFFFFFFFFFFFFFFF3E
:10924000FFFFFFFFFFFFFFFFFFFFFFFFFFFFFFFF2E
:10925000FFFFFFFFFFFFFFFFFFFFFFFFFFFFFFFF1E
:10926000FFFFFFFFFFFFFFFFFFFFFFFFFFFFFFFF0E
:10927000FFFFFFFFFFFFFFFFFFFFFFFFFFFFFFFFFE
:10928000FFFFFFFFFFFFFFFFFFFFFFFFFFFFFFFFEE
:10929000FFFFFFFFFFFFFFFFFFFFFFFFFFFFFFFFDE
:1092A000FFFFFFFFFFFFFFFFFFFFFFFFFFFFFFFFCE
:1092B000FFFFFFFFFFFFFFFFFFFFFFFFFFFFFFFFBE
:1092C000FFFFFFFFFFFFFFFFFFFFFFFFFFFFFFFFAE
:1092D000FFFFFFFFFFFFFFFFFFFFFFFFFFFFFFFF9E
:1092E000FFFFFFFFFFFFFFFFFFFFFFFFFFFFFFFF8E
:1092F000FFFFFFFFFFFFFFFFFFFFFFFFFFFFFFFF7E
:10930000FFFFFFFFFFFFFFFFFFFFFFFFFFFFFFFF6D
:10931000FFFFFFFFFFFFFFFFFFFFFFFFFFFFFFFF5D
:10932000FFFFFFFFFFFFFFFFFFFFFFFFFFFFFFFF4D
:10933000FFFFFFFFFFFFFFFFFFFFFFFFFFFFFFFF3D
:10934000FFFFFFFFFFFFFFFFFFFFFFFFFFFFFFFF2D
:10935000FFFFFFFFFFFFFFFFFFFFFFFFFFFFFFFF1D
:10936000FFFFFFFFFFFFFFFFFFFFFFFFFFFFFFFF0D
:10937000FFFFFFFFFFFFFFFFFFFFFFFFFFFFFFFFFD
:10938000FFFFFFFFFFFFFFFFFFFFFFFFFFFFFFFFED
:10939000FFFFFFFFFFFFFFFFFFFFFFFFFFFFFFFFDD
:1093A000FFFFFFFFFFFFFFFFFFFFFFFFFFFFFFFFCD
:1093B000FFFFFFFFFFFFFFFFFFFFFFFFFFFFFFFFBD
:1093C000FFFFFFFFFFFFFFFFFFFFFFFFFFFFFFFFAD
:1093D000FFFFFFFFFFFFFFFFFFFFFFFFFFFFFFFF9D
:1093E000FFFFFFFFFFFFFFFFFFFFFFFFFFFFFFFF8D
:1093F000FFFFFFFFFFFFFFFFFFFFFFFFFFFFFFFF7D
:10940000FFFFFFFFFFFFFFFFFFFFFFFFFFFFFFFF6C
:10941000FFFFFFFFFFFFFFFFFFFFFFFFFFFFFFFF5C
:10942000FFFFFFFFFFFFFFFFFFFFFFFFFFFFFFFF4C
:10943000FFFFFFFFFFFFFFFFFFFFFFFFFFFFFFFF3C
:10944000FFFFFFFFFFFFFFFFFFFFFFFFFFFFFFFF2C
:10945000FFFFFFFFFFFFFFFFFFFFFFFFFFFFFFFF1C
:10946000FFFFFFFFFFFFFFFFFFFFFFFFFFFFFFFF0C
:10947000FFFFFFFFFFFFFFFFFFFFFFFFFFFFFFFFFC
:10948000FFFFFFFFFFFFFFFFFFFFFFFFFFFFFFFFEC
:10949000FFFFFFFFFFFFFFFFFFFFFFFFFFFFFFFFDC
:1094A000FFFFFFFFFFFFFFFFFFFFFFFFFFFFFFFFCC
:1094B000FFFFFFFFFFFFFFFFFFFFFFFFFFFFFFFFBC
:1094C000FFFFFFFFFFFFFFFFFFFFFFFFFFFFFFFFAC
:1094D000FFFFFFFFFFFFFFFFFFFFFFFFFFFFFFFF9C
:1094E000FFFFFFFFFFFFFFFFFFFFFFFFFFFFFFFF8C
:1094F000FFFFFFFFFFFFFFFFFFFFFFFFFFFFFFFF7C
:10950000FFFFFFFFFFFFFFFFFFFFFFFFFFFFFFFF6B
:10951000FFFFFFFFFFFFFFFFFFFFFFFFFFFFFFFF5B
:10952000FFFFFFFFFFFFFFFFFFFFFFFFFFFFFFFF4B
:10953000FFFFFFFFFFFFFFFFFFFFFFFFFFFFFFFF3B
:10954000FFFFFFFFFFFFFFFFFFFFFFFFFFFFFFFF2B
:10955000FFFFFFFFFFFFFFFFFFFFFFFFFFFFFFFF1B
:10956000FFFFFFFFFFFFFFFFFFFFFFFFFFFFFFFF0B
:10957000FFFFFFFFFFFFFFFFFFFFFFFFFFFFFFFFFB
:10958000FFFFFFFFFFFFFFFFFFFFFFFFFFFFFFFFEB
:10959000FFFFFFFFFFFFFFFFFFFFFFFFFFFFFFFFDB
:1095A000FFFFFFFFFFFFFFFFFFFFFFFFFFFFFFFFCB
:1095B000FFFFFFFFFFFFFFFFFFFFFFFFFFFFFFFFBB
:1095C000FFFFFFFFFFFFFFFFFFFFFFFFFFFFFFFFAB
:1095D000FFFFFFFFFFFFFFFFFFFFFFFFFFFFFFFF9B
:1095E000FFFFFFFFFFFFFFFFFFFFFFFFFFFFFFFF8B
:1095F000FFFFFFFFFFFFFFFFFFFFFFFFFFFFFFFF7B
:10960000FFFFFFFFFFFFFFFFFFFFFFFFFFFFFFFF6A
:10961000FFFFFFFFFFFFFFFFFFFFFFFFFFFFFFFF5A
:10962000FFFFFFFFFFFFFFFFFFFFFFFFFFFFFFFF4A
:10963000FFFFFFFFFFFFFFFFFFFFFFFFFFFFFFFF3A
:10964000FFFFFFFFFFFFFFFFFFFFFFFFFFFFFFFF2A
:10965000FFFFFFFFFFFFFFFFFFFFFFFFFFFFFFFF1A
:10966000FFFFFFFFFFFFFFFFFFFFFFFFFFFFFFFF0A
:10967000FFFFFFFFFFFFFFFFFFFFFFFFFFFFFFFFFA
:10968000FFFFFFFFFFFFFFFFFFFFFFFFFFFFFFFFEA
:10969000FFFFFFFFFFFFFFFFFFFFFFFFFFFFFFFFDA
:1096A000FFFFFFFFFFFFFFFFFFFFFFFFFFFFFFFFCA
:1096B000FFFFFFFFFFFFFFFFFFFFFFFFFFFFFFFFBA
:1096C000FFFFFFFFFFFFFFFFFFFFFFFFFFFFFFFFAA
:1096D000FFFFFFFFFFFFFFFFFFFFFFFFFFFFFFFF9A
:1096E000FFFFFFFFFFFFFFFFFFFFFFFFFFFFFFFF8A
:1096F000FFFFFFFFFFFFFFFFFFFFFFFFFFFFFFFF7A
:10970000FFFFFFFFFFFFFFFFFFFFFFFFFFFFFFFF69
:10971000FFFFFFFFFFFFFFFFFFFFFFFFFFFFFFFF59
:10972000FFFFFFFFFFFFFFFFFFFFFFFFFFFFFFFF49
:10973000FFFFFFFFFFFFFFFFFFFFFFFFFFFFFFFF39
:10974000FFFFFFFFFFFFFFFFFFFFFFFFFFFFFFFF29
:10975000FFFFFFFFFFFFFFFFFFFFFFFFFFFFFFFF19
:10976000FFFFFFFFFFFFFFFFFFFFFFFFFFFFFFFF09
:10977000FFFFFFFFFFFFFFFFFFFFFFFFFFFFFFFFF9
:10978000FFFFFFFFFFFFFFFFFFFFFFFFFFFFFFFFE9
:10979000FFFFFFFFFFFFFFFFFFFFFFFFFFFFFFFFD9
:1097A000FFFFFFFFFFFFFFFFFFFFFFFFFFFFFFFFC9
:1097B000FFFFFFFFFFFFFFFFFFFFFFFFFFFFFFFFB9
:1097C000FFFFFFFFFFFFFFFFFFFFFFFFFFFFFFFFA9
:1097D000FFFFFFFFFFFFFFFFFFFFFFFFFFFFFFFF99
:1097E000FFFFFFFFFFFFFFFFFFFFFFFFFFFFFFFF89
:1097F000FFFFFFFFFFFFFFFFFFFFFFFFFFFFFFFF79
:10980000FFFFFFFFFFFFFFFFFFFFFFFFFFFFFFFF68
:10981000FFFFFFFFFFFFFFFFFFFFFFFFFFFFFFFF58
:10982000FFFFFFFFFFFFFFFFFFFFFFFFFFFFFFFF48
:10983000FFFFFFFFFFFFFFFFFFFFFFFFFFFFFFFF38
:10984000FFFFFFFFFFFFFFFFFFFFFFFFFFFFFFFF28
:10985000FFFFFFFFFFFFFFFFFFFFFFFFFFFFFFFF18
:10986000FFFFFFFFFFFFFFFFFFFFFFFFFFFFFFFF08
:10987000FFFFFFFFFFFFFFFFFFFFFFFFFFFFFFFFF8
:10988000FFFFFFFFFFFFFFFFFFFFFFFFFFFFFFFFE8
:10989000FFFFFFFFFFFFFFFFFFFFFFFFFFFFFFFFD8
:1098A000FFFFFFFFFFFFFFFFFFFFFFFFFFFFFFFFC8
:1098B000FFFFFFFFFFFFFFFFFFFFFFFFFFFFFFFFB8
:1098C000FFFFFFFFFFFFFFFFFFFFFFFFFFFFFFFFA8
:1098D000FFFFFFFFFFFFFFFFFFFFFFFFFFFFFFFF98
:1098E000FFFFFFFFFFFFFFFFFFFFFFFFFFFFFFFF88
:1098F000FFFFFFFFFFFFFFFFFFFFFFFFFFFFFFFF78
:10990000FFFFFFFFFFFFFFFFFFFFFFFFFFFFFFFF67
:10991000FFFFFFFFFFFFFFFFFFFFFFFFFFFFFFFF57
:10992000FFFFFFFFFFFFFFFFFFFFFFFFFFFFFFFF47
:10993000FFFFFFFFFFFFFFFFFFFFFFFFFFFFFFFF37
:10994000FFFFFFFFFFFFFFFFFFFFFFFFFFFFFFFF27
:10995000FFFFFFFFFFFFFFFFFFFFFFFFFFFFFFFF17
:10996000FFFFFFFFFFFFFFFFFFFFFFFFFFFFFFFF07
:10997000FFFFFFFFFFFFFFFFFFFFFFFFFFFFFFFFF7
:10998000FFFFFFFFFFFFFFFFFFFFFFFFFFFFFFFFE7
:10999000FFFFFFFFFFFFFFFFFFFFFFFFFFFFFFFFD7
:1099A000FFFFFFFFFFFFFFFFFFFFFFFFFFFFFFFFC7
:1099B000FFFFFFFFFFFFFFFFFFFFFFFFFFFFFFFFB7
:1099C000FFFFFFFFFFFFFFFFFFFFFFFFFFFFFFFFA7
:1099D000FFFFFFFFFFFFFFFFFFFFFFFFFFFFFFFF97
:1099E000FFFFFFFFFFFFFFFFFFFFFFFFFFFFFFFF87
:1099F000FFFFFFFFFFFFFFFFFFFFFFFFFFFFFFFF77
:109A0000FFFFFFFFFFFFFFFFFFFFFFFFFFFFFFFF66
:109A1000FFFFFFFFFFFFFFFFFFFFFFFFFFFFFFFF56
:109A2000FFFFFFFFFFFFFFFFFFFFFFFFFFFFFFFF46
:109A3000FFFFFFFFFFFFFFFFFFFFFFFFFFFFFFFF36
:109A4000FFFFFFFFFFFFFFFFFFFFFFFFFFFFFFFF26
:109A5000FFFFFFFFFFFFFFFFFFFFFFFFFFFFFFFF16
:109A6000FFFFFFFFFFFFFFFFFFFFFFFFFFFFFFFF06
:109A7000FFFFFFFFFFFFFFFFFFFFFFFFFFFFFFFFF6
:109A8000FFFFFFFFFFFFFFFFFFFFFFFFFFFFFFFFE6
:109A9000FFFFFFFFFFFFFFFFFFFFFFFFFFFFFFFFD6
:109AA000FFFFFFFFFFFFFFFFFFFFFFFFFFFFFFFFC6
:109AB000FFFFFFFFFFFFFFFFFFFFFFFFFFFFFFFFB6
:109AC000FFFFFFFFFFFFFFFFFFFFFFFFFFFFFFFFA6
:109AD000FFFFFFFFFFFFFFFFFFFFFFFFFFFFFFFF96
:109AE000FFFFFFFFFFFFFFFFFFFFFFFFFFFFFFFF86
:109AF000FFFFFFFFFFFFFFFFFFFFFFFFFFFFFFFF76
:109B0000FFFFFFFFFFFFFFFFFFFFFFFFFFFFFFFF65
:109B1000FFFFFFFFFFFFFFFFFFFFFFFFFFFFFFFF55
:109B2000FFFFFFFFFFFFFFFFFFFFFFFFFFFFFFFF45
:109B3000FFFFFFFFFFFFFFFFFFFFFFFFFFFFFFFF35
:109B4000FFFFFFFFFFFFFFFFFFFFFFFFFFFFFFFF25
:109B5000FFFFFFFFFFFFFFFFFFFFFFFFFFFFFFFF15
:109B6000FFFFFFFFFFFFFFFFFFFFFFFFFFFFFFFF05
:109B7000FFFFFFFFFFFFFFFFFFFFFFFFFFFFFFFFF5
:109B8000FFFFFFFFFFFFFFFFFFFFFFFFFFFFFFFFE5
:109B9000FFFFFFFFFFFFFFFFFFFFFFFFFFFFFFFFD5
:109BA000FFFFFFFFFFFFFFFFFFFFFFFFFFFFFFFFC5
:109BB000FFFFFFFFFFFFFFFFFFFFFFFFFFFFFFFFB5
:109BC000FFFFFFFFFFFFFFFFFFFFFFFFFFFFFFFFA5
:109BD000FFFFFFFFFFFFFFFFFFFFFFFFFFFFFFFF95
:109BE000FFFFFFFFFFFFFFFFFFFFFFFFFFFFFFFF85
:109BF000FFFFFFFFFFFFFFFFFFFFFFFFFFFFFFFF75
:109C0000FFFFFFFFFFFFFFFFFFFFFFFFFFFFFFFF64
:109C1000FFFFFFFFFFFFFFFFFFFFFFFFFFFFFFFF54
:109C2000FFFFFFFFFFFFFFFFFFFFFFFFFFFFFFFF44
:109C3000FFFFFFFFFFFFFFFFFFFFFFFFFFFFFFFF34
:109C4000FFFFFFFFFFFFFFFFFFFFFFFFFFFFFFFF24
:109C5000FFFFFFFFFFFFFFFFFFFFFFFFFFFFFFFF14
:109C6000FFFFFFFFFFFFFFFFFFFFFFFFFFFFFFFF04
:109C7000FFFFFFFFFFFFFFFFFFFFFFFFFFFFFFFFF4
:109C8000FFFFFFFFFFFFFFFFFFFFFFFFFFFFFFFFE4
:109C9000FFFFFFFFFFFFFFFFFFFFFFFFFFFFFFFFD4
:109CA000FFFFFFFFFFFFFFFFFFFFFFFFFFFFFFFFC4
:109CB000FFFFFFFFFFFFFFFFFFFFFFFFFFFFFFFFB4
:109CC000FFFFFFFFFFFFFFFFFFFFFFFFFFFFFFFFA4
:109CD000FFFFFFFFFFFFFFFFFFFFFFFFFFFFFFFF94
:109CE000FFFFFFFFFFFFFFFFFFFFFFFFFFFFFFFF84
:109CF000FFFFFFFFFFFFFFFFFFFFFFFFFFFFFFFF74
:109D0000FFFFFFFFFFFFFFFFFFFFFFFFFFFFFFFF63
:109D1000FFFFFFFFFFFFFFFFFFFFFFFFFFFFFFFF53
:109D2000FFFFFFFFFFFFFFFFFFFFFFFFFFFFFFFF43
:109D3000FFFFFFFFFFFFFFFFFFFFFFFFFFFFFFFF33
:109D4000FFFFFFFFFFFFFFFFFFFFFFFFFFFFFFFF23
:109D5000FFFFFFFFFFFFFFFFFFFFFFFFFFFFFFFF13
:109D6000FFFFFFFFFFFFFFFFFFFFFFFFFFFFFFFF03
:109D7000FFFFFFFFFFFFFFFFFFFFFFFFFFFFFFFFF3
:109D8000FFFFFFFFFFFFFFFFFFFFFFFFFFFFFFFFE3
:109D9000FFFFFFFFFFFFFFFFFFFFFFFFFFFFFFFFD3
:109DA000FFFFFFFFFFFFFFFFFFFFFFFFFFFFFFFFC3
:109DB000FFFFFFFFFFFFFFFFFFFFFFFFFFFFFFFFB3
:109DC000FFFFFFFFFFFFFFFFFFFFFFFFFFFFFFFFA3
:109DD000FFFFFFFFFFFFFFFFFFFFFFFFFFFFFFFF93
:109DE000FFFFFFFFFFFFFFFFFFFFFFFFFFFFFFFF83
:109DF000FFFFFFFFFFFFFFFFFFFFFFFFFFFFFFFF73
:109E0000FFFFFFFFFFFFFFFFFFFFFFFFFFFFFFFF62
:109E1000FFFFFFFFFFFFFFFFFFFFFFFFFFFFFFFF52
:109E2000FFFFFFFFFFFFFFFFFFFFFFFFFFFFFFFF42
:109E3000FFFFFFFFFFFFFFFFFFFFFFFFFFFFFFFF32
:109E4000FFFFFFFFFFFFFFFFFFFFFFFFFFFFFFFF22
:109E5000FFFFFFFFFFFFFFFFFFFFFFFFFFFFFFFF12
:109E6000FFFFFFFFFFFFFFFFFFFFFFFFFFFFFFFF02
:109E7000FFFFFFFFFFFFFFFFFFFFFFFFFFFFFFFFF2
:109E8000FFFFFFFFFFFFFFFFFFFFFFFFFFFFFFFFE2
:109E9000FFFFFFFFFFFFFFFFFFFFFFFFFFFFFFFFD2
:109EA000FFFFFFFFFFFFFFFFFFFFFFFFFFFFFFFFC2
:109EB000FFFFFFFFFFFFFFFFFFFFFFFFFFFFFFFFB2
:109EC000FFFFFFFFFFFFFFFFFFFFFFFFFFFFFFFFA2
:109ED000FFFFFFFFFFFFFFFFFFFFFFFFFFFFFFFF92
:109EE000FFFFFFFFFFFFFFFFFFFFFFFFFFFFFFFF82
:109EF000FFFFFFFFFFFFFFFFFFFFFFFFFFFFFFFF72
:109F0000FFFFFFFFFFFFFFFFFFFFFFFFFFFFFFFF61
:109F1000FFFFFFFFFFFFFFFFFFFFFFFFFFFFFFFF51
:109F2000FFFFFFFFFFFFFFFFFFFFFFFFFFFFFFFF41
:109F3000FFFFFFFFFFFFFFFFFFFFFFFFFFFFFFFF31
:109F4000FFFFFFFFFFFFFFFFFFFFFFFFFFFFFFFF21
:109F5000FFFFFFFFFFFFFFFFFFFFFFFFFFFFFFFF11
:109F6000FFFFFFFFFFFFFFFFFFFFFFFFFFFFFFFF01
:109F7000FFFFFFFFFFFFFFFFFFFFFFFFFFFFFFFFF1
:109F8000FFFFFFFFFFFFFFFFFFFFFFFFFFFFFFFFE1
:109F9000FFFFFFFFFFFFFFFFFFFFFFFFFFFFFFFFD1
:109FA000FFFFFFFFFFFFFFFFFFFFFFFFFFFFFFFFC1
:109FB000FFFFFFFFFFFFFFFFFFFFFFFFFFFFFFFFB1
:109FC000FFFFFFFFFFFFFFFFFFFFFFFFFFFFFFFFA1
:109FD000FFFFFFFFFFFFFFFFFFFFFFFFFFFFFFFF91
:109FE000FFFFFFFFFFFFFFFFFFFFFFFFFFFFFFFF81
:109FF000FFFFFFFFFFFFFFFFFFFFFFFFFFFFFFFF71
:10A00000FFFFFFFFFFFFFFFFFFFFFFFFFFFFFFFF60
:10A01000FFFFFFFFFFFFFFFFFFFFFFFFFFFFFFFF50
:10A02000FFFFFFFFFFFFFFFFFFFFFFFFFFFFFFFF40
:10A03000FFFFFFFFFFFFFFFFFFFFFFFFFFFFFFFF30
:10A04000FFFFFFFFFFFFFFFFFFFFFFFFFFFFFFFF20
:10A05000FFFFFFFFFFFFFFFFFFFFFFFFFFFFFFFF10
:10A06000FFFFFFFFFFFFFFFFFFFFFFFFFFFFFFFF00
:10A07000FFFFFFFFFFFFFFFFFFFFFFFFFFFFFFFFF0
:10A08000FFFFFFFFFFFFFFFFFFFFFFFFFFFFFFFFE0
:10A09000FFFFFFFFFFFFFFFFFFFFFFFFFFFFFFFFD0
:10A0A000FFFFFFFFFFFFFFFFFFFFFFFFFFFFFFFFC0
:10A0B000FFFFFFFFFFFFFFFFFFFFFFFFFFFFFFFFB0
:10A0C000FFFFFFFFFFFFFFFFFFFFFFFFFFFFFFFFA0
:10A0D000FFFFFFFFFFFFFFFFFFFFFFFFFFFFFFFF90
:10A0E000FFFFFFFFFFFFFFFFFFFFFFFFFFFFFFFF80
:10A0F000FFFFFFFFFFFFFFFFFFFFFFFFFFFFFFFF70
:10A10000FFFFFFFFFFFFFFFFFFFFFFFFFFFFFFFF5F
:10A11000FFFFFFFFFFFFFFFFFFFFFFFFFFFFFFFF4F
:10A12000FFFFFFFFFFFFFFFFFFFFFFFFFFFFFFFF3F
:10A13000FFFFFFFFFFFFFFFFFFFFFFFFFFFFFFFF2F
:10A14000FFFFFFFFFFFFFFFFFFFFFFFFFFFFFFFF1F
:10A15000FFFFFFFFFFFFFFFFFFFFFFFFFFFFFFFF0F
:10A16000FFFFFFFFFFFFFFFFFFFFFFFFFFFFFFFFFF
:10A17000FFFFFFFFFFFFFFFFFFFFFFFFFFFFFFFFEF
:10A18000FFFFFFFFFFFFFFFFFFFFFFFFFFFFFFFFDF
:10A19000FFFFFFFFFFFFFFFFFFFFFFFFFFFFFFFFCF
:10A1A000FFFFFFFFFFFFFFFFFFFFFFFFFFFFFFFFBF
:10A1B000FFFFFFFFFFFFFFFFFFFFFFFFFFFFFFFFAF
:10A1C000FFFFFFFFFFFFFFFFFFFFFFFFFFFFFFFF9F
:10A1D000FFFFFFFFFFFFFFFFFFFFFFFFFFFFFFFF8F
:10A1E000FFFFFFFFFFFFFFFFFFFFFFFFFFFFFFFF7F
:10A1F000FFFFFFFFFFFFFFFFFFFFFFFFFFFFFFFF6F
:10A20000FFFFFFFFFFFFFFFFFFFFFFFFFFFFFFFF5E
:10A21000FFFFFFFFFFFFFFFFFFFFFFFFFFFFFFFF4E
:10A22000FFFFFFFFFFFFFFFFFFFFFFFFFFFFFFFF3E
:10A23000FFFFFFFFFFFFFFFFFFFFFFFFFFFFFFFF2E
:10A24000FFFFFFFFFFFFFFFFFFFFFFFFFFFFFFFF1E
:10A25000FFFFFFFFFFFFFFFFFFFFFFFFFFFFFFFF0E
:10A26000FFFFFFFFFFFFFFFFFFFFFFFFFFFFFFFFFE
:10A27000FFFFFFFFFFFFFFFFFFFFFFFFFFFFFFFFEE
:10A28000FFFFFFFFFFFFFFFFFFFFFFFFFFFFFFFFDE
:10A29000FFFFFFFFFFFFFFFFFFFFFFFFFFFFFFFFCE
:10A2A000FFFFFFFFFFFFFFFFFFFFFFFFFFFFFFFFBE
:10A2B000FFFFFFFFFFFFFFFFFFFFFFFFFFFFFFFFAE
:10A2C000FFFFFFFFFFFFFFFFFFFFFFFFFFFFFFFF9E
:10A2D000FFFFFFFFFFFFFFFFFFFFFFFFFFFFFFFF8E
:10A2E000FFFFFFFFFFFFFFFFFFFFFFFFFFFFFFFF7E
:10A2F000FFFFFFFFFFFFFFFFFFFFFFFFFFFFFFFF6E
:10A30000FFFFFFFFFFFFFFFFFFFFFFFFFFFFFFFF5D
:10A31000FFFFFFFFFFFFFFFFFFFFFFFFFFFFFFFF4D
:10A32000FFFFFFFFFFFFFFFFFFFFFFFFFFFFFFFF3D
:10A33000FFFFFFFFFFFFFFFFFFFFFFFFFFFFFFFF2D
:10A34000FFFFFFFFFFFFFFFFFFFFFFFFFFFFFFFF1D
:10A35000FFFFFFFFFFFFFFFFFFFFFFFFFFFFFFFF0D
:10A36000FFFFFFFFFFFFFFFFFFFFFFFFFFFFFFFFFD
:10A37000FFFFFFFFFFFFFFFFFFFFFFFFFFFFFFFFED
:10A38000FFFFFFFFFFFFFFFFFFFFFFFFFFFFFFFFDD
:10A39000FFFFFFFFFFFFFFFFFFFFFFFFFFFFFFFFCD
:10A3A000FFFFFFFFFFFFFFFFFFFFFFFFFFFFFFFFBD
:10A3B000FFFFFFFFFFFFFFFFFFFFFFFFFFFFFFFFAD
:10A3C000FFFFFFFFFFFFFFFFFFFFFFFFFFFFFFFF9D
:10A3D000FFFFFFFFFFFFFFFFFFFFFFFFFFFFFFFF8D
:10A3E000FFFFFFFFFFFFFFFFFFFFFFFFFFFFFFFF7D
:10A3F000FFFFFFFFFFFFFFFFFFFFFFFFFFFFFFFF6D
:10A40000FFFFFFFFFFFFFFFFFFFFFFFFFFFFFFFF5C
:10A41000FFFFFFFFFFFFFFFFFFFFFFFFFFFFFFFF4C
:10A42000FFFFFFFFFFFFFFFFFFFFFFFFFFFFFFFF3C
:10A43000FFFFFFFFFFFFFFFFFFFFFFFFFFFFFFFF2C
:10A44000FFFFFFFFFFFFFFFFFFFFFFFFFFFFFFFF1C
:10A45000FFFFFFFFFFFFFFFFFFFFFFFFFFFFFFFF0C
:10A46000FFFFFFFFFFFFFFFFFFFFFFFFFFFFFFFFFC
:10A47000FFFFFFFFFFFFFFFFFFFFFFFFFFFFFFFFEC
:10A48000FFFFFFFFFFFFFFFFFFFFFFFFFFFFFFFFDC
:10A49000FFFFFFFFFFFFFFFFFFFFFFFFFFFFFFFFCC
:10A4A000FFFFFFFFFFFFFFFFFFFFFFFFFFFFFFFFBC
:10A4B000FFFFFFFFFFFFFFFFFFFFFFFFFFFFFFFFAC
:10A4C000FFFFFFFFFFFFFFFFFFFFFFFFFFFFFFFF9C
:10A4D000FFFFFFFFFFFFFFFFFFFFFFFFFFFFFFFF8C
:10A4E000FFFFFFFFFFFFFFFFFFFFFFFFFFFFFFFF7C
:10A4F000FFFFFFFFFFFFFFFFFFFFFFFFFFFFFFFF6C
:10A50000FFFFFFFFFFFFFFFFFFFFFFFFFFFFFFFF5B
:10A51000FFFFFFFFFFFFFFFFFFFFFFFFFFFFFFFF4B
:10A52000FFFFFFFFFFFFFFFFFFFFFFFFFFFFFFFF3B
:10A53000FFFFFFFFFFFFFFFFFFFFFFFFFFFFFFFF2B
:10A54000FFFFFFFFFFFFFFFFFFFFFFFFFFFFFFFF1B
:10A55000FFFFFFFFFFFFFFFFFFFFFFFFFFFFFFFF0B
:10A56000FFFFFFFFFFFFFFFFFFFFFFFFFFFFFFFFFB
:10A57000FFFFFFFFFFFFFFFFFFFFFFFFFFFFFFFFEB
:10A58000FFFFFFFFFFFFFFFFFFFFFFFFFFFFFFFFDB
:10A59000FFFFFFFFFFFFFFFFFFFFFFFFFFFFFFFFCB
:10A5A000FFFFFFFFFFFFFFFFFFFFFFFFFFFFFFFFBB
:10A5B000FFFFFFFFFFFFFFFFFFFFFFFFFFFFFFFFAB
:10A5C000FFFFFFFFFFFFFFFFFFFFFFFFFFFFFFFF9B
:10A5D000FFFFFFFFFFFFFFFFFFFFFFFFFFFFFFFF8B
:10A5E000FFFFFFFFFFFFFFFFFFFFFFFFFFFFFFFF7B
:10A5F000FFFFFFFFFFFFFFFFFFFFFFFFFFFFFFFF6B
:10A60000FFFFFFFFFFFFFFFFFFFFFFFFFFFFFFFF5A
:10A61000FFFFFFFFFFFFFFFFFFFFFFFFFFFFFFFF4A
:10A62000FFFFFFFFFFFFFFFFFFFFFFFFFFFFFFFF3A
:10A63000FFFFFFFFFFFFFFFFFFFFFFFFFFFFFFFF2A
:10A64000FFFFFFFFFFFFFFFFFFFFFFFFFFFFFFFF1A
:10A65000FFFFFFFFFFFFFFFFFFFFFFFFFFFFFFFF0A
:10A66000FFFFFFFFFFFFFFFFFFFFFFFFFFFFFFFFFA
:10A67000FFFFFFFFFFFFFFFFFFFFFFFFFFFFFFFFEA
:10A68000FFFFFFFFFFFFFFFFFFFFFFFFFFFFFFFFDA
:10A69000FFFFFFFFFFFFFFFFFFFFFFFFFFFFFFFFCA
:10A6A000FFFFFFFFFFFFFFFFFFFFFFFFFFFFFFFFBA
:10A6B000FFFFFFFFFFFFFFFFFFFFFFFFFFFFFFFFAA
:10A6C000FFFFFFFFFFFFFFFFFFFFFFFFFFFFFFFF9A
:10A6D000FFFFFFFFFFFFFFFFFFFFFFFFFFFFFFFF8A
:10A6E000FFFFFFFFFFFFFFFFFFFFFFFFFFFFFFFF7A
:10A6F000FFFFFFFFFFFFFFFFFFFFFFFFFFFFFFFF6A
:10A70000FFFFFFFFFFFFFFFFFFFFFFFFFFFFFFFF59
:10A71000FFFFFFFFFFFFFFFFFFFFFFFFFFFFFFFF49
:10A72000FFFFFFFFFFFFFFFFFFFFFFFFFFFFFFFF39
:10A73000FFFFFFFFFFFFFFFFFFFFFFFFFFFFFFFF29
:10A74000FFFFFFFFFFFFFFFFFFFFFFFFFFFFFFFF19
:10A75000FFFFFFFFFFFFFFFFFFFFFFFFFFFFFFFF09
:10A76000FFFFFFFFFFFFFFFFFFFFFFFFFFFFFFFFF9
:10A77000FFFFFFFFFFFFFFFFFFFFFFFFFFFFFFFFE9
:10A78000FFFFFFFFFFFFFFFFFFFFFFFFFFFFFFFFD9
:10A79000FFFFFFFFFFFFFFFFFFFFFFFFFFFFFFFFC9
:10A7A000FFFFFFFFFFFFFFFFFFFFFFFFFFFFFFFFB9
:10A7B000FFFFFFFFFFFFFFFFFFFFFFFFFFFFFFFFA9
:10A7C000FFFFFFFFFFFFFFFFFFFFFFFFFFFFFFFF99
:10A7D000FFFFFFFFFFFFFFFFFFFFFFFFFFFFFFFF89
:10A7E000FFFFFFFFFFFFFFFFFFFFFFFFFFFFFFFF79
:10A7F000FFFFFFFFFFFFFFFFFFFFFFFFFFFFFFFF69
:10A80000FFFFFFFFFFFFFFFFFFFFFFFFFFFFFFFF58
:10A81000FFFFFFFFFFFFFFFFFFFFFFFFFFFFFFFF48
:10A82000FFFFFFFFFFFFFFFFFFFFFFFFFFFFFFFF38
:10A83000FFFFFFFFFFFFFFFFFFFFFFFFFFFFFFFF28
:10A84000FFFFFFFFFFFFFFFFFFFFFFFFFFFFFFFF18
:10A85000FFFFFFFFFFFFFFFFFFFFFFFFFFFFFFFF08
:10A86000FFFFFFFFFFFFFFFFFFFFFFFFFFFFFFFFF8
:10A87000FFFFFFFFFFFFFFFFFFFFFFFFFFFFFFFFE8
:10A88000FFFFFFFFFFFFFFFFFFFFFFFFFFFFFFFFD8
:10A89000FFFFFFFFFFFFFFFFFFFFFFFFFFFFFFFFC8
:10A8A000FFFFFFFFFFFFFFFFFFFFFFFFFFFFFFFFB8
:10A8B000FFFFFFFFFFFFFFFFFFFFFFFFFFFFFFFFA8
:10A8C000FFFFFFFFFFFFFFFFFFFFFFFFFFFFFFFF98
:10A8D000FFFFFFFFFFFFFFFFFFFFFFFFFFFFFFFF88
:10A8E000FFFFFFFFFFFFFFFFFFFFFFFFFFFFFFFF78
:10A8F000FFFFFFFFFFFFFFFFFFFFFFFFFFFFFFFF68
:10A90000FFFFFFFFFFFFFFFFFFFFFFFFFFFFFFFF57
:10A91000FFFFFFFFFFFFFFFFFFFFFFFFFFFFFFFF47
:10A92000FFFFFFFFFFFFFFFFFFFFFFFFFFFFFFFF37
:10A93000FFFFFFFFFFFFFFFFFFFFFFFFFFFFFFFF27
:10A94000FFFFFFFFFFFFFFFFFFFFFFFFFFFFFFFF17
:10A95000FFFFFFFFFFFFFFFFFFFFFFFFFFFFFFFF07
:10A96000FFFFFFFFFFFFFFFFFFFFFFFFFFFFFFFFF7
:10A97000FFFFFFFFFFFFFFFFFFFFFFFFFFFFFFFFE7
:10A98000FFFFFFFFFFFFFFFFFFFFFFFFFFFFFFFFD7
:10A99000FFFFFFFFFFFFFFFFFFFFFFFFFFFFFFFFC7
:10A9A000FFFFFFFFFFFFFFFFFFFFFFFFFFFFFFFFB7
:10A9B000FFFFFFFFFFFFFFFFFFFFFFFFFFFFFFFFA7
:10A9C000FFFFFFFFFFFFFFFFFFFFFFFFFFFFFFFF97
:10A9D000FFFFFFFFFFFFFFFFFFFFFFFFFFFFFFFF87
:10A9E000FFFFFFFFFFFFFFFFFFFFFFFFFFFFFFFF77
:10A9F000FFFFFFFFFFFFFFFFFFFFFFFFFFFFFFFF67
:10AA0000FFFFFFFFFFFFFFFFFFFFFFFFFFFFFFFF56
:10AA1000FFFFFFFFFFFFFFFFFFFFFFFFFFFFFFFF46
:10AA2000FFFFFFFFFFFFFFFFFFFFFFFFFFFFFFFF36
:10AA3000FFFFFFFFFFFFFFFFFFFFFFFFFFFFFFFF26
:10AA4000FFFFFFFFFFFFFFFFFFFFFFFFFFFFFFFF16
:10AA5000FFFFFFFFFFFFFFFFFFFFFFFFFFFFFFFF06
:10AA6000FFFFFFFFFFFFFFFFFFFFFFFFFFFFFFFFF6
:10AA7000FFFFFFFFFFFFFFFFFFFFFFFFFFFFFFFFE6
:10AA8000FFFFFFFFFFFFFFFFFFFFFFFFFFFFFFFFD6
:10AA9000FFFFFFFFFFFFFFFFFFFFFFFFFFFFFFFFC6
:10AAA000FFFFFFFFFFFFFFFFFFFFFFFFFFFFFFFFB6
:10AAB000FFFFFFFFFFFFFFFFFFFFFFFFFFFFFFFFA6
:10AAC000FFFFFFFFFFFFFFFFFFFFFFFFFFFFFFFF96
:10AAD000FFFFFFFFFFFFFFFFFFFFFFFFFFFFFFFF86
:10AAE000FFFFFFFFFFFFFFFFFFFFFFFFFFFFFFFF76
:10AAF000FFFFFFFFFFFFFFFFFFFFFFFFFFFFFFFF66
:10AB0000FFFFFFFFFFFFFFFFFFFFFFFFFFFFFFFF55
:10AB1000FFFFFFFFFFFFFFFFFFFFFFFFFFFFFFFF45
:10AB2000FFFFFFFFFFFFFFFFFFFFFFFFFFFFFFFF35
:10AB3000FFFFFFFFFFFFFFFFFFFFFFFFFFFFFFFF25
:10AB4000FFFFFFFFFFFFFFFFFFFFFFFFFFFFFFFF15
:10AB5000FFFFFFFFFFFFFFFFFFFFFFFFFFFFFFFF05
:10AB6000FFFFFFFFFFFFFFFFFFFFFFFFFFFFFFFFF5
:10AB7000FFFFFFFFFFFFFFFFFFFFFFFFFFFFFFFFE5
:10AB8000FFFFFFFFFFFFFFFFFFFFFFFFFFFFFFFFD5
:10AB9000FFFFFFFFFFFFFFFFFFFFFFFFFFFFFFFFC5
:10ABA000FFFFFFFFFFFFFFFFFFFFFFFFFFFFFFFFB5
:10ABB000FFFFFFFFFFFFFFFFFFFFFFFFFFFFFFFFA5
:10ABC000FFFFFFFFFFFFFFFFFFFFFFFFFFFFFFFF95
:10ABD000FFFFFFFFFFFFFFFFFFFFFFFFFFFFFFFF85
:10ABE000FFFFFFFFFFFFFFFFFFFFFFFFFFFFFFFF75
:10ABF000FFFFFFFFFFFFFFFFFFFFFFFFFFFFFFFF65
:10AC0000FFFFFFFFFFFFFFFFFFFFFFFFFFFFFFFF54
:10AC1000FFFFFFFFFFFFFFFFFFFFFFFFFFFFFFFF44
:10AC2000FFFFFFFFFFFFFFFFFFFFFFFFFFFFFFFF34
:10AC3000FFFFFFFFFFFFFFFFFFFFFFFFFFFFFFFF24
:10AC4000FFFFFFFFFFFFFFFFFFFFFFFFFFFFFFFF14
:10AC5000FFFFFFFFFFFFFFFFFFFFFFFFFFFFFFFF04
:10AC6000FFFFFFFFFFFFFFFFFFFFFFFFFFFFFFFFF4
:10AC7000FFFFFFFFFFFFFFFFFFFFFFFFFFFFFFFFE4
:10AC8000FFFFFFFFFFFFFFFFFFFFFFFFFFFFFFFFD4
:10AC9000FFFFFFFFFFFFFFFFFFFFFFFFFFFFFFFFC4
:10ACA000FFFFFFFFFFFFFFFFFFFFFFFFFFFFFFFFB4
:10ACB000FFFFFFFFFFFFFFFFFFFFFFFFFFFFFFFFA4
:10ACC000FFFFFFFFFFFFFFFFFFFFFFFFFFFFFFFF94
:10ACD000FFFFFFFFFFFFFFFFFFFFFFFFFFFFFFFF84
:10ACE000FFFFFFFFFFFFFFFFFFFFFFFFFFFFFFFF74
:10ACF000FFFFFFFFFFFFFFFFFFFFFFFFFFFFFFFF64
:10AD0000FFFFFFFFFFFFFFFFFFFFFFFFFFFFFFFF53
:10AD1000FFFFFFFFFFFFFFFFFFFFFFFFFFFFFFFF43
:10AD2000FFFFFFFFFFFFFFFFFFFFFFFFFFFFFFFF33
:10AD3000FFFFFFFFFFFFFFFFFFFFFFFFFFFFFFFF23
:10AD4000FFFFFFFFFFFFFFFFFFFFFFFFFFFFFFFF13
:10AD5000FFFFFFFFFFFFFFFFFFFFFFFFFFFFFFFF03
:10AD6000FFFFFFFFFFFFFFFFFFFFFFFFFFFFFFFFF3
:10AD7000FFFFFFFFFFFFFFFFFFFFFFFFFFFFFFFFE3
:10AD8000FFFFFFFFFFFFFFFFFFFFFFFFFFFFFFFFD3
:10AD9000FFFFFFFFFFFFFFFFFFFFFFFFFFFFFFFFC3
:10ADA000FFFFFFFFFFFFFFFFFFFFFFFFFFFFFFFFB3
:10ADB000FFFFFFFFFFFFFFFFFFFFFFFFFFFFFFFFA3
:10ADC000FFFFFFFFFFFFFFFFFFFFFFFFFFFFFFFF93
:10ADD000FFFFFFFFFFFFFFFFFFFFFFFFFFFFFFFF83
:10ADE000FFFFFFFFFFFFFFFFFFFFFFFFFFFFFFFF73
:10ADF000FFFFFFFFFFFFFFFFFFFFFFFFFFFFFFFF63
:10AE0000FFFFFFFFFFFFFFFFFFFFFFFFFFFFFFFF52
:10AE1000FFFFFFFFFFFFFFFFFFFFFFFFFFFFFFFF42
:10AE2000FFFFFFFFFFFFFFFFFFFFFFFFFFFFFFFF32
:10AE3000FFFFFFFFFFFFFFFFFFFFFFFFFFFFFFFF22
:10AE4000FFFFFFFFFFFFFFFFFFFFFFFFFFFFFFFF12
:10AE5000FFFFFFFFFFFFFFFFFFFFFFFFFFFFFFFF02
:10AE6000FFFFFFFFFFFFFFFFFFFFFFFFFFFFFFFFF2
:10AE7000FFFFFFFFFFFFFFFFFFFFFFFFFFFFFFFFE2
:10AE8000FFFFFFFFFFFFFFFFFFFFFFFFFFFFFFFFD2
:10AE9000FFFFFFFFFFFFFFFFFFFFFFFFFFFFFFFFC2
:10AEA000FFFFFFFFFFFFFFFFFFFFFFFFFFFFFFFFB2
:10AEB000FFFFFFFFFFFFFFFFFFFFFFFFFFFFFFFFA2
:10AEC000FFFFFFFFFFFFFFFFFFFFFFFFFFFFFFFF92
:10AED000FFFFFFFFFFFFFFFFFFFFFFFFFFFFFFFF82
:10AEE000FFFFFFFFFFFFFFFFFFFFFFFFFFFFFFFF72
:10AEF000FFFFFFFFFFFFFFFFFFFFFFFFFFFFFFFF62
:10AF0000FFFFFFFFFFFFFFFFFFFFFFFFFFFFFFFF51
:10AF1000FFFFFFFFFFFFFFFFFFFFFFFFFFFFFFFF41
:10AF2000FFFFFFFFFFFFFFFFFFFFFFFFFFFFFFFF31
:10AF3000FFFFFFFFFFFFFFFFFFFFFFFFFFFFFFFF21
:10AF4000FFFFFFFFFFFFFFFFFFFFFFFFFFFFFFFF11
:10AF5000FFFFFFFFFFFFFFFFFFFFFFFFFFFFFFFF01
:10AF6000FFFFFFFFFFFFFFFFFFFFFFFFFFFFFFFFF1
:10AF7000FFFFFFFFFFFFFFFFFFFFFFFFFFFFFFFFE1
:10AF8000FFFFFFFFFFFFFFFFFFFFFFFFFFFFFFFFD1
:10AF9000FFFFFFFFFFFFFFFFFFFFFFFFFFFFFFFFC1
:10AFA000FFFFFFFFFFFFFFFFFFFFFFFFFFFFFFFFB1
:10AFB000FFFFFFFFFFFFFFFFFFFFFFFFFFFFFFFFA1
:10AFC000FFFFFFFFFFFFFFFFFFFFFFFFFFFFFFFF91
:10AFD000FFFFFFFFFFFFFFFFFFFFFFFFFFFFFFFF81
:10AFE000FFFFFFFFFFFFFFFFFFFFFFFFFFFFFFFF71
:10AFF000FFFFFFFFFFFFFFFFFFFFFFFFFFFFFFFF61
:10B00000FFFFFFFFFFFFFFFFFFFFFFFFFFFFFFFF50
:10B01000FFFFFFFFFFFFFFFFFFFFFFFFFFFFFFFF40
:10B02000FFFFFFFFFFFFFFFFFFFFFFFFFFFFFFFF30
:10B03000FFFFFFFFFFFFFFFFFFFFFFFFFFFFFFFF20
:10B04000FFFFFFFFFFFFFFFFFFFFFFFFFFFFFFFF10
:10B05000FFFFFFFFFFFFFFFFFFFFFFFFFFFFFFFF00
:10B06000FFFFFFFFFFFFFFFFFFFFFFFFFFFFFFFFF0
:10B07000FFFFFFFFFFFFFFFFFFFFFFFFFFFFFFFFE0
:10B08000FFFFFFFFFFFFFFFFFFFFFFFFFFFFFFFFD0
:10B09000FFFFFFFFFFFFFFFFFFFFFFFFFFFFFFFFC0
:10B0A000FFFFFFFFFFFFFFFFFFFFFFFFFFFFFFFFB0
:10B0B000FFFFFFFFFFFFFFFFFFFFFFFFFFFFFFFFA0
:10B0C000FFFFFFFFFFFFFFFFFFFFFFFFFFFFFFFF90
:10B0D000FFFFFFFFFFFFFFFFFFFFFFFFFFFFFFFF80
:10B0E000FFFFFFFFFFFFFFFFFFFFFFFFFFFFFFFF70
:10B0F000FFFFFFFFFFFFFFFFFFFFFFFFFFFFFFFF60
:10B10000FFFFFFFFFFFFFFFFFFFFFFFFFFFFFFFF4F
:10B11000FFFFFFFFFFFFFFFFFFFFFFFFFFFFFFFF3F
:10B12000FFFFFFFFFFFFFFFFFFFFFFFFFFFFFFFF2F
:10B13000FFFFFFFFFFFFFFFFFFFFFFFFFFFFFFFF1F
:10B14000FFFFFFFFFFFFFFFFFFFFFFFFFFFFFFFF0F
:10B15000FFFFFFFFFFFFFFFFFFFFFFFFFFFFFFFFFF
:10B16000FFFFFFFFFFFFFFFFFFFFFFFFFFFFFFFFEF
:10B17000FFFFFFFFFFFFFFFFFFFFFFFFFFFFFFFFDF
:10B18000FFFFFFFFFFFFFFFFFFFFFFFFFFFFFFFFCF
:10B19000FFFFFFFFFFFFFFFFFFFFFFFFFFFFFFFFBF
:10B1A000FFFFFFFFFFFFFFFFFFFFFFFFFFFFFFFFAF
:10B1B000FFFFFFFFFFFFFFFFFFFFFFFFFFFFFFFF9F
:10B1C000FFFFFFFFFFFFFFFFFFFFFFFFFFFFFFFF8F
:10B1D000FFFFFFFFFFFFFFFFFFFFFFFFFFFFFFFF7F
:10B1E000FFFFFFFFFFFFFFFFFFFFFFFFFFFFFFFF6F
:10B1F000FFFFFFFFFFFFFFFFFFFFFFFFFFFFFFFF5F
:10B20000FFFFFFFFFFFFFFFFFFFFFFFFFFFFFFFF4E
:10B21000FFFFFFFFFFFFFFFFFFFFFFFFFFFFFFFF3E
:10B22000FFFFFFFFFFFFFFFFFFFFFFFFFFFFFFFF2E
:10B23000FFFFFFFFFFFFFFFFFFFFFFFFFFFFFFFF1E
:10B24000FFFFFFFFFFFFFFFFFFFFFFFFFFFFFFFF0E
:10B25000FFFFFFFFFFFFFFFFFFFFFFFFFFFFFFFFFE
:10B26000FFFFFFFFFFFFFFFFFFFFFFFFFFFFFFFFEE
:10B27000FFFFFFFFFFFFFFFFFFFFFFFFFFFFFFFFDE
:10B28000FFFFFFFFFFFFFFFFFFFFFFFFFFFFFFFFCE
:10B29000FFFFFFFFFFFFFFFFFFFFFFFFFFFFFFFFBE
:10B2A000FFFFFFFFFFFFFFFFFFFFFFFFFFFFFFFFAE
:10B2B000FFFFFFFFFFFFFFFFFFFFFFFFFFFFFFFF9E
:10B2C000FFFFFFFFFFFFFFFFFFFFFFFFFFFFFFFF8E
:10B2D000FFFFFFFFFFFFFFFFFFFFFFFFFFFFFFFF7E
:10B2E000FFFFFFFFFFFFFFFFFFFFFFFFFFFFFFFF6E
:10B2F000FFFFFFFFFFFFFFFFFFFFFFFFFFFFFFFF5E
:10B30000FFFFFFFFFFFFFFFFFFFFFFFFFFFFFFFF4D
:10B31000FFFFFFFFFFFFFFFFFFFFFFFFFFFFFFFF3D
:10B32000FFFFFFFFFFFFFFFFFFFFFFFFFFFFFFFF2D
:10B33000FFFFFFFFFFFFFFFFFFFFFFFFFFFFFFFF1D
:10B34000FFFFFFFFFFFFFFFFFFFFFFFFFFFFFFFF0D
:10B35000FFFFFFFFFFFFFFFFFFFFFFFFFFFFFFFFFD
:10B36000FFFFFFFFFFFFFFFFFFFFFFFFFFFFFFFFED
:10B37000FFFFFFFFFFFFFFFFFFFFFFFFFFFFFFFFDD
:10B38000FFFFFFFFFFFFFFFFFFFFFFFFFFFFFFFFCD
:10B39000FFFFFFFFFFFFFFFFFFFFFFFFFFFFFFFFBD
:10B3A000FFFFFFFFFFFFFFFFFFFFFFFFFFFFFFFFAD
:10B3B000FFFFFFFFFFFFFFFFFFFFFFFFFFFFFFFF9D
:10B3C000FFFFFFFFFFFFFFFFFFFFFFFFFFFFFFFF8D
:10B3D000FFFFFFFFFFFFFFFFFFFFFFFFFFFFFFFF7D
:10B3E000FFFFFFFFFFFFFFFFFFFFFFFFFFFFFFFF6D
:10B3F000FFFFFFFFFFFFFFFFFFFFFFFFFFFFFFFF5D
:10B40000FFFFFFFFFFFFFFFFFFFFFFFFFFFFFFFF4C
:10B41000FFFFFFFFFFFFFFFFFFFFFFFFFFFFFFFF3C
:10B42000FFFFFFFFFFFFFFFFFFFFFFFFFFFFFFFF2C
:10B43000FFFFFFFFFFFFFFFFFFFFFFFFFFFFFFFF1C
:10B44000FFFFFFFFFFFFFFFFFFFFFFFFFFFFFFFF0C
:10B45000FFFFFFFFFFFFFFFFFFFFFFFFFFFFFFFFFC
:10B46000FFFFFFFFFFFFFFFFFFFFFFFFFFFFFFFFEC
:10B47000FFFFFFFFFFFFFFFFFFFFFFFFFFFFFFFFDC
:10B48000FFFFFFFFFFFFFFFFFFFFFFFFFFFFFFFFCC
:10B49000FFFFFFFFFFFFFFFFFFFFFFFFFFFFFFFFBC
:10B4A000FFFFFFFFFFFFFFFFFFFFFFFFFFFFFFFFAC
:10B4B000FFFFFFFFFFFFFFFFFFFFFFFFFFFFFFFF9C
:10B4C000FFFFFFFFFFFFFFFFFFFFFFFFFFFFFFFF8C
:10B4D000FFFFFFFFFFFFFFFFFFFFFFFFFFFFFFFF7C
:10B4E000FFFFFFFFFFFFFFFFFFFFFFFFFFFFFFFF6C
:10B4F000FFFFFFFFFFFFFFFFFFFFFFFFFFFFFFFF5C
:10B50000FFFFFFFFFFFFFFFFFFFFFFFFFFFFFFFF4B
:10B51000FFFFFFFFFFFFFFFFFFFFFFFFFFFFFFFF3B
:10B52000FFFFFFFFFFFFFFFFFFFFFFFFFFFFFFFF2B
:10B53000FFFFFFFFFFFFFFFFFFFFFFFFFFFFFFFF1B
:10B54000FFFFFFFFFFFFFFFFFFFFFFFFFFFFFFFF0B
:10B55000FFFFFFFFFFFFFFFFFFFFFFFFFFFFFFFFFB
:10B56000FFFFFFFFFFFFFFFFFFFFFFFFFFFFFFFFEB
:10B57000FFFFFFFFFFFFFFFFFFFFFFFFFFFFFFFFDB
:10B58000FFFFFFFFFFFFFFFFFFFFFFFFFFFFFFFFCB
:10B59000FFFFFFFFFFFFFFFFFFFFFFFFFFFFFFFFBB
:10B5A000FFFFFFFFFFFFFFFFFFFFFFFFFFFFFFFFAB
:10B5B000FFFFFFFFFFFFFFFFFFFFFFFFFFFFFFFF9B
:10B5C000FFFFFFFFFFFFFFFFFFFFFFFFFFFFFFFF8B
:10B5D000FFFFFFFFFFFFFFFFFFFFFFFFFFFFFFFF7B
:10B5E000FFFFFFFFFFFFFFFFFFFFFFFFFFFFFFFF6B
:10B5F000FFFFFFFFFFFFFFFFFFFFFFFFFFFFFFFF5B
:10B60000FFFFFFFFFFFFFFFFFFFFFFFFFFFFFFFF4A
:10B61000FFFFFFFFFFFFFFFFFFFFFFFFFFFFFFFF3A
:10B62000FFFFFFFFFFFFFFFFFFFFFFFFFFFFFFFF2A
:10B63000FFFFFFFFFFFFFFFFFFFFFFFFFFFFFFFF1A
:10B64000FFFFFFFFFFFFFFFFFFFFFFFFFFFFFFFF0A
:10B65000FFFFFFFFFFFFFFFFFFFFFFFFFFFFFFFFFA
:10B66000FFFFFFFFFFFFFFFFFFFFFFFFFFFFFFFFEA
:10B67000FFFFFFFFFFFFFFFFFFFFFFFFFFFFFFFFDA
:10B68000FFFFFFFFFFFFFFFFFFFFFFFFFFFFFFFFCA
:10B69000FFFFFFFFFFFFFFFFFFFFFFFFFFFFFFFFBA
:10B6A000FFFFFFFFFFFFFFFFFFFFFFFFFFFFFFFFAA
:10B6B000FFFFFFFFFFFFFFFFFFFFFFFFFFFFFFFF9A
:10B6C000FFFFFFFFFFFFFFFFFFFFFFFFFFFFFFFF8A
:10B6D000FFFFFFFFFFFFFFFFFFFFFFFFFFFFFFFF7A
:10B6E000FFFFFFFFFFFFFFFFFFFFFFFFFFFFFFFF6A
:10B6F000FFFFFFFFFFFFFFFFFFFFFFFFFFFFFFFF5A
:10B70000FFFFFFFFFFFFFFFFFFFFFFFFFFFFFFFF49
:10B71000FFFFFFFFFFFFFFFFFFFFFFFFFFFFFFFF39
:10B72000FFFFFFFFFFFFFFFFFFFFFFFFFFFFFFFF29
:10B73000FFFFFFFFFFFFFFFFFFFFFFFFFFFFFFFF19
:10B74000FFFFFFFFFFFFFFFFFFFFFFFFFFFFFFFF09
:10B75000FFFFFFFFFFFFFFFFFFFFFFFFFFFFFFFFF9
:10B76000FFFFFFFFFFFFFFFFFFFFFFFFFFFFFFFFE9
:10B77000FFFFFFFFFFFFFFFFFFFFFFFFFFFFFFFFD9
:10B78000FFFFFFFFFFFFFFFFFFFFFFFFFFFFFFFFC9
:10B79000FFFFFFFFFFFFFFFFFFFFFFFFFFFFFFFFB9
:10B7A000FFFFFFFFFFFFFFFFFFFFFFFFFFFFFFFFA9
:10B7B000FFFFFFFFFFFFFFFFFFFFFFFFFFFFFFFF99
:10B7C000FFFFFFFFFFFFFFFFFFFFFFFFFFFFFFFF89
:10B7D000FFFFFFFFFFFFFFFFFFFFFFFFFFFFFFFF79
:10B7E000FFFFFFFFFFFFFFFFFFFFFFFFFFFFFFFF69
:10B7F000FFFFFFFFFFFFFFFFFFFFFFFFFFFFFFFF59
:10B80000FFFFFFFFFFFFFFFFFFFFFFFFFFFFFFFF48
:10B81000FFFFFFFFFFFFFFFFFFFFFFFFFFFFFFFF38
:10B82000FFFFFFFFFFFFFFFFFFFFFFFFFFFFFFFF28
:10B83000FFFFFFFFFFFFFFFFFFFFFFFFFFFFFFFF18
:10B84000FFFFFFFFFFFFFFFFFFFFFFFFFFFFFFFF08
:10B85000FFFFFFFFFFFFFFFFFFFFFFFFFFFFFFFFF8
:10B86000FFFFFFFFFFFFFFFFFFFFFFFFFFFFFFFFE8
:10B87000FFFFFFFFFFFFFFFFFFFFFFFFFFFFFFFFD8
:10B88000FFFFFFFFFFFFFFFFFFFFFFFFFFFFFFFFC8
:10B89000FFFFFFFFFFFFFFFFFFFFFFFFFFFFFFFFB8
:10B8A000FFFFFFFFFFFFFFFFFFFFFFFFFFFFFFFFA8
:10B8B000FFFFFFFFFFFFFFFFFFFFFFFFFFFFFFFF98
:10B8C000FFFFFFFFFFFFFFFFFFFFFFFFFFFFFFFF88
:10B8D000FFFFFFFFFFFFFFFFFFFFFFFFFFFFFFFF78
:10B8E000FFFFFFFFFFFFFFFFFFFFFFFFFFFFFFFF68
:10B8F000FFFFFFFFFFFFFFFFFFFFFFFFFFFFFFFF58
:10B90000FFFFFFFFFFFFFFFFFFFFFFFFFFFFFFFF47
:10B91000FFFFFFFFFFFFFFFFFFFFFFFFFFFFFFFF37
:10B92000FFFFFFFFFFFFFFFFFFFFFFFFFFFFFFFF27
:10B93000FFFFFFFFFFFFFFFFFFFFFFFFFFFFFFFF17
:10B94000FFFFFFFFFFFFFFFFFFFFFFFFFFFFFFFF07
:10B95000FFFFFFFFFFFFFFFFFFFFFFFFFFFFFFFFF7
:10B96000FFFFFFFFFFFFFFFFFFFFFFFFFFFFFFFFE7
:10B97000FFFFFFFFFFFFFFFFFFFFFFFFFFFFFFFFD7
:10B98000FFFFFFFFFFFFFFFFFFFFFFFFFFFFFFFFC7
:10B99000FFFFFFFFFFFFFFFFFFFFFFFFFFFFFFFFB7
:10B9A000FFFFFFFFFFFFFFFFFFFFFFFFFFFFFFFFA7
:10B9B000FFFFFFFFFFFFFFFFFFFFFFFFFFFFFFFF97
:10B9C000FFFFFFFFFFFFFFFFFFFFFFFFFFFFFFFF87
:10B9D000FFFFFFFFFFFFFFFFFFFFFFFFFFFFFFFF77
:10B9E000FFFFFFFFFFFFFFFFFFFFFFFFFFFFFFFF67
:10B9F000FFFFFFFFFFFFFFFFFFFFFFFFFFFFFFFF57
:10BA0000FFFFFFFFFFFFFFFFFFFFFFFFFFFFFFFF46
:10BA1000FFFFFFFFFFFFFFFFFFFFFFFFFFFFFFFF36
:10BA2000FFFFFFFFFFFFFFFFFFFFFFFFFFFFFFFF26
:10BA3000FFFFFFFFFFFFFFFFFFFFFFFFFFFFFFFF16
:10BA4000FFFFFFFFFFFFFFFFFFFFFFFFFFFFFFFF06
:10BA5000FFFFFFFFFFFFFFFFFFFFFFFFFFFFFFFFF6
:10BA6000FFFFFFFFFFFFFFFFFFFFFFFFFFFFFFFFE6
:10BA7000FFFFFFFFFFFFFFFFFFFFFFFFFFFFFFFFD6
:10BA8000FFFFFFFFFFFFFFFFFFFFFFFFFFFFFFFFC6
:10BA9000FFFFFFFFFFFFFFFFFFFFFFFFFFFFFFFFB6
:10BAA000FFFFFFFFFFFFFFFFFFFFFFFFFFFFFFFFA6
:10BAB000FFFFFFFFFFFFFFFFFFFFFFFFFFFFFFFF96
:10BAC000FFFFFFFFFFFFFFFFFFFFFFFFFFFFFFFF86
:10BAD000FFFFFFFFFFFFFFFFFFFFFFFFFFFFFFFF76
:10BAE000FFFFFFFFFFFFFFFFFFFFFFFFFFFFFFFF66
:10BAF000FFFFFFFFFFFFFFFFFFFFFFFFFFFFFFFF56
:10BB0000FFFFFFFFFFFFFFFFFFFFFFFFFFFFFFFF45
:10BB1000FFFFFFFFFFFFFFFFFFFFFFFFFFFFFFFF35
:10BB2000FFFFFFFFFFFFFFFFFFFFFFFFFFFFFFFF25
:10BB3000FFFFFFFFFFFFFFFFFFFFFFFFFFFFFFFF15
:10BB4000FFFFFFFFFFFFFFFFFFFFFFFFFFFFFFFF05
:10BB5000FFFFFFFFFFFFFFFFFFFFFFFFFFFFFFFFF5
:10BB6000FFFFFFFFFFFFFFFFFFFFFFFFFFFFFFFFE5
:10BB7000FFFFFFFFFFFFFFFFFFFFFFFFFFFFFFFFD5
:10BB8000FFFFFFFFFFFFFFFFFFFFFFFFFFFFFFFFC5
:10BB9000FFFFFFFFFFFFFFFFFFFFFFFFFFFFFFFFB5
:10BBA000FFFFFFFFFFFFFFFFFFFFFFFFFFFFFFFFA5
:10BBB000FFFFFFFFFFFFFFFFFFFFFFFFFFFFFFFF95
:10BBC000FFFFFFFFFFFFFFFFFFFFFFFFFFFFFFFF85
:10BBD000FFFFFFFFFFFFFFFFFFFFFFFFFFFFFFFF75
:10BBE000FFFFFFFFFFFFFFFFFFFFFFFFFFFFFFFF65
:10BBF000FFFFFFFFFFFFFFFFFFFFFFFFFFFFFFFF55
:10BC0000FFFFFFFFFFFFFFFFFFFFFFFFFFFFFFFF44
:10BC1000FFFFFFFFFFFFFFFFFFFFFFFFFFFFFFFF34
:10BC2000FFFFFFFFFFFFFFFFFFFFFFFFFFFFFFFF24
:10BC3000FFFFFFFFFFFFFFFFFFFFFFFFFFFFFFFF14
:10BC4000FFFFFFFFFFFFFFFFFFFFFFFFFFFFFFFF04
:10BC5000FFFFFFFFFFFFFFFFFFFFFFFFFFFFFFFFF4
:10BC6000FFFFFFFFFFFFFFFFFFFFFFFFFFFFFFFFE4
:10BC7000FFFFFFFFFFFFFFFFFFFFFFFFFFFFFFFFD4
:10BC8000FFFFFFFFFFFFFFFFFFFFFFFFFFFFFFFFC4
:10BC9000FFFFFFFFFFFFFFFFFFFFFFFFFFFFFFFFB4
:10BCA000FFFFFFFFFFFFFFFFFFFFFFFFFFFFFFFFA4
:10BCB000FFFFFFFFFFFFFFFFFFFFFFFFFFFFFFFF94
:10BCC000FFFFFFFFFFFFFFFFFFFFFFFFFFFFFFFF84
:10BCD000FFFFFFFFFFFFFFFFFFFFFFFFFFFFFFFF74
:10BCE000FFFFFFFFFFFFFFFFFFFFFFFFFFFFFFFF64
:10BCF000FFFFFFFFFFFFFFFFFFFFFFFFFFFFFFFF54
:10BD0000FFFFFFFFFFFFFFFFFFFFFFFFFFFFFFFF43
:10BD1000FFFFFFFFFFFFFFFFFFFFFFFFFFFFFFFF33
:10BD2000FFFFFFFFFFFFFFFFFFFFFFFFFFFFFFFF23
:10BD3000FFFFFFFFFFFFFFFFFFFFFFFFFFFFFFFF13
:10BD4000FFFFFFFFFFFFFFFFFFFFFFFFFFFFFFFF03
:10BD5000FFFFFFFFFFFFFFFFFFFFFFFFFFFFFFFFF3
:10BD6000FFFFFFFFFFFFFFFFFFFFFFFFFFFFFFFFE3
:10BD7000FFFFFFFFFFFFFFFFFFFFFFFFFFFFFFFFD3
:10BD8000FFFFFFFFFFFFFFFFFFFFFFFFFFFFFFFFC3
:10BD9000FFFFFFFFFFFFFFFFFFFFFFFFFFFFFFFFB3
:10BDA000FFFFFFFFFFFFFFFFFFFFFFFFFFFFFFFFA3
:10BDB000FFFFFFFFFFFFFFFFFFFFFFFFFFFFFFFF93
:10BDC000FFFFFFFFFFFFFFFFFFFFFFFFFFFFFFFF83
:10BDD000FFFFFFFFFFFFFFFFFFFFFFFFFFFFFFFF73
:10BDE000FFFFFFFFFFFFFFFFFFFFFFFFFFFFFFFF63
:10BDF000FFFFFFFFFFFFFFFFFFFFFFFFFFFFFFFF53
:10BE0000FFFFFFFFFFFFFFFFFFFFFFFFFFFFFFFF42
:10BE1000FFFFFFFFFFFFFFFFFFFFFFFFFFFFFFFF32
:10BE2000FFFFFFFFFFFFFFFFFFFFFFFFFFFFFFFF22
:10BE3000FFFFFFFFFFFFFFFFFFFFFFFFFFFFFFFF12
:10BE4000FFFFFFFFFFFFFFFFFFFFFFFFFFFFFFFF02
:10BE5000FFFFFFFFFFFFFFFFFFFFFFFFFFFFFFFFF2
:10BE6000FFFFFFFFFFFFFFFFFFFFFFFFFFFFFFFFE2
:10BE7000FFFFFFFFFFFFFFFFFFFFFFFFFFFFFFFFD2
:10BE8000FFFFFFFFFFFFFFFFFFFFFFFFFFFFFFFFC2
:10BE9000FFFFFFFFFFFFFFFFFFFFFFFFFFFFFFFFB2
:10BEA000FFFFFFFFFFFFFFFFFFFFFFFFFFFFFFFFA2
:10BEB000FFFFFFFFFFFFFFFFFFFFFFFFFFFFFFFF92
:10BEC000FFFFFFFFFFFFFFFFFFFFFFFFFFFFFFFF82
:10BED000FFFFFFFFFFFFFFFFFFFFFFFFFFFFFFFF72
:10BEE000FFFFFFFFFFFFFFFFFFFFFFFFFFFFFFFF62
:10BEF000FFFFFFFFFFFFFFFFFFFFFFFFFFFFFFFF52
:10BF0000FFFFFFFFFFFFFFFFFFFFFFFFFFFFFFFF41
:10BF1000FFFFFFFFFFFFFFFFFFFFFFFFFFFFFFFF31
:10BF2000FFFFFFFFFFFFFFFFFFFFFFFFFFFFFFFF21
:10BF3000FFFFFFFFFFFFFFFFFFFFFFFFFFFFFFFF11
:10BF4000FFFFFFFFFFFFFFFFFFFFFFFFFFFFFFFF01
:10BF5000FFFFFFFFFFFFFFFFFFFFFFFFFFFFFFFFF1
:10BF6000FFFFFFFFFFFFFFFFFFFFFFFFFFFFFFFFE1
:10BF7000FFFFFFFFFFFFFFFFFFFFFFFFFFFFFFFFD1
:10BF8000FFFFFFFFFFFFFFFFFFFFFFFFFFFFFFFFC1
:10BF9000FFFFFFFFFFFFFFFFFFFFFFFFFFFFFFFFB1
:10BFA000FFFFFFFFFFFFFFFFFFFFFFFFFFFFFFFFA1
:10BFB000FFFFFFFFFFFFFFFFFFFFFFFFFFFFFFFF91
:10BFC000FFFFFFFFFFFFFFFFFFFFFFFFFFFFFFFF81
:10BFD000FFFFFFFFFFFFFFFFFFFFFFFFFFFFFFFF71
:10BFE000FFFFFFFFFFFFFFFFFFFFFFFFFFFFFFFF61
:10BFF000FFFFFFFFFFFFFFFFFFFFFFFFFFFFFFFF51
:10C00000FFFFFFFFFFFFFFFFFFFFFFFFFFFFFFFF40
:10C01000FFFFFFFFFFFFFFFFFFFFFFFFFFFFFFFF30
:10C02000FFFFFFFFFFFFFFFFFFFFFFFFFFFFFFFF20
:10C03000FFFFFFFFFFFFFFFFFFFFFFFFFFFFFFFF10
:10C04000FFFFFFFFFFFFFFFFFFFFFFFFFFFFFFFF00
:10C05000FFFFFFFFFFFFFFFFFFFFFFFFFFFFFFFFF0
:10C06000FFFFFFFFFFFFFFFFFFFFFFFFFFFFFFFFE0
:10C07000FFFFFFFFFFFFFFFFFFFFFFFFFFFFFFFFD0
:10C08000FFFFFFFFFFFFFFFFFFFFFFFFFFFFFFFFC0
:10C09000FFFFFFFFFFFFFFFFFFFFFFFFFFFFFFFFB0
:10C0A000FFFFFFFFFFFFFFFFFFFFFFFFFFFFFFFFA0
:10C0B000FFFFFFFFFFFFFFFFFFFFFFFFFFFFFFFF90
:10C0C000FFFFFFFFFFFFFFFFFFFFFFFFFFFFFFFF80
:10C0D000FFFFFFFFFFFFFFFFFFFFFFFFFFFFFFFF70
:10C0E000FFFFFFFFFFFFFFFFFFFFFFFFFFFFFFFF60
:10C0F000FFFFFFFFFFFFFFFFFFFFFFFFFFFFFFFF50
:10C10000FFFFFFFFFFFFFFFFFFFFFFFFFFFFFFFF3F
:10C11000FFFFFFFFFFFFFFFFFFFFFFFFFFFFFFFF2F
:10C12000FFFFFFFFFFFFFFFFFFFFFFFFFFFFFFFF1F
:10C13000FFFFFFFFFFFFFFFFFFFFFFFFFFFFFFFF0F
:10C14000FFFFFFFFFFFFFFFFFFFFFFFFFFFFFFFFFF
:10C15000FFFFFFFFFFFFFFFFFFFFFFFFFFFFFFFFEF
:10C16000FFFFFFFFFFFFFFFFFFFFFFFFFFFFFFFFDF
:10C17000FFFFFFFFFFFFFFFFFFFFFFFFFFFFFFFFCF
:10C18000FFFFFFFFFFFFFFFFFFFFFFFFFFFFFFFFBF
:10C19000FFFFFFFFFFFFFFFFFFFFFFFFFFFFFFFFAF
:10C1A000FFFFFFFFFFFFFFFFFFFFFFFFFFFFFFFF9F
:10C1B000FFFFFFFFFFFFFFFFFFFFFFFFFFFFFFFF8F
:10C1C000FFFFFFFFFFFFFFFFFFFFFFFFFFFFFFFF7F
:10C1D000FFFFFFFFFFFFFFFFFFFFFFFFFFFFFFFF6F
:10C1E000FFFFFFFFFFFFFFFFFFFFFFFFFFFFFFFF5F
:10C1F000FFFFFFFFFFFFFFFFFFFFFFFFFFFFFFFF4F
:10C20000FFFFFFFFFFFFFFFFFFFFFFFFFFFFFFFF3E
:10C21000FFFFFFFFFFFFFFFFFFFFFFFFFFFFFFFF2E
:10C22000FFFFFFFFFFFFFFFFFFFFFFFFFFFFFFFF1E
:10C23000FFFFFFFFFFFFFFFFFFFFFFFFFFFFFFFF0E
:10C24000FFFFFFFFFFFFFFFFFFFFFFFFFFFFFFFFFE
:10C25000FFFFFFFFFFFFFFFFFFFFFFFFFFFFFFFFEE
:10C26000FFFFFFFFFFFFFFFFFFFFFFFFFFFFFFFFDE
:10C27000FFFFFFFFFFFFFFFFFFFFFFFFFFFFFFFFCE
:10C28000FFFFFFFFFFFFFFFFFFFFFFFFFFFFFFFFBE
:10C29000FFFFFFFFFFFFFFFFFFFFFFFFFFFFFFFFAE
:10C2A000FFFFFFFFFFFFFFFFFFFFFFFFFFFFFFFF9E
:10C2B000FFFFFFFFFFFFFFFFFFFFFFFFFFFFFFFF8E
:10C2C000FFFFFFFFFFFFFFFFFFFFFFFFFFFFFFFF7E
:10C2D000FFFFFFFFFFFFFFFFFFFFFFFFFFFFFFFF6E
:10C2E000FFFFFFFFFFFFFFFFFFFFFFFFFFFFFFFF5E
:10C2F000FFFFFFFFFFFFFFFFFFFFFFFFFFFFFFFF4E
:10C30000FFFFFFFFFFFFFFFFFFFFFFFFFFFFFFFF3D
:10C31000FFFFFFFFFFFFFFFFFFFFFFFFFFFFFFFF2D
:10C32000FFFFFFFFFFFFFFFFFFFFFFFFFFFFFFFF1D
:10C33000FFFFFFFFFFFFFFFFFFFFFFFFFFFFFFFF0D
:10C34000FFFFFFFFFFFFFFFFFFFFFFFFFFFFFFFFFD
:10C35000FFFFFFFFFFFFFFFFFFFFFFFFFFFFFFFFED
:10C36000FFFFFFFFFFFFFFFFFFFFFFFFFFFFFFFFDD
:10C37000FFFFFFFFFFFFFFFFFFFFFFFFFFFFFFFFCD
:10C38000FFFFFFFFFFFFFFFFFFFFFFFFFFFFFFFFBD
:10C39000FFFFFFFFFFFFFFFFFFFFFFFFFFFFFFFFAD
:10C3A000FFFFFFFFFFFFFFFFFFFFFFFFFFFFFFFF9D
:10C3B000FFFFFFFFFFFFFFFFFFFFFFFFFFFFFFFF8D
:10C3C000FFFFFFFFFFFFFFFFFFFFFFFFFFFFFFFF7D
:10C3D000FFFFFFFFFFFFFFFFFFFFFFFFFFFFFFFF6D
:10C3E000FFFFFFFFFFFFFFFFFFFFFFFFFFFFFFFF5D
:10C3F000FFFFFFFFFFFFFFFFFFFFFFFFFFFFFFFF4D
:10C40000FFFFFFFFFFFFFFFFFFFFFFFFFFFFFFFF3C
:10C41000FFFFFFFFFFFFFFFFFFFFFFFFFFFFFFFF2C
:10C42000FFFFFFFFFFFFFFFFFFFFFFFFFFFFFFFF1C
:10C43000FFFFFFFFFFFFFFFFFFFFFFFFFFFFFFFF0C
:10C44000FFFFFFFFFFFFFFFFFFFFFFFFFFFFFFFFFC
:10C45000FFFFFFFFFFFFFFFFFFFFFFFFFFFFFFFFEC
:10C46000FFFFFFFFFFFFFFFFFFFFFFFFFFFFFFFFDC
:10C47000FFFFFFFFFFFFFFFFFFFFFFFFFFFFFFFFCC
:10C48000FFFFFFFFFFFFFFFFFFFFFFFFFFFFFFFFBC
:10C49000FFFFFFFFFFFFFFFFFFFFFFFFFFFFFFFFAC
:10C4A000FFFFFFFFFFFFFFFFFFFFFFFFFFFFFFFF9C
:10C4B000FFFFFFFFFFFFFFFFFFFFFFFFFFFFFFFF8C
:10C4C000FFFFFFFFFFFFFFFFFFFFFFFFFFFFFFFF7C
:10C4D000FFFFFFFFFFFFFFFFFFFFFFFFFFFFFFFF6C
:10C4E000FFFFFFFFFFFFFFFFFFFFFFFFFFFFFFFF5C
:10C4F000FFFFFFFFFFFFFFFFFFFFFFFFFFFFFFFF4C
:10C50000FFFFFFFFFFFFFFFFFFFFFFFFFFFFFFFF3B
:10C51000FFFFFFFFFFFFFFFFFFFFFFFFFFFFFFFF2B
:10C52000FFFFFFFFFFFFFFFFFFFFFFFFFFFFFFFF1B
:10C53000FFFFFFFFFFFFFFFFFFFFFFFFFFFFFFFF0B
:10C54000FFFFFFFFFFFFFFFFFFFFFFFFFFFFFFFFFB
:10C55000FFFFFFFFFFFFFFFFFFFFFFFFFFFFFFFFEB
:10C56000FFFFFFFFFFFFFFFFFFFFFFFFFFFFFFFFDB
:10C57000FFFFFFFFFFFFFFFFFFFFFFFFFFFFFFFFCB
:10C58000FFFFFFFFFFFFFFFFFFFFFFFFFFFFFFFFBB
:10C59000FFFFFFFFFFFFFFFFFFFFFFFFFFFFFFFFAB
:10C5A000FFFFFFFFFFFFFFFFFFFFFFFFFFFFFFFF9B
:10C5B000FFFFFFFFFFFFFFFFFFFFFFFFFFFFFFFF8B
:10C5C000FFFFFFFFFFFFFFFFFFFFFFFFFFFFFFFF7B
:10C5D000FFFFFFFFFFFFFFFFFFFFFFFFFFFFFFFF6B
:10C5E000FFFFFFFFFFFFFFFFFFFFFFFFFFFFFFFF5B
:10C5F000FFFFFFFFFFFFFFFFFFFFFFFFFFFFFFFF4B
:10C60000FFFFFFFFFFFFFFFFFFFFFFFFFFFFFFFF3A
:10C61000FFFFFFFFFFFFFFFFFFFFFFFFFFFFFFFF2A
:10C62000FFFFFFFFFFFFFFFFFFFFFFFFFFFFFFFF1A
:10C63000FFFFFFFFFFFFFFFFFFFFFFFFFFFFFFFF0A
:10C64000FFFFFFFFFFFFFFFFFFFFFFFFFFFFFFFFFA
:10C65000FFFFFFFFFFFFFFFFFFFFFFFFFFFFFFFFEA
:10C66000FFFFFFFFFFFFFFFFFFFFFFFFFFFFFFFFDA
:10C67000FFFFFFFFFFFFFFFFFFFFFFFFFFFFFFFFCA
:10C68000FFFFFFFFFFFFFFFFFFFFFFFFFFFFFFFFBA
:10C69000FFFFFFFFFFFFFFFFFFFFFFFFFFFFFFFFAA
:10C6A000FFFFFFFFFFFFFFFFFFFFFFFFFFFFFFFF9A
:10C6B000FFFFFFFFFFFFFFFFFFFFFFFFFFFFFFFF8A
:10C6C000FFFFFFFFFFFFFFFFFFFFFFFFFFFFFFFF7A
:10C6D000FFFFFFFFFFFFFFFFFFFFFFFFFFFFFFFF6A
:10C6E000FFFFFFFFFFFFFFFFFFFFFFFFFFFFFFFF5A
:10C6F000FFFFFFFFFFFFFFFFFFFFFFFFFFFFFFFF4A
:10C70000FFFFFFFFFFFFFFFFFFFFFFFFFFFFFFFF39
:10C71000FFFFFFFFFFFFFFFFFFFFFFFFFFFFFFFF29
:10C72000FFFFFFFFFFFFFFFFFFFFFFFFFFFFFFFF19
:10C73000FFFFFFFFFFFFFFFFFFFFFFFFFFFFFFFF09
:10C74000FFFFFFFFFFFFFFFFFFFFFFFFFFFFFFFFF9
:10C75000FFFFFFFFFFFFFFFFFFFFFFFFFFFFFFFFE9
:10C76000FFFFFFFFFFFFFFFFFFFFFFFFFFFFFFFFD9
:10C77000FFFFFFFFFFFFFFFFFFFFFFFFFFFFFFFFC9
:10C78000FFFFFFFFFFFFFFFFFFFFFFFFFFFFFFFFB9
:10C79000FFFFFFFFFFFFFFFFFFFFFFFFFFFFFFFFA9
:10C7A000FFFFFFFFFFFFFFFFFFFFFFFFFFFFFFFF99
:10C7B000FFFFFFFFFFFFFFFFFFFFFFFFFFFFFFFF89
:10C7C000FFFFFFFFFFFFFFFFFFFFFFFFFFFFFFFF79
:10C7D000FFFFFFFFFFFFFFFFFFFFFFFFFFFFFFFF69
:10C7E000FFFFFFFFFFFFFFFFFFFFFFFFFFFFFFFF59
:10C7F000FFFFFFFFFFFFFFFFFFFFFFFFFFFFFFFF49
:10C80000FFFFFFFFFFFFFFFFFFFFFFFFFFFFFFFF38
:10C81000FFFFFFFFFFFFFFFFFFFFFFFFFFFFFFFF28
:10C82000FFFFFFFFFFFFFFFFFFFFFFFFFFFFFFFF18
:10C83000FFFFFFFFFFFFFFFFFFFFFFFFFFFFFFFF08
:10C84000FFFFFFFFFFFFFFFFFFFFFFFFFFFFFFFFF8
:10C85000FFFFFFFFFFFFFFFFFFFFFFFFFFFFFFFFE8
:10C86000FFFFFFFFFFFFFFFFFFFFFFFFFFFFFFFFD8
:10C87000FFFFFFFFFFFFFFFFFFFFFFFFFFFFFFFFC8
:10C88000FFFFFFFFFFFFFFFFFFFFFFFFFFFFFFFFB8
:10C89000FFFFFFFFFFFFFFFFFFFFFFFFFFFFFFFFA8
:10C8A000FFFFFFFFFFFFFFFFFFFFFFFFFFFFFFFF98
:10C8B000FFFFFFFFFFFFFFFFFFFFFFFFFFFFFFFF88
:10C8C000FFFFFFFFFFFFFFFFFFFFFFFFFFFFFFFF78
:10C8D000FFFFFFFFFFFFFFFFFFFFFFFFFFFFFFFF68
:10C8E000FFFFFFFFFFFFFFFFFFFFFFFFFFFFFFFF58
:10C8F000FFFFFFFFFFFFFFFFFFFFFFFFFFFFFFFF48
:10C90000FFFFFFFFFFFFFFFFFFFFFFFFFFFFFFFF37
:10C91000FFFFFFFFFFFFFFFFFFFFFFFFFFFFFFFF27
:10C92000FFFFFFFFFFFFFFFFFFFFFFFFFFFFFFFF17
:10C93000FFFFFFFFFFFFFFFFFFFFFFFFFFFFFFFF07
:10C94000FFFFFFFFFFFFFFFFFFFFFFFFFFFFFFFFF7
:10C95000FFFFFFFFFFFFFFFFFFFFFFFFFFFFFFFFE7
:10C96000FFFFFFFFFFFFFFFFFFFFFFFFFFFFFFFFD7
:10C97000FFFFFFFFFFFFFFFFFFFFFFFFFFFFFFFFC7
:10C98000FFFFFFFFFFFFFFFFFFFFFFFFFFFFFFFFB7
:10C99000FFFFFFFFFFFFFFFFFFFFFFFFFFFFFFFFA7
:10C9A000FFFFFFFFFFFFFFFFFFFFFFFFFFFFFFFF97
:10C9B000FFFFFFFFFFFFFFFFFFFFFFFFFFFFFFFF87
:10C9C000FFFFFFFFFFFFFFFFFFFFFFFFFFFFFFFF77
:10C9D000FFFFFFFFFFFFFFFFFFFFFFFFFFFFFFFF67
:10C9E000FFFFFFFFFFFFFFFFFFFFFFFFFFFFFFFF57
:10C9F000FFFFFFFFFFFFFFFFFFFFFFFFFFFFFFFF47
:10CA0000FFFFFFFFFFFFFFFFFFFFFFFFFFFFFFFF36
:10CA1000FFFFFFFFFFFFFFFFFFFFFFFFFFFFFFFF26
:10CA2000FFFFFFFFFFFFFFFFFFFFFFFFFFFFFFFF16
:10CA3000FFFFFFFFFFFFFFFFFFFFFFFFFFFFFFFF06
:10CA4000FFFFFFFFFFFFFFFFFFFFFFFFFFFFFFFFF6
:10CA5000FFFFFFFFFFFFFFFFFFFFFFFFFFFFFFFFE6
:10CA6000FFFFFFFFFFFFFFFFFFFFFFFFFFFFFFFFD6
:10CA7000FFFFFFFFFFFFFFFFFFFFFFFFFFFFFFFFC6
:10CA8000FFFFFFFFFFFFFFFFFFFFFFFFFFFFFFFFB6
:10CA9000FFFFFFFFFFFFFFFFFFFFFFFFFFFFFFFFA6
:10CAA000FFFFFFFFFFFFFFFFFFFFFFFFFFFFFFFF96
:10CAB000FFFFFFFFFFFFFFFFFFFFFFFFFFFFFFFF86
:10CAC000FFFFFFFFFFFFFFFFFFFFFFFFFFFFFFFF76
:10CAD000FFFFFFFFFFFFFFFFFFFFFFFFFFFFFFFF66
:10CAE000FFFFFFFFFFFFFFFFFFFFFFFFFFFFFFFF56
:10CAF000FFFFFFFFFFFFFFFFFFFFFFFFFFFFFFFF46
:10CB0000FFFFFFFFFFFFFFFFFFFFFFFFFFFFFFFF35
:10CB1000FFFFFFFFFFFFFFFFFFFFFFFFFFFFFFFF25
:10CB2000FFFFFFFFFFFFFFFFFFFFFFFFFFFFFFFF15
:10CB3000FFFFFFFFFFFFFFFFFFFFFFFFFFFFFFFF05
:10CB4000FFFFFFFFFFFFFFFFFFFFFFFFFFFFFFFFF5
:10CB5000FFFFFFFFFFFFFFFFFFFFFFFFFFFFFFFFE5
:10CB6000FFFFFFFFFFFFFFFFFFFFFFFFFFFFFFFFD5
:10CB7000FFFFFFFFFFFFFFFFFFFFFFFFFFFFFFFFC5
:10CB8000FFFFFFFFFFFFFFFFFFFFFFFFFFFFFFFFB5
:10CB9000FFFFFFFFFFFFFFFFFFFFFFFFFFFFFFFFA5
:10CBA000FFFFFFFFFFFFFFFFFFFFFFFFFFFFFFFF95
:10CBB000FFFFFFFFFFFFFFFFFFFFFFFFFFFFFFFF85
:10CBC000FFFFFFFFFFFFFFFFFFFFFFFFFFFFFFFF75
:10CBD000FFFFFFFFFFFFFFFFFFFFFFFFFFFFFFFF65
:10CBE000FFFFFFFFFFFFFFFFFFFFFFFFFFFFFFFF55
:10CBF000FFFFFFFFFFFFFFFFFFFFFFFFFFFFFFFF45
:10CC0000FFFFFFFFFFFFFFFFFFFFFFFFFFFFFFFF34
:10CC1000FFFFFFFFFFFFFFFFFFFFFFFFFFFFFFFF24
:10CC2000FFFFFFFFFFFFFFFFFFFFFFFFFFFFFFFF14
:10CC3000FFFFFFFFFFFFFFFFFFFFFFFFFFFFFFFF04
:10CC4000FFFFFFFFFFFFFFFFFFFFFFFFFFFFFFFFF4
:10CC5000FFFFFFFFFFFFFFFFFFFFFFFFFFFFFFFFE4
:10CC6000FFFFFFFFFFFFFFFFFFFFFFFFFFFFFFFFD4
:10CC7000FFFFFFFFFFFFFFFFFFFFFFFFFFFFFFFFC4
:10CC8000FFFFFFFFFFFFFFFFFFFFFFFFFFFFFFFFB4
:10CC9000FFFFFFFFFFFFFFFFFFFFFFFFFFFFFFFFA4
:10CCA000FFFFFFFFFFFFFFFFFFFFFFFFFFFFFFFF94
:10CCB000FFFFFFFFFFFFFFFFFFFFFFFFFFFFFFFF84
:10CCC000FFFFFFFFFFFFFFFFFFFFFFFFFFFFFFFF74
:10CCD000FFFFFFFFFFFFFFFFFFFFFFFFFFFFFFFF64
:10CCE000FFFFFFFFFFFFFFFFFFFFFFFFFFFFFFFF54
:10CCF000FFFFFFFFFFFFFFFFFFFFFFFFFFFFFFFF44
:10CD0000FFFFFFFFFFFFFFFFFFFFFFFFFFFFFFFF33
:10CD1000FFFFFFFFFFFFFFFFFFFFFFFFFFFFFFFF23
:10CD2000FFFFFFFFFFFFFFFFFFFFFFFFFFFFFFFF13
:10CD3000FFFFFFFFFFFFFFFFFFFFFFFFFFFFFFFF03
:10CD4000FFFFFFFFFFFFFFFFFFFFFFFFFFFFFFFFF3
:10CD5000FFFFFFFFFFFFFFFFFFFFFFFFFFFFFFFFE3
:10CD6000FFFFFFFFFFFFFFFFFFFFFFFFFFFFFFFFD3
:10CD7000FFFFFFFFFFFFFFFFFFFFFFFFFFFFFFFFC3
:10CD8000FFFFFFFFFFFFFFFFFFFFFFFFFFFFFFFFB3
:10CD9000FFFFFFFFFFFFFFFFFFFFFFFFFFFFFFFFA3
:10CDA000FFFFFFFFFFFFFFFFFFFFFFFFFFFFFFFF93
:10CDB000FFFFFFFFFFFFFFFFFFFFFFFFFFFFFFFF83
:10CDC000FFFFFFFFFFFFFFFFFFFFFFFFFFFFFFFF73
:10CDD000FFFFFFFFFFFFFFFFFFFFFFFFFFFFFFFF63
:10CDE000FFFFFFFFFFFFFFFFFFFFFFFFFFFFFFFF53
:10CDF000FFFFFFFFFFFFFFFFFFFFFFFFFFFFFFFF43
:10CE0000FFFFFFFFFFFFFFFFFFFFFFFFFFFFFFFF32
:10CE1000FFFFFFFFFFFFFFFFFFFFFFFFFFFFFFFF22
:10CE2000FFFFFFFFFFFFFFFFFFFFFFFFFFFFFFFF12
:10CE3000FFFFFFFFFFFFFFFFFFFFFFFFFFFFFFFF02
:10CE4000FFFFFFFFFFFFFFFFFFFFFFFFFFFFFFFFF2
:10CE5000FFFFFFFFFFFFFFFFFFFFFFFFFFFFFFFFE2
:10CE6000FFFFFFFFFFFFFFFFFFFFFFFFFFFFFFFFD2
:10CE7000FFFFFFFFFFFFFFFFFFFFFFFFFFFFFFFFC2
:10CE8000FFFFFFFFFFFFFFFFFFFFFFFFFFFFFFFFB2
:10CE9000FFFFFFFFFFFFFFFFFFFFFFFFFFFFFFFFA2
:10CEA000FFFFFFFFFFFFFFFFFFFFFFFFFFFFFFFF92
:10CEB000FFFFFFFFFFFFFFFFFFFFFFFFFFFFFFFF82
:10CEC000FFFFFFFFFFFFFFFFFFFFFFFFFFFFFFFF72
:10CED000FFFFFFFFFFFFFFFFFFFFFFFFFFFFFFFF62
:10CEE000FFFFFFFFFFFFFFFFFFFFFFFFFFFFFFFF52
:10CEF000FFFFFFFFFFFFFFFFFFFFFFFFFFFFFFFF42
:10CF0000FFFFFFFFFFFFFFFFFFFFFFFFFFFFFFFF31
:10CF1000FFFFFFFFFFFFFFFFFFFFFFFFFFFFFFFF21
:10CF2000FFFFFFFFFFFFFFFFFFFFFFFFFFFFFFFF11
:10CF3000FFFFFFFFFFFFFFFFFFFFFFFFFFFFFFFF01
:10CF4000FFFFFFFFFFFFFFFFFFFFFFFFFFFFFFFFF1
:10CF5000FFFFFFFFFFFFFFFFFFFFFFFFFFFFFFFFE1
:10CF6000FFFFFFFFFFFFFFFFFFFFFFFFFFFFFFFFD1
:10CF7000FFFFFFFFFFFFFFFFFFFFFFFFFFFFFFFFC1
:10CF8000FFFFFFFFFFFFFFFFFFFFFFFFFFFFFFFFB1
:10CF9000FFFFFFFFFFFFFFFFFFFFFFFFFFFFFFFFA1
:10CFA000FFFFFFFFFFFFFFFFFFFFFFFFFFFFFFFF91
:10CFB000FFFFFFFFFFFFFFFFFFFFFFFFFFFFFFFF81
:10CFC000FFFFFFFFFFFFFFFFFFFFFFFFFFFFFFFF71
:10CFD000FFFFFFFFFFFFFFFFFFFFFFFFFFFFFFFF61
:10CFE000FFFFFFFFFFFFFFFFFFFFFFFFFFFFFFFF51
:10CFF000FFFFFFFFFFFFFFFFFFFFFFFFFFFFFFFF41
:10D00000FFFFFFFFFFFFFFFFFFFFFFFFFFFFFFFF30
:10D01000FFFFFFFFFFFFFFFFFFFFFFFFFFFFFFFF20
:10D02000FFFFFFFFFFFFFFFFFFFFFFFFFFFFFFFF10
:10D03000FFFFFFFFFFFFFFFFFFFFFFFFFFFFFFFF00
:10D04000FFFFFFFFFFFFFFFFFFFFFFFFFFFFFFFFF0
:10D05000FFFFFFFFFFFFFFFFFFFFFFFFFFFFFFFFE0
:10D06000FFFFFFFFFFFFFFFFFFFFFFFFFFFFFFFFD0
:10D07000FFFFFFFFFFFFFFFFFFFFFFFFFFFFFFFFC0
:10D08000FFFFFFFFFFFFFFFFFFFFFFFFFFFFFFFFB0
:10D09000FFFFFFFFFFFFFFFFFFFFFFFFFFFFFFFFA0
:10D0A000FFFFFFFFFFFFFFFFFFFFFFFFFFFFFFFF90
:10D0B000FFFFFFFFFFFFFFFFFFFFFFFFFFFFFFFF80
:10D0C000FFFFFFFFFFFFFFFFFFFFFFFFFFFFFFFF70
:10D0D000FFFFFFFFFFFFFFFFFFFFFFFFFFFFFFFF60
:10D0E000FFFFFFFFFFFFFFFFFFFFFFFFFFFFFFFF50
:10D0F000FFFFFFFFFFFFFFFFFFFFFFFFFFFFFFFF40
:10D10000FFFFFFFFFFFFFFFFFFFFFFFFFFFFFFFF2F
:10D11000FFFFFFFFFFFFFFFFFFFFFFFFFFFFFFFF1F
:10D12000FFFFFFFFFFFFFFFFFFFFFFFFFFFFFFFF0F
:10D13000FFFFFFFFFFFFFFFFFFFFFFFFFFFFFFFFFF
:10D14000FFFFFFFFFFFFFFFFFFFFFFFFFFFFFFFFEF
:10D15000FFFFFFFFFFFFFFFFFFFFFFFFFFFFFFFFDF
:10D16000FFFFFFFFFFFFFFFFFFFFFFFFFFFFFFFFCF
:10D17000FFFFFFFFFFFFFFFFFFFFFFFFFFFFFFFFBF
:10D18000FFFFFFFFFFFFFFFFFFFFFFFFFFFFFFFFAF
:10D19000FFFFFFFFFFFFFFFFFFFFFFFFFFFFFFFF9F
:10D1A000FFFFFFFFFFFFFFFFFFFFFFFFFFFFFFFF8F
:10D1B000FFFFFFFFFFFFFFFFFFFFFFFFFFFFFFFF7F
:10D1C000FFFFFFFFFFFFFFFFFFFFFFFFFFFFFFFF6F
:10D1D000FFFFFFFFFFFFFFFFFFFFFFFFFFFFFFFF5F
:10D1E000FFFFFFFFFFFFFFFFFFFFFFFFFFFFFFFF4F
:10D1F000FFFFFFFFFFFFFFFFFFFFFFFFFFFFFFFF3F
:10D20000FFFFFFFFFFFFFFFFFFFFFFFFFFFFFFFF2E
:10D21000FFFFFFFFFFFFFFFFFFFFFFFFFFFFFFFF1E
:10D22000FFFFFFFFFFFFFFFFFFFFFFFFFFFFFFFF0E
:10D23000FFFFFFFFFFFFFFFFFFFFFFFFFFFFFFFFFE
:10D24000FFFFFFFFFFFFFFFFFFFFFFFFFFFFFFFFEE
:10D25000FFFFFFFFFFFFFFFFFFFFFFFFFFFFFFFFDE
:10D26000FFFFFFFFFFFFFFFFFFFFFFFFFFFFFFFFCE
:10D27000FFFFFFFFFFFFFFFFFFFFFFFFFFFFFFFFBE
:10D28000FFFFFFFFFFFFFFFFFFFFFFFFFFFFFFFFAE
:10D29000FFFFFFFFFFFFFFFFFFFFFFFFFFFFFFFF9E
:10D2A000FFFFFFFFFFFFFFFFFFFFFFFFFFFFFFFF8E
:10D2B000FFFFFFFFFFFFFFFFFFFFFFFFFFFFFFFF7E
:10D2C000FFFFFFFFFFFFFFFFFFFFFFFFFFFFFFFF6E
:10D2D000FFFFFFFFFFFFFFFFFFFFFFFFFFFFFFFF5E
:10D2E000FFFFFFFFFFFFFFFFFFFFFFFFFFFFFFFF4E
:10D2F000FFFFFFFFFFFFFFFFFFFFFFFFFFFFFFFF3E
:10D30000FFFFFFFFFFFFFFFFFFFFFFFFFFFFFFFF2D
:10D31000FFFFFFFFFFFFFFFFFFFFFFFFFFFFFFFF1D
:10D32000FFFFFFFFFFFFFFFFFFFFFFFFFFFFFFFF0D
:10D33000FFFFFFFFFFFFFFFFFFFFFFFFFFFFFFFFFD
:10D34000FFFFFFFFFFFFFFFFFFFFFFFFFFFFFFFFED
:10D35000FFFFFFFFFFFFFFFFFFFFFFFFFFFFFFFFDD
:10D36000FFFFFFFFFFFFFFFFFFFFFFFFFFFFFFFFCD
:10D37000FFFFFFFFFFFFFFFFFFFFFFFFFFFFFFFFBD
:10D38000FFFFFFFFFFFFFFFFFFFFFFFFFFFFFFFFAD
:10D39000FFFFFFFFFFFFFFFFFFFFFFFFFFFFFFFF9D
:10D3A000FFFFFFFFFFFFFFFFFFFFFFFFFFFFFFFF8D
:10D3B000FFFFFFFFFFFFFFFFFFFFFFFFFFFFFFFF7D
:10D3C000FFFFFFFFFFFFFFFFFFFFFFFFFFFFFFFF6D
:10D3D000FFFFFFFFFFFFFFFFFFFFFFFFFFFFFFFF5D
:10D3E000FFFFFFFFFFFFFFFFFFFFFFFFFFFFFFFF4D
:10D3F000FFFFFFFFFFFFFFFFFFFFFFFFFFFFFFFF3D
:10D40000FFFFFFFFFFFFFFFFFFFFFFFFFFFFFFFF2C
:10D41000FFFFFFFFFFFFFFFFFFFFFFFFFFFFFFFF1C
:10D42000FFFFFFFFFFFFFFFFFFFFFFFFFFFFFFFF0C
:10D43000FFFFFFFFFFFFFFFFFFFFFFFFFFFFFFFFFC
:10D44000FFFFFFFFFFFFFFFFFFFFFFFFFFFFFFFFEC
:10D45000FFFFFFFFFFFFFFFFFFFFFFFFFFFFFFFFDC
:10D46000FFFFFFFFFFFFFFFFFFFFFFFFFFFFFFFFCC
:10D47000FFFFFFFFFFFFFFFFFFFFFFFFFFFFFFFFBC
:10D48000FFFFFFFFFFFFFFFFFFFFFFFFFFFFFFFFAC
:10D49000FFFFFFFFFFFFFFFFFFFFFFFFFFFFFFFF9C
:10D4A000FFFFFFFFFFFFFFFFFFFFFFFFFFFFFFFF8C
:10D4B000FFFFFFFFFFFFFFFFFFFFFFFFFFFFFFFF7C
:10D4C000FFFFFFFFFFFFFFFFFFFFFFFFFFFFFFFF6C
:10D4D000FFFFFFFFFFFFFFFFFFFFFFFFFFFFFFFF5C
:10D4E000FFFFFFFFFFFFFFFFFFFFFFFFFFFFFFFF4C
:10D4F000FFFFFFFFFFFFFFFFFFFFFFFFFFFFFFFF3C
:10D50000FFFFFFFFFFFFFFFFFFFFFFFFFFFFFFFF2B
:10D51000FFFFFFFFFFFFFFFFFFFFFFFFFFFFFFFF1B
:10D52000FFFFFFFFFFFFFFFFFFFFFFFFFFFFFFFF0B
:10D53000FFFFFFFFFFFFFFFFFFFFFFFFFFFFFFFFFB
:10D54000FFFFFFFFFFFFFFFFFFFFFFFFFFFFFFFFEB
:10D55000FFFFFFFFFFFFFFFFFFFFFFFFFFFFFFFFDB
:10D56000FFFFFFFFFFFFFFFFFFFFFFFFFFFFFFFFCB
:10D57000FFFFFFFFFFFFFFFFFFFFFFFFFFFFFFFFBB
:10D58000FFFFFFFFFFFFFFFFFFFFFFFFFFFFFFFFAB
:10D59000FFFFFFFFFFFFFFFFFFFFFFFFFFFFFFFF9B
:10D5A000FFFFFFFFFFFFFFFFFFFFFFFFFFFFFFFF8B
:10D5B000FFFFFFFFFFFFFFFFFFFFFFFFFFFFFFFF7B
:10D5C000FFFFFFFFFFFFFFFFFFFFFFFFFFFFFFFF6B
:10D5D000FFFFFFFFFFFFFFFFFFFFFFFFFFFFFFFF5B
:10D5E000FFFFFFFFFFFFFFFFFFFFFFFFFFFFFFFF4B
:10D5F000FFFFFFFFFFFFFFFFFFFFFFFFFFFFFFFF3B
:10D60000FFFFFFFFFFFFFFFFFFFFFFFFFFFFFFFF2A
:10D61000FFFFFFFFFFFFFFFFFFFFFFFFFFFFFFFF1A
:10D62000FFFFFFFFFFFFFFFFFFFFFFFFFFFFFFFF0A
:10D63000FFFFFFFFFFFFFFFFFFFFFFFFFFFFFFFFFA
:10D64000FFFFFFFFFFFFFFFFFFFFFFFFFFFFFFFFEA
:10D65000FFFFFFFFFFFFFFFFFFFFFFFFFFFFFFFFDA
:10D66000FFFFFFFFFFFFFFFFFFFFFFFFFFFFFFFFCA
:10D67000FFFFFFFFFFFFFFFFFFFFFFFFFFFFFFFFBA
:10D68000FFFFFFFFFFFFFFFFFFFFFFFFFFFFFFFFAA
:10D69000FFFFFFFFFFFFFFFFFFFFFFFFFFFFFFFF9A
:10D6A000FFFFFFFFFFFFFFFFFFFFFFFFFFFFFFFF8A
:10D6B000FFFFFFFFFFFFFFFFFFFFFFFFFFFFFFFF7A
:10D6C000FFFFFFFFFFFFFFFFFFFFFFFFFFFFFFFF6A
:10D6D000FFFFFFFFFFFFFFFFFFFFFFFFFFFFFFFF5A
:10D6E000FFFFFFFFFFFFFFFFFFFFFFFFFFFFFFFF4A
:10D6F000FFFFFFFFFFFFFFFFFFFFFFFFFFFFFFFF3A
:10D70000FFFFFFFFFFFFFFFFFFFFFFFFFFFFFFFF29
:10D71000FFFFFFFFFFFFFFFFFFFFFFFFFFFFFFFF19
:10D72000FFFFFFFFFFFFFFFFFFFFFFFFFFFFFFFF09
:10D73000FFFFFFFFFFFFFFFFFFFFFFFFFFFFFFFFF9
:10D74000FFFFFFFFFFFFFFFFFFFFFFFFFFFFFFFFE9
:10D75000FFFFFFFFFFFFFFFFFFFFFFFFFFFFFFFFD9
:10D76000FFFFFFFFFFFFFFFFFFFFFFFFFFFFFFFFC9
:10D77000FFFFFFFFFFFFFFFFFFFFFFFFFFFFFFFFB9
:10D78000FFFFFFFFFFFFFFFFFFFFFFFFFFFFFFFFA9
:10D79000FFFFFFFFFFFFFFFFFFFFFFFFFFFFFFFF99
:10D7A000FFFFFFFFFFFFFFFFFFFFFFFFFFFFFFFF89
:10D7B000FFFFFFFFFFFFFFFFFFFFFFFFFFFFFFFF79
:10D7C000FFFFFFFFFFFFFFFFFFFFFFFFFFFFFFFF69
:10D7D000FFFFFFFFFFFFFFFFFFFFFFFFFFFFFFFF59
:10D7E000FFFFFFFFFFFFFFFFFFFFFFFFFFFFFFFF49
:10D7F000FFFFFFFFFFFFFFFFFFFFFFFFFFFFFFFF39
:10D80000FFFFFFFFFFFFFFFFFFFFFFFFFFFFFFFF28
:10D81000FFFFFFFFFFFFFFFFFFFFFFFFFFFFFFFF18
:10D82000FFFFFFFFFFFFFFFFFFFFFFFFFFFFFFFF08
:10D83000FFFFFFFFFFFFFFFFFFFFFFFFFFFFFFFFF8
:10D84000FFFFFFFFFFFFFFFFFFFFFFFFFFFFFFFFE8
:10D85000FFFFFFFFFFFFFFFFFFFFFFFFFFFFFFFFD8
:10D86000FFFFFFFFFFFFFFFFFFFFFFFFFFFFFFFFC8
:10D87000FFFFFFFFFFFFFFFFFFFFFFFFFFFFFFFFB8
:10D88000FFFFFFFFFFFFFFFFFFFFFFFFFFFFFFFFA8
:10D89000FFFFFFFFFFFFFFFFFFFFFFFFFFFFFFFF98
:10D8A000FFFFFFFFFFFFFFFFFFFFFFFFFFFFFFFF88
:10D8B000FFFFFFFFFFFFFFFFFFFFFFFFFFFFFFFF78
:10D8C000FFFFFFFFFFFFFFFFFFFFFFFFFFFFFFFF68
:10D8D000FFFFFFFFFFFFFFFFFFFFFFFFFFFFFFFF58
:10D8E000FFFFFFFFFFFFFFFFFFFFFFFFFFFFFFFF48
:10D8F000FFFFFFFFFFFFFFFFFFFFFFFFFFFFFFFF38
:10D90000FFFFFFFFFFFFFFFFFFFFFFFFFFFFFFFF27
:10D91000FFFFFFFFFFFFFFFFFFFFFFFFFFFFFFFF17
:10D92000FFFFFFFFFFFFFFFFFFFFFFFFFFFFFFFF07
:10D93000FFFFFFFFFFFFFFFFFFFFFFFFFFFFFFFFF7
:10D94000FFFFFFFFFFFFFFFFFFFFFFFFFFFFFFFFE7
:10D95000FFFFFFFFFFFFFFFFFFFFFFFFFFFFFFFFD7
:10D96000FFFFFFFFFFFFFFFFFFFFFFFFFFFFFFFFC7
:10D97000FFFFFFFFFFFFFFFFFFFFFFFFFFFFFFFFB7
:10D98000FFFFFFFFFFFFFFFFFFFFFFFFFFFFFFFFA7
:10D99000FFFFFFFFFFFFFFFFFFFFFFFFFFFFFFFF97
:10D9A000FFFFFFFFFFFFFFFFFFFFFFFFFFFFFFFF87
:10D9B000FFFFFFFFFFFFFFFFFFFFFFFFFFFFFFFF77
:10D9C000FFFFFFFFFFFFFFFFFFFFFFFFFFFFFFFF67
:10D9D000FFFFFFFFFFFFFFFFFFFFFFFFFFFFFFFF57
:10D9E000FFFFFFFFFFFFFFFFFFFFFFFFFFFFFFFF47
:10D9F000FFFFFFFFFFFFFFFFFFFFFFFFFFFFFFFF37
:10DA0000FFFFFFFFFFFFFFFFFFFFFFFFFFFFFFFF26
:10DA1000FFFFFFFFFFFFFFFFFFFFFFFFFFFFFFFF16
:10DA2000FFFFFFFFFFFFFFFFFFFFFFFFFFFFFFFF06
:10DA3000FFFFFFFFFFFFFFFFFFFFFFFFFFFFFFFFF6
:10DA4000FFFFFFFFFFFFFFFFFFFFFFFFFFFFFFFFE6
:10DA5000FFFFFFFFFFFFFFFFFFFFFFFFFFFFFFFFD6
:10DA6000FFFFFFFFFFFFFFFFFFFFFFFFFFFFFFFFC6
:10DA7000FFFFFFFFFFFFFFFFFFFFFFFFFFFFFFFFB6
:10DA8000FFFFFFFFFFFFFFFFFFFFFFFFFFFFFFFFA6
:10DA9000FFFFFFFFFFFFFFFFFFFFFFFFFFFFFFFF96
:10DAA000FFFFFFFFFFFFFFFFFFFFFFFFFFFFFFFF86
:10DAB000FFFFFFFFFFFFFFFFFFFFFFFFFFFFFFFF76
:10DAC000FFFFFFFFFFFFFFFFFFFFFFFFFFFFFFFF66
:10DAD000FFFFFFFFFFFFFFFFFFFFFFFFFFFFFFFF56
:10DAE000FFFFFFFFFFFFFFFFFFFFFFFFFFFFFFFF46
:10DAF000FFFFFFFFFFFFFFFFFFFFFFFFFFFFFFFF36
:10DB0000FFFFFFFFFFFFFFFFFFFFFFFFFFFFFFFF25
:10DB1000FFFFFFFFFFFFFFFFFFFFFFFFFFFFFFFF15
:10DB2000FFFFFFFFFFFFFFFFFFFFFFFFFFFFFFFF05
:10DB3000FFFFFFFFFFFFFFFFFFFFFFFFFFFFFFFFF5
:10DB4000FFFFFFFFFFFFFFFFFFFFFFFFFFFFFFFFE5
:10DB5000FFFFFFFFFFFFFFFFFFFFFFFFFFFFFFFFD5
:10DB6000FFFFFFFFFFFFFFFFFFFFFFFFFFFFFFFFC5
:10DB7000FFFFFFFFFFFFFFFFFFFFFFFFFFFFFFFFB5
:10DB8000FFFFFFFFFFFFFFFFFFFFFFFFFFFFFFFFA5
:10DB9000FFFFFFFFFFFFFFFFFFFFFFFFFFFFFFFF95
:10DBA000FFFFFFFFFFFFFFFFFFFFFFFFFFFFFFFF85
:10DBB000FFFFFFFFFFFFFFFFFFFFFFFFFFFFFFFF75
:10DBC000FFFFFFFFFFFFFFFFFFFFFFFFFFFFFFFF65
:10DBD000FFFFFFFFFFFFFFFFFFFFFFFFFFFFFFFF55
:10DBE000FFFFFFFFFFFFFFFFFFFFFFFFFFFFFFFF45
:10DBF000FFFFFFFFFFFFFFFFFFFFFFFFFFFFFFFF35
:10DC0000FFFFFFFFFFFFFFFFFFFFFFFFFFFFFFFF24
:10DC1000FFFFFFFFFFFFFFFFFFFFFFFFFFFFFFFF14
:10DC2000FFFFFFFFFFFFFFFFFFFFFFFFFFFFFFFF04
:10DC3000FFFFFFFFFFFFFFFFFFFFFFFFFFFFFFFFF4
:10DC4000FFFFFFFFFFFFFFFFFFFFFFFFFFFFFFFFE4
:10DC5000FFFFFFFFFFFFFFFFFFFFFFFFFFFFFFFFD4
:10DC6000FFFFFFFFFFFFFFFFFFFFFFFFFFFFFFFFC4
:10DC7000FFFFFFFFFFFFFFFFFFFFFFFFFFFFFFFFB4
:10DC8000FFFFFFFFFFFFFFFFFFFFFFFFFFFFFFFFA4
:10DC9000FFFFFFFFFFFFFFFFFFFFFFFFFFFFFFFF94
:10DCA000FFFFFFFFFFFFFFFFFFFFFFFFFFFFFFFF84
:10DCB000FFFFFFFFFFFFFFFFFFFFFFFFFFFFFFFF74
:10DCC000FFFFFFFFFFFFFFFFFFFFFFFFFFFFFFFF64
:10DCD000FFFFFFFFFFFFFFFFFFFFFFFFFFFFFFFF54
:10DCE000FFFFFFFFFFFFFFFFFFFFFFFFFFFFFFFF44
:10DCF000FFFFFFFFFFFFFFFFFFFFFFFFFFFFFFFF34
:10DD0000FFFFFFFFFFFFFFFFFFFFFFFFFFFFFFFF23
:10DD1000FFFFFFFFFFFFFFFFFFFFFFFFFFFFFFFF13
:10DD2000FFFFFFFFFFFFFFFFFFFFFFFFFFFFFFFF03
:10DD3000FFFFFFFFFFFFFFFFFFFFFFFFFFFFFFFFF3
:10DD4000FFFFFFFFFFFFFFFFFFFFFFFFFFFFFFFFE3
:10DD5000FFFFFFFFFFFFFFFFFFFFFFFFFFFFFFFFD3
:10DD6000FFFFFFFFFFFFFFFFFFFFFFFFFFFFFFFFC3
:10DD7000FFFFFFFFFFFFFFFFFFFFFFFFFFFFFFFFB3
:10DD8000FFFFFFFFFFFFFFFFFFFFFFFFFFFFFFFFA3
:10DD9000FFFFFFFFFFFFFFFFFFFFFFFFFFFFFFFF93
:10DDA000FFFFFFFFFFFFFFFFFFFFFFFFFFFFFFFF83
:10DDB000FFFFFFFFFFFFFFFFFFFFFFFFFFFFFFFF73
:10DDC000FFFFFFFFFFFFFFFFFFFFFFFFFFFFFFFF63
:10DDD000FFFFFFFFFFFFFFFFFFFFFFFFFFFFFFFF53
:10DDE000FFFFFFFFFFFFFFFFFFFFFFFFFFFFFFFF43
:10DDF000FFFFFFFFFFFFFFFFFFFFFFFFFFFFFFFF33
:10DE0000FFFFFFFFFFFFFFFFFFFFFFFFFFFFFFFF22
:10DE1000FFFFFFFFFFFFFFFFFFFFFFFFFFFFFFFF12
:10DE2000FFFFFFFFFFFFFFFFFFFFFFFFFFFFFFFF02
:10DE3000FFFFFFFFFFFFFFFFFFFFFFFFFFFFFFFFF2
:10DE4000FFFFFFFFFFFFFFFFFFFFFFFFFFFFFFFFE2
:10DE5000FFFFFFFFFFFFFFFFFFFFFFFFFFFFFFFFD2
:10DE6000FFFFFFFFFFFFFFFFFFFFFFFFFFFFFFFFC2
:10DE7000FFFFFFFFFFFFFFFFFFFFFFFFFFFFFFFFB2
:10DE8000FFFFFFFFFFFFFFFFFFFFFFFFFFFFFFFFA2
:10DE9000FFFFFFFFFFFFFFFFFFFFFFFFFFFFFFFF92
:10DEA000FFFFFFFFFFFFFFFFFFFFFFFFFFFFFFFF82
:10DEB000FFFFFFFFFFFFFFFFFFFFFFFFFFFFFFFF72
:10DEC000FFFFFFFFFFFFFFFFFFFFFFFFFFFFFFFF62
:10DED000FFFFFFFFFFFFFFFFFFFFFFFFFFFFFFFF52
:10DEE000FFFFFFFFFFFFFFFFFFFFFFFFFFFFFFFF42
:10DEF000FFFFFFFFFFFFFFFFFFFFFFFFFFFFFFFF32
:10DF0000FFFFFFFFFFFFFFFFFFFFFFFFFFFFFFFF21
:10DF1000FFFFFFFFFFFFFFFFFFFFFFFFFFFFFFFF11
:10DF2000FFFFFFFFFFFFFFFFFFFFFFFFFFFFFFFF01
:10DF3000FFFFFFFFFFFFFFFFFFFFFFFFFFFFFFFFF1
:10DF4000FFFFFFFFFFFFFFFFFFFFFFFFFFFFFFFFE1
:10DF5000FFFFFFFFFFFFFFFFFFFFFFFFFFFFFFFFD1
:10DF6000FFFFFFFFFFFFFFFFFFFFFFFFFFFFFFFFC1
:10DF7000FFFFFFFFFFFFFFFFFFFFFFFFFFFFFFFFB1
:10DF8000FFFFFFFFFFFFFFFFFFFFFFFFFFFFFFFFA1
:10DF9000FFFFFFFFFFFFFFFFFFFFFFFFFFFFFFFF91
:10DFA000FFFFFFFFFFFFFFFFFFFFFFFFFFFFFFFF81
:10DFB000FFFFFFFFFFFFFFFFFFFFFFFFFFFFFFFF71
:10DFC000FFFFFFFFFFFFFFFFFFFFFFFFFFFFFFFF61
:10DFD000FFFFFFFFFFFFFFFFFFFFFFFFFFFFFFFF51
:10DFE000FFFFFFFFFFFFFFFFFFFFFFFFFFFFFFFF41
:10DFF000FFFFFFFFFFFFFFFFFFFFFFFFFFFFFFFF31
:10E00000FFFFFFFFFFFFFFFFFFFFFFFFFFFFFFFF20
:10E01000FFFFFFFFFFFFFFFFFFFFFFFFFFFFFFFF10
:10E02000FFFFFFFFFFFFFFFFFFFFFFFFFFFFFFFF00
:10E03000FFFFFFFFFFFFFFFFFFFFFFFFFFFFFFFFF0
:10E04000FFFFFFFFFFFFFFFFFFFFFFFFFFFFFFFFE0
:10E05000FFFFFFFFFFFFFFFFFFFFFFFFFFFFFFFFD0
:10E06000FFFFFFFFFFFFFFFFFFFFFFFFFFFFFFFFC0
:10E07000FFFFFFFFFFFFFFFFFFFFFFFFFFFFFFFFB0
:10E08000FFFFFFFFFFFFFFFFFFFFFFFFFFFFFFFFA0
:10E09000FFFFFFFFFFFFFFFFFFFFFFFFFFFFFFFF90
:10E0A000FFFFFFFFFFFFFFFFFFFFFFFFFFFFFFFF80
:10E0B000FFFFFFFFFFFFFFFFFFFFFFFFFFFFFFFF70
:10E0C000FFFFFFFFFFFFFFFFFFFFFFFFFFFFFFFF60
:10E0D000FFFFFFFFFFFFFFFFFFFFFFFFFFFFFFFF50
:10E0E000FFFFFFFFFFFFFFFFFFFFFFFFFFFFFFFF40
:10E0F000FFFFFFFFFFFFFFFFFFFFFFFFFFFFFFFF30
:10E10000FFFFFFFFFFFFFFFFFFFFFFFFFFFFFFFF1F
:10E11000FFFFFFFFFFFFFFFFFFFFFFFFFFFFFFFF0F
:10E12000FFFFFFFFFFFFFFFFFFFFFFFFFFFFFFFFFF
:10E13000FFFFFFFFFFFFFFFFFFFFFFFFFFFFFFFFEF
:10E14000FFFFFFFFFFFFFFFFFFFFFFFFFFFFFFFFDF
:10E15000FFFFFFFFFFFFFFFFFFFFFFFFFFFFFFFFCF
:10E16000FFFFFFFFFFFFFFFFFFFFFFFFFFFFFFFFBF
:10E17000FFFFFFFFFFFFFFFFFFFFFFFFFFFFFFFFAF
:10E18000FFFFFFFFFFFFFFFFFFFFFFFFFFFFFFFF9F
:10E19000FFFFFFFFFFFFFFFFFFFFFFFFFFFFFFFF8F
:10E1A000FFFFFFFFFFFFFFFFFFFFFFFFFFFFFFFF7F
:10E1B000FFFFFFFFFFFFFFFFFFFFFFFFFFFFFFFF6F
:10E1C000FFFFFFFFFFFFFFFFFFFFFFFFFFFFFFFF5F
:10E1D000FFFFFFFFFFFFFFFFFFFFFFFFFFFFFFFF4F
:10E1E000FFFFFFFFFFFFFFFFFFFFFFFFFFFFFFFF3F
:10E1F000FFFFFFFFFFFFFFFFFFFFFFFFFFFFFFFF2F
:10E20000FFFFFFFFFFFFFFFFFFFFFFFFFFFFFFFF1E
:10E21000FFFFFFFFFFFFFFFFFFFFFFFFFFFFFFFF0E
:10E22000FFFFFFFFFFFFFFFFFFFFFFFFFFFFFFFFFE
:10E23000FFFFFFFFFFFFFFFFFFFFFFFFFFFFFFFFEE
:10E24000FFFFFFFFFFFFFFFFFFFFFFFFFFFFFFFFDE
:10E25000FFFFFFFFFFFFFFFFFFFFFFFFFFFFFFFFCE
:10E26000FFFFFFFFFFFFFFFFFFFFFFFFFFFFFFFFBE
:10E27000FFFFFFFFFFFFFFFFFFFFFFFFFFFFFFFFAE
:10E28000FFFFFFFFFFFFFFFFFFFFFFFFFFFFFFFF9E
:10E29000FFFFFFFFFFFFFFFFFFFFFFFFFFFFFFFF8E
:10E2A000FFFFFFFFFFFFFFFFFFFFFFFFFFFFFFFF7E
:10E2B000FFFFFFFFFFFFFFFFFFFFFFFFFFFFFFFF6E
:10E2C000FFFFFFFFFFFFFFFFFFFFFFFFFFFFFFFF5E
:10E2D000FFFFFFFFFFFFFFFFFFFFFFFFFFFFFFFF4E
:10E2E000FFFFFFFFFFFFFFFFFFFFFFFFFFFFFFFF3E
:10E2F000FFFFFFFFFFFFFFFFFFFFFFFFFFFFFFFF2E
:10E30000FFFFFFFFFFFFFFFFFFFFFFFFFFFFFFFF1D
:10E31000FFFFFFFFFFFFFFFFFFFFFFFFFFFFFFFF0D
:10E32000FFFFFFFFFFFFFFFFFFFFFFFFFFFFFFFFFD
:10E33000FFFFFFFFFFFFFFFFFFFFFFFFFFFFFFFFED
:10E34000FFFFFFFFFFFFFFFFFFFFFFFFFFFFFFFFDD
:10E35000FFFFFFFFFFFFFFFFFFFFFFFFFFFFFFFFCD
:10E36000FFFFFFFFFFFFFFFFFFFFFFFFFFFFFFFFBD
:10E37000FFFFFFFFFFFFFFFFFFFFFFFFFFFFFFFFAD
:10E38000FFFFFFFFFFFFFFFFFFFFFFFFFFFFFFFF9D
:10E39000FFFFFFFFFFFFFFFFFFFFFFFFFFFFFFFF8D
:10E3A000FFFFFFFFFFFFFFFFFFFFFFFFFFFFFFFF7D
:10E3B000FFFFFFFFFFFFFFFFFFFFFFFFFFFFFFFF6D
:10E3C000FFFFFFFFFFFFFFFFFFFFFFFFFFFFFFFF5D
:10E3D000FFFFFFFFFFFFFFFFFFFFFFFFFFFFFFFF4D
:10E3E000FFFFFFFFFFFFFFFFFFFFFFFFFFFFFFFF3D
:10E3F000FFFFFFFFFFFFFFFFFFFFFFFFFFFFFFFF2D
:10E40000FFFFFFFFFFFFFFFFFFFFFFFFFFFFFFFF1C
:10E41000FFFFFFFFFFFFFFFFFFFFFFFFFFFFFFFF0C
:10E42000FFFFFFFFFFFFFFFFFFFFFFFFFFFFFFFFFC
:10E43000FFFFFFFFFFFFFFFFFFFFFFFFFFFFFFFFEC
:10E44000FFFFFFFFFFFFFFFFFFFFFFFFFFFFFFFFDC
:10E45000FFFFFFFFFFFFFFFFFFFFFFFFFFFFFFFFCC
:10E46000FFFFFFFFFFFFFFFFFFFFFFFFFFFFFFFFBC
:10E47000FFFFFFFFFFFFFFFFFFFFFFFFFFFFFFFFAC
:10E48000FFFFFFFFFFFFFFFFFFFFFFFFFFFFFFFF9C
:10E49000FFFFFFFFFFFFFFFFFFFFFFFFFFFFFFFF8C
:10E4A000FFFFFFFFFFFFFFFFFFFFFFFFFFFFFFFF7C
:10E4B000FFFFFFFFFFFFFFFFFFFFFFFFFFFFFFFF6C
:10E4C000FFFFFFFFFFFFFFFFFFFFFFFFFFFFFFFF5C
:10E4D000FFFFFFFFFFFFFFFFFFFFFFFFFFFFFFFF4C
:10E4E000FFFFFFFFFFFFFFFFFFFFFFFFFFFFFFFF3C
:10E4F000FFFFFFFFFFFFFFFFFFFFFFFFFFFFFFFF2C
:10E50000FFFFFFFFFFFFFFFFFFFFFFFFFFFFFFFF1B
:10E51000FFFFFFFFFFFFFFFFFFFFFFFFFFFFFFFF0B
:10E52000FFFFFFFFFFFFFFFFFFFFFFFFFFFFFFFFFB
:10E53000FFFFFFFFFFFFFFFFFFFFFFFFFFFFFFFFEB
:10E54000FFFFFFFFFFFFFFFFFFFFFFFFFFFFFFFFDB
:10E55000FFFFFFFFFFFFFFFFFFFFFFFFFFFFFFFFCB
:10E56000FFFFFFFFFFFFFFFFFFFFFFFFFFFFFFFFBB
:10E57000FFFFFFFFFFFFFFFFFFFFFFFFFFFFFFFFAB
:10E58000FFFFFFFFFFFFFFFFFFFFFFFFFFFFFFFF9B
:10E59000FFFFFFFFFFFFFFFFFFFFFFFFFFFFFFFF8B
:10E5A000FFFFFFFFFFFFFFFFFFFFFFFFFFFFFFFF7B
:10E5B000FFFFFFFFFFFFFFFFFFFFFFFFFFFFFFFF6B
:10E5C000FFFFFFFFFFFFFFFFFFFFFFFFFFFFFFFF5B
:10E5D000FFFFFFFFFFFFFFFFFFFFFFFFFFFFFFFF4B
:10E5E000FFFFFFFFFFFFFFFFFFFFFFFFFFFFFFFF3B
:10E5F000FFFFFFFFFFFFFFFFFFFFFFFFFFFFFFFF2B
:10E60000FFFFFFFFFFFFFFFFFFFFFFFFFFFFFFFF1A
:10E61000FFFFFFFFFFFFFFFFFFFFFFFFFFFFFFFF0A
:10E62000FFFFFFFFFFFFFFFFFFFFFFFFFFFFFFFFFA
:10E63000FFFFFFFFFFFFFFFFFFFFFFFFFFFFFFFFEA
:10E64000FFFFFFFFFFFFFFFFFFFFFFFFFFFFFFFFDA
:10E65000FFFFFFFFFFFFFFFFFFFFFFFFFFFFFFFFCA
:10E66000FFFFFFFFFFFFFFFFFFFFFFFFFFFFFFFFBA
:10E67000FFFFFFFFFFFFFFFFFFFFFFFFFFFFFFFFAA
:10E68000FFFFFFFFFFFFFFFFFFFFFFFFFFFFFFFF9A
:10E69000FFFFFFFFFFFFFFFFFFFFFFFFFFFFFFFF8A
:10E6A000FFFFFFFFFFFFFFFFFFFFFFFFFFFFFFFF7A
:10E6B000FFFFFFFFFFFFFFFFFFFFFFFFFFFFFFFF6A
:10E6C000FFFFFFFFFFFFFFFFFFFFFFFFFFFFFFFF5A
:10E6D000FFFFFFFFFFFFFFFFFFFFFFFFFFFFFFFF4A
:10E6E000FFFFFFFFFFFFFFFFFFFFFFFFFFFFFFFF3A
:10E6F000FFFFFFFFFFFFFFFFFFFFFFFFFFFFFFFF2A
:10E70000FFFFFFFFFFFFFFFFFFFFFFFFFFFFFFFF19
:10E71000FFFFFFFFFFFFFFFFFFFFFFFFFFFFFFFF09
:10E72000FFFFFFFFFFFFFFFFFFFFFFFFFFFFFFFFF9
:10E73000FFFFFFFFFFFFFFFFFFFFFFFFFFFFFFFFE9
:10E74000FFFFFFFFFFFFFFFFFFFFFFFFFFFFFFFFD9
:10E75000FFFFFFFFFFFFFFFFFFFFFFFFFFFFFFFFC9
:10E76000FFFFFFFFFFFFFFFFFFFFFFFFFFFFFFFFB9
:10E77000FFFFFFFFFFFFFFFFFFFFFFFFFFFFFFFFA9
:10E78000FFFFFFFFFFFFFFFFFFFFFFFFFFFFFFFF99
:10E79000FFFFFFFFFFFFFFFFFFFFFFFFFFFFFFFF89
:10E7A000FFFFFFFFFFFFFFFFFFFFFFFFFFFFFFFF79
:10E7B000FFFFFFFFFFFFFFFFFFFFFFFFFFFFFFFF69
:10E7C000FFFFFFFFFFFFFFFFFFFFFFFFFFFFFFFF59
:10E7D000FFFFFFFFFFFFFFFFFFFFFFFFFFFFFFFF49
:10E7E000FFFFFFFFFFFFFFFFFFFFFFFFFFFFFFFF39
:10E7F000FFFFFFFFFFFFFFFFFFFFFFFFFFFFFFFF29
:10E80000FFFFFFFFFFFFFFFFFFFFFFFFFFFFFFFF18
:10E81000FFFFFFFFFFFFFFFFFFFFFFFFFFFFFFFF08
:10E82000FFFFFFFFFFFFFFFFFFFFFFFFFFFFFFFFF8
:10E83000FFFFFFFFFFFFFFFFFFFFFFFFFFFFFFFFE8
:10E84000FFFFFFFFFFFFFFFFFFFFFFFFFFFFFFFFD8
:10E85000FFFFFFFFFFFFFFFFFFFFFFFFFFFFFFFFC8
:10E86000FFFFFFFFFFFFFFFFFFFFFFFFFFFFFFFFB8
:10E87000FFFFFFFFFFFFFFFFFFFFFFFFFFFFFFFFA8
:10E88000FFFFFFFFFFFFFFFFFFFFFFFFFFFFFFFF98
:10E89000FFFFFFFFFFFFFFFFFFFFFFFFFFFFFFFF88
:10E8A000FFFFFFFFFFFFFFFFFFFFFFFFFFFFFFFF78
:10E8B000FFFFFFFFFFFFFFFFFFFFFFFFFFFFFFFF68
:10E8C000FFFFFFFFFFFFFFFFFFFFFFFFFFFFFFFF58
:10E8D000FFFFFFFFFFFFFFFFFFFFFFFFFFFFFFFF48
:10E8E000FFFFFFFFFFFFFFFFFFFFFFFFFFFFFFFF38
:10E8F000FFFFFFFFFFFFFFFFFFFFFFFFFFFFFFFF28
:10E90000FFFFFFFFFFFFFFFFFFFFFFFFFFFFFFFF17
:10E91000FFFFFFFFFFFFFFFFFFFFFFFFFFFFFFFF07
:10E92000FFFFFFFFFFFFFFFFFFFFFFFFFFFFFFFFF7
:10E93000FFFFFFFFFFFFFFFFFFFFFFFFFFFFFFFFE7
:10E94000FFFFFFFFFFFFFFFFFFFFFFFFFFFFFFFFD7
:10E95000FFFFFFFFFFFFFFFFFFFFFFFFFFFFFFFFC7
:10E96000FFFFFFFFFFFFFFFFFFFFFFFFFFFFFFFFB7
:10E97000FFFFFFFFFFFFFFFFFFFFFFFFFFFFFFFFA7
:10E98000FFFFFFFFFFFFFFFFFFFFFFFFFFFFFFFF97
:10E99000FFFFFFFFFFFFFFFFFFFFFFFFFFFFFFFF87
:10E9A000FFFFFFFFFFFFFFFFFFFFFFFFFFFFFFFF77
:10E9B000FFFFFFFFFFFFFFFFFFFFFFFFFFFFFFFF67
:10E9C000FFFFFFFFFFFFFFFFFFFFFFFFFFFFFFFF57
:10E9D000FFFFFFFFFFFFFFFFFFFFFFFFFFFFFFFF47
:10E9E000FFFFFFFFFFFFFFFFFFFFFFFFFFFFFFFF37
:10E9F000FFFFFFFFFFFFFFFFFFFFFFFFFFFFFFFF27
:10EA0000FFFFFFFFFFFFFFFFFFFFFFFFFFFFFFFF16
:10EA1000FFFFFFFFFFFFFFFFFFFFFFFFFFFFFFFF06
:10EA2000FFFFFFFFFFFFFFFFFFFFFFFFFFFFFFFFF6
:10EA3000FFFFFFFFFFFFFFFFFFFFFFFFFFFFFFFFE6
:10EA4000FFFFFFFFFFFFFFFFFFFFFFFFFFFFFFFFD6
:10EA5000FFFFFFFFFFFFFFFFFFFFFFFFFFFFFFFFC6
:10EA6000FFFFFFFFFFFFFFFFFFFFFFFFFFFFFFFFB6
:10EA7000FFFFFFFFFFFFFFFFFFFFFFFFFFFFFFFFA6
:10EA8000FFFFFFFFFFFFFFFFFFFFFFFFFFFFFFFF96
:10EA9000FFFFFFFFFFFFFFFFFFFFFFFFFFFFFFFF86
:10EAA000FFFFFFFFFFFFFFFFFFFFFFFFFFFFFFFF76
:10EAB000FFFFFFFFFFFFFFFFFFFFFFFFFFFFFFFF66
:10EAC000FFFFFFFFFFFFFFFFFFFFFFFFFFFFFFFF56
:10EAD000FFFFFFFFFFFFFFFFFFFFFFFFFFFFFFFF46
:10EAE000FFFFFFFFFFFFFFFFFFFFFFFFFFFFFFFF36
:10EAF000FFFFFFFFFFFFFFFFFFFFFFFFFFFFFFFF26
:10EB0000FFFFFFFFFFFFFFFFFFFFFFFFFFFFFFFF15
:10EB1000FFFFFFFFFFFFFFFFFFFFFFFFFFFFFFFF05
:10EB2000FFFFFFFFFFFFFFFFFFFFFFFFFFFFFFFFF5
:10EB3000FFFFFFFFFFFFFFFFFFFFFFFFFFFFFFFFE5
:10EB4000FFFFFFFFFFFFFFFFFFFFFFFFFFFFFFFFD5
:10EB5000FFFFFFFFFFFFFFFFFFFFFFFFFFFFFFFFC5
:10EB6000FFFFFFFFFFFFFFFFFFFFFFFFFFFFFFFFB5
:10EB7000FFFFFFFFFFFFFFFFFFFFFFFFFFFFFFFFA5
:10EB8000FFFFFFFFFFFFFFFFFFFFFFFFFFFFFFFF95
:10EB9000FFFFFFFFFFFFFFFFFFFFFFFFFFFFFFFF85
:10EBA000FFFFFFFFFFFFFFFFFFFFFFFFFFFFFFFF75
:10EBB000FFFFFFFFFFFFFFFFFFFFFFFFFFFFFFFF65
:10EBC000FFFFFFFFFFFFFFFFFFFFFFFFFFFFFFFF55
:10EBD000FFFFFFFFFFFFFFFFFFFFFFFFFFFFFFFF45
:10EBE000FFFFFFFFFFFFFFFFFFFFFFFFFFFFFFFF35
:10EBF000FFFFFFFFFFFFFFFFFFFFFFFFFFFFFFFF25
:10EC0000FFFFFFFFFFFFFFFFFFFFFFFFFFFFFFFF14
:10EC1000FFFFFFFFFFFFFFFFFFFFFFFFFFFFFFFF04
:10EC2000FFFFFFFFFFFFFFFFFFFFFFFFFFFFFFFFF4
:10EC3000FFFFFFFFFFFFFFFFFFFFFFFFFFFFFFFFE4
:10EC4000FFFFFFFFFFFFFFFFFFFFFFFFFFFFFFFFD4
:10EC5000FFFFFFFFFFFFFFFFFFFFFFFFFFFFFFFFC4
:10EC6000FFFFFFFFFFFFFFFFFFFFFFFFFFFFFFFFB4
:10EC7000FFFFFFFFFFFFFFFFFFFFFFFFFFFFFFFFA4
:10EC8000FFFFFFFFFFFFFFFFFFFFFFFFFFFFFFFF94
:10EC9000FFFFFFFFFFFFFFFFFFFFFFFFFFFFFFFF84
:10ECA000FFFFFFFFFFFFFFFFFFFFFFFFFFFFFFFF74
:10ECB000FFFFFFFFFFFFFFFFFFFFFFFFFFFFFFFF64
:10ECC000FFFFFFFFFFFFFFFFFFFFFFFFFFFFFFFF54
:10ECD000FFFFFFFFFFFFFFFFFFFFFFFFFFFFFFFF44
:10ECE000FFFFFFFFFFFFFFFFFFFFFFFFFFFFFFFF34
:10ECF000FFFFFFFFFFFFFFFFFFFFFFFFFFFFFFFF24
:10ED0000FFFFFFFFFFFFFFFFFFFFFFFFFFFFFFFF13
:10ED1000FFFFFFFFFFFFFFFFFFFFFFFFFFFFFFFF03
:10ED2000FFFFFFFFFFFFFFFFFFFFFFFFFFFFFFFFF3
:10ED3000FFFFFFFFFFFFFFFFFFFFFFFFFFFFFFFFE3
:10ED4000FFFFFFFFFFFFFFFFFFFFFFFFFFFFFFFFD3
:10ED5000FFFFFFFFFFFFFFFFFFFFFFFFFFFFFFFFC3
:10ED6000FFFFFFFFFFFFFFFFFFFFFFFFFFFFFFFFB3
:10ED7000FFFFFFFFFFFFFFFFFFFFFFFFFFFFFFFFA3
:10ED8000FFFFFFFFFFFFFFFFFFFFFFFFFFFFFFFF93
:10ED9000FFFFFFFFFFFFFFFFFFFFFFFFFFFFFFFF83
:10EDA000FFFFFFFFFFFFFFFFFFFFFFFFFFFFFFFF73
:10EDB000FFFFFFFFFFFFFFFFFFFFFFFFFFFFFFFF63
:10EDC000FFFFFFFFFFFFFFFFFFFFFFFFFFFFFFFF53
:10EDD000FFFFFFFFFFFFFFFFFFFFFFFFFFFFFFFF43
:10EDE000FFFFFFFFFFFFFFFFFFFFFFFFFFFFFFFF33
:10EDF000FFFFFFFFFFFFFFFFFFFFFFFFFFFFFFFF23
:10EE0000FFFFFFFFFFFFFFFFFFFFFFFFFFFFFFFF12
:10EE1000FFFFFFFFFFFFFFFFFFFFFFFFFFFFFFFF02
:10EE2000FFFFFFFFFFFFFFFFFFFFFFFFFFFFFFFFF2
:10EE3000FFFFFFFFFFFFFFFFFFFFFFFFFFFFFFFFE2
:10EE4000FFFFFFFFFFFFFFFFFFFFFFFFFFFFFFFFD2
:10EE5000FFFFFFFFFFFFFFFFFFFFFFFFFFFFFFFFC2
:10EE6000FFFFFFFFFFFFFFFFFFFFFFFFFFFFFFFFB2
:10EE7000FFFFFFFFFFFFFFFFFFFFFFFFFFFFFFFFA2
:10EE8000FFFFFFFFFFFFFFFFFFFFFFFFFFFFFFFF92
:10EE9000FFFFFFFFFFFFFFFFFFFFFFFFFFFFFFFF82
:10EEA000FFFFFFFFFFFFFFFFFFFFFFFFFFFFFFFF72
:10EEB000FFFFFFFFFFFFFFFFFFFFFFFFFFFFFFFF62
:10EEC000FFFFFFFFFFFFFFFFFFFFFFFFFFFFFFFF52
:10EED000FFFFFFFFFFFFFFFFFFFFFFFFFFFFFFFF42
:10EEE000FFFFFFFFFFFFFFFFFFFFFFFFFFFFFFFF32
:10EEF000FFFFFFFFFFFFFFFFFFFFFFFFFFFFFFFF22
:10EF0000FFFFFFFFFFFFFFFFFFFFFFFFFFFFFFFF11
:10EF1000FFFFFFFFFFFFFFFFFFFFFFFFFFFFFFFF01
:10EF2000FFFFFFFFFFFFFFFFFFFFFFFFFFFFFFFFF1
:10EF3000FFFFFFFFFFFFFFFFFFFFFFFFFFFFFFFFE1
:10EF4000FFFFFFFFFFFFFFFFFFFFFFFFFFFFFFFFD1
:10EF5000FFFFFFFFFFFFFFFFFFFFFFFFFFFFFFFFC1
:10EF6000FFFFFFFFFFFFFFFFFFFFFFFFFFFFFFFFB1
:10EF7000FFFFFFFFFFFFFFFFFFFFFFFFFFFFFFFFA1
:10EF8000FFFFFFFFFFFFFFFFFFFFFFFFFFFFFFFF91
:10EF9000FFFFFFFFFFFFFFFFFFFFFFFFFFFFFFFF81
:10EFA000FFFFFFFFFFFFFFFFFFFFFFFFFFFFFFFF71
:10EFB000FFFFFFFFFFFFFFFFFFFFFFFFFFFFFFFF61
:10EFC000FFFFFFFFFFFFFFFFFFFFFFFFFFFFFFFF51
:10EFD000FFFFFFFFFFFFFFFFFFFFFFFFFFFFFFFF41
:10EFE000FFFFFFFFFFFFFFFFFFFFFFFFFFFFFFFF31
:10EFF000FFFFFFFFFFFFFFFFFFFFFFFFFFFFFFFF21
:10F00000FFFFFFFFFFFFFFFFFFFFFFFFFFFFFFFF10
:10F01000FFFFFFFFFFFFFFFFFFFFFFFFFFFFFFFF00
:10F02000FFFFFFFFFFFFFFFFFFFFFFFFFFFFFFFFF0
:10F03000FFFFFFFFFFFFFFFFFFFFFFFFFFFFFFFFE0
:10F04000FFFFFFFFFFFFFFFFFFFFFFFFFFFFFFFFD0
:10F05000FFFFFFFFFFFFFFFFFFFFFFFFFFFFFFFFC0
:10F06000FFFFFFFFFFFFFFFFFFFFFFFFFFFFFFFFB0
:10F07000FFFFFFFFFFFFFFFFFFFFFFFFFFFFFFFFA0
:10F08000FFFFFFFFFFFFFFFFFFFFFFFFFFFFFFFF90
:10F09000FFFFFFFFFFFFFFFFFFFFFFFFFFFFFFFF80
:10F0A000FFFFFFFFFFFFFFFFFFFFFFFFFFFFFFFF70
:10F0B000FFFFFFFFFFFFFFFFFFFFFFFFFFFFFFFF60
:10F0C000FFFFFFFFFFFFFFFFFFFFFFFFFFFFFFFF50
:10F0D000FFFFFFFFFFFFFFFFFFFFFFFFFFFFFFFF40
:10F0E000FFFFFFFFFFFFFFFFFFFFFFFFFFFFFFFF30
:10F0F000FFFFFFFFFFFFFFFFFFFFFFFFFFFFFFFF20
:10F10000FFFFFFFFFFFFFFFFFFFFFFFFFFFFFFFF0F
:10F11000FFFFFFFFFFFFFFFFFFFFFFFFFFFFFFFFFF
:10F12000FFFFFFFFFFFFFFFFFFFFFFFFFFFFFFFFEF
:10F13000FFFFFFFFFFFFFFFFFFFFFFFFFFFFFFFFDF
:10F14000FFFFFFFFFFFFFFFFFFFFFFFFFFFFFFFFCF
:10F15000FFFFFFFFFFFFFFFFFFFFFFFFFFFFFFFFBF
:10F16000FFFFFFFFFFFFFFFFFFFFFFFFFFFFFFFFAF
:10F17000FFFFFFFFFFFFFFFFFFFFFFFFFFFFFFFF9F
:10F18000FFFFFFFFFFFFFFFFFFFFFFFFFFFFFFFF8F
:10F19000FFFFFFFFFFFFFFFFFFFFFFFFFFFFFFFF7F
:10F1A000FFFFFFFFFFFFFFFFFFFFFFFFFFFFFFFF6F
:10F1B000FFFFFFFFFFFFFFFFFFFFFFFFFFFFFFFF5F
:10F1C000FFFFFFFFFFFFFFFFFFFFFFFFFFFFFFFF4F
:10F1D000FFFFFFFFFFFFFFFFFFFFFFFFFFFFFFFF3F
:10F1E000FFFFFFFFFFFFFFFFFFFFFFFFFFFFFFFF2F
:10F1F000FFFFFFFFFFFFFFFFFFFFFFFFFFFFFFFF1F
:10F20000FFFFFFFFFFFFFFFFFFFFFFFFFFFFFFFF0E
:10F21000FFFFFFFFFFFFFFFFFFFFFFFFFFFFFFFFFE
:10F22000FFFFFFFFFFFFFFFFFFFFFFFFFFFFFFFFEE
:10F23000FFFFFFFFFFFFFFFFFFFFFFFFFFFFFFFFDE
:10F24000FFFFFFFFFFFFFFFFFFFFFFFFFFFFFFFFCE
:10F25000FFFFFFFFFFFFFFFFFFFFFFFFFFFFFFFFBE
:10F26000FFFFFFFFFFFFFFFFFFFFFFFFFFFFFFFFAE
:10F27000FFFFFFFFFFFFFFFFFFFFFFFFFFFFFFFF9E
:10F28000FFFFFFFFFFFFFFFFFFFFFFFFFFFFFFFF8E
:10F29000FFFFFFFFFFFFFFFFFFFFFFFFFFFFFFFF7E
:10F2A000FFFFFFFFFFFFFFFFFFFFFFFFFFFFFFFF6E
:10F2B000FFFFFFFFFFFFFFFFFFFFFFFFFFFFFFFF5E
:10F2C000FFFFFFFFFFFFFFFFFFFFFFFFFFFFFFFF4E
:10F2D000FFFFFFFFFFFFFFFFFFFFFFFFFFFFFFFF3E
:10F2E000FFFFFFFFFFFFFFFFFFFFFFFFFFFFFFFF2E
:10F2F000FFFFFFFFFFFFFFFFFFFFFFFFFFFFFFFF1E
:10F30000FFFFFFFFFFFFFFFFFFFFFFFFFFFFFFFF0D
:10F31000FFFFFFFFFFFFFFFFFFFFFFFFFFFFFFFFFD
:10F32000FFFFFFFFFFFFFFFFFFFFFFFFFFFFFFFFED
:10F33000FFFFFFFFFFFFFFFFFFFFFFFFFFFFFFFFDD
:10F34000FFFFFFFFFFFFFFFFFFFFFFFFFFFFFFFFCD
:10F35000FFFFFFFFFFFFFFFFFFFFFFFFFFFFFFFFBD
:10F36000FFFFFFFFFFFFFFFFFFFFFFFFFFFFFFFFAD
:10F37000FFFFFFFFFFFFFFFFFFFFFFFFFFFFFFFF9D
:10F38000FFFFFFFFFFFFFFFFFFFFFFFFFFFFFFFF8D
:10F39000FFFFFFFFFFFFFFFFFFFFFFFFFFFFFFFF7D
:10F3A000FFFFFFFFFFFFFFFFFFFFFFFFFFFFFFFF6D
:10F3B000FFFFFFFFFFFFFFFFFFFFFFFFFFFFFFFF5D
:10F3C000FFFFFFFFFFFFFFFFFFFFFFFFFFFFFFFF4D
:10F3D000FFFFFFFFFFFFFFFFFFFFFFFFFFFFFFFF3D
:10F3E000FFFFFFFFFFFFFFFFFFFFFFFFFFFFFFFF2D
:10F3F000FFFFFFFFFFFFFFFFFFFFFFFFFFFFFFFF1D
:10F40000FFFFFFFFFFFFFFFFFFFFFFFFFFFFFFFF0C
:10F41000FFFFFFFFFFFFFFFFFFFFFFFFFFFFFFFFFC
:10F42000FFFFFFFFFFFFFFFFFFFFFFFFFFFFFFFFEC
:10F43000FFFFFFFFFFFFFFFFFFFFFFFFFFFFFFFFDC
:10F44000FFFFFFFFFFFFFFFFFFFFFFFFFFFFFFFFCC
:10F45000FFFFFFFFFFFFFFFFFFFFFFFFFFFFFFFFBC
:10F46000FFFFFFFFFFFFFFFFFFFFFFFFFFFFFFFFAC
:10F47000FFFFFFFFFFFFFFFFFFFFFFFFFFFFFFFF9C
:10F48000FFFFFFFFFFFFFFFFFFFFFFFFFFFFFFFF8C
:10F49000FFFFFFFFFFFFFFFFFFFFFFFFFFFFFFFF7C
:10F4A000FFFFFFFFFFFFFFFFFFFFFFFFFFFFFFFF6C
:10F4B000FFFFFFFFFFFFFFFFFFFFFFFFFFFFFFFF5C
:10F4C000FFFFFFFFFFFFFFFFFFFFFFFFFFFFFFFF4C
:10F4D000FFFFFFFFFFFFFFFFFFFFFFFFFFFFFFFF3C
:10F4E000FFFFFFFFFFFFFFFFFFFFFFFFFFFFFFFF2C
:10F4F000FFFFFFFFFFFFFFFFFFFFFFFFFFFFFFFF1C
:10F50000FFFFFFFFFFFFFFFFFFFFFFFFFFFFFFFF0B
:10F51000FFFFFFFFFFFFFFFFFFFFFFFFFFFFFFFFFB
:10F52000FFFFFFFFFFFFFFFFFFFFFFFFFFFFFFFFEB
:10F53000FFFFFFFFFFFFFFFFFFFFFFFFFFFFFFFFDB
:10F54000FFFFFFFFFFFFFFFFFFFFFFFFFFFFFFFFCB
:10F55000FFFFFFFFFFFFFFFFFFFFFFFFFFFFFFFFBB
:10F56000FFFFFFFFFFFFFFFFFFFFFFFFFFFFFFFFAB
:10F57000FFFFFFFFFFFFFFFFFFFFFFFFFFFFFFFF9B
:10F58000FFFFFFFFFFFFFFFFFFFFFFFFFFFFFFFF8B
:10F59000FFFFFFFFFFFFFFFFFFFFFFFFFFFFFFFF7B
:10F5A000FFFFFFFFFFFFFFFFFFFFFFFFFFFFFFFF6B
:10F5B000FFFFFFFFFFFFFFFFFFFFFFFFFFFFFFFF5B
:10F5C000FFFFFFFFFFFFFFFFFFFFFFFFFFFFFFFF4B
:10F5D000FFFFFFFFFFFFFFFFFFFFFFFFFFFFFFFF3B
:10F5E000FFFFFFFFFFFFFFFFFFFFFFFFFFFFFFFF2B
:10F5F000FFFFFFFFFFFFFFFFFFFFFFFFFFFFFFFF1B
:10F60000FFFFFFFFFFFFFFFFFFFFFFFFFFFFFFFF0A
:10F61000FFFFFFFFFFFFFFFFFFFFFFFFFFFFFFFFFA
:10F62000FFFFFFFFFFFFFFFFFFFFFFFFFFFFFFFFEA
:10F63000FFFFFFFFFFFFFFFFFFFFFFFFFFFFFFFFDA
:10F64000FFFFFFFFFFFFFFFFFFFFFFFFFFFFFFFFCA
:10F65000FFFFFFFFFFFFFFFFFFFFFFFFFFFFFFFFBA
:10F66000FFFFFFFFFFFFFFFFFFFFFFFFFFFFFFFFAA
:10F67000FFFFFFFFFFFFFFFFFFFFFFFFFFFFFFFF9A
:10F68000FFFFFFFFFFFFFFFFFFFFFFFFFFFFFFFF8A
:10F69000FFFFFFFFFFFFFFFFFFFFFFFFFFFFFFFF7A
:10F6A000FFFFFFFFFFFFFFFFFFFFFFFFFFFFFFFF6A
:10F6B000FFFFFFFFFFFFFFFFFFFFFFFFFFFFFFFF5A
:10F6C000FFFFFFFFFFFFFFFFFFFFFFFFFFFFFFFF4A
:10F6D000FFFFFFFFFFFFFFFFFFFFFFFFFFFFFFFF3A
:10F6E000FFFFFFFFFFFFFFFFFFFFFFFFFFFFFFFF2A
:10F6F000FFFFFFFFFFFFFFFFFFFFFFFFFFFFFFFF1A
:10F70000FFFFFFFFFFFFFFFFFFFFFFFFFFFFFFFF09
:10F71000FFFFFFFFFFFFFFFFFFFFFFFFFFFFFFFFF9
:10F72000FFFFFFFFFFFFFFFFFFFFFFFFFFFFFFFFE9
:10F73000FFFFFFFFFFFFFFFFFFFFFFFFFFFFFFFFD9
:10F74000FFFFFFFFFFFFFFFFFFFFFFFFFFFFFFFFC9
:10F75000FFFFFFFFFFFFFFFFFFFFFFFFFFFFFFFFB9
:10F76000FFFFFFFFFFFFFFFFFFFFFFFFFFFFFFFFA9
:10F77000FFFFFFFFFFFFFFFFFFFFFFFFFFFFFFFF99
:10F78000FFFFFFFFFFFFFFFFFFFFFFFFFFFFFFFF89
:10F79000FFFFFFFFFFFFFFFFFFFFFFFFFFFFFFFF79
:10F7A000FFFFFFFFFFFFFFFFFFFFFFFFFFFFFFFF69
:10F7B000FFFFFFFFFFFFFFFFFFFFFFFFFFFFFFFF59
:10F7C000FFFFFFFFFFFFFFFFFFFFFFFFFFFFFFFF49
:10F7D000FFFFFFFFFFFFFFFFFFFFFFFFFFFFFFFF39
:10F7E000FFFFFFFFFFFFFFFFFFFFFFFFFFFFFFFF29
:10F7F000FFFFFFFFFFFFFFFFFFFFFFFFFFFFFFFF19
:10F80000FFFFFFFFFFFFFFFFFFFFFFFFFFFFFFFF08
:10F81000FFFFFFFFFFFFFFFFFFFFFFFFFFFFFFFFF8
:10F82000FFFFFFFFFFFFFFFFFFFFFFFFFFFFFFFFE8
:10F83000FFFFFFFFFFFFFFFFFFFFFFFFFFFFFFFFD8
:10F84000FFFFFFFFFFFFFFFFFFFFFFFFFFFFFFFFC8
:10F85000FFFFFFFFFFFFFFFFFFFFFFFFFFFFFFFFB8
:10F86000FFFFFFFFFFFFFFFFFFFFFFFFFFFFFFFFA8
:10F87000FFFFFFFFFFFFFFFFFFFFFFFFFFFFFFFF98
:10F88000FFFFFFFFFFFFFFFFFFFFFFFFFFFFFFFF88
:10F89000FFFFFFFFFFFFFFFFFFFFFFFFFFFFFFFF78
:10F8A000FFFFFFFFFFFFFFFFFFFFFFFFFFFFFFFF68
:10F8B000FFFFFFFFFFFFFFFFFFFFFFFFFFFFFFFF58
:10F8C000FFFFFFFFFFFFFFFFFFFFFFFFFFFFFFFF48
:10F8D000FFFFFFFFFFFFFFFFFFFFFFFFFFFFFFFF38
:10F8E000FFFFFFFFFFFFFFFFFFFFFFFFFFFFFFFF28
:10F8F000FFFFFFFFFFFFFFFFFFFFFFFFFFFFFFFF18
:10F90000FFFFFFFFFFFFFFFFFFFFFFFFFFFFFFFF07
:10F91000FFFFFFFFFFFFFFFFFFFFFFFFFFFFFFFFF7
:10F92000FFFFFFFFFFFFFFFFFFFFFFFFFFFFFFFFE7
:10F93000FFFFFFFFFFFFFFFFFFFFFFFFFFFFFFFFD7
:10F94000FFFFFFFFFFFFFFFFFFFFFFFFFFFFFFFFC7
:10F95000FFFFFFFFFFFFFFFFFFFFFFFFFFFFFFFFB7
:10F96000FFFFFFFFFFFFFFFFFFFFFFFFFFFFFFFFA7
:10F97000FFFFFFFFFFFFFFFFFFFFFFFFFFFFFFFF97
:10F98000FFFFFFFFFFFFFFFFFFFFFFFFFFFFFFFF87
:10F99000FFFFFFFFFFFFFFFFFFFFFFFFFFFFFFFF77
:10F9A000FFFFFFFFFFFFFFFFFFFFFFFFFFFFFFFF67
:10F9B000FFFFFFFFFFFFFFFFFFFFFFFFFFFFFFFF57
:10F9C000FFFFFFFFFFFFFFFFFFFFFFFFFFFFFFFF47
:10F9D000FFFFFFFFFFFFFFFFFFFFFFFFFFFFFFFF37
:10F9E000FFFFFFFFFFFFFFFFFFFFFFFFFFFFFFFF27
:10F9F000FFFFFFFFFFFFFFFFFFFFFFFFFFFFFFFF17
:10FA0000FFFFFFFFFFFFFFFFFFFFFFFFFFFFFFFF06
:10FA1000FFFFFFFFFFFFFFFFFFFFFFFFFFFFFFFFF6
:10FA2000FFFFFFFFFFFFFFFFFFFFFFFFFFFFFFFFE6
:10FA3000FFFFFFFFFFFFFFFFFFFFFFFFFFFFFFFFD6
:10FA4000FFFFFFFFFFFFFFFFFFFFFFFFFFFFFFFFC6
:10FA5000FFFFFFFFFFFFFFFFFFFFFFFFFFFFFFFFB6
:10FA6000FFFFFFFFFFFFFFFFFFFFFFFFFFFFFFFFA6
:10FA7000FFFFFFFFFFFFFFFFFFFFFFFFFFFFFFFF96
:10FA8000FFFFFFFFFFFFFFFFFFFFFFFFFFFFFFFF86
:10FA9000FFFFFFFFFFFFFFFFFFFFFFFFFFFFFFFF76
:10FAA000FFFFFFFFFFFFFFFFFFFFFFFFFFFFFFFF66
:10FAB000FFFFFFFFFFFFFFFFFFFFFFFFFFFFFFFF56
:10FAC000FFFFFFFFFFFFFFFFFFFFFFFFFFFFFFFF46
:10FAD000FFFFFFFFFFFFFFFFFFFFFFFFFFFFFFFF36
:10FAE000FFFFFFFFFFFFFFFFFFFFFFFFFFFFFFFF26
:10FAF000FFFFFFFFFFFFFFFFFFFFFFFFFFFFFFFF16
:10FB0000FFFFFFFFFFFFFFFFFFFFFFFFFFFFFFFF05
:10FB1000FFFFFFFFFFFFFFFFFFFFFFFFFFFFFFFFF5
:10FB2000FFFFFFFFFFFFFFFFFFFFFFFFFFFFFFFFE5
:10FB3000FFFFFFFFFFFFFFFFFFFFFFFFFFFFFFFFD5
:10FB4000FFFFFFFFFFFFFFFFFFFFFFFFFFFFFFFFC5
:10FB5000FFFFFFFFFFFFFFFFFFFFFFFFFFFFFFFFB5
:10FB6000FFFFFFFFFFFFFFFFFFFFFFFFFFFFFFFFA5
:10FB7000FFFFFFFFFFFFFFFFFFFFFFFFFFFFFFFF95
:10FB8000FFFFFFFFFFFFFFFFFFFFFFFFFFFFFFFF85
:10FB9000FFFFFFFFFFFFFFFFFFFFFFFFFFFFFFFF75
:10FBA000FFFFFFFFFFFFFFFFFFFFFFFFFFFFFFFF65
:10FBB000FFFFFFFFFFFFFFFFFFFFFFFFFFFFFFFF55
:10FBC000FFFFFFFFFFFFFFFFFFFFFFFFFFFFFFFF45
:10FBD000FFFFFFFFFFFFFFFFFFFFFFFFFFFFFFFF35
:10FBE000FFFFFFFFFFFFFFFFFFFFFFFFFFFFFFFF25
:10FBF000FFFFFFFFFFFFFFFFFFFFFFFFFFFFFFFF15
:10FC0000FFFFFFFFFFFFFFFFFFFFFFFFFFFFFFFF04
:10FC1000FFFFFFFFFFFFFFFFFFFFFFFFFFFFFFFFF4
:10FC2000FFFFFFFFFFFFFFFFFFFFFFFFFFFFFFFFE4
:10FC3000FFFFFFFFFFFFFFFFFFFFFFFFFFFFFFFFD4
:10FC4000FFFFFFFFFFFFFFFFFFFFFFFFFFFFFFFFC4
:10FC5000FFFFFFFFFFFFFFFFFFFFFFFFFFFFFFFFB4
:10FC6000FFFFFFFFFFFFFFFFFFFFFFFFFFFFFFFFA4
:10FC7000FFFFFFFFFFFFFFFFFFFFFFFFFFFFFFFF94
:10FC8000FFFFFFFFFFFFFFFFFFFFFFFFFFFFFFFF84
:10FC9000FFFFFFFFFFFFFFFFFFFFFFFFFFFFFFFF74
:10FCA000FFFFFFFFFFFFFFFFFFFFFFFFFFFFFFFF64
:10FCB000FFFFFFFFFFFFFFFFFFFFFFFFFFFFFFFF54
:10FCC000FFFFFFFFFFFFFFFFFFFFFFFFFFFFFFFF44
:10FCD000FFFFFFFFFFFFFFFFFFFFFFFFFFFFFFFF34
:10FCE000FFFFFFFFFFFFFFFFFFFFFFFFFFFFFFFF24
:10FCF000FFFFFFFFFFFFFFFFFFFFFFFFFFFFFFFF14
:10FD0000FFFFFFFFFFFFFFFFFFFFFFFFFFFFFFFF03
:10FD1000FFFFFFFFFFFFFFFFFFFFFFFFFFFFFFFFF3
:10FD2000FFFFFFFFFFFFFFFFFFFFFFFFFFFFFFFFE3
:10FD3000FFFFFFFFFFFFFFFFFFFFFFFFFFFFFFFFD3
:10FD4000FFFFFFFFFFFFFFFFFFFFFFFFFFFFFFFFC3
:10FD5000FFFFFFFFFFFFFFFFFFFFFFFFFFFFFFFFB3
:10FD6000FFFFFFFFFFFFFFFFFFFFFFFFFFFFFFFFA3
:10FD7000FFFFFFFFFFFFFFFFFFFFFFFFFFFFFFFF93
:10FD8000FFFFFFFFFFFFFFFFFFFFFFFFFFFFFFFF83
:10FD9000FFFFFFFFFFFFFFFFFFFFFFFFFFFFFFFF73
:10FDA000FFFFFFFFFFFFFFFFFFFFFFFFFFFFFFFF63
:10FDB000FFFFFFFFFFFFFFFFFFFFFFFFFFFFFFFF53
:10FDC000FFFFFFFFFFFFFFFFFFFFFFFFFFFFFFFF43
:10FDD000FFFFFFFFFFFFFFFFFFFFFFFFFFFFFFFF33
:10FDE000FFFFFFFFFFFFFFFFFFFFFFFFFFFFFFFF23
:10FDF000FFFFFFFFFFFFFFFFFFFFFFFFFFFFFFFF13
:10FE0000FFFFFFFFFFFFFFFFFFFFFFFFFFFFFFFF02
:10FE1000FFFFFFFFFFFFFFFFFFFFFFFFFFFFFFFFF2
:10FE2000FFFFFFFFFFFFFFFFFFFFFFFFFFFFFFFFE2
:10FE3000FFFFFFFFFFFFFFFFFFFFFFFFFFFFFFFFD2
:10FE4000FFFFFFFFFFFFFFFFFFFFFFFFFFFFFFFFC2
:10FE5000FFFFFFFFFFFFFFFFFFFFFFFFFFFFFFFFB2
:10FE6000FFFFFFFFFFFFFFFFFFFFFFFFFFFFFFFFA2
:10FE7000FFFFFFFFFFFFFFFFFFFFFFFFFFFFFFFF92
:10FE8000FFFFFFFFFFFFFFFFFFFFFFFFFFFFFFFF82
:10FE9000FFFFFFFFFFFFFFFFFFFFFFFFFFFFFFFF72
:10FEA000FFFFFFFFFFFFFFFFFFFFFFFFFFFFFFFF62
:10FEB000FFFFFFFFFFFFFFFFFFFFFFFFFFFFFFFF52
:10FEC000FFFFFFFFFFFFFFFFFFFFFFFFFFFFFFFF42
:10FED000FFFFFFFFFFFFFFFFFFFFFFFFFFFFFFFF32
:10FEE000FFFFFFFFFFFFFFFFFFFFFFFFFFFFFFFF22
:10FEF000FFFFFFFFFFFFFFFFFFFFFFFFFFFFFFFF12
:10FF0000FFFFFFFFFFFFFFFFFFFFFFFFFFFFFFFF01
:10FF1000FFFFFFFFFFFFFFFFFFFFFFFFFFFFFFFFF1
:10FF2000FFFFFFFFFFFFFFFFFFFFFFFFFFFFFFFFE1
:10FF3000FFFFFFFFFFFFFFFFFFFFFFFFFFFFFFFFD1
:10FF4000FFFFFFFFFFFFFFFFFFFFFFFFFFFFFFFFC1
:10FF5000FFFFFFFFFFFFFFFFFFFFFFFFFFFFFFFFB1
:10FF6000FFFFFFFFFFFFFFFFFFFFFFFFFFFFFFFFA1
:10FF7000FFFFFFFFFFFFFFFFFFFFFFFFFFFFFFFF91
:10FF8000FFFFFFFFFFFFFFFFFFFFFFFFFFFFFFFF81
:10FF9000FFFFFFFFFFFFFFFFFFFFFFFFFFFFFFFF71
:10FFA000FFFFFFFFFFFFFFFFFFFFFFFFFFFFFFFF61
:10FFB000FFFFFFFFFFFFFFFFFFFFFFFFFFFFFFFF51
:10FFC000FFFFFFFFFFFFFFFFFFFFFFFFFFFFFFFF41
:10FFD000FFFFFFFFFFFFFFFFFFFFFFFFFFFFFFFF31
:10FFE000FFFFFFFFFFFFFFFFFFFFFFFFFFFFFFFF21
:10FFF000FFFFFFFFFFFFFFFFFFFFFFFFFFFFFFFF11
:020000023000CC
:10000000FFFFFFFFFFFFFFFFFFFFFFFFFFFFFFFF00
:10001000FFFFFFFFFFFFFFFFFFFFFFFFFFFFFFFFF0
:10002000FFFFFFFFFFFFFFFFFFFFFFFFFFFFFFFFE0
:10003000FFFFFFFFFFFFFFFFFFFFFFFFFFFFFFFFD0
:10004000FFFFFFFFFFFFFFFFFFFFFFFFFFFFFFFFC0
:10005000FFFFFFFFFFFFFFFFFFFFFFFFFFFFFFFFB0
:10006000FFFFFFFFFFFFFFFFFFFFFFFFFFFFFFFFA0
:10007000FFFFFFFFFFFFFFFFFFFFFFFFFFFFFFFF90
:10008000FFFFFFFFFFFFFFFFFFFFFFFFFFFFFFFF80
:10009000FFFFFFFFFFFFFFFFFFFFFFFFFFFFFFFF70
:1000A000FFFFFFFFFFFFFFFFFFFFFFFFFFFFFFFF60
:1000B000FFFFFFFFFFFFFFFFFFFFFFFFFFFFFFFF50
:1000C000FFFFFFFFFFFFFFFFFFFFFFFFFFFFFFFF40
:1000D000FFFFFFFFFFFFFFFFFFFFFFFFFFFFFFFF30
:1000E000FFFFFFFFFFFFFFFFFFFFFFFFFFFFFFFF20
:1000F000FFFFFFFFFFFFFFFFFFFFFFFFFFFFFFFF10
:10010000FFFFFFFFFFFFFFFFFFFFFFFFFFFFFFFFFF
:10011000FFFFFFFFFFFFFFFFFFFFFFFFFFFFFFFFEF
:10012000FFFFFFFFFFFFFFFFFFFFFFFFFFFFFFFFDF
:10013000FFFFFFFFFFFFFFFFFFFFFFFFFFFFFFFFCF
:10014000FFFFFFFFFFFFFFFFFFFFFFFFFFFFFFFFBF
:10015000FFFFFFFFFFFFFFFFFFFFFFFFFFFFFFFFAF
:10016000FFFFFFFFFFFFFFFFFFFFFFFFFFFFFFFF9F
:10017000FFFFFFFFFFFFFFFFFFFFFFFFFFFFFFFF8F
:10018000FFFFFFFFFFFFFFFFFFFFFFFFFFFFFFFF7F
:10019000FFFFFFFFFFFFFFFFFFFFFFFFFFFFFFFF6F
:1001A000FFFFFFFFFFFFFFFFFFFFFFFFFFFFFFFF5F
:1001B000FFFFFFFFFFFFFFFFFFFFFFFFFFFFFFFF4F
:1001C000FFFFFFFFFFFFFFFFFFFFFFFFFFFFFFFF3F
:1001D000FFFFFFFFFFFFFFFFFFFFFFFFFFFFFFFF2F
:1001E000FFFFFFFFFFFFFFFFFFFFFFFFFFFFFFFF1F
:1001F000FFFFFFFFFFFFFFFFFFFFFFFFFFFFFFFF0F
:10020000FFFFFFFFFFFFFFFFFFFFFFFFFFFFFFFFFE
:10021000FFFFFFFFFFFFFFFFFFFFFFFFFFFFFFFFEE
:10022000FFFFFFFFFFFFFFFFFFFFFFFFFFFFFFFFDE
:10023000FFFFFFFFFFFFFFFFFFFFFFFFFFFFFFFFCE
:10024000FFFFFFFFFFFFFFFFFFFFFFFFFFFFFFFFBE
:10025000FFFFFFFFFFFFFFFFFFFFFFFFFFFFFFFFAE
:10026000FFFFFFFFFFFFFFFFFFFFFFFFFFFFFFFF9E
:10027000FFFFFFFFFFFFFFFFFFFFFFFFFFFFFFFF8E
:10028000FFFFFFFFFFFFFFFFFFFFFFFFFFFFFFFF7E
:10029000FFFFFFFFFFFFFFFFFFFFFFFFFFFFFFFF6E
:1002A000FFFFFFFFFFFFFFFFFFFFFFFFFFFFFFFF5E
:1002B000FFFFFFFFFFFFFFFFFFFFFFFFFFFFFFFF4E
:1002C000FFFFFFFFFFFFFFFFFFFFFFFFFFFFFFFF3E
:1002D000FFFFFFFFFFFFFFFFFFFFFFFFFFFFFFFF2E
:1002E000FFFFFFFFFFFFFFFFFFFFFFFFFFFFFFFF1E
:1002F000FFFFFFFFFFFFFFFFFFFFFFFFFFFFFFFF0E
:10030000FFFFFFFFFFFFFFFFFFFFFFFFFFFFFFFFFD
:10031000FFFFFFFFFFFFFFFFFFFFFFFFFFFFFFFFED
:10032000FFFFFFFFFFFFFFFFFFFFFFFFFFFFFFFFDD
:10033000FFFFFFFFFFFFFFFFFFFFFFFFFFFFFFFFCD
:10034000FFFFFFFFFFFFFFFFFFFFFFFFFFFFFFFFBD
:10035000FFFFFFFFFFFFFFFFFFFFFFFFFFFFFFFFAD
:10036000FFFFFFFFFFFFFFFFFFFFFFFFFFFFFFFF9D
:10037000FFFFFFFFFFFFFFFFFFFFFFFFFFFFFFFF8D
:10038000FFFFFFFFFFFFFFFFFFFFFFFFFFFFFFFF7D
:10039000FFFFFFFFFFFFFFFFFFFFFFFFFFFFFFFF6D
:1003A000FFFFFFFFFFFFFFFFFFFFFFFFFFFFFFFF5D
:1003B000FFFFFFFFFFFFFFFFFFFFFFFFFFFFFFFF4D
:1003C000FFFFFFFFFFFFFFFFFFFFFFFFFFFFFFFF3D
:1003D000FFFFFFFFFFFFFFFFFFFFFFFFFFFFFFFF2D
:1003E000FFFFFFFFFFFFFFFFFFFFFFFFFFFFFFFF1D
:1003F000FFFFFFFFFFFFFFFFFFFFFFFFFFFFFFFF0D
:10040000FFFFFFFFFFFFFFFFFFFFFFFFFFFFFFFFFC
:10041000FFFFFFFFFFFFFFFFFFFFFFFFFFFFFFFFEC
:10042000FFFFFFFFFFFFFFFFFFFFFFFFFFFFFFFFDC
:10043000FFFFFFFFFFFFFFFFFFFFFFFFFFFFFFFFCC
:10044000FFFFFFFFFFFFFFFFFFFFFFFFFFFFFFFFBC
:10045000FFFFFFFFFFFFFFFFFFFFFFFFFFFFFFFFAC
:10046000FFFFFFFFFFFFFFFFFFFFFFFFFFFFFFFF9C
:10047000FFFFFFFFFFFFFFFFFFFFFFFFFFFFFFFF8C
:10048000FFFFFFFFFFFFFFFFFFFFFFFFFFFFFFFF7C
:10049000FFFFFFFFFFFFFFFFFFFFFFFFFFFFFFFF6C
:1004A000FFFFFFFFFFFFFFFFFFFFFFFFFFFFFFFF5C
:1004B000FFFFFFFFFFFFFFFFFFFFFFFFFFFFFFFF4C
:1004C000FFFFFFFFFFFFFFFFFFFFFFFFFFFFFFFF3C
:1004D000FFFFFFFFFFFFFFFFFFFFFFFFFFFFFFFF2C
:1004E000FFFFFFFFFFFFFFFFFFFFFFFFFFFFFFFF1C
:1004F000FFFFFFFFFFFFFFFFFFFFFFFFFFFFFFFF0C
:10050000FFFFFFFFFFFFFFFFFFFFFFFFFFFFFFFFFB
:10051000FFFFFFFFFFFFFFFFFFFFFFFFFFFFFFFFEB
:10052000FFFFFFFFFFFFFFFFFFFFFFFFFFFFFFFFDB
:10053000FFFFFFFFFFFFFFFFFFFFFFFFFFFFFFFFCB
:10054000FFFFFFFFFFFFFFFFFFFFFFFFFFFFFFFFBB
:10055000FFFFFFFFFFFFFFFFFFFFFFFFFFFFFFFFAB
:10056000FFFFFFFFFFFFFFFFFFFFFFFFFFFFFFFF9B
:10057000FFFFFFFFFFFFFFFFFFFFFFFFFFFFFFFF8B
:10058000FFFFFFFFFFFFFFFFFFFFFFFFFFFFFFFF7B
:10059000FFFFFFFFFFFFFFFFFFFFFFFFFFFFFFFF6B
:1005A000FFFFFFFFFFFFFFFFFFFFFFFFFFFFFFFF5B
:1005B000FFFFFFFFFFFFFFFFFFFFFFFFFFFFFFFF4B
:1005C000FFFFFFFFFFFFFFFFFFFFFFFFFFFFFFFF3B
:1005D000FFFFFFFFFFFFFFFFFFFFFFFFFFFFFFFF2B
:1005E000FFFFFFFFFFFFFFFFFFFFFFFFFFFFFFFF1B
:1005F000FFFFFFFFFFFFFFFFFFFFFFFFFFFFFFFF0B
:10060000FFFFFFFFFFFFFFFFFFFFFFFFFFFFFFFFFA
:10061000FFFFFFFFFFFFFFFFFFFFFFFFFFFFFFFFEA
:10062000FFFFFFFFFFFFFFFFFFFFFFFFFFFFFFFFDA
:10063000FFFFFFFFFFFFFFFFFFFFFFFFFFFFFFFFCA
:10064000FFFFFFFFFFFFFFFFFFFFFFFFFFFFFFFFBA
:10065000FFFFFFFFFFFFFFFFFFFFFFFFFFFFFFFFAA
:10066000FFFFFFFFFFFFFFFFFFFFFFFFFFFFFFFF9A
:10067000FFFFFFFFFFFFFFFFFFFFFFFFFFFFFFFF8A
:10068000FFFFFFFFFFFFFFFFFFFFFFFFFFFFFFFF7A
:10069000FFFFFFFFFFFFFFFFFFFFFFFFFFFFFFFF6A
:1006A000FFFFFFFFFFFFFFFFFFFFFFFFFFFFFFFF5A
:1006B000FFFFFFFFFFFFFFFFFFFFFFFFFFFFFFFF4A
:1006C000FFFFFFFFFFFFFFFFFFFFFFFFFFFFFFFF3A
:1006D000FFFFFFFFFFFFFFFFFFFFFFFFFFFFFFFF2A
:1006E000FFFFFFFFFFFFFFFFFFFFFFFFFFFFFFFF1A
:1006F000FFFFFFFFFFFFFFFFFFFFFFFFFFFFFFFF0A
:10070000FFFFFFFFFFFFFFFFFFFFFFFFFFFFFFFFF9
:10071000FFFFFFFFFFFFFFFFFFFFFFFFFFFFFFFFE9
:10072000FFFFFFFFFFFFFFFFFFFFFFFFFFFFFFFFD9
:10073000FFFFFFFFFFFFFFFFFFFFFFFFFFFFFFFFC9
:10074000FFFFFFFFFFFFFFFFFFFFFFFFFFFFFFFFB9
:10075000FFFFFFFFFFFFFFFFFFFFFFFFFFFFFFFFA9
:10076000FFFFFFFFFFFFFFFFFFFFFFFFFFFFFFFF99
:10077000FFFFFFFFFFFFFFFFFFFFFFFFFFFFFFFF89
:10078000FFFFFFFFFFFFFFFFFFFFFFFFFFFFFFFF79
:10079000FFFFFFFFFFFFFFFFFFFFFFFFFFFFFFFF69
:1007A000FFFFFFFFFFFFFFFFFFFFFFFFFFFFFFFF59
:1007B000FFFFFFFFFFFFFFFFFFFFFFFFFFFFFFFF49
:1007C000FFFFFFFFFFFFFFFFFFFFFFFFFFFFFFFF39
:1007D000FFFFFFFFFFFFFFFFFFFFFFFFFFFFFFFF29
:1007E000FFFFFFFFFFFFFFFFFFFFFFFFFFFFFFFF19
:1007F000FFFFFFFFFFFFFFFFFFFFFFFFFFFFFFFF09
:10080000FFFFFFFFFFFFFFFFFFFFFFFFFFFFFFFFF8
:10081000FFFFFFFFFFFFFFFFFFFFFFFFFFFFFFFFE8
:10082000FFFFFFFFFFFFFFFFFFFFFFFFFFFFFFFFD8
:10083000FFFFFFFFFFFFFFFFFFFFFFFFFFFFFFFFC8
:10084000FFFFFFFFFFFFFFFFFFFFFFFFFFFFFFFFB8
:10085000FFFFFFFFFFFFFFFFFFFFFFFFFFFFFFFFA8
:10086000FFFFFFFFFFFFFFFFFFFFFFFFFFFFFFFF98
:10087000FFFFFFFFFFFFFFFFFFFFFFFFFFFFFFFF88
:10088000FFFFFFFFFFFFFFFFFFFFFFFFFFFFFFFF78
:10089000FFFFFFFFFFFFFFFFFFFFFFFFFFFFFFFF68
:1008A000FFFFFFFFFFFFFFFFFFFFFFFFFFFFFFFF58
:1008B000FFFFFFFFFFFFFFFFFFFFFFFFFFFFFFFF48
:1008C000FFFFFFFFFFFFFFFFFFFFFFFFFFFFFFFF38
:1008D000FFFFFFFFFFFFFFFFFFFFFFFFFFFFFFFF28
:1008E000FFFFFFFFFFFFFFFFFFFFFFFFFFFFFFFF18
:1008F000FFFFFFFFFFFFFFFFFFFFFFFFFFFFFFFF08
:10090000FFFFFFFFFFFFFFFFFFFFFFFFFFFFFFFFF7
:10091000FFFFFFFFFFFFFFFFFFFFFFFFFFFFFFFFE7
:10092000FFFFFFFFFFFFFFFFFFFFFFFFFFFFFFFFD7
:10093000FFFFFFFFFFFFFFFFFFFFFFFFFFFFFFFFC7
:10094000FFFFFFFFFFFFFFFFFFFFFFFFFFFFFFFFB7
:10095000FFFFFFFFFFFFFFFFFFFFFFFFFFFFFFFFA7
:10096000FFFFFFFFFFFFFFFFFFFFFFFFFFFFFFFF97
:10097000FFFFFFFFFFFFFFFFFFFFFFFFFFFFFFFF87
:10098000FFFFFFFFFFFFFFFFFFFFFFFFFFFFFFFF77
:10099000FFFFFFFFFFFFFFFFFFFFFFFFFFFFFFFF67
:1009A000FFFFFFFFFFFFFFFFFFFFFFFFFFFFFFFF57
:1009B000FFFFFFFFFFFFFFFFFFFFFFFFFFFFFFFF47
:1009C000FFFFFFFFFFFFFFFFFFFFFFFFFFFFFFFF37
:1009D000FFFFFFFFFFFFFFFFFFFFFFFFFFFFFFFF27
:1009E000FFFFFFFFFFFFFFFFFFFFFFFFFFFFFFFF17
:1009F000FFFFFFFFFFFFFFFFFFFFFFFFFFFFFFFF07
:100A0000FFFFFFFFFFFFFFFFFFFFFFFFFFFFFFFFF6
:100A1000FFFFFFFFFFFFFFFFFFFFFFFFFFFFFFFFE6
:100A2000FFFFFFFFFFFFFFFFFFFFFFFFFFFFFFFFD6
:100A3000FFFFFFFFFFFFFFFFFFFFFFFFFFFFFFFFC6
:100A4000FFFFFFFFFFFFFFFFFFFFFFFFFFFFFFFFB6
:100A5000FFFFFFFFFFFFFFFFFFFFFFFFFFFFFFFFA6
:100A6000FFFFFFFFFFFFFFFFFFFFFFFFFFFFFFFF96
:100A7000FFFFFFFFFFFFFFFFFFFFFFFFFFFFFFFF86
:100A8000FFFFFFFFFFFFFFFFFFFFFFFFFFFFFFFF76
:100A9000FFFFFFFFFFFFFFFFFFFFFFFFFFFFFFFF66
:100AA000FFFFFFFFFFFFFFFFFFFFFFFFFFFFFFFF56
:100AB000FFFFFFFFFFFFFFFFFFFFFFFFFFFFFFFF46
:100AC000FFFFFFFFFFFFFFFFFFFFFFFFFFFFFFFF36
:100AD000FFFFFFFFFFFFFFFFFFFFFFFFFFFFFFFF26
:100AE000FFFFFFFFFFFFFFFFFFFFFFFFFFFFFFFF16
:100AF000FFFFFFFFFFFFFFFFFFFFFFFFFFFFFFFF06
:100B0000FFFFFFFFFFFFFFFFFFFFFFFFFFFFFFFFF5
:100B1000FFFFFFFFFFFFFFFFFFFFFFFFFFFFFFFFE5
:100B2000FFFFFFFFFFFFFFFFFFFFFFFFFFFFFFFFD5
:100B3000FFFFFFFFFFFFFFFFFFFFFFFFFFFFFFFFC5
:100B4000FFFFFFFFFFFFFFFFFFFFFFFFFFFFFFFFB5
:100B5000FFFFFFFFFFFFFFFFFFFFFFFFFFFFFFFFA5
:100B6000FFFFFFFFFFFFFFFFFFFFFFFFFFFFFFFF95
:100B7000FFFFFFFFFFFFFFFFFFFFFFFFFFFFFFFF85
:100B8000FFFFFFFFFFFFFFFFFFFFFFFFFFFFFFFF75
:100B9000FFFFFFFFFFFFFFFFFFFFFFFFFFFFFFFF65
:100BA000FFFFFFFFFFFFFFFFFFFFFFFFFFFFFFFF55
:100BB000FFFFFFFFFFFFFFFFFFFFFFFFFFFFFFFF45
:100BC000FFFFFFFFFFFFFFFFFFFFFFFFFFFFFFFF35
:100BD000FFFFFFFFFFFFFFFFFFFFFFFFFFFFFFFF25
:100BE000FFFFFFFFFFFFFFFFFFFFFFFFFFFFFFFF15
:100BF000FFFFFFFFFFFFFFFFFFFFFFFFFFFFFFFF05
:100C0000FFFFFFFFFFFFFFFFFFFFFFFFFFFFFFFFF4
:100C1000FFFFFFFFFFFFFFFFFFFFFFFFFFFFFFFFE4
:100C2000FFFFFFFFFFFFFFFFFFFFFFFFFFFFFFFFD4
:100C3000FFFFFFFFFFFFFFFFFFFFFFFFFFFFFFFFC4
:100C4000FFFFFFFFFFFFFFFFFFFFFFFFFFFFFFFFB4
:100C5000FFFFFFFFFFFFFFFFFFFFFFFFFFFFFFFFA4
:100C6000FFFFFFFFFFFFFFFFFFFFFFFFFFFFFFFF94
:100C7000FFFFFFFFFFFFFFFFFFFFFFFFFFFFFFFF84
:100C8000FFFFFFFFFFFFFFFFFFFFFFFFFFFFFFFF74
:100C9000FFFFFFFFFFFFFFFFFFFFFFFFFFFFFFFF64
:100CA000FFFFFFFFFFFFFFFFFFFFFFFFFFFFFFFF54
:100CB000FFFFFFFFFFFFFFFFFFFFFFFFFFFFFFFF44
:100CC000FFFFFFFFFFFFFFFFFFFFFFFFFFFFFFFF34
:100CD000FFFFFFFFFFFFFFFFFFFFFFFFFFFFFFFF24
:100CE000FFFFFFFFFFFFFFFFFFFFFFFFFFFFFFFF14
:100CF000FFFFFFFFFFFFFFFFFFFFFFFFFFFFFFFF04
:100D0000FFFFFFFFFFFFFFFFFFFFFFFFFFFFFFFFF3
:100D1000FFFFFFFFFFFFFFFFFFFFFFFFFFFFFFFFE3
:100D2000FFFFFFFFFFFFFFFFFFFFFFFFFFFFFFFFD3
:100D3000FFFFFFFFFFFFFFFFFFFFFFFFFFFFFFFFC3
:100D4000FFFFFFFFFFFFFFFFFFFFFFFFFFFFFFFFB3
:100D5000FFFFFFFFFFFFFFFFFFFFFFFFFFFFFFFFA3
:100D6000FFFFFFFFFFFFFFFFFFFFFFFFFFFFFFFF93
:100D7000FFFFFFFFFFFFFFFFFFFFFFFFFFFFFFFF83
:100D8000FFFFFFFFFFFFFFFFFFFFFFFFFFFFFFFF73
:100D9000FFFFFFFFFFFFFFFFFFFFFFFFFFFFFFFF63
:100DA000FFFFFFFFFFFFFFFFFFFFFFFFFFFFFFFF53
:100DB000FFFFFFFFFFFFFFFFFFFFFFFFFFFFFFFF43
:100DC000FFFFFFFFFFFFFFFFFFFFFFFFFFFFFFFF33
:100DD000FFFFFFFFFFFFFFFFFFFFFFFFFFFFFFFF23
:100DE000FFFFFFFFFFFFFFFFFFFFFFFFFFFFFFFF13
:100DF000FFFFFFFFFFFFFFFFFFFFFFFFFFFFFFFF03
:100E0000FFFFFFFFFFFFFFFFFFFFFFFFFFFFFFFFF2
:100E1000FFFFFFFFFFFFFFFFFFFFFFFFFFFFFFFFE2
:100E2000FFFFFFFFFFFFFFFFFFFFFFFFFFFFFFFFD2
:100E3000FFFFFFFFFFFFFFFFFFFFFFFFFFFFFFFFC2
:100E4000FFFFFFFFFFFFFFFFFFFFFFFFFFFFFFFFB2
:100E5000FFFFFFFFFFFFFFFFFFFFFFFFFFFFFFFFA2
:100E6000FFFFFFFFFFFFFFFFFFFFFFFFFFFFFFFF92
:100E7000FFFFFFFFFFFFFFFFFFFFFFFFFFFFFFFF82
:100E8000FFFFFFFFFFFFFFFFFFFFFFFFFFFFFFFF72
:100E9000FFFFFFFFFFFFFFFFFFFFFFFFFFFFFFFF62
:100EA000FFFFFFFFFFFFFFFFFFFFFFFFFFFFFFFF52
:100EB000FFFFFFFFFFFFFFFFFFFFFFFFFFFFFFFF42
:100EC000FFFFFFFFFFFFFFFFFFFFFFFFFFFFFFFF32
:100ED000FFFFFFFFFFFFFFFFFFFFFFFFFFFFFFFF22
:100EE000FFFFFFFFFFFFFFFFFFFFFFFFFFFFFFFF12
:100EF000FFFFFFFFFFFFFFFFFFFFFFFFFFFFFFFF02
:100F0000FFFFFFFFFFFFFFFFFFFFFFFFFFFFFFFFF1
:100F1000FFFFFFFFFFFFFFFFFFFFFFFFFFFFFFFFE1
:100F2000FFFFFFFFFFFFFFFFFFFFFFFFFFFFFFFFD1
:100F3000FFFFFFFFFFFFFFFFFFFFFFFFFFFFFFFFC1
:100F4000FFFFFFFFFFFFFFFFFFFFFFFFFFFFFFFFB1
:100F5000FFFFFFFFFFFFFFFFFFFFFFFFFFFFFFFFA1
:100F6000FFFFFFFFFFFFFFFFFFFFFFFFFFFFFFFF91
:100F7000FFFFFFFFFFFFFFFFFFFFFFFFFFFFFFFF81
:100F8000FFFFFFFFFFFFFFFFFFFFFFFFFFFFFFFF71
:100F9000FFFFFFFFFFFFFFFFFFFFFFFFFFFFFFFF61
:100FA000FFFFFFFFFFFFFFFFFFFFFFFFFFFFFFFF51
:100FB000FFFFFFFFFFFFFFFFFFFFFFFFFFFFFFFF41
:100FC000FFFFFFFFFFFFFFFFFFFFFFFFFFFFFFFF31
:100FD000FFFFFFFFFFFFFFFFFFFFFFFFFFFFFFFF21
:100FE000FFFFFFFFFFFFFFFFFFFFFFFFFFFFFFFF11
:100FF000FFFFFFFFFFFFFFFFFFFFFFFFFFFFFFFF01
:10100000FFFFFFFFFFFFFFFFFFFFFFFFFFFFFFFFF0
:10101000FFFFFFFFFFFFFFFFFFFFFFFFFFFFFFFFE0
:10102000FFFFFFFFFFFFFFFFFFFFFFFFFFFFFFFFD0
:10103000FFFFFFFFFFFFFFFFFFFFFFFFFFFFFFFFC0
:10104000FFFFFFFFFFFFFFFFFFFFFFFFFFFFFFFFB0
:10105000FFFFFFFFFFFFFFFFFFFFFFFFFFFFFFFFA0
:10106000FFFFFFFFFFFFFFFFFFFFFFFFFFFFFFFF90
:10107000FFFFFFFFFFFFFFFFFFFFFFFFFFFFFFFF80
:10108000FFFFFFFFFFFFFFFFFFFFFFFFFFFFFFFF70
:10109000FFFFFFFFFFFFFFFFFFFFFFFFFFFFFFFF60
:1010A000FFFFFFFFFFFFFFFFFFFFFFFFFFFFFFFF50
:1010B000FFFFFFFFFFFFFFFFFFFFFFFFFFFFFFFF40
:1010C000FFFFFFFFFFFFFFFFFFFFFFFFFFFFFFFF30
:1010D000FFFFFFFFFFFFFFFFFFFFFFFFFFFFFFFF20
:1010E000FFFFFFFFFFFFFFFFFFFFFFFFFFFFFFFF10
:1010F000FFFFFFFFFFFFFFFFFFFFFFFFFFFFFFFF00
:10110000FFFFFFFFFFFFFFFFFFFFFFFFFFFFFFFFEF
:10111000FFFFFFFFFFFFFFFFFFFFFFFFFFFFFFFFDF
:10112000FFFFFFFFFFFFFFFFFFFFFFFFFFFFFFFFCF
:10113000FFFFFFFFFFFFFFFFFFFFFFFFFFFFFFFFBF
:10114000FFFFFFFFFFFFFFFFFFFFFFFFFFFFFFFFAF
:10115000FFFFFFFFFFFFFFFFFFFFFFFFFFFFFFFF9F
:10116000FFFFFFFFFFFFFFFFFFFFFFFFFFFFFFFF8F
:10117000FFFFFFFFFFFFFFFFFFFFFFFFFFFFFFFF7F
:10118000FFFFFFFFFFFFFFFFFFFFFFFFFFFFFFFF6F
:10119000FFFFFFFFFFFFFFFFFFFFFFFFFFFFFFFF5F
:1011A000FFFFFFFFFFFFFFFFFFFFFFFFFFFFFFFF4F
:1011B000FFFFFFFFFFFFFFFFFFFFFFFFFFFFFFFF3F
:1011C000FFFFFFFFFFFFFFFFFFFFFFFFFFFFFFFF2F
:1011D000FFFFFFFFFFFFFFFFFFFFFFFFFFFFFFFF1F
:1011E000FFFFFFFFFFFFFFFFFFFFFFFFFFFFFFFF0F
:1011F000FFFFFFFFFFFFFFFFFFFFFFFFFFFFFFFFFF
:10120000FFFFFFFFFFFFFFFFFFFFFFFFFFFFFFFFEE
:10121000FFFFFFFFFFFFFFFFFFFFFFFFFFFFFFFFDE
:10122000FFFFFFFFFFFFFFFFFFFFFFFFFFFFFFFFCE
:10123000FFFFFFFFFFFFFFFFFFFFFFFFFFFFFFFFBE
:10124000FFFFFFFFFFFFFFFFFFFFFFFFFFFFFFFFAE
:10125000FFFFFFFFFFFFFFFFFFFFFFFFFFFFFFFF9E
:10126000FFFFFFFFFFFFFFFFFFFFFFFFFFFFFFFF8E
:10127000FFFFFFFFFFFFFFFFFFFFFFFFFFFFFFFF7E
:10128000FFFFFFFFFFFFFFFFFFFFFFFFFFFFFFFF6E
:10129000FFFFFFFFFFFFFFFFFFFFFFFFFFFFFFFF5E
:1012A000FFFFFFFFFFFFFFFFFFFFFFFFFFFFFFFF4E
:1012B000FFFFFFFFFFFFFFFFFFFFFFFFFFFFFFFF3E
:1012C000FFFFFFFFFFFFFFFFFFFFFFFFFFFFFFFF2E
:1012D000FFFFFFFFFFFFFFFFFFFFFFFFFFFFFFFF1E
:1012E000FFFFFFFFFFFFFFFFFFFFFFFFFFFFFFFF0E
:1012F000FFFFFFFFFFFFFFFFFFFFFFFFFFFFFFFFFE
:10130000FFFFFFFFFFFFFFFFFFFFFFFFFFFFFFFFED
:10131000FFFFFFFFFFFFFFFFFFFFFFFFFFFFFFFFDD
:10132000FFFFFFFFFFFFFFFFFFFFFFFFFFFFFFFFCD
:10133000FFFFFFFFFFFFFFFFFFFFFFFFFFFFFFFFBD
:10134000FFFFFFFFFFFFFFFFFFFFFFFFFFFFFFFFAD
:10135000FFFFFFFFFFFFFFFFFFFFFFFFFFFFFFFF9D
:10136000FFFFFFFFFFFFFFFFFFFFFFFFFFFFFFFF8D
:10137000FFFFFFFFFFFFFFFFFFFFFFFFFFFFFFFF7D
:10138000FFFFFFFFFFFFFFFFFFFFFFFFFFFFFFFF6D
:10139000FFFFFFFFFFFFFFFFFFFFFFFFFFFFFFFF5D
:1013A000FFFFFFFFFFFFFFFFFFFFFFFFFFFFFFFF4D
:1013B000FFFFFFFFFFFFFFFFFFFFFFFFFFFFFFFF3D
:1013C000FFFFFFFFFFFFFFFFFFFFFFFFFFFFFFFF2D
:1013D000FFFFFFFFFFFFFFFFFFFFFFFFFFFFFFFF1D
:1013E000FFFFFFFFFFFFFFFFFFFFFFFFFFFFFFFF0D
:1013F000FFFFFFFFFFFFFFFFFFFFFFFFFFFFFFFFFD
:10140000FFFFFFFFFFFFFFFFFFFFFFFFFFFFFFFFEC
:10141000FFFFFFFFFFFFFFFFFFFFFFFFFFFFFFFFDC
:10142000FFFFFFFFFFFFFFFFFFFFFFFFFFFFFFFFCC
:10143000FFFFFFFFFFFFFFFFFFFFFFFFFFFFFFFFBC
:10144000FFFFFFFFFFFFFFFFFFFFFFFFFFFFFFFFAC
:10145000FFFFFFFFFFFFFFFFFFFFFFFFFFFFFFFF9C
:10146000FFFFFFFFFFFFFFFFFFFFFFFFFFFFFFFF8C
:10147000FFFFFFFFFFFFFFFFFFFFFFFFFFFFFFFF7C
:10148000FFFFFFFFFFFFFFFFFFFFFFFFFFFFFFFF6C
:10149000FFFFFFFFFFFFFFFFFFFFFFFFFFFFFFFF5C
:1014A000FFFFFFFFFFFFFFFFFFFFFFFFFFFFFFFF4C
:1014B000FFFFFFFFFFFFFFFFFFFFFFFFFFFFFFFF3C
:1014C000FFFFFFFFFFFFFFFFFFFFFFFFFFFFFFFF2C
:1014D000FFFFFFFFFFFFFFFFFFFFFFFFFFFFFFFF1C
:1014E000FFFFFFFFFFFFFFFFFFFFFFFFFFFFFFFF0C
:1014F000FFFFFFFFFFFFFFFFFFFFFFFFFFFFFFFFFC
:10150000FFFFFFFFFFFFFFFFFFFFFFFFFFFFFFFFEB
:10151000FFFFFFFFFFFFFFFFFFFFFFFFFFFFFFFFDB
:10152000FFFFFFFFFFFFFFFFFFFFFFFFFFFFFFFFCB
:10153000FFFFFFFFFFFFFFFFFFFFFFFFFFFFFFFFBB
:10154000FFFFFFFFFFFFFFFFFFFFFFFFFFFFFFFFAB
:10155000FFFFFFFFFFFFFFFFFFFFFFFFFFFFFFFF9B
:10156000FFFFFFFFFFFFFFFFFFFFFFFFFFFFFFFF8B
:10157000FFFFFFFFFFFFFFFFFFFFFFFFFFFFFFFF7B
:10158000FFFFFFFFFFFFFFFFFFFFFFFFFFFFFFFF6B
:10159000FFFFFFFFFFFFFFFFFFFFFFFFFFFFFFFF5B
:1015A000FFFFFFFFFFFFFFFFFFFFFFFFFFFFFFFF4B
:1015B000FFFFFFFFFFFFFFFFFFFFFFFFFFFFFFFF3B
:1015C000FFFFFFFFFFFFFFFFFFFFFFFFFFFFFFFF2B
:1015D000FFFFFFFFFFFFFFFFFFFFFFFFFFFFFFFF1B
:1015E000FFFFFFFFFFFFFFFFFFFFFFFFFFFFFFFF0B
:1015F000FFFFFFFFFFFFFFFFFFFFFFFFFFFFFFFFFB
:10160000FFFFFFFFFFFFFFFFFFFFFFFFFFFFFFFFEA
:10161000FFFFFFFFFFFFFFFFFFFFFFFFFFFFFFFFDA
:10162000FFFFFFFFFFFFFFFFFFFFFFFFFFFFFFFFCA
:10163000FFFFFFFFFFFFFFFFFFFFFFFFFFFFFFFFBA
:10164000FFFFFFFFFFFFFFFFFFFFFFFFFFFFFFFFAA
:10165000FFFFFFFFFFFFFFFFFFFFFFFFFFFFFFFF9A
:10166000FFFFFFFFFFFFFFFFFFFFFFFFFFFFFFFF8A
:10167000FFFFFFFFFFFFFFFFFFFFFFFFFFFFFFFF7A
:10168000FFFFFFFFFFFFFFFFFFFFFFFFFFFFFFFF6A
:10169000FFFFFFFFFFFFFFFFFFFFFFFFFFFFFFFF5A
:1016A000FFFFFFFFFFFFFFFFFFFFFFFFFFFFFFFF4A
:1016B000FFFFFFFFFFFFFFFFFFFFFFFFFFFFFFFF3A
:1016C000FFFFFFFFFFFFFFFFFFFFFFFFFFFFFFFF2A
:1016D000FFFFFFFFFFFFFFFFFFFFFFFFFFFFFFFF1A
:1016E000FFFFFFFFFFFFFFFFFFFFFFFFFFFFFFFF0A
:1016F000FFFFFFFFFFFFFFFFFFFFFFFFFFFFFFFFFA
:10170000FFFFFFFFFFFFFFFFFFFFFFFFFFFFFFFFE9
:10171000FFFFFFFFFFFFFFFFFFFFFFFFFFFFFFFFD9
:10172000FFFFFFFFFFFFFFFFFFFFFFFFFFFFFFFFC9
:10173000FFFFFFFFFFFFFFFFFFFFFFFFFFFFFFFFB9
:10174000FFFFFFFFFFFFFFFFFFFFFFFFFFFFFFFFA9
:10175000FFFFFFFFFFFFFFFFFFFFFFFFFFFFFFFF99
:10176000FFFFFFFFFFFFFFFFFFFFFFFFFFFFFFFF89
:10177000FFFFFFFFFFFFFFFFFFFFFFFFFFFFFFFF79
:10178000FFFFFFFFFFFFFFFFFFFFFFFFFFFFFFFF69
:10179000FFFFFFFFFFFFFFFFFFFFFFFFFFFFFFFF59
:1017A000FFFFFFFFFFFFFFFFFFFFFFFFFFFFFFFF49
:1017B000FFFFFFFFFFFFFFFFFFFFFFFFFFFFFFFF39
:1017C000FFFFFFFFFFFFFFFFFFFFFFFFFFFFFFFF29
:1017D000FFFFFFFFFFFFFFFFFFFFFFFFFFFFFFFF19
:1017E000FFFFFFFFFFFFFFFFFFFFFFFFFFFFFFFF09
:1017F000FFFFFFFFFFFFFFFFFFFFFFFFFFFFFFFFF9
:10180000FFFFFFFFFFFFFFFFFFFFFFFFFFFFFFFFE8
:10181000FFFFFFFFFFFFFFFFFFFFFFFFFFFFFFFFD8
:10182000FFFFFFFFFFFFFFFFFFFFFFFFFFFFFFFFC8
:10183000FFFFFFFFFFFFFFFFFFFFFFFFFFFFFFFFB8
:10184000FFFFFFFFFFFFFFFFFFFFFFFFFFFFFFFFA8
:10185000FFFFFFFFFFFFFFFFFFFFFFFFFFFFFFFF98
:10186000FFFFFFFFFFFFFFFFFFFFFFFFFFFFFFFF88
:10187000FFFFFFFFFFFFFFFFFFFFFFFFFFFFFFFF78
:10188000FFFFFFFFFFFFFFFFFFFFFFFFFFFFFFFF68
:10189000FFFFFFFFFFFFFFFFFFFFFFFFFFFFFFFF58
:1018A000FFFFFFFFFFFFFFFFFFFFFFFFFFFFFFFF48
:1018B000FFFFFFFFFFFFFFFFFFFFFFFFFFFFFFFF38
:1018C000FFFFFFFFFFFFFFFFFFFFFFFFFFFFFFFF28
:1018D000FFFFFFFFFFFFFFFFFFFFFFFFFFFFFFFF18
:1018E000FFFFFFFFFFFFFFFFFFFFFFFFFFFFFFFF08
:1018F000FFFFFFFFFFFFFFFFFFFFFFFFFFFFFFFFF8
:10190000FFFFFFFFFFFFFFFFFFFFFFFFFFFFFFFFE7
:10191000FFFFFFFFFFFFFFFFFFFFFFFFFFFFFFFFD7
:10192000FFFFFFFFFFFFFFFFFFFFFFFFFFFFFFFFC7
:10193000FFFFFFFFFFFFFFFFFFFFFFFFFFFFFFFFB7
:10194000FFFFFFFFFFFFFFFFFFFFFFFFFFFFFFFFA7
:10195000FFFFFFFFFFFFFFFFFFFFFFFFFFFFFFFF97
:10196000FFFFFFFFFFFFFFFFFFFFFFFFFFFFFFFF87
:10197000FFFFFFFFFFFFFFFFFFFFFFFFFFFFFFFF77
:10198000FFFFFFFFFFFFFFFFFFFFFFFFFFFFFFFF67
:10199000FFFFFFFFFFFFFFFFFFFFFFFFFFFFFFFF57
:1019A000FFFFFFFFFFFFFFFFFFFFFFFFFFFFFFFF47
:1019B000FFFFFFFFFFFFFFFFFFFFFFFFFFFFFFFF37
:1019C000FFFFFFFFFFFFFFFFFFFFFFFFFFFFFFFF27
:1019D000FFFFFFFFFFFFFFFFFFFFFFFFFFFFFFFF17
:1019E000FFFFFFFFFFFFFFFFFFFFFFFFFFFFFFFF07
:1019F000FFFFFFFFFFFFFFFFFFFFFFFFFFFFFFFFF7
:101A0000FFFFFFFFFFFFFFFFFFFFFFFFFFFFFFFFE6
:101A1000FFFFFFFFFFFFFFFFFFFFFFFFFFFFFFFFD6
:101A2000FFFFFFFFFFFFFFFFFFFFFFFFFFFFFFFFC6
:101A3000FFFFFFFFFFFFFFFFFFFFFFFFFFFFFFFFB6
:101A4000FFFFFFFFFFFFFFFFFFFFFFFFFFFFFFFFA6
:101A5000FFFFFFFFFFFFFFFFFFFFFFFFFFFFFFFF96
:101A6000FFFFFFFFFFFFFFFFFFFFFFFFFFFFFFFF86
:101A7000FFFFFFFFFFFFFFFFFFFFFFFFFFFFFFFF76
:101A8000FFFFFFFFFFFFFFFFFFFFFFFFFFFFFFFF66
:101A9000FFFFFFFFFFFFFFFFFFFFFFFFFFFFFFFF56
:101AA000FFFFFFFFFFFFFFFFFFFFFFFFFFFFFFFF46
:101AB000FFFFFFFFFFFFFFFFFFFFFFFFFFFFFFFF36
:101AC000FFFFFFFFFFFFFFFFFFFFFFFFFFFFFFFF26
:101AD000FFFFFFFFFFFFFFFFFFFFFFFFFFFFFFFF16
:101AE000FFFFFFFFFFFFFFFFFFFFFFFFFFFFFFFF06
:101AF000FFFFFFFFFFFFFFFFFFFFFFFFFFFFFFFFF6
:101B0000FFFFFFFFFFFFFFFFFFFFFFFFFFFFFFFFE5
:101B1000FFFFFFFFFFFFFFFFFFFFFFFFFFFFFFFFD5
:101B2000FFFFFFFFFFFFFFFFFFFFFFFFFFFFFFFFC5
:101B3000FFFFFFFFFFFFFFFFFFFFFFFFFFFFFFFFB5
:101B4000FFFFFFFFFFFFFFFFFFFFFFFFFFFFFFFFA5
:101B5000FFFFFFFFFFFFFFFFFFFFFFFFFFFFFFFF95
:101B6000FFFFFFFFFFFFFFFFFFFFFFFFFFFFFFFF85
:101B7000FFFFFFFFFFFFFFFFFFFFFFFFFFFFFFFF75
:101B8000FFFFFFFFFFFFFFFFFFFFFFFFFFFFFFFF65
:101B9000FFFFFFFFFFFFFFFFFFFFFFFFFFFFFFFF55
:101BA000FFFFFFFFFFFFFFFFFFFFFFFFFFFFFFFF45
:101BB000FFFFFFFFFFFFFFFFFFFFFFFFFFFFFFFF35
:101BC000FFFFFFFFFFFFFFFFFFFFFFFFFFFFFFFF25
:101BD000FFFFFFFFFFFFFFFFFFFFFFFFFFFFFFFF15
:101BE000FFFFFFFFFFFFFFFFFFFFFFFFFFFFFFFF05
:101BF000FFFFFFFFFFFFFFFFFFFFFFFFFFFFFFFFF5
:101C0000FFFFFFFFFFFFFFFFFFFFFFFFFFFFFFFFE4
:101C1000FFFFFFFFFFFFFFFFFFFFFFFFFFFFFFFFD4
:101C2000FFFFFFFFFFFFFFFFFFFFFFFFFFFFFFFFC4
:101C3000FFFFFFFFFFFFFFFFFFFFFFFFFFFFFFFFB4
:101C4000FFFFFFFFFFFFFFFFFFFFFFFFFFFFFFFFA4
:101C5000FFFFFFFFFFFFFFFFFFFFFFFFFFFFFFFF94
:101C6000FFFFFFFFFFFFFFFFFFFFFFFFFFFFFFFF84
:101C7000FFFFFFFFFFFFFFFFFFFFFFFFFFFFFFFF74
:101C8000FFFFFFFFFFFFFFFFFFFFFFFFFFFFFFFF64
:101C9000FFFFFFFFFFFFFFFFFFFFFFFFFFFFFFFF54
:101CA000FFFFFFFFFFFFFFFFFFFFFFFFFFFFFFFF44
:101CB000FFFFFFFFFFFFFFFFFFFFFFFFFFFFFFFF34
:101CC000FFFFFFFFFFFFFFFFFFFFFFFFFFFFFFFF24
:101CD000FFFFFFFFFFFFFFFFFFFFFFFFFFFFFFFF14
:101CE000FFFFFFFFFFFFFFFFFFFFFFFFFFFFFFFF04
:101CF000FFFFFFFFFFFFFFFFFFFFFFFFFFFFFFFFF4
:101D0000FFFFFFFFFFFFFFFFFFFFFFFFFFFFFFFFE3
:101D1000FFFFFFFFFFFFFFFFFFFFFFFFFFFFFFFFD3
:101D2000FFFFFFFFFFFFFFFFFFFFFFFFFFFFFFFFC3
:101D3000FFFFFFFFFFFFFFFFFFFFFFFFFFFFFFFFB3
:101D4000FFFFFFFFFFFFFFFFFFFFFFFFFFFFFFFFA3
:101D5000FFFFFFFFFFFFFFFFFFFFFFFFFFFFFFFF93
:101D6000FFFFFFFFFFFFFFFFFFFFFFFFFFFFFFFF83
:101D7000FFFFFFFFFFFFFFFFFFFFFFFFFFFFFFFF73
:101D8000FFFFFFFFFFFFFFFFFFFFFFFFFFFFFFFF63
:101D9000FFFFFFFFFFFFFFFFFFFFFFFFFFFFFFFF53
:101DA000FFFFFFFFFFFFFFFFFFFFFFFFFFFFFFFF43
:101DB000FFFFFFFFFFFFFFFFFFFFFFFFFFFFFFFF33
:101DC000FFFFFFFFFFFFFFFFFFFFFFFFFFFFFFFF23
:101DD000FFFFFFFFFFFFFFFFFFFFFFFFFFFFFFFF13
:101DE000FFFFFFFFFFFFFFFFFFFFFFFFFFFFFFFF03
:101DF000FFFFFFFFFFFFFFFFFFFFFFFFFFFFFFFFF3
:101E0000FFFFFFFFFFFFFFFFFFFFFFFFFFFFFFFFE2
:101E1000FFFFFFFFFFFFFFFFFFFFFFFFFFFFFFFFD2
:101E2000FFFFFFFFFFFFFFFFFFFFFFFFFFFFFFFFC2
:101E3000FFFFFFFFFFFFFFFFFFFFFFFFFFFFFFFFB2
:101E4000FFFFFFFFFFFFFFFFFFFFFFFFFFFFFFFFA2
:101E5000FFFFFFFFFFFFFFFFFFFFFFFFFFFFFFFF92
:101E6000FFFFFFFFFFFFFFFFFFFFFFFFFFFFFFFF82
:101E7000FFFFFFFFFFFFFFFFFFFFFFFFFFFFFFFF72
:101E8000FFFFFFFFFFFFFFFFFFFFFFFFFFFFFFFF62
:101E9000FFFFFFFFFFFFFFFFFFFFFFFFFFFFFFFF52
:101EA000FFFFFFFFFFFFFFFFFFFFFFFFFFFFFFFF42
:101EB000FFFFFFFFFFFFFFFFFFFFFFFFFFFFFFFF32
:101EC000FFFFFFFFFFFFFFFFFFFFFFFFFFFFFFFF22
:101ED000FFFFFFFFFFFFFFFFFFFFFFFFFFFFFFFF12
:101EE000FFFFFFFFFFFFFFFFFFFFFFFFFFFFFFFF02
:101EF000FFFFFFFFFFFFFFFFFFFFFFFFFFFFFFFFF2
:101F0000FFFFFFFFFFFFFFFFFFFFFFFFFFFFFFFFE1
:101F1000FFFFFFFFFFFFFFFFFFFFFFFFFFFFFFFFD1
:101F2000FFFFFFFFFFFFFFFFFFFFFFFFFFFFFFFFC1
:101F3000FFFFFFFFFFFFFFFFFFFFFFFFFFFFFFFFB1
:101F4000FFFFFFFFFFFFFFFFFFFFFFFFFFFFFFFFA1
:101F5000FFFFFFFFFFFFFFFFFFFFFFFFFFFFFFFF91
:101F6000FFFFFFFFFFFFFFFFFFFFFFFFFFFFFFFF81
:101F7000FFFFFFFFFFFFFFFFFFFFFFFFFFFFFFFF71
:101F8000FFFFFFFFFFFFFFFFFFFFFFFFFFFFFFFF61
:101F9000FFFFFFFFFFFFFFFFFFFFFFFFFFFFFFFF51
:101FA000FFFFFFFFFFFFFFFFFFFFFFFFFFFFFFFF41
:101FB000FFFFFFFFFFFFFFFFFFFFFFFFFFFFFFFF31
:101FC000FFFFFFFFFFFFFFFFFFFFFFFFFFFFFFFF21
:101FD000FFFFFFFFFFFFFFFFFFFFFFFFFFFFFFFF11
:101FE000FFFFFFFFFFFFFFFFFFFFFFFFFFFFFFFF01
:101FF000FFFFFFFFFFFFFFFFFFFFFFFFFFFFFFFFF1
:10200000FFFFFFFFFFFFFFFFFFFFFFFFFFFFFFFFE0
:10201000FFFFFFFFFFFFFFFFFFFFFFFFFFFFFFFFD0
:10202000FFFFFFFFFFFFFFFFFFFFFFFFFFFFFFFFC0
:10203000FFFFFFFFFFFFFFFFFFFFFFFFFFFFFFFFB0
:10204000FFFFFFFFFFFFFFFFFFFFFFFFFFFFFFFFA0
:10205000FFFFFFFFFFFFFFFFFFFFFFFFFFFFFFFF90
:10206000FFFFFFFFFFFFFFFFFFFFFFFFFFFFFFFF80
:10207000FFFFFFFFFFFFFFFFFFFFFFFFFFFFFFFF70
:10208000FFFFFFFFFFFFFFFFFFFFFFFFFFFFFFFF60
:10209000FFFFFFFFFFFFFFFFFFFFFFFFFFFFFFFF50
:1020A000FFFFFFFFFFFFFFFFFFFFFFFFFFFFFFFF40
:1020B000FFFFFFFFFFFFFFFFFFFFFFFFFFFFFFFF30
:1020C000FFFFFFFFFFFFFFFFFFFFFFFFFFFFFFFF20
:1020D000FFFFFFFFFFFFFFFFFFFFFFFFFFFFFFFF10
:1020E000FFFFFFFFFFFFFFFFFFFFFFFFFFFFFFFF00
:1020F000FFFFFFFFFFFFFFFFFFFFFFFFFFFFFFFFF0
:10210000FFFFFFFFFFFFFFFFFFFFFFFFFFFFFFFFDF
:10211000FFFFFFFFFFFFFFFFFFFFFFFFFFFFFFFFCF
:10212000FFFFFFFFFFFFFFFFFFFFFFFFFFFFFFFFBF
:10213000FFFFFFFFFFFFFFFFFFFFFFFFFFFFFFFFAF
:10214000FFFFFFFFFFFFFFFFFFFFFFFFFFFFFFFF9F
:10215000FFFFFFFFFFFFFFFFFFFFFFFFFFFFFFFF8F
:10216000FFFFFFFFFFFFFFFFFFFFFFFFFFFFFFFF7F
:10217000FFFFFFFFFFFFFFFFFFFFFFFFFFFFFFFF6F
:10218000FFFFFFFFFFFFFFFFFFFFFFFFFFFFFFFF5F
:10219000FFFFFFFFFFFFFFFFFFFFFFFFFFFFFFFF4F
:1021A000FFFFFFFFFFFFFFFFFFFFFFFFFFFFFFFF3F
:1021B000FFFFFFFFFFFFFFFFFFFFFFFFFFFFFFFF2F
:1021C000FFFFFFFFFFFFFFFFFFFFFFFFFFFFFFFF1F
:1021D000FFFFFFFFFFFFFFFFFFFFFFFFFFFFFFFF0F
:1021E000FFFFFFFFFFFFFFFFFFFFFFFFFFFFFFFFFF
:1021F000FFFFFFFFFFFFFFFFFFFFFFFFFFFFFFFFEF
:10220000FFFFFFFFFFFFFFFFFFFFFFFFFFFFFFFFDE
:10221000FFFFFFFFFFFFFFFFFFFFFFFFFFFFFFFFCE
:10222000FFFFFFFFFFFFFFFFFFFFFFFFFFFFFFFFBE
:10223000FFFFFFFFFFFFFFFFFFFFFFFFFFFFFFFFAE
:10224000FFFFFFFFFFFFFFFFFFFFFFFFFFFFFFFF9E
:10225000FFFFFFFFFFFFFFFFFFFFFFFFFFFFFFFF8E
:10226000FFFFFFFFFFFFFFFFFFFFFFFFFFFFFFFF7E
:10227000FFFFFFFFFFFFFFFFFFFFFFFFFFFFFFFF6E
:10228000FFFFFFFFFFFFFFFFFFFFFFFFFFFFFFFF5E
:10229000FFFFFFFFFFFFFFFFFFFFFFFFFFFFFFFF4E
:1022A000FFFFFFFFFFFFFFFFFFFFFFFFFFFFFFFF3E
:1022B000FFFFFFFFFFFFFFFFFFFFFFFFFFFFFFFF2E
:1022C000FFFFFFFFFFFFFFFFFFFFFFFFFFFFFFFF1E
:1022D000FFFFFFFFFFFFFFFFFFFFFFFFFFFFFFFF0E
:1022E000FFFFFFFFFFFFFFFFFFFFFFFFFFFFFFFFFE
:1022F000FFFFFFFFFFFFFFFFFFFFFFFFFFFFFFFFEE
:10230000FFFFFFFFFFFFFFFFFFFFFFFFFFFFFFFFDD
:10231000FFFFFFFFFFFFFFFFFFFFFFFFFFFFFFFFCD
:10232000FFFFFFFFFFFFFFFFFFFFFFFFFFFFFFFFBD
:10233000FFFFFFFFFFFFFFFFFFFFFFFFFFFFFFFFAD
:10234000FFFFFFFFFFFFFFFFFFFFFFFFFFFFFFFF9D
:10235000FFFFFFFFFFFFFFFFFFFFFFFFFFFFFFFF8D
:10236000FFFFFFFFFFFFFFFFFFFFFFFFFFFFFFFF7D
:10237000FFFFFFFFFFFFFFFFFFFFFFFFFFFFFFFF6D
:10238000FFFFFFFFFFFFFFFFFFFFFFFFFFFFFFFF5D
:10239000FFFFFFFFFFFFFFFFFFFFFFFFFFFFFFFF4D
:1023A000FFFFFFFFFFFFFFFFFFFFFFFFFFFFFFFF3D
:1023B000FFFFFFFFFFFFFFFFFFFFFFFFFFFFFFFF2D
:1023C000FFFFFFFFFFFFFFFFFFFFFFFFFFFFFFFF1D
:1023D000FFFFFFFFFFFFFFFFFFFFFFFFFFFFFFFF0D
:1023E000FFFFFFFFFFFFFFFFFFFFFFFFFFFFFFFFFD
:1023F000FFFFFFFFFFFFFFFFFFFFFFFFFFFFFFFFED
:10240000FFFFFFFFFFFFFFFFFFFFFFFFFFFFFFFFDC
:10241000FFFFFFFFFFFFFFFFFFFFFFFFFFFFFFFFCC
:10242000FFFFFFFFFFFFFFFFFFFFFFFFFFFFFFFFBC
:10243000FFFFFFFFFFFFFFFFFFFFFFFFFFFFFFFFAC
:10244000FFFFFFFFFFFFFFFFFFFFFFFFFFFFFFFF9C
:10245000FFFFFFFFFFFFFFFFFFFFFFFFFFFFFFFF8C
:10246000FFFFFFFFFFFFFFFFFFFFFFFFFFFFFFFF7C
:10247000FFFFFFFFFFFFFFFFFFFFFFFFFFFFFFFF6C
:10248000FFFFFFFFFFFFFFFFFFFFFFFFFFFFFFFF5C
:10249000FFFFFFFFFFFFFFFFFFFFFFFFFFFFFFFF4C
:1024A000FFFFFFFFFFFFFFFFFFFFFFFFFFFFFFFF3C
:1024B000FFFFFFFFFFFFFFFFFFFFFFFFFFFFFFFF2C
:1024C000FFFFFFFFFFFFFFFFFFFFFFFFFFFFFFFF1C
:1024D000FFFFFFFFFFFFFFFFFFFFFFFFFFFFFFFF0C
:1024E000FFFFFFFFFFFFFFFFFFFFFFFFFFFFFFFFFC
:1024F000FFFFFFFFFFFFFFFFFFFFFFFFFFFFFFFFEC
:10250000FFFFFFFFFFFFFFFFFFFFFFFFFFFFFFFFDB
:10251000FFFFFFFFFFFFFFFFFFFFFFFFFFFFFFFFCB
:10252000FFFFFFFFFFFFFFFFFFFFFFFFFFFFFFFFBB
:10253000FFFFFFFFFFFFFFFFFFFFFFFFFFFFFFFFAB
:10254000FFFFFFFFFFFFFFFFFFFFFFFFFFFFFFFF9B
:10255000FFFFFFFFFFFFFFFFFFFFFFFFFFFFFFFF8B
:10256000FFFFFFFFFFFFFFFFFFFFFFFFFFFFFFFF7B
:10257000FFFFFFFFFFFFFFFFFFFFFFFFFFFFFFFF6B
:10258000FFFFFFFFFFFFFFFFFFFFFFFFFFFFFFFF5B
:10259000FFFFFFFFFFFFFFFFFFFFFFFFFFFFFFFF4B
:1025A000FFFFFFFFFFFFFFFFFFFFFFFFFFFFFFFF3B
:1025B000FFFFFFFFFFFFFFFFFFFFFFFFFFFFFFFF2B
:1025C000FFFFFFFFFFFFFFFFFFFFFFFFFFFFFFFF1B
:1025D000FFFFFFFFFFFFFFFFFFFFFFFFFFFFFFFF0B
:1025E000FFFFFFFFFFFFFFFFFFFFFFFFFFFFFFFFFB
:1025F000FFFFFFFFFFFFFFFFFFFFFFFFFFFFFFFFEB
:10260000FFFFFFFFFFFFFFFFFFFFFFFFFFFFFFFFDA
:10261000FFFFFFFFFFFFFFFFFFFFFFFFFFFFFFFFCA
:10262000FFFFFFFFFFFFFFFFFFFFFFFFFFFFFFFFBA
:10263000FFFFFFFFFFFFFFFFFFFFFFFFFFFFFFFFAA
:10264000FFFFFFFFFFFFFFFFFFFFFFFFFFFFFFFF9A
:10265000FFFFFFFFFFFFFFFFFFFFFFFFFFFFFFFF8A
:10266000FFFFFFFFFFFFFFFFFFFFFFFFFFFFFFFF7A
:10267000FFFFFFFFFFFFFFFFFFFFFFFFFFFFFFFF6A
:10268000FFFFFFFFFFFFFFFFFFFFFFFFFFFFFFFF5A
:10269000FFFFFFFFFFFFFFFFFFFFFFFFFFFFFFFF4A
:1026A000FFFFFFFFFFFFFFFFFFFFFFFFFFFFFFFF3A
:1026B000FFFFFFFFFFFFFFFFFFFFFFFFFFFFFFFF2A
:1026C000FFFFFFFFFFFFFFFFFFFFFFFFFFFFFFFF1A
:1026D000FFFFFFFFFFFFFFFFFFFFFFFFFFFFFFFF0A
:1026E000FFFFFFFFFFFFFFFFFFFFFFFFFFFFFFFFFA
:1026F000FFFFFFFFFFFFFFFFFFFFFFFFFFFFFFFFEA
:10270000FFFFFFFFFFFFFFFFFFFFFFFFFFFFFFFFD9
:10271000FFFFFFFFFFFFFFFFFFFFFFFFFFFFFFFFC9
:10272000FFFFFFFFFFFFFFFFFFFFFFFFFFFFFFFFB9
:10273000FFFFFFFFFFFFFFFFFFFFFFFFFFFFFFFFA9
:10274000FFFFFFFFFFFFFFFFFFFFFFFFFFFFFFFF99
:10275000FFFFFFFFFFFFFFFFFFFFFFFFFFFFFFFF89
:10276000FFFFFFFFFFFFFFFFFFFFFFFFFFFFFFFF79
:10277000FFFFFFFFFFFFFFFFFFFFFFFFFFFFFFFF69
:10278000FFFFFFFFFFFFFFFFFFFFFFFFFFFFFFFF59
:10279000FFFFFFFFFFFFFFFFFFFFFFFFFFFFFFFF49
:1027A000FFFFFFFFFFFFFFFFFFFFFFFFFFFFFFFF39
:1027B000FFFFFFFFFFFFFFFFFFFFFFFFFFFFFFFF29
:1027C000FFFFFFFFFFFFFFFFFFFFFFFFFFFFFFFF19
:1027D000FFFFFFFFFFFFFFFFFFFFFFFFFFFFFFFF09
:1027E000FFFFFFFFFFFFFFFFFFFFFFFFFFFFFFFFF9
:1027F000FFFFFFFFFFFFFFFFFFFFFFFFFFFFFFFFE9
:10280000FFFFFFFFFFFFFFFFFFFFFFFFFFFFFFFFD8
:10281000FFFFFFFFFFFFFFFFFFFFFFFFFFFFFFFFC8
:10282000FFFFFFFFFFFFFFFFFFFFFFFFFFFFFFFFB8
:10283000FFFFFFFFFFFFFFFFFFFFFFFFFFFFFFFFA8
:10284000FFFFFFFFFFFFFFFFFFFFFFFFFFFFFFFF98
:10285000FFFFFFFFFFFFFFFFFFFFFFFFFFFFFFFF88
:10286000FFFFFFFFFFFFFFFFFFFFFFFFFFFFFFFF78
:10287000FFFFFFFFFFFFFFFFFFFFFFFFFFFFFFFF68
:10288000FFFFFFFFFFFFFFFFFFFFFFFFFFFFFFFF58
:10289000FFFFFFFFFFFFFFFFFFFFFFFFFFFFFFFF48
:1028A000FFFFFFFFFFFFFFFFFFFFFFFFFFFFFFFF38
:1028B000FFFFFFFFFFFFFFFFFFFFFFFFFFFFFFFF28
:1028C000FFFFFFFFFFFFFFFFFFFFFFFFFFFFFFFF18
:1028D000FFFFFFFFFFFFFFFFFFFFFFFFFFFFFFFF08
:1028E000FFFFFFFFFFFFFFFFFFFFFFFFFFFFFFFFF8
:1028F000FFFFFFFFFFFFFFFFFFFFFFFFFFFFFFFFE8
:10290000FFFFFFFFFFFFFFFFFFFFFFFFFFFFFFFFD7
:10291000FFFFFFFFFFFFFFFFFFFFFFFFFFFFFFFFC7
:10292000FFFFFFFFFFFFFFFFFFFFFFFFFFFFFFFFB7
:10293000FFFFFFFFFFFFFFFFFFFFFFFFFFFFFFFFA7
:10294000FFFFFFFFFFFFFFFFFFFFFFFFFFFFFFFF97
:10295000FFFFFFFFFFFFFFFFFFFFFFFFFFFFFFFF87
:10296000FFFFFFFFFFFFFFFFFFFFFFFFFFFFFFFF77
:10297000FFFFFFFFFFFFFFFFFFFFFFFFFFFFFFFF67
:10298000FFFFFFFFFFFFFFFFFFFFFFFFFFFFFFFF57
:10299000FFFFFFFFFFFFFFFFFFFFFFFFFFFFFFFF47
:1029A000FFFFFFFFFFFFFFFFFFFFFFFFFFFFFFFF37
:1029B000FFFFFFFFFFFFFFFFFFFFFFFFFFFFFFFF27
:1029C000FFFFFFFFFFFFFFFFFFFFFFFFFFFFFFFF17
:1029D000FFFFFFFFFFFFFFFFFFFFFFFFFFFFFFFF07
:1029E000FFFFFFFFFFFFFFFFFFFFFFFFFFFFFFFFF7
:1029F000FFFFFFFFFFFFFFFFFFFFFFFFFFFFFFFFE7
:102A0000FFFFFFFFFFFFFFFFFFFFFFFFFFFFFFFFD6
:102A1000FFFFFFFFFFFFFFFFFFFFFFFFFFFFFFFFC6
:102A2000FFFFFFFFFFFFFFFFFFFFFFFFFFFFFFFFB6
:102A3000FFFFFFFFFFFFFFFFFFFFFFFFFFFFFFFFA6
:102A4000FFFFFFFFFFFFFFFFFFFFFFFFFFFFFFFF96
:102A5000FFFFFFFFFFFFFFFFFFFFFFFFFFFFFFFF86
:102A6000FFFFFFFFFFFFFFFFFFFFFFFFFFFFFFFF76
:102A7000FFFFFFFFFFFFFFFFFFFFFFFFFFFFFFFF66
:102A8000FFFFFFFFFFFFFFFFFFFFFFFFFFFFFFFF56
:102A9000FFFFFFFFFFFFFFFFFFFFFFFFFFFFFFFF46
:102AA000FFFFFFFFFFFFFFFFFFFFFFFFFFFFFFFF36
:102AB000FFFFFFFFFFFFFFFFFFFFFFFFFFFFFFFF26
:102AC000FFFFFFFFFFFFFFFFFFFFFFFFFFFFFFFF16
:102AD000FFFFFFFFFFFFFFFFFFFFFFFFFFFFFFFF06
:102AE000FFFFFFFFFFFFFFFFFFFFFFFFFFFFFFFFF6
:102AF000FFFFFFFFFFFFFFFFFFFFFFFFFFFFFFFFE6
:102B0000FFFFFFFFFFFFFFFFFFFFFFFFFFFFFFFFD5
:102B1000FFFFFFFFFFFFFFFFFFFFFFFFFFFFFFFFC5
:102B2000FFFFFFFFFFFFFFFFFFFFFFFFFFFFFFFFB5
:102B3000FFFFFFFFFFFFFFFFFFFFFFFFFFFFFFFFA5
:102B4000FFFFFFFFFFFFFFFFFFFFFFFFFFFFFFFF95
:102B5000FFFFFFFFFFFFFFFFFFFFFFFFFFFFFFFF85
:102B6000FFFFFFFFFFFFFFFFFFFFFFFFFFFFFFFF75
:102B7000FFFFFFFFFFFFFFFFFFFFFFFFFFFFFFFF65
:102B8000FFFFFFFFFFFFFFFFFFFFFFFFFFFFFFFF55
:102B9000FFFFFFFFFFFFFFFFFFFFFFFFFFFFFFFF45
:102BA000FFFFFFFFFFFFFFFFFFFFFFFFFFFFFFFF35
:102BB000FFFFFFFFFFFFFFFFFFFFFFFFFFFFFFFF25
:102BC000FFFFFFFFFFFFFFFFFFFFFFFFFFFFFFFF15
:102BD000FFFFFFFFFFFFFFFFFFFFFFFFFFFFFFFF05
:102BE000FFFFFFFFFFFFFFFFFFFFFFFFFFFFFFFFF5
:102BF000FFFFFFFFFFFFFFFFFFFFFFFFFFFFFFFFE5
:102C0000FFFFFFFFFFFFFFFFFFFFFFFFFFFFFFFFD4
:102C1000FFFFFFFFFFFFFFFFFFFFFFFFFFFFFFFFC4
:102C2000FFFFFFFFFFFFFFFFFFFFFFFFFFFFFFFFB4
:102C3000FFFFFFFFFFFFFFFFFFFFFFFFFFFFFFFFA4
:102C4000FFFFFFFFFFFFFFFFFFFFFFFFFFFFFFFF94
:102C5000FFFFFFFFFFFFFFFFFFFFFFFFFFFFFFFF84
:102C6000FFFFFFFFFFFFFFFFFFFFFFFFFFFFFFFF74
:102C7000FFFFFFFFFFFFFFFFFFFFFFFFFFFFFFFF64
:102C8000FFFFFFFFFFFFFFFFFFFFFFFFFFFFFFFF54
:102C9000FFFFFFFFFFFFFFFFFFFFFFFFFFFFFFFF44
:102CA000FFFFFFFFFFFFFFFFFFFFFFFFFFFFFFFF34
:102CB000FFFFFFFFFFFFFFFFFFFFFFFFFFFFFFFF24
:102CC000FFFFFFFFFFFFFFFFFFFFFFFFFFFFFFFF14
:102CD000FFFFFFFFFFFFFFFFFFFFFFFFFFFFFFFF04
:102CE000FFFFFFFFFFFFFFFFFFFFFFFFFFFFFFFFF4
:102CF000FFFFFFFFFFFFFFFFFFFFFFFFFFFFFFFFE4
:102D0000FFFFFFFFFFFFFFFFFFFFFFFFFFFFFFFFD3
:102D1000FFFFFFFFFFFFFFFFFFFFFFFFFFFFFFFFC3
:102D2000FFFFFFFFFFFFFFFFFFFFFFFFFFFFFFFFB3
:102D3000FFFFFFFFFFFFFFFFFFFFFFFFFFFFFFFFA3
:102D4000FFFFFFFFFFFFFFFFFFFFFFFFFFFFFFFF93
:102D5000FFFFFFFFFFFFFFFFFFFFFFFFFFFFFFFF83
:102D6000FFFFFFFFFFFFFFFFFFFFFFFFFFFFFFFF73
:102D7000FFFFFFFFFFFFFFFFFFFFFFFFFFFFFFFF63
:102D8000FFFFFFFFFFFFFFFFFFFFFFFFFFFFFFFF53
:102D9000FFFFFFFFFFFFFFFFFFFFFFFFFFFFFFFF43
:102DA000FFFFFFFFFFFFFFFFFFFFFFFFFFFFFFFF33
:102DB000FFFFFFFFFFFFFFFFFFFFFFFFFFFFFFFF23
:102DC000FFFFFFFFFFFFFFFFFFFFFFFFFFFFFFFF13
:102DD000FFFFFFFFFFFFFFFFFFFFFFFFFFFFFFFF03
:102DE000FFFFFFFFFFFFFFFFFFFFFFFFFFFFFFFFF3
:102DF000FFFFFFFFFFFFFFFFFFFFFFFFFFFFFFFFE3
:102E0000FFFFFFFFFFFFFFFFFFFFFFFFFFFFFFFFD2
:102E1000FFFFFFFFFFFFFFFFFFFFFFFFFFFFFFFFC2
:102E2000FFFFFFFFFFFFFFFFFFFFFFFFFFFFFFFFB2
:102E3000FFFFFFFFFFFFFFFFFFFFFFFFFFFFFFFFA2
:102E4000FFFFFFFFFFFFFFFFFFFFFFFFFFFFFFFF92
:102E5000FFFFFFFFFFFFFFFFFFFFFFFFFFFFFFFF82
:102E6000FFFFFFFFFFFFFFFFFFFFFFFFFFFFFFFF72
:102E7000FFFFFFFFFFFFFFFFFFFFFFFFFFFFFFFF62
:102E8000FFFFFFFFFFFFFFFFFFFFFFFFFFFFFFFF52
:102E9000FFFFFFFFFFFFFFFFFFFFFFFFFFFFFFFF42
:102EA000FFFFFFFFFFFFFFFFFFFFFFFFFFFFFFFF32
:102EB000FFFFFFFFFFFFFFFFFFFFFFFFFFFFFFFF22
:102EC000FFFFFFFFFFFFFFFFFFFFFFFFFFFFFFFF12
:102ED000FFFFFFFFFFFFFFFFFFFFFFFFFFFFFFFF02
:102EE000FFFFFFFFFFFFFFFFFFFFFFFFFFFFFFFFF2
:102EF000FFFFFFFFFFFFFFFFFFFFFFFFFFFFFFFFE2
:102F0000FFFFFFFFFFFFFFFFFFFFFFFFFFFFFFFFD1
:102F1000FFFFFFFFFFFFFFFFFFFFFFFFFFFFFFFFC1
:102F2000FFFFFFFFFFFFFFFFFFFFFFFFFFFFFFFFB1
:102F3000FFFFFFFFFFFFFFFFFFFFFFFFFFFFFFFFA1
:102F4000FFFFFFFFFFFFFFFFFFFFFFFFFFFFFFFF91
:102F5000FFFFFFFFFFFFFFFFFFFFFFFFFFFFFFFF81
:102F6000FFFFFFFFFFFFFFFFFFFFFFFFFFFFFFFF71
:102F7000FFFFFFFFFFFFFFFFFFFFFFFFFFFFFFFF61
:102F8000FFFFFFFFFFFFFFFFFFFFFFFFFFFFFFFF51
:102F9000FFFFFFFFFFFFFFFFFFFFFFFFFFFFFFFF41
:102FA000FFFFFFFFFFFFFFFFFFFFFFFFFFFFFFFF31
:102FB000FFFFFFFFFFFFFFFFFFFFFFFFFFFFFFFF21
:102FC000FFFFFFFFFFFFFFFFFFFFFFFFFFFFFFFF11
:102FD000FFFFFFFFFFFFFFFFFFFFFFFFFFFFFFFF01
:102FE000FFFFFFFFFFFFFFFFFFFFFFFFFFFFFFFFF1
:102FF000FFFFFFFFFFFFFFFFFFFFFFFFFFFFFFFFE1
:10300000FFFFFFFFFFFFFFFFFFFFFFFFFFFFFFFFD0
:10301000FFFFFFFFFFFFFFFFFFFFFFFFFFFFFFFFC0
:10302000FFFFFFFFFFFFFFFFFFFFFFFFFFFFFFFFB0
:10303000FFFFFFFFFFFFFFFFFFFFFFFFFFFFFFFFA0
:10304000FFFFFFFFFFFFFFFFFFFFFFFFFFFFFFFF90
:10305000FFFFFFFFFFFFFFFFFFFFFFFFFFFFFFFF80
:10306000FFFFFFFFFFFFFFFFFFFFFFFFFFFFFFFF70
:10307000FFFFFFFFFFFFFFFFFFFFFFFFFFFFFFFF60
:10308000FFFFFFFFFFFFFFFFFFFFFFFFFFFFFFFF50
:10309000FFFFFFFFFFFFFFFFFFFFFFFFFFFFFFFF40
:1030A000FFFFFFFFFFFFFFFFFFFFFFFFFFFFFFFF30
:1030B000FFFFFFFFFFFFFFFFFFFFFFFFFFFFFFFF20
:1030C000FFFFFFFFFFFFFFFFFFFFFFFFFFFFFFFF10
:1030D000FFFFFFFFFFFFFFFFFFFFFFFFFFFFFFFF00
:1030E000FFFFFFFFFFFFFFFFFFFFFFFFFFFFFFFFF0
:1030F000FFFFFFFFFFFFFFFFFFFFFFFFFFFFFFFFE0
:10310000FFFFFFFFFFFFFFFFFFFFFFFFFFFFFFFFCF
:10311000FFFFFFFFFFFFFFFFFFFFFFFFFFFFFFFFBF
:10312000FFFFFFFFFFFFFFFFFFFFFFFFFFFFFFFFAF
:10313000FFFFFFFFFFFFFFFFFFFFFFFFFFFFFFFF9F
:10314000FFFFFFFFFFFFFFFFFFFFFFFFFFFFFFFF8F
:10315000FFFFFFFFFFFFFFFFFFFFFFFFFFFFFFFF7F
:10316000FFFFFFFFFFFFFFFFFFFFFFFFFFFFFFFF6F
:10317000FFFFFFFFFFFFFFFFFFFFFFFFFFFFFFFF5F
:10318000FFFFFFFFFFFFFFFFFFFFFFFFFFFFFFFF4F
:10319000FFFFFFFFFFFFFFFFFFFFFFFFFFFFFFFF3F
:1031A000FFFFFFFFFFFFFFFFFFFFFFFFFFFFFFFF2F
:1031B000FFFFFFFFFFFFFFFFFFFFFFFFFFFFFFFF1F
:1031C000FFFFFFFFFFFFFFFFFFFFFFFFFFFFFFFF0F
:1031D000FFFFFFFFFFFFFFFFFFFFFFFFFFFFFFFFFF
:1031E000FFFFFFFFFFFFFFFFFFFFFFFFFFFFFFFFEF
:1031F000FFFFFFFFFFFFFFFFFFFFFFFFFFFFFFFFDF
:10320000FFFFFFFFFFFFFFFFFFFFFFFFFFFFFFFFCE
:10321000FFFFFFFFFFFFFFFFFFFFFFFFFFFFFFFFBE
:10322000FFFFFFFFFFFFFFFFFFFFFFFFFFFFFFFFAE
:10323000FFFFFFFFFFFFFFFFFFFFFFFFFFFFFFFF9E
:10324000FFFFFFFFFFFFFFFFFFFFFFFFFFFFFFFF8E
:10325000FFFFFFFFFFFFFFFFFFFFFFFFFFFFFFFF7E
:10326000FFFFFFFFFFFFFFFFFFFFFFFFFFFFFFFF6E
:10327000FFFFFFFFFFFFFFFFFFFFFFFFFFFFFFFF5E
:10328000FFFFFFFFFFFFFFFFFFFFFFFFFFFFFFFF4E
:10329000FFFFFFFFFFFFFFFFFFFFFFFFFFFFFFFF3E
:1032A000FFFFFFFFFFFFFFFFFFFFFFFFFFFFFFFF2E
:1032B000FFFFFFFFFFFFFFFFFFFFFFFFFFFFFFFF1E
:1032C000FFFFFFFFFFFFFFFFFFFFFFFFFFFFFFFF0E
:1032D000FFFFFFFFFFFFFFFFFFFFFFFFFFFFFFFFFE
:1032E000FFFFFFFFFFFFFFFFFFFFFFFFFFFFFFFFEE
:1032F000FFFFFFFFFFFFFFFFFFFFFFFFFFFFFFFFDE
:10330000FFFFFFFFFFFFFFFFFFFFFFFFFFFFFFFFCD
:10331000FFFFFFFFFFFFFFFFFFFFFFFFFFFFFFFFBD
:10332000FFFFFFFFFFFFFFFFFFFFFFFFFFFFFFFFAD
:10333000FFFFFFFFFFFFFFFFFFFFFFFFFFFFFFFF9D
:10334000FFFFFFFFFFFFFFFFFFFFFFFFFFFFFFFF8D
:10335000FFFFFFFFFFFFFFFFFFFFFFFFFFFFFFFF7D
:10336000FFFFFFFFFFFFFFFFFFFFFFFFFFFFFFFF6D
:10337000FFFFFFFFFFFFFFFFFFFFFFFFFFFFFFFF5D
:10338000FFFFFFFFFFFFFFFFFFFFFFFFFFFFFFFF4D
:10339000FFFFFFFFFFFFFFFFFFFFFFFFFFFFFFFF3D
:1033A000FFFFFFFFFFFFFFFFFFFFFFFFFFFFFFFF2D
:1033B000FFFFFFFFFFFFFFFFFFFFFFFFFFFFFFFF1D
:1033C000FFFFFFFFFFFFFFFFFFFFFFFFFFFFFFFF0D
:1033D000FFFFFFFFFFFFFFFFFFFFFFFFFFFFFFFFFD
:1033E000FFFFFFFFFFFFFFFFFFFFFFFFFFFFFFFFED
:1033F000FFFFFFFFFFFFFFFFFFFFFFFFFFFFFFFFDD
:10340000FFFFFFFFFFFFFFFFFFFFFFFFFFFFFFFFCC
:10341000FFFFFFFFFFFFFFFFFFFFFFFFFFFFFFFFBC
:10342000FFFFFFFFFFFFFFFFFFFFFFFFFFFFFFFFAC
:10343000FFFFFFFFFFFFFFFFFFFFFFFFFFFFFFFF9C
:10344000FFFFFFFFFFFFFFFFFFFFFFFFFFFFFFFF8C
:10345000FFFFFFFFFFFFFFFFFFFFFFFFFFFFFFFF7C
:10346000FFFFFFFFFFFFFFFFFFFFFFFFFFFFFFFF6C
:10347000FFFFFFFFFFFFFFFFFFFFFFFFFFFFFFFF5C
:10348000FFFFFFFFFFFFFFFFFFFFFFFFFFFFFFFF4C
:10349000FFFFFFFFFFFFFFFFFFFFFFFFFFFFFFFF3C
:1034A000FFFFFFFFFFFFFFFFFFFFFFFFFFFFFFFF2C
:1034B000FFFFFFFFFFFFFFFFFFFFFFFFFFFFFFFF1C
:1034C000FFFFFFFFFFFFFFFFFFFFFFFFFFFFFFFF0C
:1034D000FFFFFFFFFFFFFFFFFFFFFFFFFFFFFFFFFC
:1034E000FFFFFFFFFFFFFFFFFFFFFFFFFFFFFFFFEC
:1034F000FFFFFFFFFFFFFFFFFFFFFFFFFFFFFFFFDC
:10350000FFFFFFFFFFFFFFFFFFFFFFFFFFFFFFFFCB
:10351000FFFFFFFFFFFFFFFFFFFFFFFFFFFFFFFFBB
:10352000FFFFFFFFFFFFFFFFFFFFFFFFFFFFFFFFAB
:10353000FFFFFFFFFFFFFFFFFFFFFFFFFFFFFFFF9B
:10354000FFFFFFFFFFFFFFFFFFFFFFFFFFFFFFFF8B
:10355000FFFFFFFFFFFFFFFFFFFFFFFFFFFFFFFF7B
:10356000FFFFFFFFFFFFFFFFFFFFFFFFFFFFFFFF6B
:10357000FFFFFFFFFFFFFFFFFFFFFFFFFFFFFFFF5B
:10358000FFFFFFFFFFFFFFFFFFFFFFFFFFFFFFFF4B
:10359000FFFFFFFFFFFFFFFFFFFFFFFFFFFFFFFF3B
:1035A000FFFFFFFFFFFFFFFFFFFFFFFFFFFFFFFF2B
:1035B000FFFFFFFFFFFFFFFFFFFFFFFFFFFFFFFF1B
:1035C000FFFFFFFFFFFFFFFFFFFFFFFFFFFFFFFF0B
:1035D000FFFFFFFFFFFFFFFFFFFFFFFFFFFFFFFFFB
:1035E000FFFFFFFFFFFFFFFFFFFFFFFFFFFFFFFFEB
:1035F000FFFFFFFFFFFFFFFFFFFFFFFFFFFFFFFFDB
:10360000FFFFFFFFFFFFFFFFFFFFFFFFFFFFFFFFCA
:10361000FFFFFFFFFFFFFFFFFFFFFFFFFFFFFFFFBA
:10362000FFFFFFFFFFFFFFFFFFFFFFFFFFFFFFFFAA
:10363000FFFFFFFFFFFFFFFFFFFFFFFFFFFFFFFF9A
:10364000FFFFFFFFFFFFFFFFFFFFFFFFFFFFFFFF8A
:10365000FFFFFFFFFFFFFFFFFFFFFFFFFFFFFFFF7A
:10366000FFFFFFFFFFFFFFFFFFFFFFFFFFFFFFFF6A
:10367000FFFFFFFFFFFFFFFFFFFFFFFFFFFFFFFF5A
:10368000FFFFFFFFFFFFFFFFFFFFFFFFFFFFFFFF4A
:10369000FFFFFFFFFFFFFFFFFFFFFFFFFFFFFFFF3A
:1036A000FFFFFFFFFFFFFFFFFFFFFFFFFFFFFFFF2A
:1036B000FFFFFFFFFFFFFFFFFFFFFFFFFFFFFFFF1A
:1036C000FFFFFFFFFFFFFFFFFFFFFFFFFFFFFFFF0A
:1036D000FFFFFFFFFFFFFFFFFFFFFFFFFFFFFFFFFA
:1036E000FFFFFFFFFFFFFFFFFFFFFFFFFFFFFFFFEA
:1036F000FFFFFFFFFFFFFFFFFFFFFFFFFFFFFFFFDA
:10370000FFFFFFFFFFFFFFFFFFFFFFFFFFFFFFFFC9
:10371000FFFFFFFFFFFFFFFFFFFFFFFFFFFFFFFFB9
:10372000FFFFFFFFFFFFFFFFFFFFFFFFFFFFFFFFA9
:10373000FFFFFFFFFFFFFFFFFFFFFFFFFFFFFFFF99
:10374000FFFFFFFFFFFFFFFFFFFFFFFFFFFFFFFF89
:10375000FFFFFFFFFFFFFFFFFFFFFFFFFFFFFFFF79
:10376000FFFFFFFFFFFFFFFFFFFFFFFFFFFFFFFF69
:10377000FFFFFFFFFFFFFFFFFFFFFFFFFFFFFFFF59
:10378000FFFFFFFFFFFFFFFFFFFFFFFFFFFFFFFF49
:10379000FFFFFFFFFFFFFFFFFFFFFFFFFFFFFFFF39
:1037A000FFFFFFFFFFFFFFFFFFFFFFFFFFFFFFFF29
:1037B000FFFFFFFFFFFFFFFFFFFFFFFFFFFFFFFF19
:1037C000FFFFFFFFFFFFFFFFFFFFFFFFFFFFFFFF09
:1037D000FFFFFFFFFFFFFFFFFFFFFFFFFFFFFFFFF9
:1037E000FFFFFFFFFFFFFFFFFFFFFFFFFFFFFFFFE9
:1037F000FFFFFFFFFFFFFFFFFFFFFFFFFFFFFFFFD9
:10380000FFFFFFFFFFFFFFFFFFFFFFFFFFFFFFFFC8
:10381000FFFFFFFFFFFFFFFFFFFFFFFFFFFFFFFFB8
:10382000FFFFFFFFFFFFFFFFFFFFFFFFFFFFFFFFA8
:10383000FFFFFFFFFFFFFFFFFFFFFFFFFFFFFFFF98
:10384000FFFFFFFFFFFFFFFFFFFFFFFFFFFFFFFF88
:10385000FFFFFFFFFFFFFFFFFFFFFFFFFFFFFFFF78
:10386000FFFFFFFFFFFFFFFFFFFFFFFFFFFFFFFF68
:10387000FFFFFFFFFFFFFFFFFFFFFFFFFFFFFFFF58
:10388000FFFFFFFFFFFFFFFFFFFFFFFFFFFFFFFF48
:10389000FFFFFFFFFFFFFFFFFFFFFFFFFFFFFFFF38
:1038A000FFFFFFFFFFFFFFFFFFFFFFFFFFFFFFFF28
:1038B000FFFFFFFFFFFFFFFFFFFFFFFFFFFFFFFF18
:1038C000FFFFFFFFFFFFFFFFFFFFFFFFFFFFFFFF08
:1038D000FFFFFFFFFFFFFFFFFFFFFFFFFFFFFFFFF8
:1038E000FFFFFFFFFFFFFFFFFFFFFFFFFFFFFFFFE8
:1038F000FFFFFFFFFFFFFFFFFFFFFFFFFFFFFFFFD8
:10390000FFFFFFFFFFFFFFFFFFFFFFFFFFFFFFFFC7
:10391000FFFFFFFFFFFFFFFFFFFFFFFFFFFFFFFFB7
:10392000FFFFFFFFFFFFFFFFFFFFFFFFFFFFFFFFA7
:10393000FFFFFFFFFFFFFFFFFFFFFFFFFFFFFFFF97
:10394000FFFFFFFFFFFFFFFFFFFFFFFFFFFFFFFF87
:10395000FFFFFFFFFFFFFFFFFFFFFFFFFFFFFFFF77
:10396000FFFFFFFFFFFFFFFFFFFFFFFFFFFFFFFF67
:10397000FFFFFFFFFFFFFFFFFFFFFFFFFFFFFFFF57
:10398000FFFFFFFFFFFFFFFFFFFFFFFFFFFFFFFF47
:10399000FFFFFFFFFFFFFFFFFFFFFFFFFFFFFFFF37
:1039A000FFFFFFFFFFFFFFFFFFFFFFFFFFFFFFFF27
:1039B000FFFFFFFFFFFFFFFFFFFFFFFFFFFFFFFF17
:1039C000FFFFFFFFFFFFFFFFFFFFFFFFFFFFFFFF07
:1039D000FFFFFFFFFFFFFFFFFFFFFFFFFFFFFFFFF7
:1039E000FFFFFFFFFFFFFFFFFFFFFFFFFFFFFFFFE7
:1039F000FFFFFFFFFFFFFFFFFFFFFFFFFFFFFFFFD7
:103A0000FFFFFFFFFFFFFFFFFFFFFFFFFFFFFFFFC6
:103A1000FFFFFFFFFFFFFFFFFFFFFFFFFFFFFFFFB6
:103A2000FFFFFFFFFFFFFFFFFFFFFFFFFFFFFFFFA6
:103A3000FFFFFFFFFFFFFFFFFFFFFFFFFFFFFFFF96
:103A4000FFFFFFFFFFFFFFFFFFFFFFFFFFFFFFFF86
:103A5000FFFFFFFFFFFFFFFFFFFFFFFFFFFFFFFF76
:103A6000FFFFFFFFFFFFFFFFFFFFFFFFFFFFFFFF66
:103A7000FFFFFFFFFFFFFFFFFFFFFFFFFFFFFFFF56
:103A8000FFFFFFFFFFFFFFFFFFFFFFFFFFFFFFFF46
:103A9000FFFFFFFFFFFFFFFFFFFFFFFFFFFFFFFF36
:103AA000FFFFFFFFFFFFFFFFFFFFFFFFFFFFFFFF26
:103AB000FFFFFFFFFFFFFFFFFFFFFFFFFFFFFFFF16
:103AC000FFFFFFFFFFFFFFFFFFFFFFFFFFFFFFFF06
:103AD000FFFFFFFFFFFFFFFFFFFFFFFFFFFFFFFFF6
:103AE000FFFFFFFFFFFFFFFFFFFFFFFFFFFFFFFFE6
:103AF000FFFFFFFFFFFFFFFFFFFFFFFFFFFFFFFFD6
:103B0000FFFFFFFFFFFFFFFFFFFFFFFFFFFFFFFFC5
:103B1000FFFFFFFFFFFFFFFFFFFFFFFFFFFFFFFFB5
:103B2000FFFFFFFFFFFFFFFFFFFFFFFFFFFFFFFFA5
:103B3000FFFFFFFFFFFFFFFFFFFFFFFFFFFFFFFF95
:103B4000FFFFFFFFFFFFFFFFFFFFFFFFFFFFFFFF85
:103B5000FFFFFFFFFFFFFFFFFFFFFFFFFFFFFFFF75
:103B6000FFFFFFFFFFFFFFFFFFFFFFFFFFFFFFFF65
:103B7000FFFFFFFFFFFFFFFFFFFFFFFFFFFFFFFF55
:103B8000FFFFFFFFFFFFFFFFFFFFFFFFFFFFFFFF45
:103B9000FFFFFFFFFFFFFFFFFFFFFFFFFFFFFFFF35
:103BA000FFFFFFFFFFFFFFFFFFFFFFFFFFFFFFFF25
:103BB000FFFFFFFFFFFFFFFFFFFFFFFFFFFFFFFF15
:103BC000FFFFFFFFFFFFFFFFFFFFFFFFFFFFFFFF05
:103BD000FFFFFFFFFFFFFFFFFFFFFFFFFFFFFFFFF5
:103BE000FFFFFFFFFFFFFFFFFFFFFFFFFFFFFFFFE5
:103BF000FFFFFFFFFFFFFFFFFFFFFFFFFFFFFFFFD5
:103C0000FFFFFFFFFFFFFFFFFFFFFFFFFFFFFFFFC4
:103C1000FFFFFFFFFFFFFFFFFFFFFFFFFFFFFFFFB4
:103C2000FFFFFFFFFFFFFFFFFFFFFFFFFFFFFFFFA4
:103C3000FFFFFFFFFFFFFFFFFFFFFFFFFFFFFFFF94
:103C4000FFFFFFFFFFFFFFFFFFFFFFFFFFFFFFFF84
:103C5000FFFFFFFFFFFFFFFFFFFFFFFFFFFFFFFF74
:103C6000FFFFFFFFFFFFFFFFFFFFFFFFFFFFFFFF64
:103C7000FFFFFFFFFFFFFFFFFFFFFFFFFFFFFFFF54
:103C8000FFFFFFFFFFFFFFFFFFFFFFFFFFFFFFFF44
:103C9000FFFFFFFFFFFFFFFFFFFFFFFFFFFFFFFF34
:103CA000FFFFFFFFFFFFFFFFFFFFFFFFFFFFFFFF24
:103CB000FFFFFFFFFFFFFFFFFFFFFFFFFFFFFFFF14
:103CC000FFFFFFFFFFFFFFFFFFFFFFFFFFFFFFFF04
:103CD000FFFFFFFFFFFFFFFFFFFFFFFFFFFFFFFFF4
:103CE000FFFFFFFFFFFFFFFFFFFFFFFFFFFFFFFFE4
:103CF000FFFFFFFFFFFFFFFFFFFFFFFFFFFFFFFFD4
:103D0000FFFFFFFFFFFFFFFFFFFFFFFFFFFFFFFFC3
:103D1000FFFFFFFFFFFFFFFFFFFFFFFFFFFFFFFFB3
:103D2000FFFFFFFFFFFFFFFFFFFFFFFFFFFFFFFFA3
:103D3000FFFFFFFFFFFFFFFFFFFFFFFFFFFFFFFF93
:103D4000FFFFFFFFFFFFFFFFFFFFFFFFFFFFFFFF83
:103D5000FFFFFFFFFFFFFFFFFFFFFFFFFFFFFFFF73
:103D6000FFFFFFFFFFFFFFFFFFFFFFFFFFFFFFFF63
:103D7000FFFFFFFFFFFFFFFFFFFFFFFFFFFFFFFF53
:103D8000FFFFFFFFFFFFFFFFFFFFFFFFFFFFFFFF43
:103D9000FFFFFFFFFFFFFFFFFFFFFFFFFFFFFFFF33
:103DA000FFFFFFFFFFFFFFFFFFFFFFFFFFFFFFFF23
:103DB000FFFFFFFFFFFFFFFFFFFFFFFFFFFFFFFF13
:103DC000FFFFFFFFFFFFFFFFFFFFFFFFFFFFFFFF03
:103DD000FFFFFFFFFFFFFFFFFFFFFFFFFFFFFFFFF3
:103DE000FFFFFFFFFFFFFFFFFFFFFFFFFFFFFFFFE3
:103DF000FFFFFFFFFFFFFFFFFFFFFFFFFFFFFFFFD3
:103E0000FFFFFFFFFFFFFFFFFFFFFFFFFFFFFFFFC2
:103E1000FFFFFFFFFFFFFFFFFFFFFFFFFFFFFFFFB2
:103E2000FFFFFFFFFFFFFFFFFFFFFFFFFFFFFFFFA2
:103E3000FFFFFFFFFFFFFFFFFFFFFFFFFFFFFFFF92
:103E4000FFFFFFFFFFFFFFFFFFFFFFFFFFFFFFFF82
:103E5000FFFFFFFFFFFFFFFFFFFFFFFFFFFFFFFF72
:103E6000FFFFFFFFFFFFFFFFFFFFFFFFFFFFFFFF62
:103E7000FFFFFFFFFFFFFFFFFFFFFFFFFFFFFFFF52
:103E8000FFFFFFFFFFFFFFFFFFFFFFFFFFFFFFFF42
:103E9000FFFFFFFFFFFFFFFFFFFFFFFFFFFFFFFF32
:103EA000FFFFFFFFFFFFFFFFFFFFFFFFFFFFFFFF22
:103EB000FFFFFFFFFFFFFFFFFFFFFFFFFFFFFFFF12
:103EC000FFFFFFFFFFFFFFFFFFFFFFFFFFFFFFFF02
:103ED000FFFFFFFFFFFFFFFFFFFFFFFFFFFFFFFFF2
:103EE000FFFFFFFFFFFFFFFFFFFFFFFFFFFFFFFFE2
:103EF000FFFFFFFFFFFFFFFFFFFFFFFFFFFFFFFFD2
:103F0000FFFFFFFFFFFFFFFFFFFFFFFFFFFFFFFFC1
:103F1000FFFFFFFFFFFFFFFFFFFFFFFFFFFFFFFFB1
:103F2000FFFFFFFFFFFFFFFFFFFFFFFFFFFFFFFFA1
:103F3000FFFFFFFFFFFFFFFFFFFFFFFFFFFFFFFF91
:103F4000FFFFFFFFFFFFFFFFFFFFFFFFFFFFFFFF81
:103F5000FFFFFFFFFFFFFFFFFFFFFFFFFFFFFFFF71
:103F6000FFFFFFFFFFFFFFFFFFFFFFFFFFFFFFFF61
:103F7000FFFFFFFFFFFFFFFFFFFFFFFFFFFFFFFF51
:103F8000FFFFFFFFFFFFFFFFFFFFFFFFFFFFFFFF41
:103F9000FFFFFFFFFFFFFFFFFFFFFFFFFFFFFFFF31
:103FA000FFFFFFFFFFFFFFFFFFFFFFFFFFFFFFFF21
:103FB000FFFFFFFFFFFFFFFFFFFFFFFFFFFFFFFF11
:103FC000FFFFFFFFFFFFFFFFFFFFFFFFFFFFFFFF01
:103FD000FFFFFFFFFFFFFFFFFFFFFFFFFFFFFFFFF1
:103FE000FFFFFFFFFFFFFFFFFFFFFFFFFFFFFFFFE1
:103FF000FFFFFFFFFFFFFFFFFFFFFFFFFFFFFFFFD1
:10400000FFFFFFFFFFFFFFFFFFFFFFFFFFFFFFFFC0
:10401000FFFFFFFFFFFFFFFFFFFFFFFFFFFFFFFFB0
:10402000FFFFFFFFFFFFFFFFFFFFFFFFFFFFFFFFA0
:10403000FFFFFFFFFFFFFFFFFFFFFFFFFFFFFFFF90
:10404000FFFFFFFFFFFFFFFFFFFFFFFFFFFFFFFF80
:10405000FFFFFFFFFFFFFFFFFFFFFFFFFFFFFFFF70
:10406000FFFFFFFFFFFFFFFFFFFFFFFFFFFFFFFF60
:10407000FFFFFFFFFFFFFFFFFFFFFFFFFFFFFFFF50
:10408000FFFFFFFFFFFFFFFFFFFFFFFFFFFFFFFF40
:10409000FFFFFFFFFFFFFFFFFFFFFFFFFFFFFFFF30
:1040A000FFFFFFFFFFFFFFFFFFFFFFFFFFFFFFFF20
:1040B000FFFFFFFFFFFFFFFFFFFFFFFFFFFFFFFF10
:1040C000FFFFFFFFFFFFFFFFFFFFFFFFFFFFFFFF00
:1040D000FFFFFFFFFFFFFFFFFFFFFFFFFFFFFFFFF0
:1040E000FFFFFFFFFFFFFFFFFFFFFFFFFFFFFFFFE0
:1040F000FFFFFFFFFFFFFFFFFFFFFFFFFFFFFFFFD0
:10410000FFFFFFFFFFFFFFFFFFFFFFFFFFFFFFFFBF
:10411000FFFFFFFFFFFFFFFFFFFFFFFFFFFFFFFFAF
:10412000FFFFFFFFFFFFFFFFFFFFFFFFFFFFFFFF9F
:10413000FFFFFFFFFFFFFFFFFFFFFFFFFFFFFFFF8F
:10414000FFFFFFFFFFFFFFFFFFFFFFFFFFFFFFFF7F
:10415000FFFFFFFFFFFFFFFFFFFFFFFFFFFFFFFF6F
:10416000FFFFFFFFFFFFFFFFFFFFFFFFFFFFFFFF5F
:10417000FFFFFFFFFFFFFFFFFFFFFFFFFFFFFFFF4F
:10418000FFFFFFFFFFFFFFFFFFFFFFFFFFFFFFFF3F
:10419000FFFFFFFFFFFFFFFFFFFFFFFFFFFFFFFF2F
:1041A000FFFFFFFFFFFFFFFFFFFFFFFFFFFFFFFF1F
:1041B000FFFFFFFFFFFFFFFFFFFFFFFFFFFFFFFF0F
:1041C000FFFFFFFFFFFFFFFFFFFFFFFFFFFFFFFFFF
:1041D000FFFFFFFFFFFFFFFFFFFFFFFFFFFFFFFFEF
:1041E000FFFFFFFFFFFFFFFFFFFFFFFFFFFFFFFFDF
:1041F000FFFFFFFFFFFFFFFFFFFFFFFFFFFFFFFFCF
:10420000FFFFFFFFFFFFFFFFFFFFFFFFFFFFFFFFBE
:10421000FFFFFFFFFFFFFFFFFFFFFFFFFFFFFFFFAE
:10422000FFFFFFFFFFFFFFFFFFFFFFFFFFFFFFFF9E
:10423000FFFFFFFFFFFFFFFFFFFFFFFFFFFFFFFF8E
:10424000FFFFFFFFFFFFFFFFFFFFFFFFFFFFFFFF7E
:10425000FFFFFFFFFFFFFFFFFFFFFFFFFFFFFFFF6E
:10426000FFFFFFFFFFFFFFFFFFFFFFFFFFFFFFFF5E
:10427000FFFFFFFFFFFFFFFFFFFFFFFFFFFFFFFF4E
:10428000FFFFFFFFFFFFFFFFFFFFFFFFFFFFFFFF3E
:10429000FFFFFFFFFFFFFFFFFFFFFFFFFFFFFFFF2E
:1042A000FFFFFFFFFFFFFFFFFFFFFFFFFFFFFFFF1E
:1042B000FFFFFFFFFFFFFFFFFFFFFFFFFFFFFFFF0E
:1042C000FFFFFFFFFFFFFFFFFFFFFFFFFFFFFFFFFE
:1042D000FFFFFFFFFFFFFFFFFFFFFFFFFFFFFFFFEE
:1042E000FFFFFFFFFFFFFFFFFFFFFFFFFFFFFFFFDE
:1042F000FFFFFFFFFFFFFFFFFFFFFFFFFFFFFFFFCE
:10430000FFFFFFFFFFFFFFFFFFFFFFFFFFFFFFFFBD
:10431000FFFFFFFFFFFFFFFFFFFFFFFFFFFFFFFFAD
:10432000FFFFFFFFFFFFFFFFFFFFFFFFFFFFFFFF9D
:10433000FFFFFFFFFFFFFFFFFFFFFFFFFFFFFFFF8D
:10434000FFFFFFFFFFFFFFFFFFFFFFFFFFFFFFFF7D
:10435000FFFFFFFFFFFFFFFFFFFFFFFFFFFFFFFF6D
:10436000FFFFFFFFFFFFFFFFFFFFFFFFFFFFFFFF5D
:10437000FFFFFFFFFFFFFFFFFFFFFFFFFFFFFFFF4D
:10438000FFFFFFFFFFFFFFFFFFFFFFFFFFFFFFFF3D
:10439000FFFFFFFFFFFFFFFFFFFFFFFFFFFFFFFF2D
:1043A000FFFFFFFFFFFFFFFFFFFFFFFFFFFFFFFF1D
:1043B000FFFFFFFFFFFFFFFFFFFFFFFFFFFFFFFF0D
:1043C000FFFFFFFFFFFFFFFFFFFFFFFFFFFFFFFFFD
:1043D000FFFFFFFFFFFFFFFFFFFFFFFFFFFFFFFFED
:1043E000FFFFFFFFFFFFFFFFFFFFFFFFFFFFFFFFDD
:1043F000FFFFFFFFFFFFFFFFFFFFFFFFFFFFFFFFCD
:10440000FFFFFFFFFFFFFFFFFFFFFFFFFFFFFFFFBC
:10441000FFFFFFFFFFFFFFFFFFFFFFFFFFFFFFFFAC
:10442000FFFFFFFFFFFFFFFFFFFFFFFFFFFFFFFF9C
:10443000FFFFFFFFFFFFFFFFFFFFFFFFFFFFFFFF8C
:10444000FFFFFFFFFFFFFFFFFFFFFFFFFFFFFFFF7C
:10445000FFFFFFFFFFFFFFFFFFFFFFFFFFFFFFFF6C
:10446000FFFFFFFFFFFFFFFFFFFFFFFFFFFFFFFF5C
:10447000FFFFFFFFFFFFFFFFFFFFFFFFFFFFFFFF4C
:10448000FFFFFFFFFFFFFFFFFFFFFFFFFFFFFFFF3C
:10449000FFFFFFFFFFFFFFFFFFFFFFFFFFFFFFFF2C
:1044A000FFFFFFFFFFFFFFFFFFFFFFFFFFFFFFFF1C
:1044B000FFFFFFFFFFFFFFFFFFFFFFFFFFFFFFFF0C
:1044C000FFFFFFFFFFFFFFFFFFFFFFFFFFFFFFFFFC
:1044D000FFFFFFFFFFFFFFFFFFFFFFFFFFFFFFFFEC
:1044E000FFFFFFFFFFFFFFFFFFFFFFFFFFFFFFFFDC
:1044F000FFFFFFFFFFFFFFFFFFFFFFFFFFFFFFFFCC
:10450000FFFFFFFFFFFFFFFFFFFFFFFFFFFFFFFFBB
:10451000FFFFFFFFFFFFFFFFFFFFFFFFFFFFFFFFAB
:10452000FFFFFFFFFFFFFFFFFFFFFFFFFFFFFFFF9B
:10453000FFFFFFFFFFFFFFFFFFFFFFFFFFFFFFFF8B
:10454000FFFFFFFFFFFFFFFFFFFFFFFFFFFFFFFF7B
:10455000FFFFFFFFFFFFFFFFFFFFFFFFFFFFFFFF6B
:10456000FFFFFFFFFFFFFFFFFFFFFFFFFFFFFFFF5B
:10457000FFFFFFFFFFFFFFFFFFFFFFFFFFFFFFFF4B
:10458000FFFFFFFFFFFFFFFFFFFFFFFFFFFFFFFF3B
:10459000FFFFFFFFFFFFFFFFFFFFFFFFFFFFFFFF2B
:1045A000FFFFFFFFFFFFFFFFFFFFFFFFFFFFFFFF1B
:1045B000FFFFFFFFFFFFFFFFFFFFFFFFFFFFFFFF0B
:1045C000FFFFFFFFFFFFFFFFFFFFFFFFFFFFFFFFFB
:1045D000FFFFFFFFFFFFFFFFFFFFFFFFFFFFFFFFEB
:1045E000FFFFFFFFFFFFFFFFFFFFFFFFFFFFFFFFDB
:1045F000FFFFFFFFFFFFFFFFFFFFFFFFFFFFFFFFCB
:10460000FFFFFFFFFFFFFFFFFFFFFFFFFFFFFFFFBA
:10461000FFFFFFFFFFFFFFFFFFFFFFFFFFFFFFFFAA
:10462000FFFFFFFFFFFFFFFFFFFFFFFFFFFFFFFF9A
:10463000FFFFFFFFFFFFFFFFFFFFFFFFFFFFFFFF8A
:10464000FFFFFFFFFFFFFFFFFFFFFFFFFFFFFFFF7A
:10465000FFFFFFFFFFFFFFFFFFFFFFFFFFFFFFFF6A
:10466000FFFFFFFFFFFFFFFFFFFFFFFFFFFFFFFF5A
:10467000FFFFFFFFFFFFFFFFFFFFFFFFFFFFFFFF4A
:10468000FFFFFFFFFFFFFFFFFFFFFFFFFFFFFFFF3A
:10469000FFFFFFFFFFFFFFFFFFFFFFFFFFFFFFFF2A
:1046A000FFFFFFFFFFFFFFFFFFFFFFFFFFFFFFFF1A
:1046B000FFFFFFFFFFFFFFFFFFFFFFFFFFFFFFFF0A
:1046C000FFFFFFFFFFFFFFFFFFFFFFFFFFFFFFFFFA
:1046D000FFFFFFFFFFFFFFFFFFFFFFFFFFFFFFFFEA
:1046E000FFFFFFFFFFFFFFFFFFFFFFFFFFFFFFFFDA
:1046F000FFFFFFFFFFFFFFFFFFFFFFFFFFFFFFFFCA
:10470000FFFFFFFFFFFFFFFFFFFFFFFFFFFFFFFFB9
:10471000FFFFFFFFFFFFFFFFFFFFFFFFFFFFFFFFA9
:10472000FFFFFFFFFFFFFFFFFFFFFFFFFFFFFFFF99
:10473000FFFFFFFFFFFFFFFFFFFFFFFFFFFFFFFF89
:10474000FFFFFFFFFFFFFFFFFFFFFFFFFFFFFFFF79
:10475000FFFFFFFFFFFFFFFFFFFFFFFFFFFFFFFF69
:10476000FFFFFFFFFFFFFFFFFFFFFFFFFFFFFFFF59
:10477000FFFFFFFFFFFFFFFFFFFFFFFFFFFFFFFF49
:10478000FFFFFFFFFFFFFFFFFFFFFFFFFFFFFFFF39
:10479000FFFFFFFFFFFFFFFFFFFFFFFFFFFFFFFF29
:1047A000FFFFFFFFFFFFFFFFFFFFFFFFFFFFFFFF19
:1047B000FFFFFFFFFFFFFFFFFFFFFFFFFFFFFFFF09
:1047C000FFFFFFFFFFFFFFFFFFFFFFFFFFFFFFFFF9
:1047D000FFFFFFFFFFFFFFFFFFFFFFFFFFFFFFFFE9
:1047E000FFFFFFFFFFFFFFFFFFFFFFFFFFFFFFFFD9
:1047F000FFFFFFFFFFFFFFFFFFFFFFFFFFFFFFFFC9
:10480000FFFFFFFFFFFFFFFFFFFFFFFFFFFFFFFFB8
:10481000FFFFFFFFFFFFFFFFFFFFFFFFFFFFFFFFA8
:10482000FFFFFFFFFFFFFFFFFFFFFFFFFFFFFFFF98
:10483000FFFFFFFFFFFFFFFFFFFFFFFFFFFFFFFF88
:10484000FFFFFFFFFFFFFFFFFFFFFFFFFFFFFFFF78
:10485000FFFFFFFFFFFFFFFFFFFFFFFFFFFFFFFF68
:10486000FFFFFFFFFFFFFFFFFFFFFFFFFFFFFFFF58
:10487000FFFFFFFFFFFFFFFFFFFFFFFFFFFFFFFF48
:10488000FFFFFFFFFFFFFFFFFFFFFFFFFFFFFFFF38
:10489000FFFFFFFFFFFFFFFFFFFFFFFFFFFFFFFF28
:1048A000FFFFFFFFFFFFFFFFFFFFFFFFFFFFFFFF18
:1048B000FFFFFFFFFFFFFFFFFFFFFFFFFFFFFFFF08
:1048C000FFFFFFFFFFFFFFFFFFFFFFFFFFFFFFFFF8
:1048D000FFFFFFFFFFFFFFFFFFFFFFFFFFFFFFFFE8
:1048E000FFFFFFFFFFFFFFFFFFFFFFFFFFFFFFFFD8
:1048F000FFFFFFFFFFFFFFFFFFFFFFFFFFFFFFFFC8
:10490000FFFFFFFFFFFFFFFFFFFFFFFFFFFFFFFFB7
:10491000FFFFFFFFFFFFFFFFFFFFFFFFFFFFFFFFA7
:10492000FFFFFFFFFFFFFFFFFFFFFFFFFFFFFFFF97
:10493000FFFFFFFFFFFFFFFFFFFFFFFFFFFFFFFF87
:10494000FFFFFFFFFFFFFFFFFFFFFFFFFFFFFFFF77
:10495000FFFFFFFFFFFFFFFFFFFFFFFFFFFFFFFF67
:10496000FFFFFFFFFFFFFFFFFFFFFFFFFFFFFFFF57
:10497000FFFFFFFFFFFFFFFFFFFFFFFFFFFFFFFF47
:10498000FFFFFFFFFFFFFFFFFFFFFFFFFFFFFFFF37
:10499000FFFFFFFFFFFFFFFFFFFFFFFFFFFFFFFF27
:1049A000FFFFFFFFFFFFFFFFFFFFFFFFFFFFFFFF17
:1049B000FFFFFFFFFFFFFFFFFFFFFFFFFFFFFFFF07
:1049C000FFFFFFFFFFFFFFFFFFFFFFFFFFFFFFFFF7
:1049D000FFFFFFFFFFFFFFFFFFFFFFFFFFFFFFFFE7
:1049E000FFFFFFFFFFFFFFFFFFFFFFFFFFFFFFFFD7
:1049F000FFFFFFFFFFFFFFFFFFFFFFFFFFFFFFFFC7
:104A0000FFFFFFFFFFFFFFFFFFFFFFFFFFFFFFFFB6
:104A1000FFFFFFFFFFFFFFFFFFFFFFFFFFFFFFFFA6
:104A2000FFFFFFFFFFFFFFFFFFFFFFFFFFFFFFFF96
:104A3000FFFFFFFFFFFFFFFFFFFFFFFFFFFFFFFF86
:104A4000FFFFFFFFFFFFFFFFFFFFFFFFFFFFFFFF76
:104A5000FFFFFFFFFFFFFFFFFFFFFFFFFFFFFFFF66
:104A6000FFFFFFFFFFFFFFFFFFFFFFFFFFFFFFFF56
:104A7000FFFFFFFFFFFFFFFFFFFFFFFFFFFFFFFF46
:104A8000FFFFFFFFFFFFFFFFFFFFFFFFFFFFFFFF36
:104A9000FFFFFFFFFFFFFFFFFFFFFFFFFFFFFFFF26
:104AA000FFFFFFFFFFFFFFFFFFFFFFFFFFFFFFFF16
:104AB000FFFFFFFFFFFFFFFFFFFFFFFFFFFFFFFF06
:104AC000FFFFFFFFFFFFFFFFFFFFFFFFFFFFFFFFF6
:104AD000FFFFFFFFFFFFFFFFFFFFFFFFFFFFFFFFE6
:104AE000FFFFFFFFFFFFFFFFFFFFFFFFFFFFFFFFD6
:104AF000FFFFFFFFFFFFFFFFFFFFFFFFFFFFFFFFC6
:104B0000FFFFFFFFFFFFFFFFFFFFFFFFFFFFFFFFB5
:104B1000FFFFFFFFFFFFFFFFFFFFFFFFFFFFFFFFA5
:104B2000FFFFFFFFFFFFFFFFFFFFFFFFFFFFFFFF95
:104B3000FFFFFFFFFFFFFFFFFFFFFFFFFFFFFFFF85
:104B4000FFFFFFFFFFFFFFFFFFFFFFFFFFFFFFFF75
:104B5000FFFFFFFFFFFFFFFFFFFFFFFFFFFFFFFF65
:104B6000FFFFFFFFFFFFFFFFFFFFFFFFFFFFFFFF55
:104B7000FFFFFFFFFFFFFFFFFFFFFFFFFFFFFFFF45
:104B8000FFFFFFFFFFFFFFFFFFFFFFFFFFFFFFFF35
:104B9000FFFFFFFFFFFFFFFFFFFFFFFFFFFFFFFF25
:104BA000FFFFFFFFFFFFFFFFFFFFFFFFFFFFFFFF15
:104BB000FFFFFFFFFFFFFFFFFFFFFFFFFFFFFFFF05
:104BC000FFFFFFFFFFFFFFFFFFFFFFFFFFFFFFFFF5
:104BD000FFFFFFFFFFFFFFFFFFFFFFFFFFFFFFFFE5
:104BE000FFFFFFFFFFFFFFFFFFFFFFFFFFFFFFFFD5
:104BF000FFFFFFFFFFFFFFFFFFFFFFFFFFFFFFFFC5
:104C0000FFFFFFFFFFFFFFFFFFFFFFFFFFFFFFFFB4
:104C1000FFFFFFFFFFFFFFFFFFFFFFFFFFFFFFFFA4
:104C2000FFFFFFFFFFFFFFFFFFFFFFFFFFFFFFFF94
:104C3000FFFFFFFFFFFFFFFFFFFFFFFFFFFFFFFF84
:104C4000FFFFFFFFFFFFFFFFFFFFFFFFFFFFFFFF74
:104C5000FFFFFFFFFFFFFFFFFFFFFFFFFFFFFFFF64
:104C6000FFFFFFFFFFFFFFFFFFFFFFFFFFFFFFFF54
:104C7000FFFFFFFFFFFFFFFFFFFFFFFFFFFFFFFF44
:104C8000FFFFFFFFFFFFFFFFFFFFFFFFFFFFFFFF34
:104C9000FFFFFFFFFFFFFFFFFFFFFFFFFFFFFFFF24
:104CA000FFFFFFFFFFFFFFFFFFFFFFFFFFFFFFFF14
:104CB000FFFFFFFFFFFFFFFFFFFFFFFFFFFFFFFF04
:104CC000FFFFFFFFFFFFFFFFFFFFFFFFFFFFFFFFF4
:104CD000FFFFFFFFFFFFFFFFFFFFFFFFFFFFFFFFE4
:104CE000FFFFFFFFFFFFFFFFFFFFFFFFFFFFFFFFD4
:104CF000FFFFFFFFFFFFFFFFFFFFFFFFFFFFFFFFC4
:104D0000FFFFFFFFFFFFFFFFFFFFFFFFFFFFFFFFB3
:104D1000FFFFFFFFFFFFFFFFFFFFFFFFFFFFFFFFA3
:104D2000FFFFFFFFFFFFFFFFFFFFFFFFFFFFFFFF93
:104D3000FFFFFFFFFFFFFFFFFFFFFFFFFFFFFFFF83
:104D4000FFFFFFFFFFFFFFFFFFFFFFFFFFFFFFFF73
:104D5000FFFFFFFFFFFFFFFFFFFFFFFFFFFFFFFF63
:104D6000FFFFFFFFFFFFFFFFFFFFFFFFFFFFFFFF53
:104D7000FFFFFFFFFFFFFFFFFFFFFFFFFFFFFFFF43
:104D8000FFFFFFFFFFFFFFFFFFFFFFFFFFFFFFFF33
:104D9000FFFFFFFFFFFFFFFFFFFFFFFFFFFFFFFF23
:104DA000FFFFFFFFFFFFFFFFFFFFFFFFFFFFFFFF13
:104DB000FFFFFFFFFFFFFFFFFFFFFFFFFFFFFFFF03
:104DC000FFFFFFFFFFFFFFFFFFFFFFFFFFFFFFFFF3
:104DD000FFFFFFFFFFFFFFFFFFFFFFFFFFFFFFFFE3
:104DE000FFFFFFFFFFFFFFFFFFFFFFFFFFFFFFFFD3
:104DF000FFFFFFFFFFFFFFFFFFFFFFFFFFFFFFFFC3
:104E0000FFFFFFFFFFFFFFFFFFFFFFFFFFFFFFFFB2
:104E1000FFFFFFFFFFFFFFFFFFFFFFFFFFFFFFFFA2
:104E2000FFFFFFFFFFFFFFFFFFFFFFFFFFFFFFFF92
:104E3000FFFFFFFFFFFFFFFFFFFFFFFFFFFFFFFF82
:104E4000FFFFFFFFFFFFFFFFFFFFFFFFFFFFFFFF72
:104E5000FFFFFFFFFFFFFFFFFFFFFFFFFFFFFFFF62
:104E6000FFFFFFFFFFFFFFFFFFFFFFFFFFFFFFFF52
:104E7000FFFFFFFFFFFFFFFFFFFFFFFFFFFFFFFF42
:104E8000FFFFFFFFFFFFFFFFFFFFFFFFFFFFFFFF32
:104E9000FFFFFFFFFFFFFFFFFFFFFFFFFFFFFFFF22
:104EA000FFFFFFFFFFFFFFFFFFFFFFFFFFFFFFFF12
:104EB000FFFFFFFFFFFFFFFFFFFFFFFFFFFFFFFF02
:104EC000FFFFFFFFFFFFFFFFFFFFFFFFFFFFFFFFF2
:104ED000FFFFFFFFFFFFFFFFFFFFFFFFFFFFFFFFE2
:104EE000FFFFFFFFFFFFFFFFFFFFFFFFFFFFFFFFD2
:104EF000FFFFFFFFFFFFFFFFFFFFFFFFFFFFFFFFC2
:104F0000FFFFFFFFFFFFFFFFFFFFFFFFFFFFFFFFB1
:104F1000FFFFFFFFFFFFFFFFFFFFFFFFFFFFFFFFA1
:104F2000FFFFFFFFFFFFFFFFFFFFFFFFFFFFFFFF91
:104F3000FFFFFFFFFFFFFFFFFFFFFFFFFFFFFFFF81
:104F4000FFFFFFFFFFFFFFFFFFFFFFFFFFFFFFFF71
:104F5000FFFFFFFFFFFFFFFFFFFFFFFFFFFFFFFF61
:104F6000FFFFFFFFFFFFFFFFFFFFFFFFFFFFFFFF51
:104F7000FFFFFFFFFFFFFFFFFFFFFFFFFFFFFFFF41
:104F8000FFFFFFFFFFFFFFFFFFFFFFFFFFFFFFFF31
:104F9000FFFFFFFFFFFFFFFFFFFFFFFFFFFFFFFF21
:104FA000FFFFFFFFFFFFFFFFFFFFFFFFFFFFFFFF11
:104FB000FFFFFFFFFFFFFFFFFFFFFFFFFFFFFFFF01
:104FC000FFFFFFFFFFFFFFFFFFFFFFFFFFFFFFFFF1
:104FD000FFFFFFFFFFFFFFFFFFFFFFFFFFFFFFFFE1
:104FE000FFFFFFFFFFFFFFFFFFFFFFFFFFFFFFFFD1
:104FF000FFFFFFFFFFFFFFFFFFFFFFFFFFFFFFFFC1
:10500000FFFFFFFFFFFFFFFFFFFFFFFFFFFFFFFFB0
:10501000FFFFFFFFFFFFFFFFFFFFFFFFFFFFFFFFA0
:10502000FFFFFFFFFFFFFFFFFFFFFFFFFFFFFFFF90
:10503000FFFFFFFFFFFFFFFFFFFFFFFFFFFFFFFF80
:10504000FFFFFFFFFFFFFFFFFFFFFFFFFFFFFFFF70
:10505000FFFFFFFFFFFFFFFFFFFFFFFFFFFFFFFF60
:10506000FFFFFFFFFFFFFFFFFFFFFFFFFFFFFFFF50
:10507000FFFFFFFFFFFFFFFFFFFFFFFFFFFFFFFF40
:10508000FFFFFFFFFFFFFFFFFFFFFFFFFFFFFFFF30
:10509000FFFFFFFFFFFFFFFFFFFFFFFFFFFFFFFF20
:1050A000FFFFFFFFFFFFFFFFFFFFFFFFFFFFFFFF10
:1050B000FFFFFFFFFFFFFFFFFFFFFFFFFFFFFFFF00
:1050C000FFFFFFFFFFFFFFFFFFFFFFFFFFFFFFFFF0
:1050D000FFFFFFFFFFFFFFFFFFFFFFFFFFFFFFFFE0
:1050E000FFFFFFFFFFFFFFFFFFFFFFFFFFFFFFFFD0
:1050F000FFFFFFFFFFFFFFFFFFFFFFFFFFFFFFFFC0
:10510000FFFFFFFFFFFFFFFFFFFFFFFFFFFFFFFFAF
:10511000FFFFFFFFFFFFFFFFFFFFFFFFFFFFFFFF9F
:10512000FFFFFFFFFFFFFFFFFFFFFFFFFFFFFFFF8F
:10513000FFFFFFFFFFFFFFFFFFFFFFFFFFFFFFFF7F
:10514000FFFFFFFFFFFFFFFFFFFFFFFFFFFFFFFF6F
:10515000FFFFFFFFFFFFFFFFFFFFFFFFFFFFFFFF5F
:10516000FFFFFFFFFFFFFFFFFFFFFFFFFFFFFFFF4F
:10517000FFFFFFFFFFFFFFFFFFFFFFFFFFFFFFFF3F
:10518000FFFFFFFFFFFFFFFFFFFFFFFFFFFFFFFF2F
:10519000FFFFFFFFFFFFFFFFFFFFFFFFFFFFFFFF1F
:1051A000FFFFFFFFFFFFFFFFFFFFFFFFFFFFFFFF0F
:1051B000FFFFFFFFFFFFFFFFFFFFFFFFFFFFFFFFFF
:1051C000FFFFFFFFFFFFFFFFFFFFFFFFFFFFFFFFEF
:1051D000FFFFFFFFFFFFFFFFFFFFFFFFFFFFFFFFDF
:1051E000FFFFFFFFFFFFFFFFFFFFFFFFFFFFFFFFCF
:1051F000FFFFFFFFFFFFFFFFFFFFFFFFFFFFFFFFBF
:10520000FFFFFFFFFFFFFFFFFFFFFFFFFFFFFFFFAE
:10521000FFFFFFFFFFFFFFFFFFFFFFFFFFFFFFFF9E
:10522000FFFFFFFFFFFFFFFFFFFFFFFFFFFFFFFF8E
:10523000FFFFFFFFFFFFFFFFFFFFFFFFFFFFFFFF7E
:10524000FFFFFFFFFFFFFFFFFFFFFFFFFFFFFFFF6E
:10525000FFFFFFFFFFFFFFFFFFFFFFFFFFFFFFFF5E
:10526000FFFFFFFFFFFFFFFFFFFFFFFFFFFFFFFF4E
:10527000FFFFFFFFFFFFFFFFFFFFFFFFFFFFFFFF3E
:10528000FFFFFFFFFFFFFFFFFFFFFFFFFFFFFFFF2E
:10529000FFFFFFFFFFFFFFFFFFFFFFFFFFFFFFFF1E
:1052A000FFFFFFFFFFFFFFFFFFFFFFFFFFFFFFFF0E
:1052B000FFFFFFFFFFFFFFFFFFFFFFFFFFFFFFFFFE
:1052C000FFFFFFFFFFFFFFFFFFFFFFFFFFFFFFFFEE
:1052D000FFFFFFFFFFFFFFFFFFFFFFFFFFFFFFFFDE
:1052E000FFFFFFFFFFFFFFFFFFFFFFFFFFFFFFFFCE
:1052F000FFFFFFFFFFFFFFFFFFFFFFFFFFFFFFFFBE
:10530000FFFFFFFFFFFFFFFFFFFFFFFFFFFFFFFFAD
:10531000FFFFFFFFFFFFFFFFFFFFFFFFFFFFFFFF9D
:10532000FFFFFFFFFFFFFFFFFFFFFFFFFFFFFFFF8D
:10533000FFFFFFFFFFFFFFFFFFFFFFFFFFFFFFFF7D
:10534000FFFFFFFFFFFFFFFFFFFFFFFFFFFFFFFF6D
:10535000FFFFFFFFFFFFFFFFFFFFFFFFFFFFFFFF5D
:10536000FFFFFFFFFFFFFFFFFFFFFFFFFFFFFFFF4D
:10537000FFFFFFFFFFFFFFFFFFFFFFFFFFFFFFFF3D
:10538000FFFFFFFFFFFFFFFFFFFFFFFFFFFFFFFF2D
:10539000FFFFFFFFFFFFFFFFFFFFFFFFFFFFFFFF1D
:1053A000FFFFFFFFFFFFFFFFFFFFFFFFFFFFFFFF0D
:1053B000FFFFFFFFFFFFFFFFFFFFFFFFFFFFFFFFFD
:1053C000FFFFFFFFFFFFFFFFFFFFFFFFFFFFFFFFED
:1053D000FFFFFFFFFFFFFFFFFFFFFFFFFFFFFFFFDD
:1053E000FFFFFFFFFFFFFFFFFFFFFFFFFFFFFFFFCD
:1053F000FFFFFFFFFFFFFFFFFFFFFFFFFFFFFFFFBD
:10540000FFFFFFFFFFFFFFFFFFFFFFFFFFFFFFFFAC
:10541000FFFFFFFFFFFFFFFFFFFFFFFFFFFFFFFF9C
:10542000FFFFFFFFFFFFFFFFFFFFFFFFFFFFFFFF8C
:10543000FFFFFFFFFFFFFFFFFFFFFFFFFFFFFFFF7C
:10544000FFFFFFFFFFFFFFFFFFFFFFFFFFFFFFFF6C
:10545000FFFFFFFFFFFFFFFFFFFFFFFFFFFFFFFF5C
:10546000FFFFFFFFFFFFFFFFFFFFFFFFFFFFFFFF4C
:10547000FFFFFFFFFFFFFFFFFFFFFFFFFFFFFFFF3C
:10548000FFFFFFFFFFFFFFFFFFFFFFFFFFFFFFFF2C
:10549000FFFFFFFFFFFFFFFFFFFFFFFFFFFFFFFF1C
:1054A000FFFFFFFFFFFFFFFFFFFFFFFFFFFFFFFF0C
:1054B000FFFFFFFFFFFFFFFFFFFFFFFFFFFFFFFFFC
:1054C000FFFFFFFFFFFFFFFFFFFFFFFFFFFFFFFFEC
:1054D000FFFFFFFFFFFFFFFFFFFFFFFFFFFFFFFFDC
:1054E000FFFFFFFFFFFFFFFFFFFFFFFFFFFFFFFFCC
:1054F000FFFFFFFFFFFFFFFFFFFFFFFFFFFFFFFFBC
:10550000FFFFFFFFFFFFFFFFFFFFFFFFFFFFFFFFAB
:10551000FFFFFFFFFFFFFFFFFFFFFFFFFFFFFFFF9B
:10552000FFFFFFFFFFFFFFFFFFFFFFFFFFFFFFFF8B
:10553000FFFFFFFFFFFFFFFFFFFFFFFFFFFFFFFF7B
:10554000FFFFFFFFFFFFFFFFFFFFFFFFFFFFFFFF6B
:10555000FFFFFFFFFFFFFFFFFFFFFFFFFFFFFFFF5B
:10556000FFFFFFFFFFFFFFFFFFFFFFFFFFFFFFFF4B
:10557000FFFFFFFFFFFFFFFFFFFFFFFFFFFFFFFF3B
:10558000FFFFFFFFFFFFFFFFFFFFFFFFFFFFFFFF2B
:10559000FFFFFFFFFFFFFFFFFFFFFFFFFFFFFFFF1B
:1055A000FFFFFFFFFFFFFFFFFFFFFFFFFFFFFFFF0B
:1055B000FFFFFFFFFFFFFFFFFFFFFFFFFFFFFFFFFB
:1055C000FFFFFFFFFFFFFFFFFFFFFFFFFFFFFFFFEB
:1055D000FFFFFFFFFFFFFFFFFFFFFFFFFFFFFFFFDB
:1055E000FFFFFFFFFFFFFFFFFFFFFFFFFFFFFFFFCB
:1055F000FFFFFFFFFFFFFFFFFFFFFFFFFFFFFFFFBB
:10560000FFFFFFFFFFFFFFFFFFFFFFFFFFFFFFFFAA
:10561000FFFFFFFFFFFFFFFFFFFFFFFFFFFFFFFF9A
:10562000FFFFFFFFFFFFFFFFFFFFFFFFFFFFFFFF8A
:10563000FFFFFFFFFFFFFFFFFFFFFFFFFFFFFFFF7A
:10564000FFFFFFFFFFFFFFFFFFFFFFFFFFFFFFFF6A
:10565000FFFFFFFFFFFFFFFFFFFFFFFFFFFFFFFF5A
:10566000FFFFFFFFFFFFFFFFFFFFFFFFFFFFFFFF4A
:10567000FFFFFFFFFFFFFFFFFFFFFFFFFFFFFFFF3A
:10568000FFFFFFFFFFFFFFFFFFFFFFFFFFFFFFFF2A
:10569000FFFFFFFFFFFFFFFFFFFFFFFFFFFFFFFF1A
:1056A000FFFFFFFFFFFFFFFFFFFFFFFFFFFFFFFF0A
:1056B000FFFFFFFFFFFFFFFFFFFFFFFFFFFFFFFFFA
:1056C000FFFFFFFFFFFFFFFFFFFFFFFFFFFFFFFFEA
:1056D000FFFFFFFFFFFFFFFFFFFFFFFFFFFFFFFFDA
:1056E000FFFFFFFFFFFFFFFFFFFFFFFFFFFFFFFFCA
:1056F000FFFFFFFFFFFFFFFFFFFFFFFFFFFFFFFFBA
:10570000FFFFFFFFFFFFFFFFFFFFFFFFFFFFFFFFA9
:10571000FFFFFFFFFFFFFFFFFFFFFFFFFFFFFFFF99
:10572000FFFFFFFFFFFFFFFFFFFFFFFFFFFFFFFF89
:10573000FFFFFFFFFFFFFFFFFFFFFFFFFFFFFFFF79
:10574000FFFFFFFFFFFFFFFFFFFFFFFFFFFFFFFF69
:10575000FFFFFFFFFFFFFFFFFFFFFFFFFFFFFFFF59
:10576000FFFFFFFFFFFFFFFFFFFFFFFFFFFFFFFF49
:10577000FFFFFFFFFFFFFFFFFFFFFFFFFFFFFFFF39
:10578000FFFFFFFFFFFFFFFFFFFFFFFFFFFFFFFF29
:10579000FFFFFFFFFFFFFFFFFFFFFFFFFFFFFFFF19
:1057A000FFFFFFFFFFFFFFFFFFFFFFFFFFFFFFFF09
:1057B000FFFFFFFFFFFFFFFFFFFFFFFFFFFFFFFFF9
:1057C000FFFFFFFFFFFFFFFFFFFFFFFFFFFFFFFFE9
:1057D000FFFFFFFFFFFFFFFFFFFFFFFFFFFFFFFFD9
:1057E000FFFFFFFFFFFFFFFFFFFFFFFFFFFFFFFFC9
:1057F000FFFFFFFFFFFFFFFFFFFFFFFFFFFFFFFFB9
:10580000FFFFFFFFFFFFFFFFFFFFFFFFFFFFFFFFA8
:10581000FFFFFFFFFFFFFFFFFFFFFFFFFFFFFFFF98
:10582000FFFFFFFFFFFFFFFFFFFFFFFFFFFFFFFF88
:10583000FFFFFFFFFFFFFFFFFFFFFFFFFFFFFFFF78
:10584000FFFFFFFFFFFFFFFFFFFFFFFFFFFFFFFF68
:10585000FFFFFFFFFFFFFFFFFFFFFFFFFFFFFFFF58
:10586000FFFFFFFFFFFFFFFFFFFFFFFFFFFFFFFF48
:10587000FFFFFFFFFFFFFFFFFFFFFFFFFFFFFFFF38
:10588000FFFFFFFFFFFFFFFFFFFFFFFFFFFFFFFF28
:10589000FFFFFFFFFFFFFFFFFFFFFFFFFFFFFFFF18
:1058A000FFFFFFFFFFFFFFFFFFFFFFFFFFFFFFFF08
:1058B000FFFFFFFFFFFFFFFFFFFFFFFFFFFFFFFFF8
:1058C000FFFFFFFFFFFFFFFFFFFFFFFFFFFFFFFFE8
:1058D000FFFFFFFFFFFFFFFFFFFFFFFFFFFFFFFFD8
:1058E000FFFFFFFFFFFFFFFFFFFFFFFFFFFFFFFFC8
:1058F000FFFFFFFFFFFFFFFFFFFFFFFFFFFFFFFFB8
:10590000FFFFFFFFFFFFFFFFFFFFFFFFFFFFFFFFA7
:10591000FFFFFFFFFFFFFFFFFFFFFFFFFFFFFFFF97
:10592000FFFFFFFFFFFFFFFFFFFFFFFFFFFFFFFF87
:10593000FFFFFFFFFFFFFFFFFFFFFFFFFFFFFFFF77
:10594000FFFFFFFFFFFFFFFFFFFFFFFFFFFFFFFF67
:10595000FFFFFFFFFFFFFFFFFFFFFFFFFFFFFFFF57
:10596000FFFFFFFFFFFFFFFFFFFFFFFFFFFFFFFF47
:10597000FFFFFFFFFFFFFFFFFFFFFFFFFFFFFFFF37
:10598000FFFFFFFFFFFFFFFFFFFFFFFFFFFFFFFF27
:10599000FFFFFFFFFFFFFFFFFFFFFFFFFFFFFFFF17
:1059A000FFFFFFFFFFFFFFFFFFFFFFFFFFFFFFFF07
:1059B000FFFFFFFFFFFFFFFFFFFFFFFFFFFFFFFFF7
:1059C000FFFFFFFFFFFFFFFFFFFFFFFFFFFFFFFFE7
:1059D000FFFFFFFFFFFFFFFFFFFFFFFFFFFFFFFFD7
:1059E000FFFFFFFFFFFFFFFFFFFFFFFFFFFFFFFFC7
:1059F000FFFFFFFFFFFFFFFFFFFFFFFFFFFFFFFFB7
:105A0000FFFFFFFFFFFFFFFFFFFFFFFFFFFFFFFFA6
:105A1000FFFFFFFFFFFFFFFFFFFFFFFFFFFFFFFF96
:105A2000FFFFFFFFFFFFFFFFFFFFFFFFFFFFFFFF86
:105A3000FFFFFFFFFFFFFFFFFFFFFFFFFFFFFFFF76
:105A4000FFFFFFFFFFFFFFFFFFFFFFFFFFFFFFFF66
:105A5000FFFFFFFFFFFFFFFFFFFFFFFFFFFFFFFF56
:105A6000FFFFFFFFFFFFFFFFFFFFFFFFFFFFFFFF46
:105A7000FFFFFFFFFFFFFFFFFFFFFFFFFFFFFFFF36
:105A8000FFFFFFFFFFFFFFFFFFFFFFFFFFFFFFFF26
:105A9000FFFFFFFFFFFFFFFFFFFFFFFFFFFFFFFF16
:105AA000FFFFFFFFFFFFFFFFFFFFFFFFFFFFFFFF06
:105AB000FFFFFFFFFFFFFFFFFFFFFFFFFFFFFFFFF6
:105AC000FFFFFFFFFFFFFFFFFFFFFFFFFFFFFFFFE6
:105AD000FFFFFFFFFFFFFFFFFFFFFFFFFFFFFFFFD6
:105AE000FFFFFFFFFFFFFFFFFFFFFFFFFFFFFFFFC6
:105AF000FFFFFFFFFFFFFFFFFFFFFFFFFFFFFFFFB6
:105B0000FFFFFFFFFFFFFFFFFFFFFFFFFFFFFFFFA5
:105B1000FFFFFFFFFFFFFFFFFFFFFFFFFFFFFFFF95
:105B2000FFFFFFFFFFFFFFFFFFFFFFFFFFFFFFFF85
:105B3000FFFFFFFFFFFFFFFFFFFFFFFFFFFFFFFF75
:105B4000FFFFFFFFFFFFFFFFFFFFFFFFFFFFFFFF65
:105B5000FFFFFFFFFFFFFFFFFFFFFFFFFFFFFFFF55
:105B6000FFFFFFFFFFFFFFFFFFFFFFFFFFFFFFFF45
:105B7000FFFFFFFFFFFFFFFFFFFFFFFFFFFFFFFF35
:105B8000FFFFFFFFFFFFFFFFFFFFFFFFFFFFFFFF25
:105B9000FFFFFFFFFFFFFFFFFFFFFFFFFFFFFFFF15
:105BA000FFFFFFFFFFFFFFFFFFFFFFFFFFFFFFFF05
:105BB000FFFFFFFFFFFFFFFFFFFFFFFFFFFFFFFFF5
:105BC000FFFFFFFFFFFFFFFFFFFFFFFFFFFFFFFFE5
:105BD000FFFFFFFFFFFFFFFFFFFFFFFFFFFFFFFFD5
:105BE000FFFFFFFFFFFFFFFFFFFFFFFFFFFFFFFFC5
:105BF000FFFFFFFFFFFFFFFFFFFFFFFFFFFFFFFFB5
:105C0000FFFFFFFFFFFFFFFFFFFFFFFFFFFFFFFFA4
:105C1000FFFFFFFFFFFFFFFFFFFFFFFFFFFFFFFF94
:105C2000FFFFFFFFFFFFFFFFFFFFFFFFFFFFFFFF84
:105C3000FFFFFFFFFFFFFFFFFFFFFFFFFFFFFFFF74
:105C4000FFFFFFFFFFFFFFFFFFFFFFFFFFFFFFFF64
:105C5000FFFFFFFFFFFFFFFFFFFFFFFFFFFFFFFF54
:105C6000FFFFFFFFFFFFFFFFFFFFFFFFFFFFFFFF44
:105C7000FFFFFFFFFFFFFFFFFFFFFFFFFFFFFFFF34
:105C8000FFFFFFFFFFFFFFFFFFFFFFFFFFFFFFFF24
:105C9000FFFFFFFFFFFFFFFFFFFFFFFFFFFFFFFF14
:105CA000FFFFFFFFFFFFFFFFFFFFFFFFFFFFFFFF04
:105CB000FFFFFFFFFFFFFFFFFFFFFFFFFFFFFFFFF4
:105CC000FFFFFFFFFFFFFFFFFFFFFFFFFFFFFFFFE4
:105CD000FFFFFFFFFFFFFFFFFFFFFFFFFFFFFFFFD4
:105CE000FFFFFFFFFFFFFFFFFFFFFFFFFFFFFFFFC4
:105CF000FFFFFFFFFFFFFFFFFFFFFFFFFFFFFFFFB4
:105D0000FFFFFFFFFFFFFFFFFFFFFFFFFFFFFFFFA3
:105D1000FFFFFFFFFFFFFFFFFFFFFFFFFFFFFFFF93
:105D2000FFFFFFFFFFFFFFFFFFFFFFFFFFFFFFFF83
:105D3000FFFFFFFFFFFFFFFFFFFFFFFFFFFFFFFF73
:105D4000FFFFFFFFFFFFFFFFFFFFFFFFFFFFFFFF63
:105D5000FFFFFFFFFFFFFFFFFFFFFFFFFFFFFFFF53
:105D6000FFFFFFFFFFFFFFFFFFFFFFFFFFFFFFFF43
:105D7000FFFFFFFFFFFFFFFFFFFFFFFFFFFFFFFF33
:105D8000FFFFFFFFFFFFFFFFFFFFFFFFFFFFFFFF23
:105D9000FFFFFFFFFFFFFFFFFFFFFFFFFFFFFFFF13
:105DA000FFFFFFFFFFFFFFFFFFFFFFFFFFFFFFFF03
:105DB000FFFFFFFFFFFFFFFFFFFFFFFFFFFFFFFFF3
:105DC000FFFFFFFFFFFFFFFFFFFFFFFFFFFFFFFFE3
:105DD000FFFFFFFFFFFFFFFFFFFFFFFFFFFFFFFFD3
:105DE000FFFFFFFFFFFFFFFFFFFFFFFFFFFFFFFFC3
:105DF000FFFFFFFFFFFFFFFFFFFFFFFFFFFFFFFFB3
:105E0000FFFFFFFFFFFFFFFFFFFFFFFFFFFFFFFFA2
:105E1000FFFFFFFFFFFFFFFFFFFFFFFFFFFFFFFF92
:105E2000FFFFFFFFFFFFFFFFFFFFFFFFFFFFFFFF82
:105E3000FFFFFFFFFFFFFFFFFFFFFFFFFFFFFFFF72
:105E4000FFFFFFFFFFFFFFFFFFFFFFFFFFFFFFFF62
:105E5000FFFFFFFFFFFFFFFFFFFFFFFFFFFFFFFF52
:105E6000FFFFFFFFFFFFFFFFFFFFFFFFFFFFFFFF42
:105E7000FFFFFFFFFFFFFFFFFFFFFFFFFFFFFFFF32
:105E8000FFFFFFFFFFFFFFFFFFFFFFFFFFFFFFFF22
:105E9000FFFFFFFFFFFFFFFFFFFFFFFFFFFFFFFF12
:105EA000FFFFFFFFFFFFFFFFFFFFFFFFFFFFFFFF02
:105EB000FFFFFFFFFFFFFFFFFFFFFFFFFFFFFFFFF2
:105EC000FFFFFFFFFFFFFFFFFFFFFFFFFFFFFFFFE2
:105ED000FFFFFFFFFFFFFFFFFFFFFFFFFFFFFFFFD2
:105EE000FFFFFFFFFFFFFFFFFFFFFFFFFFFFFFFFC2
:105EF000FFFFFFFFFFFFFFFFFFFFFFFFFFFFFFFFB2
:105F0000FFFFFFFFFFFFFFFFFFFFFFFFFFFFFFFFA1
:105F1000FFFFFFFFFFFFFFFFFFFFFFFFFFFFFFFF91
:105F2000FFFFFFFFFFFFFFFFFFFFFFFFFFFFFFFF81
:105F3000FFFFFFFFFFFFFFFFFFFFFFFFFFFFFFFF71
:105F4000FFFFFFFFFFFFFFFFFFFFFFFFFFFFFFFF61
:105F5000FFFFFFFFFFFFFFFFFFFFFFFFFFFFFFFF51
:105F6000FFFFFFFFFFFFFFFFFFFFFFFFFFFFFFFF41
:105F7000FFFFFFFFFFFFFFFFFFFFFFFFFFFFFFFF31
:105F8000FFFFFFFFFFFFFFFFFFFFFFFFFFFFFFFF21
:105F9000FFFFFFFFFFFFFFFFFFFFFFFFFFFFFFFF11
:105FA000FFFFFFFFFFFFFFFFFFFFFFFFFFFFFFFF01
:105FB000FFFFFFFFFFFFFFFFFFFFFFFFFFFFFFFFF1
:105FC000FFFFFFFFFFFFFFFFFFFFFFFFFFFFFFFFE1
:105FD000FFFFFFFFFFFFFFFFFFFFFFFFFFFFFFFFD1
:105FE000FFFFFFFFFFFFFFFFFFFFFFFFFFFFFFFFC1
:105FF000FFFFFFFFFFFFFFFFFFFFFFFFFFFFFFFFB1
:10600000FFFFFFFFFFFFFFFFFFFFFFFFFFFFFFFFA0
:10601000FFFFFFFFFFFFFFFFFFFFFFFFFFFFFFFF90
:10602000FFFFFFFFFFFFFFFFFFFFFFFFFFFFFFFF80
:10603000FFFFFFFFFFFFFFFFFFFFFFFFFFFFFFFF70
:10604000FFFFFFFFFFFFFFFFFFFFFFFFFFFFFFFF60
:10605000FFFFFFFFFFFFFFFFFFFFFFFFFFFFFFFF50
:10606000FFFFFFFFFFFFFFFFFFFFFFFFFFFFFFFF40
:10607000FFFFFFFFFFFFFFFFFFFFFFFFFFFFFFFF30
:10608000FFFFFFFFFFFFFFFFFFFFFFFFFFFFFFFF20
:10609000FFFFFFFFFFFFFFFFFFFFFFFFFFFFFFFF10
:1060A000FFFFFFFFFFFFFFFFFFFFFFFFFFFFFFFF00
:1060B000FFFFFFFFFFFFFFFFFFFFFFFFFFFFFFFFF0
:1060C000FFFFFFFFFFFFFFFFFFFFFFFFFFFFFFFFE0
:1060D000FFFFFFFFFFFFFFFFFFFFFFFFFFFFFFFFD0
:1060E000FFFFFFFFFFFFFFFFFFFFFFFFFFFFFFFFC0
:1060F000FFFFFFFFFFFFFFFFFFFFFFFFFFFFFFFFB0
:10610000FFFFFFFFFFFFFFFFFFFFFFFFFFFFFFFF9F
:10611000FFFFFFFFFFFFFFFFFFFFFFFFFFFFFFFF8F
:10612000FFFFFFFFFFFFFFFFFFFFFFFFFFFFFFFF7F
:10613000FFFFFFFFFFFFFFFFFFFFFFFFFFFFFFFF6F
:10614000FFFFFFFFFFFFFFFFFFFFFFFFFFFFFFFF5F
:10615000FFFFFFFFFFFFFFFFFFFFFFFFFFFFFFFF4F
:10616000FFFFFFFFFFFFFFFFFFFFFFFFFFFFFFFF3F
:10617000FFFFFFFFFFFFFFFFFFFFFFFFFFFFFFFF2F
:10618000FFFFFFFFFFFFFFFFFFFFFFFFFFFFFFFF1F
:10619000FFFFFFFFFFFFFFFFFFFFFFFFFFFFFFFF0F
:1061A000FFFFFFFFFFFFFFFFFFFFFFFFFFFFFFFFFF
:1061B000FFFFFFFFFFFFFFFFFFFFFFFFFFFFFFFFEF
:1061C000FFFFFFFFFFFFFFFFFFFFFFFFFFFFFFFFDF
:1061D000FFFFFFFFFFFFFFFFFFFFFFFFFFFFFFFFCF
:1061E000FFFFFFFFFFFFFFFFFFFFFFFFFFFFFFFFBF
:1061F000FFFFFFFFFFFFFFFFFFFFFFFFFFFFFFFFAF
:10620000FFFFFFFFFFFFFFFFFFFFFFFFFFFFFFFF9E
:10621000FFFFFFFFFFFFFFFFFFFFFFFFFFFFFFFF8E
:10622000FFFFFFFFFFFFFFFFFFFFFFFFFFFFFFFF7E
:10623000FFFFFFFFFFFFFFFFFFFFFFFFFFFFFFFF6E
:10624000FFFFFFFFFFFFFFFFFFFFFFFFFFFFFFFF5E
:10625000FFFFFFFFFFFFFFFFFFFFFFFFFFFFFFFF4E
:10626000FFFFFFFFFFFFFFFFFFFFFFFFFFFFFFFF3E
:10627000FFFFFFFFFFFFFFFFFFFFFFFFFFFFFFFF2E
:10628000FFFFFFFFFFFFFFFFFFFFFFFFFFFFFFFF1E
:10629000FFFFFFFFFFFFFFFFFFFFFFFFFFFFFFFF0E
:1062A000FFFFFFFFFFFFFFFFFFFFFFFFFFFFFFFFFE
:1062B000FFFFFFFFFFFFFFFFFFFFFFFFFFFFFFFFEE
:1062C000FFFFFFFFFFFFFFFFFFFFFFFFFFFFFFFFDE
:1062D000FFFFFFFFFFFFFFFFFFFFFFFFFFFFFFFFCE
:1062E000FFFFFFFFFFFFFFFFFFFFFFFFFFFFFFFFBE
:1062F000FFFFFFFFFFFFFFFFFFFFFFFFFFFFFFFFAE
:10630000FFFFFFFFFFFFFFFFFFFFFFFFFFFFFFFF9D
:10631000FFFFFFFFFFFFFFFFFFFFFFFFFFFFFFFF8D
:10632000FFFFFFFFFFFFFFFFFFFFFFFFFFFFFFFF7D
:10633000FFFFFFFFFFFFFFFFFFFFFFFFFFFFFFFF6D
:10634000FFFFFFFFFFFFFFFFFFFFFFFFFFFFFFFF5D
:10635000FFFFFFFFFFFFFFFFFFFFFFFFFFFFFFFF4D
:10636000FFFFFFFFFFFFFFFFFFFFFFFFFFFFFFFF3D
:10637000FFFFFFFFFFFFFFFFFFFFFFFFFFFFFFFF2D
:10638000FFFFFFFFFFFFFFFFFFFFFFFFFFFFFFFF1D
:10639000FFFFFFFFFFFFFFFFFFFFFFFFFFFFFFFF0D
:1063A000FFFFFFFFFFFFFFFFFFFFFFFFFFFFFFFFFD
:1063B000FFFFFFFFFFFFFFFFFFFFFFFFFFFFFFFFED
:1063C000FFFFFFFFFFFFFFFFFFFFFFFFFFFFFFFFDD
:1063D000FFFFFFFFFFFFFFFFFFFFFFFFFFFFFFFFCD
:1063E000FFFFFFFFFFFFFFFFFFFFFFFFFFFFFFFFBD
:1063F000FFFFFFFFFFFFFFFFFFFFFFFFFFFFFFFFAD
:10640000FFFFFFFFFFFFFFFFFFFFFFFFFFFFFFFF9C
:10641000FFFFFFFFFFFFFFFFFFFFFFFFFFFFFFFF8C
:10642000FFFFFFFFFFFFFFFFFFFFFFFFFFFFFFFF7C
:10643000FFFFFFFFFFFFFFFFFFFFFFFFFFFFFFFF6C
:10644000FFFFFFFFFFFFFFFFFFFFFFFFFFFFFFFF5C
:10645000FFFFFFFFFFFFFFFFFFFFFFFFFFFFFFFF4C
:10646000FFFFFFFFFFFFFFFFFFFFFFFFFFFFFFFF3C
:10647000FFFFFFFFFFFFFFFFFFFFFFFFFFFFFFFF2C
:10648000FFFFFFFFFFFFFFFFFFFFFFFFFFFFFFFF1C
:10649000FFFFFFFFFFFFFFFFFFFFFFFFFFFFFFFF0C
:1064A000FFFFFFFFFFFFFFFFFFFFFFFFFFFFFFFFFC
:1064B000FFFFFFFFFFFFFFFFFFFFFFFFFFFFFFFFEC
:1064C000FFFFFFFFFFFFFFFFFFFFFFFFFFFFFFFFDC
:1064D000FFFFFFFFFFFFFFFFFFFFFFFFFFFFFFFFCC
:1064E000FFFFFFFFFFFFFFFFFFFFFFFFFFFFFFFFBC
:1064F000FFFFFFFFFFFFFFFFFFFFFFFFFFFFFFFFAC
:10650000FFFFFFFFFFFFFFFFFFFFFFFFFFFFFFFF9B
:10651000FFFFFFFFFFFFFFFFFFFFFFFFFFFFFFFF8B
:10652000FFFFFFFFFFFFFFFFFFFFFFFFFFFFFFFF7B
:10653000FFFFFFFFFFFFFFFFFFFFFFFFFFFFFFFF6B
:10654000FFFFFFFFFFFFFFFFFFFFFFFFFFFFFFFF5B
:10655000FFFFFFFFFFFFFFFFFFFFFFFFFFFFFFFF4B
:10656000FFFFFFFFFFFFFFFFFFFFFFFFFFFFFFFF3B
:10657000FFFFFFFFFFFFFFFFFFFFFFFFFFFFFFFF2B
:10658000FFFFFFFFFFFFFFFFFFFFFFFFFFFFFFFF1B
:10659000FFFFFFFFFFFFFFFFFFFFFFFFFFFFFFFF0B
:1065A000FFFFFFFFFFFFFFFFFFFFFFFFFFFFFFFFFB
:1065B000FFFFFFFFFFFFFFFFFFFFFFFFFFFFFFFFEB
:1065C000FFFFFFFFFFFFFFFFFFFFFFFFFFFFFFFFDB
:1065D000FFFFFFFFFFFFFFFFFFFFFFFFFFFFFFFFCB
:1065E000FFFFFFFFFFFFFFFFFFFFFFFFFFFFFFFFBB
:1065F000FFFFFFFFFFFFFFFFFFFFFFFFFFFFFFFFAB
:10660000FFFFFFFFFFFFFFFFFFFFFFFFFFFFFFFF9A
:10661000FFFFFFFFFFFFFFFFFFFFFFFFFFFFFFFF8A
:10662000FFFFFFFFFFFFFFFFFFFFFFFFFFFFFFFF7A
:10663000FFFFFFFFFFFFFFFFFFFFFFFFFFFFFFFF6A
:10664000FFFFFFFFFFFFFFFFFFFFFFFFFFFFFFFF5A
:10665000FFFFFFFFFFFFFFFFFFFFFFFFFFFFFFFF4A
:10666000FFFFFFFFFFFFFFFFFFFFFFFFFFFFFFFF3A
:10667000FFFFFFFFFFFFFFFFFFFFFFFFFFFFFFFF2A
:10668000FFFFFFFFFFFFFFFFFFFFFFFFFFFFFFFF1A
:10669000FFFFFFFFFFFFFFFFFFFFFFFFFFFFFFFF0A
:1066A000FFFFFFFFFFFFFFFFFFFFFFFFFFFFFFFFFA
:1066B000FFFFFFFFFFFFFFFFFFFFFFFFFFFFFFFFEA
:1066C000FFFFFFFFFFFFFFFFFFFFFFFFFFFFFFFFDA
:1066D000FFFFFFFFFFFFFFFFFFFFFFFFFFFFFFFFCA
:1066E000FFFFFFFFFFFFFFFFFFFFFFFFFFFFFFFFBA
:1066F000FFFFFFFFFFFFFFFFFFFFFFFFFFFFFFFFAA
:10670000FFFFFFFFFFFFFFFFFFFFFFFFFFFFFFFF99
:10671000FFFFFFFFFFFFFFFFFFFFFFFFFFFFFFFF89
:10672000FFFFFFFFFFFFFFFFFFFFFFFFFFFFFFFF79
:10673000FFFFFFFFFFFFFFFFFFFFFFFFFFFFFFFF69
:10674000FFFFFFFFFFFFFFFFFFFFFFFFFFFFFFFF59
:10675000FFFFFFFFFFFFFFFFFFFFFFFFFFFFFFFF49
:10676000FFFFFFFFFFFFFFFFFFFFFFFFFFFFFFFF39
:10677000FFFFFFFFFFFFFFFFFFFFFFFFFFFFFFFF29
:10678000FFFFFFFFFFFFFFFFFFFFFFFFFFFFFFFF19
:10679000FFFFFFFFFFFFFFFFFFFFFFFFFFFFFFFF09
:1067A000FFFFFFFFFFFFFFFFFFFFFFFFFFFFFFFFF9
:1067B000FFFFFFFFFFFFFFFFFFFFFFFFFFFFFFFFE9
:1067C000FFFFFFFFFFFFFFFFFFFFFFFFFFFFFFFFD9
:1067D000FFFFFFFFFFFFFFFFFFFFFFFFFFFFFFFFC9
:1067E000FFFFFFFFFFFFFFFFFFFFFFFFFFFFFFFFB9
:1067F000FFFFFFFFFFFFFFFFFFFFFFFFFFFFFFFFA9
:10680000FFFFFFFFFFFFFFFFFFFFFFFFFFFFFFFF98
:10681000FFFFFFFFFFFFFFFFFFFFFFFFFFFFFFFF88
:10682000FFFFFFFFFFFFFFFFFFFFFFFFFFFFFFFF78
:10683000FFFFFFFFFFFFFFFFFFFFFFFFFFFFFFFF68
:10684000FFFFFFFFFFFFFFFFFFFFFFFFFFFFFFFF58
:10685000FFFFFFFFFFFFFFFFFFFFFFFFFFFFFFFF48
:10686000FFFFFFFFFFFFFFFFFFFFFFFFFFFFFFFF38
:10687000FFFFFFFFFFFFFFFFFFFFFFFFFFFFFFFF28
:10688000FFFFFFFFFFFFFFFFFFFFFFFFFFFFFFFF18
:10689000FFFFFFFFFFFFFFFFFFFFFFFFFFFFFFFF08
:1068A000FFFFFFFFFFFFFFFFFFFFFFFFFFFFFFFFF8
:1068B000FFFFFFFFFFFFFFFFFFFFFFFFFFFFFFFFE8
:1068C000FFFFFFFFFFFFFFFFFFFFFFFFFFFFFFFFD8
:1068D000FFFFFFFFFFFFFFFFFFFFFFFFFFFFFFFFC8
:1068E000FFFFFFFFFFFFFFFFFFFFFFFFFFFFFFFFB8
:1068F000FFFFFFFFFFFFFFFFFFFFFFFFFFFFFFFFA8
:10690000FFFFFFFFFFFFFFFFFFFFFFFFFFFFFFFF97
:10691000FFFFFFFFFFFFFFFFFFFFFFFFFFFFFFFF87
:10692000FFFFFFFFFFFFFFFFFFFFFFFFFFFFFFFF77
:10693000FFFFFFFFFFFFFFFFFFFFFFFFFFFFFFFF67
:10694000FFFFFFFFFFFFFFFFFFFFFFFFFFFFFFFF57
:10695000FFFFFFFFFFFFFFFFFFFFFFFFFFFFFFFF47
:10696000FFFFFFFFFFFFFFFFFFFFFFFFFFFFFFFF37
:10697000FFFFFFFFFFFFFFFFFFFFFFFFFFFFFFFF27
:10698000FFFFFFFFFFFFFFFFFFFFFFFFFFFFFFFF17
:10699000FFFFFFFFFFFFFFFFFFFFFFFFFFFFFFFF07
:1069A000FFFFFFFFFFFFFFFFFFFFFFFFFFFFFFFFF7
:1069B000FFFFFFFFFFFFFFFFFFFFFFFFFFFFFFFFE7
:1069C000FFFFFFFFFFFFFFFFFFFFFFFFFFFFFFFFD7
:1069D000FFFFFFFFFFFFFFFFFFFFFFFFFFFFFFFFC7
:1069E000FFFFFFFFFFFFFFFFFFFFFFFFFFFFFFFFB7
:1069F000FFFFFFFFFFFFFFFFFFFFFFFFFFFFFFFFA7
:106A0000FFFFFFFFFFFFFFFFFFFFFFFFFFFFFFFF96
:106A1000FFFFFFFFFFFFFFFFFFFFFFFFFFFFFFFF86
:106A2000FFFFFFFFFFFFFFFFFFFFFFFFFFFFFFFF76
:106A3000FFFFFFFFFFFFFFFFFFFFFFFFFFFFFFFF66
:106A4000FFFFFFFFFFFFFFFFFFFFFFFFFFFFFFFF56
:106A5000FFFFFFFFFFFFFFFFFFFFFFFFFFFFFFFF46
:106A6000FFFFFFFFFFFFFFFFFFFFFFFFFFFFFFFF36
:106A7000FFFFFFFFFFFFFFFFFFFFFFFFFFFFFFFF26
:106A8000FFFFFFFFFFFFFFFFFFFFFFFFFFFFFFFF16
:106A9000FFFFFFFFFFFFFFFFFFFFFFFFFFFFFFFF06
:106AA000FFFFFFFFFFFFFFFFFFFFFFFFFFFFFFFFF6
:106AB000FFFFFFFFFFFFFFFFFFFFFFFFFFFFFFFFE6
:106AC000FFFFFFFFFFFFFFFFFFFFFFFFFFFFFFFFD6
:106AD000FFFFFFFFFFFFFFFFFFFFFFFFFFFFFFFFC6
:106AE000FFFFFFFFFFFFFFFFFFFFFFFFFFFFFFFFB6
:106AF000FFFFFFFFFFFFFFFFFFFFFFFFFFFFFFFFA6
:106B0000FFFFFFFFFFFFFFFFFFFFFFFFFFFFFFFF95
:106B1000FFFFFFFFFFFFFFFFFFFFFFFFFFFFFFFF85
:106B2000FFFFFFFFFFFFFFFFFFFFFFFFFFFFFFFF75
:106B3000FFFFFFFFFFFFFFFFFFFFFFFFFFFFFFFF65
:106B4000FFFFFFFFFFFFFFFFFFFFFFFFFFFFFFFF55
:106B5000FFFFFFFFFFFFFFFFFFFFFFFFFFFFFFFF45
:106B6000FFFFFFFFFFFFFFFFFFFFFFFFFFFFFFFF35
:106B7000FFFFFFFFFFFFFFFFFFFFFFFFFFFFFFFF25
:106B8000FFFFFFFFFFFFFFFFFFFFFFFFFFFFFFFF15
:106B9000FFFFFFFFFFFFFFFFFFFFFFFFFFFFFFFF05
:106BA000FFFFFFFFFFFFFFFFFFFFFFFFFFFFFFFFF5
:106BB000FFFFFFFFFFFFFFFFFFFFFFFFFFFFFFFFE5
:106BC000FFFFFFFFFFFFFFFFFFFFFFFFFFFFFFFFD5
:106BD000FFFFFFFFFFFFFFFFFFFFFFFFFFFFFFFFC5
:106BE000FFFFFFFFFFFFFFFFFFFFFFFFFFFFFFFFB5
:106BF000FFFFFFFFFFFFFFFFFFFFFFFFFFFFFFFFA5
:106C0000FFFFFFFFFFFFFFFFFFFFFFFFFFFFFFFF94
:106C1000FFFFFFFFFFFFFFFFFFFFFFFFFFFFFFFF84
:106C2000FFFFFFFFFFFFFFFFFFFFFFFFFFFFFFFF74
:106C3000FFFFFFFFFFFFFFFFFFFFFFFFFFFFFFFF64
:106C4000FFFFFFFFFFFFFFFFFFFFFFFFFFFFFFFF54
:106C5000FFFFFFFFFFFFFFFFFFFFFFFFFFFFFFFF44
:106C6000FFFFFFFFFFFFFFFFFFFFFFFFFFFFFFFF34
:106C7000FFFFFFFFFFFFFFFFFFFFFFFFFFFFFFFF24
:106C8000FFFFFFFFFFFFFFFFFFFFFFFFFFFFFFFF14
:106C9000FFFFFFFFFFFFFFFFFFFFFFFFFFFFFFFF04
:106CA000FFFFFFFFFFFFFFFFFFFFFFFFFFFFFFFFF4
:106CB000FFFFFFFFFFFFFFFFFFFFFFFFFFFFFFFFE4
:106CC000FFFFFFFFFFFFFFFFFFFFFFFFFFFFFFFFD4
:106CD000FFFFFFFFFFFFFFFFFFFFFFFFFFFFFFFFC4
:106CE000FFFFFFFFFFFFFFFFFFFFFFFFFFFFFFFFB4
:106CF000FFFFFFFFFFFFFFFFFFFFFFFFFFFFFFFFA4
:106D0000FFFFFFFFFFFFFFFFFFFFFFFFFFFFFFFF93
:106D1000FFFFFFFFFFFFFFFFFFFFFFFFFFFFFFFF83
:106D2000FFFFFFFFFFFFFFFFFFFFFFFFFFFFFFFF73
:106D3000FFFFFFFFFFFFFFFFFFFFFFFFFFFFFFFF63
:106D4000FFFFFFFFFFFFFFFFFFFFFFFFFFFFFFFF53
:106D5000FFFFFFFFFFFFFFFFFFFFFFFFFFFFFFFF43
:106D6000FFFFFFFFFFFFFFFFFFFFFFFFFFFFFFFF33
:106D7000FFFFFFFFFFFFFFFFFFFFFFFFFFFFFFFF23
:106D8000FFFFFFFFFFFFFFFFFFFFFFFFFFFFFFFF13
:106D9000FFFFFFFFFFFFFFFFFFFFFFFFFFFFFFFF03
:106DA000FFFFFFFFFFFFFFFFFFFFFFFFFFFFFFFFF3
:106DB000FFFFFFFFFFFFFFFFFFFFFFFFFFFFFFFFE3
:106DC000FFFFFFFFFFFFFFFFFFFFFFFFFFFFFFFFD3
:106DD000FFFFFFFFFFFFFFFFFFFFFFFFFFFFFFFFC3
:106DE000FFFFFFFFFFFFFFFFFFFFFFFFFFFFFFFFB3
:106DF000FFFFFFFFFFFFFFFFFFFFFFFFFFFFFFFFA3
:106E0000FFFFFFFFFFFFFFFFFFFFFFFFFFFFFFFF92
:106E1000FFFFFFFFFFFFFFFFFFFFFFFFFFFFFFFF82
:106E2000FFFFFFFFFFFFFFFFFFFFFFFFFFFFFFFF72
:106E3000FFFFFFFFFFFFFFFFFFFFFFFFFFFFFFFF62
:106E4000FFFFFFFFFFFFFFFFFFFFFFFFFFFFFFFF52
:106E5000FFFFFFFFFFFFFFFFFFFFFFFFFFFFFFFF42
:106E6000FFFFFFFFFFFFFFFFFFFFFFFFFFFFFFFF32
:106E7000FFFFFFFFFFFFFFFFFFFFFFFFFFFFFFFF22
:106E8000FFFFFFFFFFFFFFFFFFFFFFFFFFFFFFFF12
:106E9000FFFFFFFFFFFFFFFFFFFFFFFFFFFFFFFF02
:106EA000FFFFFFFFFFFFFFFFFFFFFFFFFFFFFFFFF2
:106EB000FFFFFFFFFFFFFFFFFFFFFFFFFFFFFFFFE2
:106EC000FFFFFFFFFFFFFFFFFFFFFFFFFFFFFFFFD2
:106ED000FFFFFFFFFFFFFFFFFFFFFFFFFFFFFFFFC2
:106EE000FFFFFFFFFFFFFFFFFFFFFFFFFFFFFFFFB2
:106EF000FFFFFFFFFFFFFFFFFFFFFFFFFFFFFFFFA2
:106F0000FFFFFFFFFFFFFFFFFFFFFFFFFFFFFFFF91
:106F1000FFFFFFFFFFFFFFFFFFFFFFFFFFFFFFFF81
:106F2000FFFFFFFFFFFFFFFFFFFFFFFFFFFFFFFF71
:106F3000FFFFFFFFFFFFFFFFFFFFFFFFFFFFFFFF61
:106F4000FFFFFFFFFFFFFFFFFFFFFFFFFFFFFFFF51
:106F5000FFFFFFFFFFFFFFFFFFFFFFFFFFFFFFFF41
:106F6000FFFFFFFFFFFFFFFFFFFFFFFFFFFFFFFF31
:106F7000FFFFFFFFFFFFFFFFFFFFFFFFFFFFFFFF21
:106F8000FFFFFFFFFFFFFFFFFFFFFFFFFFFFFFFF11
:106F9000FFFFFFFFFFFFFFFFFFFFFFFFFFFFFFFF01
:106FA000FFFFFFFFFFFFFFFFFFFFFFFFFFFFFFFFF1
:106FB000FFFFFFFFFFFFFFFFFFFFFFFFFFFFFFFFE1
:106FC000FFFFFFFFFFFFFFFFFFFFFFFFFFFFFFFFD1
:106FD000FFFFFFFFFFFFFFFFFFFFFFFFFFFFFFFFC1
:106FE000FFFFFFFFFFFFFFFFFFFFFFFFFFFFFFFFB1
:106FF000FFFFFFFFFFFFFFFFFFFFFFFFFFFFFFFFA1
:10700000FFFFFFFFFFFFFFFFFFFFFFFFFFFFFFFF90
:10701000FFFFFFFFFFFFFFFFFFFFFFFFFFFFFFFF80
:10702000FFFFFFFFFFFFFFFFFFFFFFFFFFFFFFFF70
:10703000FFFFFFFFFFFFFFFFFFFFFFFFFFFFFFFF60
:10704000FFFFFFFFFFFFFFFFFFFFFFFFFFFFFFFF50
:10705000FFFFFFFFFFFFFFFFFFFFFFFFFFFFFFFF40
:10706000FFFFFFFFFFFFFFFFFFFFFFFFFFFFFFFF30
:10707000FFFFFFFFFFFFFFFFFFFFFFFFFFFFFFFF20
:10708000FFFFFFFFFFFFFFFFFFFFFFFFFFFFFFFF10
:10709000FFFFFFFFFFFFFFFFFFFFFFFFFFFFFFFF00
:1070A000FFFFFFFFFFFFFFFFFFFFFFFFFFFFFFFFF0
:1070B000FFFFFFFFFFFFFFFFFFFFFFFFFFFFFFFFE0
:1070C000FFFFFFFFFFFFFFFFFFFFFFFFFFFFFFFFD0
:1070D000FFFFFFFFFFFFFFFFFFFFFFFFFFFFFFFFC0
:1070E000FFFFFFFFFFFFFFFFFFFFFFFFFFFFFFFFB0
:1070F000FFFFFFFFFFFFFFFFFFFFFFFFFFFFFFFFA0
:10710000FFFFFFFFFFFFFFFFFFFFFFFFFFFFFFFF8F
:10711000FFFFFFFFFFFFFFFFFFFFFFFFFFFFFFFF7F
:10712000FFFFFFFFFFFFFFFFFFFFFFFFFFFFFFFF6F
:10713000FFFFFFFFFFFFFFFFFFFFFFFFFFFFFFFF5F
:10714000FFFFFFFFFFFFFFFFFFFFFFFFFFFFFFFF4F
:10715000FFFFFFFFFFFFFFFFFFFFFFFFFFFFFFFF3F
:10716000FFFFFFFFFFFFFFFFFFFFFFFFFFFFFFFF2F
:10717000FFFFFFFFFFFFFFFFFFFFFFFFFFFFFFFF1F
:10718000FFFFFFFFFFFFFFFFFFFFFFFFFFFFFFFF0F
:10719000FFFFFFFFFFFFFFFFFFFFFFFFFFFFFFFFFF
:1071A000FFFFFFFFFFFFFFFFFFFFFFFFFFFFFFFFEF
:1071B000FFFFFFFFFFFFFFFFFFFFFFFFFFFFFFFFDF
:1071C000FFFFFFFFFFFFFFFFFFFFFFFFFFFFFFFFCF
:1071D000FFFFFFFFFFFFFFFFFFFFFFFFFFFFFFFFBF
:1071E000FFFFFFFFFFFFFFFFFFFFFFFFFFFFFFFFAF
:1071F000FFFFFFFFFFFFFFFFFFFFFFFFFFFFFFFF9F
:10720000FFFFFFFFFFFFFFFFFFFFFFFFFFFFFFFF8E
:10721000FFFFFFFFFFFFFFFFFFFFFFFFFFFFFFFF7E
:10722000FFFFFFFFFFFFFFFFFFFFFFFFFFFFFFFF6E
:10723000FFFFFFFFFFFFFFFFFFFFFFFFFFFFFFFF5E
:10724000FFFFFFFFFFFFFFFFFFFFFFFFFFFFFFFF4E
:10725000FFFFFFFFFFFFFFFFFFFFFFFFFFFFFFFF3E
:10726000FFFFFFFFFFFFFFFFFFFFFFFFFFFFFFFF2E
:10727000FFFFFFFFFFFFFFFFFFFFFFFFFFFFFFFF1E
:10728000FFFFFFFFFFFFFFFFFFFFFFFFFFFFFFFF0E
:10729000FFFFFFFFFFFFFFFFFFFFFFFFFFFFFFFFFE
:1072A000FFFFFFFFFFFFFFFFFFFFFFFFFFFFFFFFEE
:1072B000FFFFFFFFFFFFFFFFFFFFFFFFFFFFFFFFDE
:1072C000FFFFFFFFFFFFFFFFFFFFFFFFFFFFFFFFCE
:1072D000FFFFFFFFFFFFFFFFFFFFFFFFFFFFFFFFBE
:1072E000FFFFFFFFFFFFFFFFFFFFFFFFFFFFFFFFAE
:1072F000FFFFFFFFFFFFFFFFFFFFFFFFFFFFFFFF9E
:10730000FFFFFFFFFFFFFFFFFFFFFFFFFFFFFFFF8D
:10731000FFFFFFFFFFFFFFFFFFFFFFFFFFFFFFFF7D
:10732000FFFFFFFFFFFFFFFFFFFFFFFFFFFFFFFF6D
:10733000FFFFFFFFFFFFFFFFFFFFFFFFFFFFFFFF5D
:10734000FFFFFFFFFFFFFFFFFFFFFFFFFFFFFFFF4D
:10735000FFFFFFFFFFFFFFFFFFFFFFFFFFFFFFFF3D
:10736000FFFFFFFFFFFFFFFFFFFFFFFFFFFFFFFF2D
:10737000FFFFFFFFFFFFFFFFFFFFFFFFFFFFFFFF1D
:10738000FFFFFFFFFFFFFFFFFFFFFFFFFFFFFFFF0D
:10739000FFFFFFFFFFFFFFFFFFFFFFFFFFFFFFFFFD
:1073A000FFFFFFFFFFFFFFFFFFFFFFFFFFFFFFFFED
:1073B000FFFFFFFFFFFFFFFFFFFFFFFFFFFFFFFFDD
:1073C000FFFFFFFFFFFFFFFFFFFFFFFFFFFFFFFFCD
:1073D000FFFFFFFFFFFFFFFFFFFFFFFFFFFFFFFFBD
:1073E000FFFFFFFFFFFFFFFFFFFFFFFFFFFFFFFFAD
:1073F000FFFFFFFFFFFFFFFFFFFFFFFFFFFFFFFF9D
:10740000FFFFFFFFFFFFFFFFFFFFFFFFFFFFFFFF8C
:10741000FFFFFFFFFFFFFFFFFFFFFFFFFFFFFFFF7C
:10742000FFFFFFFFFFFFFFFFFFFFFFFFFFFFFFFF6C
:10743000FFFFFFFFFFFFFFFFFFFFFFFFFFFFFFFF5C
:10744000FFFFFFFFFFFFFFFFFFFFFFFFFFFFFFFF4C
:10745000FFFFFFFFFFFFFFFFFFFFFFFFFFFFFFFF3C
:10746000FFFFFFFFFFFFFFFFFFFFFFFFFFFFFFFF2C
:10747000FFFFFFFFFFFFFFFFFFFFFFFFFFFFFFFF1C
:10748000FFFFFFFFFFFFFFFFFFFFFFFFFFFFFFFF0C
:10749000FFFFFFFFFFFFFFFFFFFFFFFFFFFFFFFFFC
:1074A000FFFFFFFFFFFFFFFFFFFFFFFFFFFFFFFFEC
:1074B000FFFFFFFFFFFFFFFFFFFFFFFFFFFFFFFFDC
:1074C000FFFFFFFFFFFFFFFFFFFFFFFFFFFFFFFFCC
:1074D000FFFFFFFFFFFFFFFFFFFFFFFFFFFFFFFFBC
:1074E000FFFFFFFFFFFFFFFFFFFFFFFFFFFFFFFFAC
:1074F000FFFFFFFFFFFFFFFFFFFFFFFFFFFFFFFF9C
:10750000FFFFFFFFFFFFFFFFFFFFFFFFFFFFFFFF8B
:10751000FFFFFFFFFFFFFFFFFFFFFFFFFFFFFFFF7B
:10752000FFFFFFFFFFFFFFFFFFFFFFFFFFFFFFFF6B
:10753000FFFFFFFFFFFFFFFFFFFFFFFFFFFFFFFF5B
:10754000FFFFFFFFFFFFFFFFFFFFFFFFFFFFFFFF4B
:10755000FFFFFFFFFFFFFFFFFFFFFFFFFFFFFFFF3B
:10756000FFFFFFFFFFFFFFFFFFFFFFFFFFFFFFFF2B
:10757000FFFFFFFFFFFFFFFFFFFFFFFFFFFFFFFF1B
:10758000FFFFFFFFFFFFFFFFFFFFFFFFFFFFFFFF0B
:10759000FFFFFFFFFFFFFFFFFFFFFFFFFFFFFFFFFB
:1075A000FFFFFFFFFFFFFFFFFFFFFFFFFFFFFFFFEB
:1075B000FFFFFFFFFFFFFFFFFFFFFFFFFFFFFFFFDB
:1075C000FFFFFFFFFFFFFFFFFFFFFFFFFFFFFFFFCB
:1075D000FFFFFFFFFFFFFFFFFFFFFFFFFFFFFFFFBB
:1075E000FFFFFFFFFFFFFFFFFFFFFFFFFFFFFFFFAB
:1075F000FFFFFFFFFFFFFFFFFFFFFFFFFFFFFFFF9B
:10760000FFFFFFFFFFFFFFFFFFFFFFFFFFFFFFFF8A
:10761000FFFFFFFFFFFFFFFFFFFFFFFFFFFFFFFF7A
:10762000FFFFFFFFFFFFFFFFFFFFFFFFFFFFFFFF6A
:10763000FFFFFFFFFFFFFFFFFFFFFFFFFFFFFFFF5A
:10764000FFFFFFFFFFFFFFFFFFFFFFFFFFFFFFFF4A
:10765000FFFFFFFFFFFFFFFFFFFFFFFFFFFFFFFF3A
:10766000FFFFFFFFFFFFFFFFFFFFFFFFFFFFFFFF2A
:10767000FFFFFFFFFFFFFFFFFFFFFFFFFFFFFFFF1A
:10768000FFFFFFFFFFFFFFFFFFFFFFFFFFFFFFFF0A
:10769000FFFFFFFFFFFFFFFFFFFFFFFFFFFFFFFFFA
:1076A000FFFFFFFFFFFFFFFFFFFFFFFFFFFFFFFFEA
:1076B000FFFFFFFFFFFFFFFFFFFFFFFFFFFFFFFFDA
:1076C000FFFFFFFFFFFFFFFFFFFFFFFFFFFFFFFFCA
:1076D000FFFFFFFFFFFFFFFFFFFFFFFFFFFFFFFFBA
:1076E000FFFFFFFFFFFFFFFFFFFFFFFFFFFFFFFFAA
:1076F000FFFFFFFFFFFFFFFFFFFFFFFFFFFFFFFF9A
:10770000FFFFFFFFFFFFFFFFFFFFFFFFFFFFFFFF89
:10771000FFFFFFFFFFFFFFFFFFFFFFFFFFFFFFFF79
:10772000FFFFFFFFFFFFFFFFFFFFFFFFFFFFFFFF69
:10773000FFFFFFFFFFFFFFFFFFFFFFFFFFFFFFFF59
:10774000FFFFFFFFFFFFFFFFFFFFFFFFFFFFFFFF49
:10775000FFFFFFFFFFFFFFFFFFFFFFFFFFFFFFFF39
:10776000FFFFFFFFFFFFFFFFFFFFFFFFFFFFFFFF29
:10777000FFFFFFFFFFFFFFFFFFFFFFFFFFFFFFFF19
:10778000FFFFFFFFFFFFFFFFFFFFFFFFFFFFFFFF09
:10779000FFFFFFFFFFFFFFFFFFFFFFFFFFFFFFFFF9
:1077A000FFFFFFFFFFFFFFFFFFFFFFFFFFFFFFFFE9
:1077B000FFFFFFFFFFFFFFFFFFFFFFFFFFFFFFFFD9
:1077C000FFFFFFFFFFFFFFFFFFFFFFFFFFFFFFFFC9
:1077D000FFFFFFFFFFFFFFFFFFFFFFFFFFFFFFFFB9
:1077E000FFFFFFFFFFFFFFFFFFFFFFFFFFFFFFFFA9
:1077F000FFFFFFFFFFFFFFFFFFFFFFFFFFFFFFFF99
:10780000FFFFFFFFFFFFFFFFFFFFFFFFFFFFFFFF88
:10781000FFFFFFFFFFFFFFFFFFFFFFFFFFFFFFFF78
:10782000FFFFFFFFFFFFFFFFFFFFFFFFFFFFFFFF68
:10783000FFFFFFFFFFFFFFFFFFFFFFFFFFFFFFFF58
:10784000FFFFFFFFFFFFFFFFFFFFFFFFFFFFFFFF48
:10785000FFFFFFFFFFFFFFFFFFFFFFFFFFFFFFFF38
:10786000FFFFFFFFFFFFFFFFFFFFFFFFFFFFFFFF28
:10787000FFFFFFFFFFFFFFFFFFFFFFFFFFFFFFFF18
:10788000FFFFFFFFFFFFFFFFFFFFFFFFFFFFFFFF08
:10789000FFFFFFFFFFFFFFFFFFFFFFFFFFFFFFFFF8
:1078A000FFFFFFFFFFFFFFFFFFFFFFFFFFFFFFFFE8
:1078B000FFFFFFFFFFFFFFFFFFFFFFFFFFFFFFFFD8
:1078C000FFFFFFFFFFFFFFFFFFFFFFFFFFFFFFFFC8
:1078D000FFFFFFFFFFFFFFFFFFFFFFFFFFFFFFFFB8
:1078E000FFFFFFFFFFFFFFFFFFFFFFFFFFFFFFFFA8
:1078F000FFFFFFFFFFFFFFFFFFFFFFFFFFFFFFFF98
:10790000FFFFFFFFFFFFFFFFFFFFFFFFFFFFFFFF87
:10791000FFFFFFFFFFFFFFFFFFFFFFFFFFFFFFFF77
:10792000FFFFFFFFFFFFFFFFFFFFFFFFFFFFFFFF67
:10793000FFFFFFFFFFFFFFFFFFFFFFFFFFFFFFFF57
:10794000FFFFFFFFFFFFFFFFFFFFFFFFFFFFFFFF47
:10795000FFFFFFFFFFFFFFFFFFFFFFFFFFFFFFFF37
:10796000FFFFFFFFFFFFFFFFFFFFFFFFFFFFFFFF27
:10797000FFFFFFFFFFFFFFFFFFFFFFFFFFFFFFFF17
:10798000FFFFFFFFFFFFFFFFFFFFFFFFFFFFFFFF07
:10799000FFFFFFFFFFFFFFFFFFFFFFFFFFFFFFFFF7
:1079A000FFFFFFFFFFFFFFFFFFFFFFFFFFFFFFFFE7
:1079B000FFFFFFFFFFFFFFFFFFFFFFFFFFFFFFFFD7
:1079C000FFFFFFFFFFFFFFFFFFFFFFFFFFFFFFFFC7
:1079D000FFFFFFFFFFFFFFFFFFFFFFFFFFFFFFFFB7
:1079E000FFFFFFFFFFFFFFFFFFFFFFFFFFFFFFFFA7
:1079F000FFFFFFFFFFFFFFFFFFFFFFFFFFFFFFFF97
:107A0000FFFFFFFFFFFFFFFFFFFFFFFFFFFFFFFF86
:107A1000FFFFFFFFFFFFFFFFFFFFFFFFFFFFFFFF76
:107A2000FFFFFFFFFFFFFFFFFFFFFFFFFFFFFFFF66
:107A3000FFFFFFFFFFFFFFFFFFFFFFFFFFFFFFFF56
:107A4000FFFFFFFFFFFFFFFFFFFFFFFFFFFFFFFF46
:107A5000FFFFFFFFFFFFFFFFFFFFFFFFFFFFFFFF36
:107A6000FFFFFFFFFFFFFFFFFFFFFFFFFFFFFFFF26
:107A7000FFFFFFFFFFFFFFFFFFFFFFFFFFFFFFFF16
:107A8000FFFFFFFFFFFFFFFFFFFFFFFFFFFFFFFF06
:107A9000FFFFFFFFFFFFFFFFFFFFFFFFFFFFFFFFF6
:107AA000FFFFFFFFFFFFFFFFFFFFFFFFFFFFFFFFE6
:107AB000FFFFFFFFFFFFFFFFFFFFFFFFFFFFFFFFD6
:107AC000FFFFFFFFFFFFFFFFFFFFFFFFFFFFFFFFC6
:107AD000FFFFFFFFFFFFFFFFFFFFFFFFFFFFFFFFB6
:107AE000FFFFFFFFFFFFFFFFFFFFFFFFFFFFFFFFA6
:107AF000FFFFFFFFFFFFFFFFFFFFFFFFFFFFFFFF96
:107B0000FFFFFFFFFFFFFFFFFFFFFFFFFFFFFFFF85
:107B1000FFFFFFFFFFFFFFFFFFFFFFFFFFFFFFFF75
:107B2000FFFFFFFFFFFFFFFFFFFFFFFFFFFFFFFF65
:107B3000FFFFFFFFFFFFFFFFFFFFFFFFFFFFFFFF55
:107B4000FFFFFFFFFFFFFFFFFFFFFFFFFFFFFFFF45
:107B5000FFFFFFFFFFFFFFFFFFFFFFFFFFFFFFFF35
:107B6000FFFFFFFFFFFFFFFFFFFFFFFFFFFFFFFF25
:107B7000FFFFFFFFFFFFFFFFFFFFFFFFFFFFFFFF15
:107B8000FFFFFFFFFFFFFFFFFFFFFFFFFFFFFFFF05
:107B9000FFFFFFFFFFFFFFFFFFFFFFFFFFFFFFFFF5
:107BA000FFFFFFFFFFFFFFFFFFFFFFFFFFFFFFFFE5
:107BB000FFFFFFFFFFFFFFFFFFFFFFFFFFFFFFFFD5
:107BC000FFFFFFFFFFFFFFFFFFFFFFFFFFFFFFFFC5
:107BD000FFFFFFFFFFFFFFFFFFFFFFFFFFFFFFFFB5
:107BE000FFFFFFFFFFFFFFFFFFFFFFFFFFFFFFFFA5
:107BF000FFFFFFFFFFFFFFFFFFFFFFFFFFFFFFFF95
:107C0000FFFFFFFFFFFFFFFFFFFFFFFFFFFFFFFF84
:107C1000FFFFFFFFFFFFFFFFFFFFFFFFFFFFFFFF74
:107C2000FFFFFFFFFFFFFFFFFFFFFFFFFFFFFFFF64
:107C3000FFFFFFFFFFFFFFFFFFFFFFFFFFFFFFFF54
:107C4000FFFFFFFFFFFFFFFFFFFFFFFFFFFFFFFF44
:107C5000FFFFFFFFFFFFFFFFFFFFFFFFFFFFFFFF34
:107C6000FFFFFFFFFFFFFFFFFFFFFFFFFFFFFFFF24
:107C7000FFFFFFFFFFFFFFFFFFFFFFFFFFFFFFFF14
:107C8000FFFFFFFFFFFFFFFFFFFFFFFFFFFFFFFF04
:107C9000FFFFFFFFFFFFFFFFFFFFFFFFFFFFFFFFF4
:107CA000FFFFFFFFFFFFFFFFFFFFFFFFFFFFFFFFE4
:107CB000FFFFFFFFFFFFFFFFFFFFFFFFFFFFFFFFD4
:107CC000FFFFFFFFFFFFFFFFFFFFFFFFFFFFFFFFC4
:107CD000FFFFFFFFFFFFFFFFFFFFFFFFFFFFFFFFB4
:107CE000FFFFFFFFFFFFFFFFFFFFFFFFFFFFFFFFA4
:107CF000FFFFFFFFFFFFFFFFFFFFFFFFFFFFFFFF94
:107D0000FFFFFFFFFFFFFFFFFFFFFFFFFFFFFFFF83
:107D1000FFFFFFFFFFFFFFFFFFFFFFFFFFFFFFFF73
:107D2000FFFFFFFFFFFFFFFFFFFFFFFFFFFFFFFF63
:107D3000FFFFFFFFFFFFFFFFFFFFFFFFFFFFFFFF53
:107D4000FFFFFFFFFFFFFFFFFFFFFFFFFFFFFFFF43
:107D5000FFFFFFFFFFFFFFFFFFFFFFFFFFFFFFFF33
:107D6000FFFFFFFFFFFFFFFFFFFFFFFFFFFFFFFF23
:107D7000FFFFFFFFFFFFFFFFFFFFFFFFFFFFFFFF13
:107D8000FFFFFFFFFFFFFFFFFFFFFFFFFFFFFFFF03
:107D9000FFFFFFFFFFFFFFFFFFFFFFFFFFFFFFFFF3
:107DA000FFFFFFFFFFFFFFFFFFFFFFFFFFFFFFFFE3
:107DB000FFFFFFFFFFFFFFFFFFFFFFFFFFFFFFFFD3
:107DC000FFFFFFFFFFFFFFFFFFFFFFFFFFFFFFFFC3
:107DD000FFFFFFFFFFFFFFFFFFFFFFFFFFFFFFFFB3
:107DE000FFFFFFFFFFFFFFFFFFFFFFFFFFFFFFFFA3
:107DF000FFFFFFFFFFFFFFFFFFFFFFFFFFFFFFFF93
:107E0000FFFFFFFFFFFFFFFFFFFFFFFFFFFFFFFF82
:107E1000FFFFFFFFFFFFFFFFFFFFFFFFFFFFFFFF72
:107E2000FFFFFFFFFFFFFFFFFFFFFFFFFFFFFFFF62
:107E3000FFFFFFFFFFFFFFFFFFFFFFFFFFFFFFFF52
:107E4000FFFFFFFFFFFFFFFFFFFFFFFFFFFFFFFF42
:107E5000FFFFFFFFFFFFFFFFFFFFFFFFFFFFFFFF32
:107E6000FFFFFFFFFFFFFFFFFFFFFFFFFFFFFFFF22
:107E7000FFFFFFFFFFFFFFFFFFFFFFFFFFFFFFFF12
:107E8000FFFFFFFFFFFFFFFFFFFFFFFFFFFFFFFF02
:107E9000FFFFFFFFFFFFFFFFFFFFFFFFFFFFFFFFF2
:107EA000FFFFFFFFFFFFFFFFFFFFFFFFFFFFFFFFE2
:107EB000FFFFFFFFFFFFFFFFFFFFFFFFFFFFFFFFD2
:107EC000FFFFFFFFFFFFFFFFFFFFFFFFFFFFFFFFC2
:107ED000FFFFFFFFFFFFFFFFFFFFFFFFFFFFFFFFB2
:107EE000FFFFFFFFFFFFFFFFFFFFFFFFFFFFFFFFA2
:107EF000FFFFFFFFFFFFFFFFFFFFFFFFFFFFFFFF92
:107F0000FFFFFFFFFFFFFFFFFFFFFFFFFFFFFFFF81
:107F1000FFFFFFFFFFFFFFFFFFFFFFFFFFFFFFFF71
:107F2000FFFFFFFFFFFFFFFFFFFFFFFFFFFFFFFF61
:107F3000FFFFFFFFFFFFFFFFFFFFFFFFFFFFFFFF51
:107F4000FFFFFFFFFFFFFFFFFFFFFFFFFFFFFFFF41
:107F5000FFFFFFFFFFFFFFFFFFFFFFFFFFFFFFFF31
:107F6000FFFFFFFFFFFFFFFFFFFFFFFFFFFFFFFF21
:107F7000FFFFFFFFFFFFFFFFFFFFFFFFFFFFFFFF11
:107F8000FFFFFFFFFFFFFFFFFFFFFFFFFFFFFFFF01
:107F9000FFFFFFFFFFFFFFFFFFFFFFFFFFFFFFFFF1
:107FA000FFFFFFFFFFFFFFFFFFFFFFFFFFFFFFFFE1
:107FB000FFFFFFFFFFFFFFFFFFFFFFFFFFFFFFFFD1
:107FC000FFFFFFFFFFFFFFFFFFFFFFFFFFFFFFFFC1
:107FD000FFFFFFFFFFFFFFFFFFFFFFFFFFFFFFFFB1
:107FE000FFFFFFFFFFFFFFFFFFFFFFFFFFFFFFFFA1
:107FF000FFFFFFFFFFFFFFFFFFFFFFFFFFFFFFFF91
:10800000FFFFFFFFFFFFFFFFFFFFFFFFFFFFFFFF80
:10801000FFFFFFFFFFFFFFFFFFFFFFFFFFFFFFFF70
:10802000FFFFFFFFFFFFFFFFFFFFFFFFFFFFFFFF60
:10803000FFFFFFFFFFFFFFFFFFFFFFFFFFFFFFFF50
:10804000FFFFFFFFFFFFFFFFFFFFFFFFFFFFFFFF40
:10805000FFFFFFFFFFFFFFFFFFFFFFFFFFFFFFFF30
:10806000FFFFFFFFFFFFFFFFFFFFFFFFFFFFFFFF20
:10807000FFFFFFFFFFFFFFFFFFFFFFFFFFFFFFFF10
:10808000FFFFFFFFFFFFFFFFFFFFFFFFFFFFFFFF00
:10809000FFFFFFFFFFFFFFFFFFFFFFFFFFFFFFFFF0
:1080A000FFFFFFFFFFFFFFFFFFFFFFFFFFFFFFFFE0
:1080B000FFFFFFFFFFFFFFFFFFFFFFFFFFFFFFFFD0
:1080C000FFFFFFFFFFFFFFFFFFFFFFFFFFFFFFFFC0
:1080D000FFFFFFFFFFFFFFFFFFFFFFFFFFFFFFFFB0
:1080E000FFFFFFFFFFFFFFFFFFFFFFFFFFFFFFFFA0
:1080F000FFFFFFFFFFFFFFFFFFFFFFFFFFFFFFFF90
:10810000FFFFFFFFFFFFFFFFFFFFFFFFFFFFFFFF7F
:10811000FFFFFFFFFFFFFFFFFFFFFFFFFFFFFFFF6F
:10812000FFFFFFFFFFFFFFFFFFFFFFFFFFFFFFFF5F
:10813000FFFFFFFFFFFFFFFFFFFFFFFFFFFFFFFF4F
:10814000FFFFFFFFFFFFFFFFFFFFFFFFFFFFFFFF3F
:10815000FFFFFFFFFFFFFFFFFFFFFFFFFFFFFFFF2F
:10816000FFFFFFFFFFFFFFFFFFFFFFFFFFFFFFFF1F
:10817000FFFFFFFFFFFFFFFFFFFFFFFFFFFFFFFF0F
:10818000FFFFFFFFFFFFFFFFFFFFFFFFFFFFFFFFFF
:10819000FFFFFFFFFFFFFFFFFFFFFFFFFFFFFFFFEF
:1081A000FFFFFFFFFFFFFFFFFFFFFFFFFFFFFFFFDF
:1081B000FFFFFFFFFFFFFFFFFFFFFFFFFFFFFFFFCF
:1081C000FFFFFFFFFFFFFFFFFFFFFFFFFFFFFFFFBF
:1081D000FFFFFFFFFFFFFFFFFFFFFFFFFFFFFFFFAF
:1081E000FFFFFFFFFFFFFFFFFFFFFFFFFFFFFFFF9F
:1081F000FFFFFFFFFFFFFFFFFFFFFFFFFFFFFFFF8F
:10820000FFFFFFFFFFFFFFFFFFFFFFFFFFFFFFFF7E
:10821000FFFFFFFFFFFFFFFFFFFFFFFFFFFFFFFF6E
:10822000FFFFFFFFFFFFFFFFFFFFFFFFFFFFFFFF5E
:10823000FFFFFFFFFFFFFFFFFFFFFFFFFFFFFFFF4E
:10824000FFFFFFFFFFFFFFFFFFFFFFFFFFFFFFFF3E
:10825000FFFFFFFFFFFFFFFFFFFFFFFFFFFFFFFF2E
:10826000FFFFFFFFFFFFFFFFFFFFFFFFFFFFFFFF1E
:10827000FFFFFFFFFFFFFFFFFFFFFFFFFFFFFFFF0E
:10828000FFFFFFFFFFFFFFFFFFFFFFFFFFFFFFFFFE
:10829000FFFFFFFFFFFFFFFFFFFFFFFFFFFFFFFFEE
:1082A000FFFFFFFFFFFFFFFFFFFFFFFFFFFFFFFFDE
:1082B000FFFFFFFFFFFFFFFFFFFFFFFFFFFFFFFFCE
:1082C000FFFFFFFFFFFFFFFFFFFFFFFFFFFFFFFFBE
:1082D000FFFFFFFFFFFFFFFFFFFFFFFFFFFFFFFFAE
:1082E000FFFFFFFFFFFFFFFFFFFFFFFFFFFFFFFF9E
:1082F000FFFFFFFFFFFFFFFFFFFFFFFFFFFFFFFF8E
:10830000FFFFFFFFFFFFFFFFFFFFFFFFFFFFFFFF7D
:10831000FFFFFFFFFFFFFFFFFFFFFFFFFFFFFFFF6D
:10832000FFFFFFFFFFFFFFFFFFFFFFFFFFFFFFFF5D
:10833000FFFFFFFFFFFFFFFFFFFFFFFFFFFFFFFF4D
:10834000FFFFFFFFFFFFFFFFFFFFFFFFFFFFFFFF3D
:10835000FFFFFFFFFFFFFFFFFFFFFFFFFFFFFFFF2D
:10836000FFFFFFFFFFFFFFFFFFFFFFFFFFFFFFFF1D
:10837000FFFFFFFFFFFFFFFFFFFFFFFFFFFFFFFF0D
:10838000FFFFFFFFFFFFFFFFFFFFFFFFFFFFFFFFFD
:10839000FFFFFFFFFFFFFFFFFFFFFFFFFFFFFFFFED
:1083A000FFFFFFFFFFFFFFFFFFFFFFFFFFFFFFFFDD
:1083B000FFFFFFFFFFFFFFFFFFFFFFFFFFFFFFFFCD
:1083C000FFFFFFFFFFFFFFFFFFFFFFFFFFFFFFFFBD
:1083D000FFFFFFFFFFFFFFFFFFFFFFFFFFFFFFFFAD
:1083E000FFFFFFFFFFFFFFFFFFFFFFFFFFFFFFFF9D
:1083F000FFFFFFFFFFFFFFFFFFFFFFFFFFFFFFFF8D
:10840000FFFFFFFFFFFFFFFFFFFFFFFFFFFFFFFF7C
:10841000FFFFFFFFFFFFFFFFFFFFFFFFFFFFFFFF6C
:10842000FFFFFFFFFFFFFFFFFFFFFFFFFFFFFFFF5C
:10843000FFFFFFFFFFFFFFFFFFFFFFFFFFFFFFFF4C
:10844000FFFFFFFFFFFFFFFFFFFFFFFFFFFFFFFF3C
:10845000FFFFFFFFFFFFFFFFFFFFFFFFFFFFFFFF2C
:10846000FFFFFFFFFFFFFFFFFFFFFFFFFFFFFFFF1C
:10847000FFFFFFFFFFFFFFFFFFFFFFFFFFFFFFFF0C
:10848000FFFFFFFFFFFFFFFFFFFFFFFFFFFFFFFFFC
:10849000FFFFFFFFFFFFFFFFFFFFFFFFFFFFFFFFEC
:1084A000FFFFFFFFFFFFFFFFFFFFFFFFFFFFFFFFDC
:1084B000FFFFFFFFFFFFFFFFFFFFFFFFFFFFFFFFCC
:1084C000FFFFFFFFFFFFFFFFFFFFFFFFFFFFFFFFBC
:1084D000FFFFFFFFFFFFFFFFFFFFFFFFFFFFFFFFAC
:1084E000FFFFFFFFFFFFFFFFFFFFFFFFFFFFFFFF9C
:1084F000FFFFFFFFFFFFFFFFFFFFFFFFFFFFFFFF8C
:10850000FFFFFFFFFFFFFFFFFFFFFFFFFFFFFFFF7B
:10851000FFFFFFFFFFFFFFFFFFFFFFFFFFFFFFFF6B
:10852000FFFFFFFFFFFFFFFFFFFFFFFFFFFFFFFF5B
:10853000FFFFFFFFFFFFFFFFFFFFFFFFFFFFFFFF4B
:10854000FFFFFFFFFFFFFFFFFFFFFFFFFFFFFFFF3B
:10855000FFFFFFFFFFFFFFFFFFFFFFFFFFFFFFFF2B
:10856000FFFFFFFFFFFFFFFFFFFFFFFFFFFFFFFF1B
:10857000FFFFFFFFFFFFFFFFFFFFFFFFFFFFFFFF0B
:10858000FFFFFFFFFFFFFFFFFFFFFFFFFFFFFFFFFB
:10859000FFFFFFFFFFFFFFFFFFFFFFFFFFFFFFFFEB
:1085A000FFFFFFFFFFFFFFFFFFFFFFFFFFFFFFFFDB
:1085B000FFFFFFFFFFFFFFFFFFFFFFFFFFFFFFFFCB
:1085C000FFFFFFFFFFFFFFFFFFFFFFFFFFFFFFFFBB
:1085D000FFFFFFFFFFFFFFFFFFFFFFFFFFFFFFFFAB
:1085E000FFFFFFFFFFFFFFFFFFFFFFFFFFFFFFFF9B
:1085F000FFFFFFFFFFFFFFFFFFFFFFFFFFFFFFFF8B
:10860000FFFFFFFFFFFFFFFFFFFFFFFFFFFFFFFF7A
:10861000FFFFFFFFFFFFFFFFFFFFFFFFFFFFFFFF6A
:10862000FFFFFFFFFFFFFFFFFFFFFFFFFFFFFFFF5A
:10863000FFFFFFFFFFFFFFFFFFFFFFFFFFFFFFFF4A
:10864000FFFFFFFFFFFFFFFFFFFFFFFFFFFFFFFF3A
:10865000FFFFFFFFFFFFFFFFFFFFFFFFFFFFFFFF2A
:10866000FFFFFFFFFFFFFFFFFFFFFFFFFFFFFFFF1A
:10867000FFFFFFFFFFFFFFFFFFFFFFFFFFFFFFFF0A
:10868000FFFFFFFFFFFFFFFFFFFFFFFFFFFFFFFFFA
:10869000FFFFFFFFFFFFFFFFFFFFFFFFFFFFFFFFEA
:1086A000FFFFFFFFFFFFFFFFFFFFFFFFFFFFFFFFDA
:1086B000FFFFFFFFFFFFFFFFFFFFFFFFFFFFFFFFCA
:1086C000FFFFFFFFFFFFFFFFFFFFFFFFFFFFFFFFBA
:1086D000FFFFFFFFFFFFFFFFFFFFFFFFFFFFFFFFAA
:1086E000FFFFFFFFFFFFFFFFFFFFFFFFFFFFFFFF9A
:1086F000FFFFFFFFFFFFFFFFFFFFFFFFFFFFFFFF8A
:10870000FFFFFFFFFFFFFFFFFFFFFFFFFFFFFFFF79
:10871000FFFFFFFFFFFFFFFFFFFFFFFFFFFFFFFF69
:10872000FFFFFFFFFFFFFFFFFFFFFFFFFFFFFFFF59
:10873000FFFFFFFFFFFFFFFFFFFFFFFFFFFFFFFF49
:10874000FFFFFFFFFFFFFFFFFFFFFFFFFFFFFFFF39
:10875000FFFFFFFFFFFFFFFFFFFFFFFFFFFFFFFF29
:10876000FFFFFFFFFFFFFFFFFFFFFFFFFFFFFFFF19
:10877000FFFFFFFFFFFFFFFFFFFFFFFFFFFFFFFF09
:10878000FFFFFFFFFFFFFFFFFFFFFFFFFFFFFFFFF9
:10879000FFFFFFFFFFFFFFFFFFFFFFFFFFFFFFFFE9
:1087A000FFFFFFFFFFFFFFFFFFFFFFFFFFFFFFFFD9
:1087B000FFFFFFFFFFFFFFFFFFFFFFFFFFFFFFFFC9
:1087C000FFFFFFFFFFFFFFFFFFFFFFFFFFFFFFFFB9
:1087D000FFFFFFFFFFFFFFFFFFFFFFFFFFFFFFFFA9
:1087E000FFFFFFFFFFFFFFFFFFFFFFFFFFFFFFFF99
:1087F000FFFFFFFFFFFFFFFFFFFFFFFFFFFFFFFF89
:10880000FFFFFFFFFFFFFFFFFFFFFFFFFFFFFFFF78
:10881000FFFFFFFFFFFFFFFFFFFFFFFFFFFFFFFF68
:10882000FFFFFFFFFFFFFFFFFFFFFFFFFFFFFFFF58
:10883000FFFFFFFFFFFFFFFFFFFFFFFFFFFFFFFF48
:10884000FFFFFFFFFFFFFFFFFFFFFFFFFFFFFFFF38
:10885000FFFFFFFFFFFFFFFFFFFFFFFFFFFFFFFF28
:10886000FFFFFFFFFFFFFFFFFFFFFFFFFFFFFFFF18
:10887000FFFFFFFFFFFFFFFFFFFFFFFFFFFFFFFF08
:10888000FFFFFFFFFFFFFFFFFFFFFFFFFFFFFFFFF8
:10889000FFFFFFFFFFFFFFFFFFFFFFFFFFFFFFFFE8
:1088A000FFFFFFFFFFFFFFFFFFFFFFFFFFFFFFFFD8
:1088B000FFFFFFFFFFFFFFFFFFFFFFFFFFFFFFFFC8
:1088C000FFFFFFFFFFFFFFFFFFFFFFFFFFFFFFFFB8
:1088D000FFFFFFFFFFFFFFFFFFFFFFFFFFFFFFFFA8
:1088E000FFFFFFFFFFFFFFFFFFFFFFFFFFFFFFFF98
:1088F000FFFFFFFFFFFFFFFFFFFFFFFFFFFFFFFF88
:10890000FFFFFFFFFFFFFFFFFFFFFFFFFFFFFFFF77
:10891000FFFFFFFFFFFFFFFFFFFFFFFFFFFFFFFF67
:10892000FFFFFFFFFFFFFFFFFFFFFFFFFFFFFFFF57
:10893000FFFFFFFFFFFFFFFFFFFFFFFFFFFFFFFF47
:10894000FFFFFFFFFFFFFFFFFFFFFFFFFFFFFFFF37
:10895000FFFFFFFFFFFFFFFFFFFFFFFFFFFFFFFF27
:10896000FFFFFFFFFFFFFFFFFFFFFFFFFFFFFFFF17
:10897000FFFFFFFFFFFFFFFFFFFFFFFFFFFFFFFF07
:10898000FFFFFFFFFFFFFFFFFFFFFFFFFFFFFFFFF7
:10899000FFFFFFFFFFFFFFFFFFFFFFFFFFFFFFFFE7
:1089A000FFFFFFFFFFFFFFFFFFFFFFFFFFFFFFFFD7
:1089B000FFFFFFFFFFFFFFFFFFFFFFFFFFFFFFFFC7
:1089C000FFFFFFFFFFFFFFFFFFFFFFFFFFFFFFFFB7
:1089D000FFFFFFFFFFFFFFFFFFFFFFFFFFFFFFFFA7
:1089E000FFFFFFFFFFFFFFFFFFFFFFFFFFFFFFFF97
:1089F000FFFFFFFFFFFFFFFFFFFFFFFFFFFFFFFF87
:108A0000FFFFFFFFFFFFFFFFFFFFFFFFFFFFFFFF76
:108A1000FFFFFFFFFFFFFFFFFFFFFFFFFFFFFFFF66
:108A2000FFFFFFFFFFFFFFFFFFFFFFFFFFFFFFFF56
:108A3000FFFFFFFFFFFFFFFFFFFFFFFFFFFFFFFF46
:108A4000FFFFFFFFFFFFFFFFFFFFFFFFFFFFFFFF36
:108A5000FFFFFFFFFFFFFFFFFFFFFFFFFFFFFFFF26
:108A6000FFFFFFFFFFFFFFFFFFFFFFFFFFFFFFFF16
:108A7000FFFFFFFFFFFFFFFFFFFFFFFFFFFFFFFF06
:108A8000FFFFFFFFFFFFFFFFFFFFFFFFFFFFFFFFF6
:108A9000FFFFFFFFFFFFFFFFFFFFFFFFFFFFFFFFE6
:108AA000FFFFFFFFFFFFFFFFFFFFFFFFFFFFFFFFD6
:108AB000FFFFFFFFFFFFFFFFFFFFFFFFFFFFFFFFC6
:108AC000FFFFFFFFFFFFFFFFFFFFFFFFFFFFFFFFB6
:108AD000FFFFFFFFFFFFFFFFFFFFFFFFFFFFFFFFA6
:108AE000FFFFFFFFFFFFFFFFFFFFFFFFFFFFFFFF96
:108AF000FFFFFFFFFFFFFFFFFFFFFFFFFFFFFFFF86
:108B0000FFFFFFFFFFFFFFFFFFFFFFFFFFFFFFFF75
:108B1000FFFFFFFFFFFFFFFFFFFFFFFFFFFFFFFF65
:108B2000FFFFFFFFFFFFFFFFFFFFFFFFFFFFFFFF55
:108B3000FFFFFFFFFFFFFFFFFFFFFFFFFFFFFFFF45
:108B4000FFFFFFFFFFFFFFFFFFFFFFFFFFFFFFFF35
:108B5000FFFFFFFFFFFFFFFFFFFFFFFFFFFFFFFF25
:108B6000FFFFFFFFFFFFFFFFFFFFFFFFFFFFFFFF15
:108B7000FFFFFFFFFFFFFFFFFFFFFFFFFFFFFFFF05
:108B8000FFFFFFFFFFFFFFFFFFFFFFFFFFFFFFFFF5
:108B9000FFFFFFFFFFFFFFFFFFFFFFFFFFFFFFFFE5
:108BA000FFFFFFFFFFFFFFFFFFFFFFFFFFFFFFFFD5
:108BB000FFFFFFFFFFFFFFFFFFFFFFFFFFFFFFFFC5
:108BC000FFFFFFFFFFFFFFFFFFFFFFFFFFFFFFFFB5
:108BD000FFFFFFFFFFFFFFFFFFFFFFFFFFFFFFFFA5
:108BE000FFFFFFFFFFFFFFFFFFFFFFFFFFFFFFFF95
:108BF000FFFFFFFFFFFFFFFFFFFFFFFFFFFFFFFF85
:108C0000FFFFFFFFFFFFFFFFFFFFFFFFFFFFFFFF74
:108C1000FFFFFFFFFFFFFFFFFFFFFFFFFFFFFFFF64
:108C2000FFFFFFFFFFFFFFFFFFFFFFFFFFFFFFFF54
:108C3000FFFFFFFFFFFFFFFFFFFFFFFFFFFFFFFF44
:108C4000FFFFFFFFFFFFFFFFFFFFFFFFFFFFFFFF34
:108C5000FFFFFFFFFFFFFFFFFFFFFFFFFFFFFFFF24
:108C6000FFFFFFFFFFFFFFFFFFFFFFFFFFFFFFFF14
:108C7000FFFFFFFFFFFFFFFFFFFFFFFFFFFFFFFF04
:108C8000FFFFFFFFFFFFFFFFFFFFFFFFFFFFFFFFF4
:108C9000FFFFFFFFFFFFFFFFFFFFFFFFFFFFFFFFE4
:108CA000FFFFFFFFFFFFFFFFFFFFFFFFFFFFFFFFD4
:108CB000FFFFFFFFFFFFFFFFFFFFFFFFFFFFFFFFC4
:108CC000FFFFFFFFFFFFFFFFFFFFFFFFFFFFFFFFB4
:108CD000FFFFFFFFFFFFFFFFFFFFFFFFFFFFFFFFA4
:108CE000FFFFFFFFFFFFFFFFFFFFFFFFFFFFFFFF94
:108CF000FFFFFFFFFFFFFFFFFFFFFFFFFFFFFFFF84
:108D0000FFFFFFFFFFFFFFFFFFFFFFFFFFFFFFFF73
:108D1000FFFFFFFFFFFFFFFFFFFFFFFFFFFFFFFF63
:108D2000FFFFFFFFFFFFFFFFFFFFFFFFFFFFFFFF53
:108D3000FFFFFFFFFFFFFFFFFFFFFFFFFFFFFFFF43
:108D4000FFFFFFFFFFFFFFFFFFFFFFFFFFFFFFFF33
:108D5000FFFFFFFFFFFFFFFFFFFFFFFFFFFFFFFF23
:108D6000FFFFFFFFFFFFFFFFFFFFFFFFFFFFFFFF13
:108D7000FFFFFFFFFFFFFFFFFFFFFFFFFFFFFFFF03
:108D8000FFFFFFFFFFFFFFFFFFFFFFFFFFFFFFFFF3
:108D9000FFFFFFFFFFFFFFFFFFFFFFFFFFFFFFFFE3
:108DA000FFFFFFFFFFFFFFFFFFFFFFFFFFFFFFFFD3
:108DB000FFFFFFFFFFFFFFFFFFFFFFFFFFFFFFFFC3
:108DC000FFFFFFFFFFFFFFFFFFFFFFFFFFFFFFFFB3
:108DD000FFFFFFFFFFFFFFFFFFFFFFFFFFFFFFFFA3
:108DE000FFFFFFFFFFFFFFFFFFFFFFFFFFFFFFFF93
:108DF000FFFFFFFFFFFFFFFFFFFFFFFFFFFFFFFF83
:108E0000FFFFFFFFFFFFFFFFFFFFFFFFFFFFFFFF72
:108E1000FFFFFFFFFFFFFFFFFFFFFFFFFFFFFFFF62
:108E2000FFFFFFFFFFFFFFFFFFFFFFFFFFFFFFFF52
:108E3000FFFFFFFFFFFFFFFFFFFFFFFFFFFFFFFF42
:108E4000FFFFFFFFFFFFFFFFFFFFFFFFFFFFFFFF32
:108E5000FFFFFFFFFFFFFFFFFFFFFFFFFFFFFFFF22
:108E6000FFFFFFFFFFFFFFFFFFFFFFFFFFFFFFFF12
:108E7000FFFFFFFFFFFFFFFFFFFFFFFFFFFFFFFF02
:108E8000FFFFFFFFFFFFFFFFFFFFFFFFFFFFFFFFF2
:108E9000FFFFFFFFFFFFFFFFFFFFFFFFFFFFFFFFE2
:108EA000FFFFFFFFFFFFFFFFFFFFFFFFFFFFFFFFD2
:108EB000FFFFFFFFFFFFFFFFFFFFFFFFFFFFFFFFC2
:108EC000FFFFFFFFFFFFFFFFFFFFFFFFFFFFFFFFB2
:108ED000FFFFFFFFFFFFFFFFFFFFFFFFFFFFFFFFA2
:108EE000FFFFFFFFFFFFFFFFFFFFFFFFFFFFFFFF92
:108EF000FFFFFFFFFFFFFFFFFFFFFFFFFFFFFFFF82
:108F0000FFFFFFFFFFFFFFFFFFFFFFFFFFFFFFFF71
:108F1000FFFFFFFFFFFFFFFFFFFFFFFFFFFFFFFF61
:108F2000FFFFFFFFFFFFFFFFFFFFFFFFFFFFFFFF51
:108F3000FFFFFFFFFFFFFFFFFFFFFFFFFFFFFFFF41
:108F4000FFFFFFFFFFFFFFFFFFFFFFFFFFFFFFFF31
:108F5000FFFFFFFFFFFFFFFFFFFFFFFFFFFFFFFF21
:108F6000FFFFFFFFFFFFFFFFFFFFFFFFFFFFFFFF11
:108F7000FFFFFFFFFFFFFFFFFFFFFFFFFFFFFFFF01
:108F8000FFFFFFFFFFFFFFFFFFFFFFFFFFFFFFFFF1
:108F9000FFFFFFFFFFFFFFFFFFFFFFFFFFFFFFFFE1
:108FA000FFFFFFFFFFFFFFFFFFFFFFFFFFFFFFFFD1
:108FB000FFFFFFFFFFFFFFFFFFFFFFFFFFFFFFFFC1
:108FC000FFFFFFFFFFFFFFFFFFFFFFFFFFFFFFFFB1
:108FD000FFFFFFFFFFFFFFFFFFFFFFFFFFFFFFFFA1
:108FE000FFFFFFFFFFFFFFFFFFFFFFFFFFFFFFFF91
:108FF000FFFFFFFFFFFFFFFFFFFFFFFFFFFFFFFF81
:10900000FFFFFFFFFFFFFFFFFFFFFFFFFFFFFFFF70
:10901000FFFFFFFFFFFFFFFFFFFFFFFFFFFFFFFF60
:10902000FFFFFFFFFFFFFFFFFFFFFFFFFFFFFFFF50
:10903000FFFFFFFFFFFFFFFFFFFFFFFFFFFFFFFF40
:10904000FFFFFFFFFFFFFFFFFFFFFFFFFFFFFFFF30
:10905000FFFFFFFFFFFFFFFFFFFFFFFFFFFFFFFF20
:10906000FFFFFFFFFFFFFFFFFFFFFFFFFFFFFFFF10
:10907000FFFFFFFFFFFFFFFFFFFFFFFFFFFFFFFF00
:10908000FFFFFFFFFFFFFFFFFFFFFFFFFFFFFFFFF0
:10909000FFFFFFFFFFFFFFFFFFFFFFFFFFFFFFFFE0
:1090A000FFFFFFFFFFFFFFFFFFFFFFFFFFFFFFFFD0
:1090B000FFFFFFFFFFFFFFFFFFFFFFFFFFFFFFFFC0
:1090C000FFFFFFFFFFFFFFFFFFFFFFFFFFFFFFFFB0
:1090D000FFFFFFFFFFFFFFFFFFFFFFFFFFFFFFFFA0
:1090E000FFFFFFFFFFFFFFFFFFFFFFFFFFFFFFFF90
:1090F000FFFFFFFFFFFFFFFFFFFFFFFFFFFFFFFF80
:10910000FFFFFFFFFFFFFFFFFFFFFFFFFFFFFFFF6F
:10911000FFFFFFFFFFFFFFFFFFFFFFFFFFFFFFFF5F
:10912000FFFFFFFFFFFFFFFFFFFFFFFFFFFFFFFF4F
:10913000FFFFFFFFFFFFFFFFFFFFFFFFFFFFFFFF3F
:10914000FFFFFFFFFFFFFFFFFFFFFFFFFFFFFFFF2F
:10915000FFFFFFFFFFFFFFFFFFFFFFFFFFFFFFFF1F
:10916000FFFFFFFFFFFFFFFFFFFFFFFFFFFFFFFF0F
:10917000FFFFFFFFFFFFFFFFFFFFFFFFFFFFFFFFFF
:10918000FFFFFFFFFFFFFFFFFFFFFFFFFFFFFFFFEF
:10919000FFFFFFFFFFFFFFFFFFFFFFFFFFFFFFFFDF
:1091A000FFFFFFFFFFFFFFFFFFFFFFFFFFFFFFFFCF
:1091B000FFFFFFFFFFFFFFFFFFFFFFFFFFFFFFFFBF
:1091C000FFFFFFFFFFFFFFFFFFFFFFFFFFFFFFFFAF
:1091D000FFFFFFFFFFFFFFFFFFFFFFFFFFFFFFFF9F
:1091E000FFFFFFFFFFFFFFFFFFFFFFFFFFFFFFFF8F
:1091F000FFFFFFFFFFFFFFFFFFFFFFFFFFFFFFFF7F
:10920000FFFFFFFFFFFFFFFFFFFFFFFFFFFFFFFF6E
:10921000FFFFFFFFFFFFFFFFFFFFFFFFFFFFFFFF5E
:10922000FFFFFFFFFFFFFFFFFFFFFFFFFFFFFFFF4E
:10923000FFFFFFFFFFFFFFFFFFFFFFFFFFFFFFFF3E
:10924000FFFFFFFFFFFFFFFFFFFFFFFFFFFFFFFF2E
:10925000FFFFFFFFFFFFFFFFFFFFFFFFFFFFFFFF1E
:10926000FFFFFFFFFFFFFFFFFFFFFFFFFFFFFFFF0E
:10927000FFFFFFFFFFFFFFFFFFFFFFFFFFFFFFFFFE
:10928000FFFFFFFFFFFFFFFFFFFFFFFFFFFFFFFFEE
:10929000FFFFFFFFFFFFFFFFFFFFFFFFFFFFFFFFDE
:1092A000FFFFFFFFFFFFFFFFFFFFFFFFFFFFFFFFCE
:1092B000FFFFFFFFFFFFFFFFFFFFFFFFFFFFFFFFBE
:1092C000FFFFFFFFFFFFFFFFFFFFFFFFFFFFFFFFAE
:1092D000FFFFFFFFFFFFFFFFFFFFFFFFFFFFFFFF9E
:1092E000FFFFFFFFFFFFFFFFFFFFFFFFFFFFFFFF8E
:1092F000FFFFFFFFFFFFFFFFFFFFFFFFFFFFFFFF7E
:10930000FFFFFFFFFFFFFFFFFFFFFFFFFFFFFFFF6D
:10931000FFFFFFFFFFFFFFFFFFFFFFFFFFFFFFFF5D
:10932000FFFFFFFFFFFFFFFFFFFFFFFFFFFFFFFF4D
:10933000FFFFFFFFFFFFFFFFFFFFFFFFFFFFFFFF3D
:10934000FFFFFFFFFFFFFFFFFFFFFFFFFFFFFFFF2D
:10935000FFFFFFFFFFFFFFFFFFFFFFFFFFFFFFFF1D
:10936000FFFFFFFFFFFFFFFFFFFFFFFFFFFFFFFF0D
:10937000FFFFFFFFFFFFFFFFFFFFFFFFFFFFFFFFFD
:10938000FFFFFFFFFFFFFFFFFFFFFFFFFFFFFFFFED
:10939000FFFFFFFFFFFFFFFFFFFFFFFFFFFFFFFFDD
:1093A000FFFFFFFFFFFFFFFFFFFFFFFFFFFFFFFFCD
:1093B000FFFFFFFFFFFFFFFFFFFFFFFFFFFFFFFFBD
:1093C000FFFFFFFFFFFFFFFFFFFFFFFFFFFFFFFFAD
:1093D000FFFFFFFFFFFFFFFFFFFFFFFFFFFFFFFF9D
:1093E000FFFFFFFFFFFFFFFFFFFFFFFFFFFFFFFF8D
:1093F000FFFFFFFFFFFFFFFFFFFFFFFFFFFFFFFF7D
:10940000FFFFFFFFFFFFFFFFFFFFFFFFFFFFFFFF6C
:10941000FFFFFFFFFFFFFFFFFFFFFFFFFFFFFFFF5C
:10942000FFFFFFFFFFFFFFFFFFFFFFFFFFFFFFFF4C
:10943000FFFFFFFFFFFFFFFFFFFFFFFFFFFFFFFF3C
:10944000FFFFFFFFFFFFFFFFFFFFFFFFFFFFFFFF2C
:10945000FFFFFFFFFFFFFFFFFFFFFFFFFFFFFFFF1C
:10946000FFFFFFFFFFFFFFFFFFFFFFFFFFFFFFFF0C
:10947000FFFFFFFFFFFFFFFFFFFFFFFFFFFFFFFFFC
:10948000FFFFFFFFFFFFFFFFFFFFFFFFFFFFFFFFEC
:10949000FFFFFFFFFFFFFFFFFFFFFFFFFFFFFFFFDC
:1094A000FFFFFFFFFFFFFFFFFFFFFFFFFFFFFFFFCC
:1094B000FFFFFFFFFFFFFFFFFFFFFFFFFFFFFFFFBC
:1094C000FFFFFFFFFFFFFFFFFFFFFFFFFFFFFFFFAC
:1094D000FFFFFFFFFFFFFFFFFFFFFFFFFFFFFFFF9C
:1094E000FFFFFFFFFFFFFFFFFFFFFFFFFFFFFFFF8C
:1094F000FFFFFFFFFFFFFFFFFFFFFFFFFFFFFFFF7C
:10950000FFFFFFFFFFFFFFFFFFFFFFFFFFFFFFFF6B
:10951000FFFFFFFFFFFFFFFFFFFFFFFFFFFFFFFF5B
:10952000FFFFFFFFFFFFFFFFFFFFFFFFFFFFFFFF4B
:10953000FFFFFFFFFFFFFFFFFFFFFFFFFFFFFFFF3B
:10954000FFFFFFFFFFFFFFFFFFFFFFFFFFFFFFFF2B
:10955000FFFFFFFFFFFFFFFFFFFFFFFFFFFFFFFF1B
:10956000FFFFFFFFFFFFFFFFFFFFFFFFFFFFFFFF0B
:10957000FFFFFFFFFFFFFFFFFFFFFFFFFFFFFFFFFB
:10958000FFFFFFFFFFFFFFFFFFFFFFFFFFFFFFFFEB
:10959000FFFFFFFFFFFFFFFFFFFFFFFFFFFFFFFFDB
:1095A000FFFFFFFFFFFFFFFFFFFFFFFFFFFFFFFFCB
:1095B000FFFFFFFFFFFFFFFFFFFFFFFFFFFFFFFFBB
:1095C000FFFFFFFFFFFFFFFFFFFFFFFFFFFFFFFFAB
:1095D000FFFFFFFFFFFFFFFFFFFFFFFFFFFFFFFF9B
:1095E000FFFFFFFFFFFFFFFFFFFFFFFFFFFFFFFF8B
:1095F000FFFFFFFFFFFFFFFFFFFFFFFFFFFFFFFF7B
:10960000FFFFFFFFFFFFFFFFFFFFFFFFFFFFFFFF6A
:10961000FFFFFFFFFFFFFFFFFFFFFFFFFFFFFFFF5A
:10962000FFFFFFFFFFFFFFFFFFFFFFFFFFFFFFFF4A
:10963000FFFFFFFFFFFFFFFFFFFFFFFFFFFFFFFF3A
:10964000FFFFFFFFFFFFFFFFFFFFFFFFFFFFFFFF2A
:10965000FFFFFFFFFFFFFFFFFFFFFFFFFFFFFFFF1A
:10966000FFFFFFFFFFFFFFFFFFFFFFFFFFFFFFFF0A
:10967000FFFFFFFFFFFFFFFFFFFFFFFFFFFFFFFFFA
:10968000FFFFFFFFFFFFFFFFFFFFFFFFFFFFFFFFEA
:10969000FFFFFFFFFFFFFFFFFFFFFFFFFFFFFFFFDA
:1096A000FFFFFFFFFFFFFFFFFFFFFFFFFFFFFFFFCA
:1096B000FFFFFFFFFFFFFFFFFFFFFFFFFFFFFFFFBA
:1096C000FFFFFFFFFFFFFFFFFFFFFFFFFFFFFFFFAA
:1096D000FFFFFFFFFFFFFFFFFFFFFFFFFFFFFFFF9A
:1096E000FFFFFFFFFFFFFFFFFFFFFFFFFFFFFFFF8A
:1096F000FFFFFFFFFFFFFFFFFFFFFFFFFFFFFFFF7A
:10970000FFFFFFFFFFFFFFFFFFFFFFFFFFFFFFFF69
:10971000FFFFFFFFFFFFFFFFFFFFFFFFFFFFFFFF59
:10972000FFFFFFFFFFFFFFFFFFFFFFFFFFFFFFFF49
:10973000FFFFFFFFFFFFFFFFFFFFFFFFFFFFFFFF39
:10974000FFFFFFFFFFFFFFFFFFFFFFFFFFFFFFFF29
:10975000FFFFFFFFFFFFFFFFFFFFFFFFFFFFFFFF19
:10976000FFFFFFFFFFFFFFFFFFFFFFFFFFFFFFFF09
:10977000FFFFFFFFFFFFFFFFFFFFFFFFFFFFFFFFF9
:10978000FFFFFFFFFFFFFFFFFFFFFFFFFFFFFFFFE9
:10979000FFFFFFFFFFFFFFFFFFFFFFFFFFFFFFFFD9
:1097A000FFFFFFFFFFFFFFFFFFFFFFFFFFFFFFFFC9
:1097B000FFFFFFFFFFFFFFFFFFFFFFFFFFFFFFFFB9
:1097C000FFFFFFFFFFFFFFFFFFFFFFFFFFFFFFFFA9
:1097D000FFFFFFFFFFFFFFFFFFFFFFFFFFFFFFFF99
:1097E000FFFFFFFFFFFFFFFFFFFFFFFFFFFFFFFF89
:1097F000FFFFFFFFFFFFFFFFFFFFFFFFFFFFFFFF79
:10980000FFFFFFFFFFFFFFFFFFFFFFFFFFFFFFFF68
:10981000FFFFFFFFFFFFFFFFFFFFFFFFFFFFFFFF58
:10982000FFFFFFFFFFFFFFFFFFFFFFFFFFFFFFFF48
:10983000FFFFFFFFFFFFFFFFFFFFFFFFFFFFFFFF38
:10984000FFFFFFFFFFFFFFFFFFFFFFFFFFFFFFFF28
:10985000FFFFFFFFFFFFFFFFFFFFFFFFFFFFFFFF18
:10986000FFFFFFFFFFFFFFFFFFFFFFFFFFFFFFFF08
:10987000FFFFFFFFFFFFFFFFFFFFFFFFFFFFFFFFF8
:10988000FFFFFFFFFFFFFFFFFFFFFFFFFFFFFFFFE8
:10989000FFFFFFFFFFFFFFFFFFFFFFFFFFFFFFFFD8
:1098A000FFFFFFFFFFFFFFFFFFFFFFFFFFFFFFFFC8
:1098B000FFFFFFFFFFFFFFFFFFFFFFFFFFFFFFFFB8
:1098C000FFFFFFFFFFFFFFFFFFFFFFFFFFFFFFFFA8
:1098D000FFFFFFFFFFFFFFFFFFFFFFFFFFFFFFFF98
:1098E000FFFFFFFFFFFFFFFFFFFFFFFFFFFFFFFF88
:1098F000FFFFFFFFFFFFFFFFFFFFFFFFFFFFFFFF78
:10990000FFFFFFFFFFFFFFFFFFFFFFFFFFFFFFFF67
:10991000FFFFFFFFFFFFFFFFFFFFFFFFFFFFFFFF57
:10992000FFFFFFFFFFFFFFFFFFFFFFFFFFFFFFFF47
:10993000FFFFFFFFFFFFFFFFFFFFFFFFFFFFFFFF37
:10994000FFFFFFFFFFFFFFFFFFFFFFFFFFFFFFFF27
:10995000FFFFFFFFFFFFFFFFFFFFFFFFFFFFFFFF17
:10996000FFFFFFFFFFFFFFFFFFFFFFFFFFFFFFFF07
:10997000FFFFFFFFFFFFFFFFFFFFFFFFFFFFFFFFF7
:10998000FFFFFFFFFFFFFFFFFFFFFFFFFFFFFFFFE7
:10999000FFFFFFFFFFFFFFFFFFFFFFFFFFFFFFFFD7
:1099A000FFFFFFFFFFFFFFFFFFFFFFFFFFFFFFFFC7
:1099B000FFFFFFFFFFFFFFFFFFFFFFFFFFFFFFFFB7
:1099C000FFFFFFFFFFFFFFFFFFFFFFFFFFFFFFFFA7
:1099D000FFFFFFFFFFFFFFFFFFFFFFFFFFFFFFFF97
:1099E000FFFFFFFFFFFFFFFFFFFFFFFFFFFFFFFF87
:1099F000FFFFFFFFFFFFFFFFFFFFFFFFFFFFFFFF77
:109A0000FFFFFFFFFFFFFFFFFFFFFFFFFFFFFFFF66
:109A1000FFFFFFFFFFFFFFFFFFFFFFFFFFFFFFFF56
:109A2000FFFFFFFFFFFFFFFFFFFFFFFFFFFFFFFF46
:109A3000FFFFFFFFFFFFFFFFFFFFFFFFFFFFFFFF36
:109A4000FFFFFFFFFFFFFFFFFFFFFFFFFFFFFFFF26
:109A5000FFFFFFFFFFFFFFFFFFFFFFFFFFFFFFFF16
:109A6000FFFFFFFFFFFFFFFFFFFFFFFFFFFFFFFF06
:109A7000FFFFFFFFFFFFFFFFFFFFFFFFFFFFFFFFF6
:109A8000FFFFFFFFFFFFFFFFFFFFFFFFFFFFFFFFE6
:109A9000FFFFFFFFFFFFFFFFFFFFFFFFFFFFFFFFD6
:109AA000FFFFFFFFFFFFFFFFFFFFFFFFFFFFFFFFC6
:109AB000FFFFFFFFFFFFFFFFFFFFFFFFFFFFFFFFB6
:109AC000FFFFFFFFFFFFFFFFFFFFFFFFFFFFFFFFA6
:109AD000FFFFFFFFFFFFFFFFFFFFFFFFFFFFFFFF96
:109AE000FFFFFFFFFFFFFFFFFFFFFFFFFFFFFFFF86
:109AF000FFFFFFFFFFFFFFFFFFFFFFFFFFFFFFFF76
:109B0000FFFFFFFFFFFFFFFFFFFFFFFFFFFFFFFF65
:109B1000FFFFFFFFFFFFFFFFFFFFFFFFFFFFFFFF55
:109B2000FFFFFFFFFFFFFFFFFFFFFFFFFFFFFFFF45
:109B3000FFFFFFFFFFFFFFFFFFFFFFFFFFFFFFFF35
:109B4000FFFFFFFFFFFFFFFFFFFFFFFFFFFFFFFF25
:109B5000FFFFFFFFFFFFFFFFFFFFFFFFFFFFFFFF15
:109B6000FFFFFFFFFFFFFFFFFFFFFFFFFFFFFFFF05
:109B7000FFFFFFFFFFFFFFFFFFFFFFFFFFFFFFFFF5
:109B8000FFFFFFFFFFFFFFFFFFFFFFFFFFFFFFFFE5
:109B9000FFFFFFFFFFFFFFFFFFFFFFFFFFFFFFFFD5
:109BA000FFFFFFFFFFFFFFFFFFFFFFFFFFFFFFFFC5
:109BB000FFFFFFFFFFFFFFFFFFFFFFFFFFFFFFFFB5
:109BC000FFFFFFFFFFFFFFFFFFFFFFFFFFFFFFFFA5
:109BD000FFFFFFFFFFFFFFFFFFFFFFFFFFFFFFFF95
:109BE000FFFFFFFFFFFFFFFFFFFFFFFFFFFFFFFF85
:109BF000FFFFFFFFFFFFFFFFFFFFFFFFFFFFFFFF75
:109C0000FFFFFFFFFFFFFFFFFFFFFFFFFFFFFFFF64
:109C1000FFFFFFFFFFFFFFFFFFFFFFFFFFFFFFFF54
:109C2000FFFFFFFFFFFFFFFFFFFFFFFFFFFFFFFF44
:109C3000FFFFFFFFFFFFFFFFFFFFFFFFFFFFFFFF34
:109C4000FFFFFFFFFFFFFFFFFFFFFFFFFFFFFFFF24
:109C5000FFFFFFFFFFFFFFFFFFFFFFFFFFFFFFFF14
:109C6000FFFFFFFFFFFFFFFFFFFFFFFFFFFFFFFF04
:109C7000FFFFFFFFFFFFFFFFFFFFFFFFFFFFFFFFF4
:109C8000FFFFFFFFFFFFFFFFFFFFFFFFFFFFFFFFE4
:109C9000FFFFFFFFFFFFFFFFFFFFFFFFFFFFFFFFD4
:109CA000FFFFFFFFFFFFFFFFFFFFFFFFFFFFFFFFC4
:109CB000FFFFFFFFFFFFFFFFFFFFFFFFFFFFFFFFB4
:109CC000FFFFFFFFFFFFFFFFFFFFFFFFFFFFFFFFA4
:109CD000FFFFFFFFFFFFFFFFFFFFFFFFFFFFFFFF94
:109CE000FFFFFFFFFFFFFFFFFFFFFFFFFFFFFFFF84
:109CF000FFFFFFFFFFFFFFFFFFFFFFFFFFFFFFFF74
:109D0000FFFFFFFFFFFFFFFFFFFFFFFFFFFFFFFF63
:109D1000FFFFFFFFFFFFFFFFFFFFFFFFFFFFFFFF53
:109D2000FFFFFFFFFFFFFFFFFFFFFFFFFFFFFFFF43
:109D3000FFFFFFFFFFFFFFFFFFFFFFFFFFFFFFFF33
:109D4000FFFFFFFFFFFFFFFFFFFFFFFFFFFFFFFF23
:109D5000FFFFFFFFFFFFFFFFFFFFFFFFFFFFFFFF13
:109D6000FFFFFFFFFFFFFFFFFFFFFFFFFFFFFFFF03
:109D7000FFFFFFFFFFFFFFFFFFFFFFFFFFFFFFFFF3
:109D8000FFFFFFFFFFFFFFFFFFFFFFFFFFFFFFFFE3
:109D9000FFFFFFFFFFFFFFFFFFFFFFFFFFFFFFFFD3
:109DA000FFFFFFFFFFFFFFFFFFFFFFFFFFFFFFFFC3
:109DB000FFFFFFFFFFFFFFFFFFFFFFFFFFFFFFFFB3
:109DC000FFFFFFFFFFFFFFFFFFFFFFFFFFFFFFFFA3
:109DD000FFFFFFFFFFFFFFFFFFFFFFFFFFFFFFFF93
:109DE000FFFFFFFFFFFFFFFFFFFFFFFFFFFFFFFF83
:109DF000FFFFFFFFFFFFFFFFFFFFFFFFFFFFFFFF73
:109E0000FFFFFFFFFFFFFFFFFFFFFFFFFFFFFFFF62
:109E1000FFFFFFFFFFFFFFFFFFFFFFFFFFFFFFFF52
:109E2000FFFFFFFFFFFFFFFFFFFFFFFFFFFFFFFF42
:109E3000FFFFFFFFFFFFFFFFFFFFFFFFFFFFFFFF32
:109E4000FFFFFFFFFFFFFFFFFFFFFFFFFFFFFFFF22
:109E5000FFFFFFFFFFFFFFFFFFFFFFFFFFFFFFFF12
:109E6000FFFFFFFFFFFFFFFFFFFFFFFFFFFFFFFF02
:109E7000FFFFFFFFFFFFFFFFFFFFFFFFFFFFFFFFF2
:109E8000FFFFFFFFFFFFFFFFFFFFFFFFFFFFFFFFE2
:109E9000FFFFFFFFFFFFFFFFFFFFFFFFFFFFFFFFD2
:109EA000FFFFFFFFFFFFFFFFFFFFFFFFFFFFFFFFC2
:109EB000FFFFFFFFFFFFFFFFFFFFFFFFFFFFFFFFB2
:109EC000FFFFFFFFFFFFFFFFFFFFFFFFFFFFFFFFA2
:109ED000FFFFFFFFFFFFFFFFFFFFFFFFFFFFFFFF92
:109EE000FFFFFFFFFFFFFFFFFFFFFFFFFFFFFFFF82
:109EF000FFFFFFFFFFFFFFFFFFFFFFFFFFFFFFFF72
:109F0000FFFFFFFFFFFFFFFFFFFFFFFFFFFFFFFF61
:109F1000FFFFFFFFFFFFFFFFFFFFFFFFFFFFFFFF51
:109F2000FFFFFFFFFFFFFFFFFFFFFFFFFFFFFFFF41
:109F3000FFFFFFFFFFFFFFFFFFFFFFFFFFFFFFFF31
:109F4000FFFFFFFFFFFFFFFFFFFFFFFFFFFFFFFF21
:109F5000FFFFFFFFFFFFFFFFFFFFFFFFFFFFFFFF11
:109F6000FFFFFFFFFFFFFFFFFFFFFFFFFFFFFFFF01
:109F7000FFFFFFFFFFFFFFFFFFFFFFFFFFFFFFFFF1
:109F8000FFFFFFFFFFFFFFFFFFFFFFFFFFFFFFFFE1
:109F9000FFFFFFFFFFFFFFFFFFFFFFFFFFFFFFFFD1
:109FA000FFFFFFFFFFFFFFFFFFFFFFFFFFFFFFFFC1
:109FB000FFFFFFFFFFFFFFFFFFFFFFFFFFFFFFFFB1
:109FC000FFFFFFFFFFFFFFFFFFFFFFFFFFFFFFFFA1
:109FD000FFFFFFFFFFFFFFFFFFFFFFFFFFFFFFFF91
:109FE000FFFFFFFFFFFFFFFFFFFFFFFFFFFFFFFF81
:109FF000FFFFFFFFFFFFFFFFFFFFFFFFFFFFFFFF71
:10A00000FFFFFFFFFFFFFFFFFFFFFFFFFFFFFFFF60
:10A01000FFFFFFFFFFFFFFFFFFFFFFFFFFFFFFFF50
:10A02000FFFFFFFFFFFFFFFFFFFFFFFFFFFFFFFF40
:10A03000FFFFFFFFFFFFFFFFFFFFFFFFFFFFFFFF30
:10A04000FFFFFFFFFFFFFFFFFFFFFFFFFFFFFFFF20
:10A05000FFFFFFFFFFFFFFFFFFFFFFFFFFFFFFFF10
:10A06000FFFFFFFFFFFFFFFFFFFFFFFFFFFFFFFF00
:10A07000FFFFFFFFFFFFFFFFFFFFFFFFFFFFFFFFF0
:10A08000FFFFFFFFFFFFFFFFFFFFFFFFFFFFFFFFE0
:10A09000FFFFFFFFFFFFFFFFFFFFFFFFFFFFFFFFD0
:10A0A000FFFFFFFFFFFFFFFFFFFFFFFFFFFFFFFFC0
:10A0B000FFFFFFFFFFFFFFFFFFFFFFFFFFFFFFFFB0
:10A0C000FFFFFFFFFFFFFFFFFFFFFFFFFFFFFFFFA0
:10A0D000FFFFFFFFFFFFFFFFFFFFFFFFFFFFFFFF90
:10A0E000FFFFFFFFFFFFFFFFFFFFFFFFFFFFFFFF80
:10A0F000FFFFFFFFFFFFFFFFFFFFFFFFFFFFFFFF70
:10A10000FFFFFFFFFFFFFFFFFFFFFFFFFFFFFFFF5F
:10A11000FFFFFFFFFFFFFFFFFFFFFFFFFFFFFFFF4F
:10A12000FFFFFFFFFFFFFFFFFFFFFFFFFFFFFFFF3F
:10A13000FFFFFFFFFFFFFFFFFFFFFFFFFFFFFFFF2F
:10A14000FFFFFFFFFFFFFFFFFFFFFFFFFFFFFFFF1F
:10A15000FFFFFFFFFFFFFFFFFFFFFFFFFFFFFFFF0F
:10A16000FFFFFFFFFFFFFFFFFFFFFFFFFFFFFFFFFF
:10A17000FFFFFFFFFFFFFFFFFFFFFFFFFFFFFFFFEF
:10A18000FFFFFFFFFFFFFFFFFFFFFFFFFFFFFFFFDF
:10A19000FFFFFFFFFFFFFFFFFFFFFFFFFFFFFFFFCF
:10A1A000FFFFFFFFFFFFFFFFFFFFFFFFFFFFFFFFBF
:10A1B000FFFFFFFFFFFFFFFFFFFFFFFFFFFFFFFFAF
:10A1C000FFFFFFFFFFFFFFFFFFFFFFFFFFFFFFFF9F
:10A1D000FFFFFFFFFFFFFFFFFFFFFFFFFFFFFFFF8F
:10A1E000FFFFFFFFFFFFFFFFFFFFFFFFFFFFFFFF7F
:10A1F000FFFFFFFFFFFFFFFFFFFFFFFFFFFFFFFF6F
:10A20000FFFFFFFFFFFFFFFFFFFFFFFFFFFFFFFF5E
:10A21000FFFFFFFFFFFFFFFFFFFFFFFFFFFFFFFF4E
:10A22000FFFFFFFFFFFFFFFFFFFFFFFFFFFFFFFF3E
:10A23000FFFFFFFFFFFFFFFFFFFFFFFFFFFFFFFF2E
:10A24000FFFFFFFFFFFFFFFFFFFFFFFFFFFFFFFF1E
:10A25000FFFFFFFFFFFFFFFFFFFFFFFFFFFFFFFF0E
:10A26000FFFFFFFFFFFFFFFFFFFFFFFFFFFFFFFFFE
:10A27000FFFFFFFFFFFFFFFFFFFFFFFFFFFFFFFFEE
:10A28000FFFFFFFFFFFFFFFFFFFFFFFFFFFFFFFFDE
:10A29000FFFFFFFFFFFFFFFFFFFFFFFFFFFFFFFFCE
:10A2A000FFFFFFFFFFFFFFFFFFFFFFFFFFFFFFFFBE
:10A2B000FFFFFFFFFFFFFFFFFFFFFFFFFFFFFFFFAE
:10A2C000FFFFFFFFFFFFFFFFFFFFFFFFFFFFFFFF9E
:10A2D000FFFFFFFFFFFFFFFFFFFFFFFFFFFFFFFF8E
:10A2E000FFFFFFFFFFFFFFFFFFFFFFFFFFFFFFFF7E
:10A2F000FFFFFFFFFFFFFFFFFFFFFFFFFFFFFFFF6E
:10A30000FFFFFFFFFFFFFFFFFFFFFFFFFFFFFFFF5D
:10A31000FFFFFFFFFFFFFFFFFFFFFFFFFFFFFFFF4D
:10A32000FFFFFFFFFFFFFFFFFFFFFFFFFFFFFFFF3D
:10A33000FFFFFFFFFFFFFFFFFFFFFFFFFFFFFFFF2D
:10A34000FFFFFFFFFFFFFFFFFFFFFFFFFFFFFFFF1D
:10A35000FFFFFFFFFFFFFFFFFFFFFFFFFFFFFFFF0D
:10A36000FFFFFFFFFFFFFFFFFFFFFFFFFFFFFFFFFD
:10A37000FFFFFFFFFFFFFFFFFFFFFFFFFFFFFFFFED
:10A38000FFFFFFFFFFFFFFFFFFFFFFFFFFFFFFFFDD
:10A39000FFFFFFFFFFFFFFFFFFFFFFFFFFFFFFFFCD
:10A3A000FFFFFFFFFFFFFFFFFFFFFFFFFFFFFFFFBD
:10A3B000FFFFFFFFFFFFFFFFFFFFFFFFFFFFFFFFAD
:10A3C000FFFFFFFFFFFFFFFFFFFFFFFFFFFFFFFF9D
:10A3D000FFFFFFFFFFFFFFFFFFFFFFFFFFFFFFFF8D
:10A3E000FFFFFFFFFFFFFFFFFFFFFFFFFFFFFFFF7D
:10A3F000FFFFFFFFFFFFFFFFFFFFFFFFFFFFFFFF6D
:10A40000FFFFFFFFFFFFFFFFFFFFFFFFFFFFFFFF5C
:10A41000FFFFFFFFFFFFFFFFFFFFFFFFFFFFFFFF4C
:10A42000FFFFFFFFFFFFFFFFFFFFFFFFFFFFFFFF3C
:10A43000FFFFFFFFFFFFFFFFFFFFFFFFFFFFFFFF2C
:10A44000FFFFFFFFFFFFFFFFFFFFFFFFFFFFFFFF1C
:10A45000FFFFFFFFFFFFFFFFFFFFFFFFFFFFFFFF0C
:10A46000FFFFFFFFFFFFFFFFFFFFFFFFFFFFFFFFFC
:10A47000FFFFFFFFFFFFFFFFFFFFFFFFFFFFFFFFEC
:10A48000FFFFFFFFFFFFFFFFFFFFFFFFFFFFFFFFDC
:10A49000FFFFFFFFFFFFFFFFFFFFFFFFFFFFFFFFCC
:10A4A000FFFFFFFFFFFFFFFFFFFFFFFFFFFFFFFFBC
:10A4B000FFFFFFFFFFFFFFFFFFFFFFFFFFFFFFFFAC
:10A4C000FFFFFFFFFFFFFFFFFFFFFFFFFFFFFFFF9C
:10A4D000FFFFFFFFFFFFFFFFFFFFFFFFFFFFFFFF8C
:10A4E000FFFFFFFFFFFFFFFFFFFFFFFFFFFFFFFF7C
:10A4F000FFFFFFFFFFFFFFFFFFFFFFFFFFFFFFFF6C
:10A50000FFFFFFFFFFFFFFFFFFFFFFFFFFFFFFFF5B
:10A51000FFFFFFFFFFFFFFFFFFFFFFFFFFFFFFFF4B
:10A52000FFFFFFFFFFFFFFFFFFFFFFFFFFFFFFFF3B
:10A53000FFFFFFFFFFFFFFFFFFFFFFFFFFFFFFFF2B
:10A54000FFFFFFFFFFFFFFFFFFFFFFFFFFFFFFFF1B
:10A55000FFFFFFFFFFFFFFFFFFFFFFFFFFFFFFFF0B
:10A56000FFFFFFFFFFFFFFFFFFFFFFFFFFFFFFFFFB
:10A57000FFFFFFFFFFFFFFFFFFFFFFFFFFFFFFFFEB
:10A58000FFFFFFFFFFFFFFFFFFFFFFFFFFFFFFFFDB
:10A59000FFFFFFFFFFFFFFFFFFFFFFFFFFFFFFFFCB
:10A5A000FFFFFFFFFFFFFFFFFFFFFFFFFFFFFFFFBB
:10A5B000FFFFFFFFFFFFFFFFFFFFFFFFFFFFFFFFAB
:10A5C000FFFFFFFFFFFFFFFFFFFFFFFFFFFFFFFF9B
:10A5D000FFFFFFFFFFFFFFFFFFFFFFFFFFFFFFFF8B
:10A5E000FFFFFFFFFFFFFFFFFFFFFFFFFFFFFFFF7B
:10A5F000FFFFFFFFFFFFFFFFFFFFFFFFFFFFFFFF6B
:10A60000FFFFFFFFFFFFFFFFFFFFFFFFFFFFFFFF5A
:10A61000FFFFFFFFFFFFFFFFFFFFFFFFFFFFFFFF4A
:10A62000FFFFFFFFFFFFFFFFFFFFFFFFFFFFFFFF3A
:10A63000FFFFFFFFFFFFFFFFFFFFFFFFFFFFFFFF2A
:10A64000FFFFFFFFFFFFFFFFFFFFFFFFFFFFFFFF1A
:10A65000FFFFFFFFFFFFFFFFFFFFFFFFFFFFFFFF0A
:10A66000FFFFFFFFFFFFFFFFFFFFFFFFFFFFFFFFFA
:10A67000FFFFFFFFFFFFFFFFFFFFFFFFFFFFFFFFEA
:10A68000FFFFFFFFFFFFFFFFFFFFFFFFFFFFFFFFDA
:10A69000FFFFFFFFFFFFFFFFFFFFFFFFFFFFFFFFCA
:10A6A000FFFFFFFFFFFFFFFFFFFFFFFFFFFFFFFFBA
:10A6B000FFFFFFFFFFFFFFFFFFFFFFFFFFFFFFFFAA
:10A6C000FFFFFFFFFFFFFFFFFFFFFFFFFFFFFFFF9A
:10A6D000FFFFFFFFFFFFFFFFFFFFFFFFFFFFFFFF8A
:10A6E000FFFFFFFFFFFFFFFFFFFFFFFFFFFFFFFF7A
:10A6F000FFFFFFFFFFFFFFFFFFFFFFFFFFFFFFFF6A
:10A70000FFFFFFFFFFFFFFFFFFFFFFFFFFFFFFFF59
:10A71000FFFFFFFFFFFFFFFFFFFFFFFFFFFFFFFF49
:10A72000FFFFFFFFFFFFFFFFFFFFFFFFFFFFFFFF39
:10A73000FFFFFFFFFFFFFFFFFFFFFFFFFFFFFFFF29
:10A74000FFFFFFFFFFFFFFFFFFFFFFFFFFFFFFFF19
:10A75000FFFFFFFFFFFFFFFFFFFFFFFFFFFFFFFF09
:10A76000FFFFFFFFFFFFFFFFFFFFFFFFFFFFFFFFF9
:10A77000FFFFFFFFFFFFFFFFFFFFFFFFFFFFFFFFE9
:10A78000FFFFFFFFFFFFFFFFFFFFFFFFFFFFFFFFD9
:10A79000FFFFFFFFFFFFFFFFFFFFFFFFFFFFFFFFC9
:10A7A000FFFFFFFFFFFFFFFFFFFFFFFFFFFFFFFFB9
:10A7B000FFFFFFFFFFFFFFFFFFFFFFFFFFFFFFFFA9
:10A7C000FFFFFFFFFFFFFFFFFFFFFFFFFFFFFFFF99
:10A7D000FFFFFFFFFFFFFFFFFFFFFFFFFFFFFFFF89
:10A7E000FFFFFFFFFFFFFFFFFFFFFFFFFFFFFFFF79
:10A7F000FFFFFFFFFFFFFFFFFFFFFFFFFFFFFFFF69
:10A80000FFFFFFFFFFFFFFFFFFFFFFFFFFFFFFFF58
:10A81000FFFFFFFFFFFFFFFFFFFFFFFFFFFFFFFF48
:10A82000FFFFFFFFFFFFFFFFFFFFFFFFFFFFFFFF38
:10A83000FFFFFFFFFFFFFFFFFFFFFFFFFFFFFFFF28
:10A84000FFFFFFFFFFFFFFFFFFFFFFFFFFFFFFFF18
:10A85000FFFFFFFFFFFFFFFFFFFFFFFFFFFFFFFF08
:10A86000FFFFFFFFFFFFFFFFFFFFFFFFFFFFFFFFF8
:10A87000FFFFFFFFFFFFFFFFFFFFFFFFFFFFFFFFE8
:10A88000FFFFFFFFFFFFFFFFFFFFFFFFFFFFFFFFD8
:10A89000FFFFFFFFFFFFFFFFFFFFFFFFFFFFFFFFC8
:10A8A000FFFFFFFFFFFFFFFFFFFFFFFFFFFFFFFFB8
:10A8B000FFFFFFFFFFFFFFFFFFFFFFFFFFFFFFFFA8
:10A8C000FFFFFFFFFFFFFFFFFFFFFFFFFFFFFFFF98
:10A8D000FFFFFFFFFFFFFFFFFFFFFFFFFFFFFFFF88
:10A8E000FFFFFFFFFFFFFFFFFFFFFFFFFFFFFFFF78
:10A8F000FFFFFFFFFFFFFFFFFFFFFFFFFFFFFFFF68
:10A90000FFFFFFFFFFFFFFFFFFFFFFFFFFFFFFFF57
:10A91000FFFFFFFFFFFFFFFFFFFFFFFFFFFFFFFF47
:10A92000FFFFFFFFFFFFFFFFFFFFFFFFFFFFFFFF37
:10A93000FFFFFFFFFFFFFFFFFFFFFFFFFFFFFFFF27
:10A94000FFFFFFFFFFFFFFFFFFFFFFFFFFFFFFFF17
:10A95000FFFFFFFFFFFFFFFFFFFFFFFFFFFFFFFF07
:10A96000FFFFFFFFFFFFFFFFFFFFFFFFFFFFFFFFF7
:10A97000FFFFFFFFFFFFFFFFFFFFFFFFFFFFFFFFE7
:10A98000FFFFFFFFFFFFFFFFFFFFFFFFFFFFFFFFD7
:10A99000FFFFFFFFFFFFFFFFFFFFFFFFFFFFFFFFC7
:10A9A000FFFFFFFFFFFFFFFFFFFFFFFFFFFFFFFFB7
:10A9B000FFFFFFFFFFFFFFFFFFFFFFFFFFFFFFFFA7
:10A9C000FFFFFFFFFFFFFFFFFFFFFFFFFFFFFFFF97
:10A9D000FFFFFFFFFFFFFFFFFFFFFFFFFFFFFFFF87
:10A9E000FFFFFFFFFFFFFFFFFFFFFFFFFFFFFFFF77
:10A9F000FFFFFFFFFFFFFFFFFFFFFFFFFFFFFFFF67
:10AA0000FFFFFFFFFFFFFFFFFFFFFFFFFFFFFFFF56
:10AA1000FFFFFFFFFFFFFFFFFFFFFFFFFFFFFFFF46
:10AA2000FFFFFFFFFFFFFFFFFFFFFFFFFFFFFFFF36
:10AA3000FFFFFFFFFFFFFFFFFFFFFFFFFFFFFFFF26
:10AA4000FFFFFFFFFFFFFFFFFFFFFFFFFFFFFFFF16
:10AA5000FFFFFFFFFFFFFFFFFFFFFFFFFFFFFFFF06
:10AA6000FFFFFFFFFFFFFFFFFFFFFFFFFFFFFFFFF6
:10AA7000FFFFFFFFFFFFFFFFFFFFFFFFFFFFFFFFE6
:10AA8000FFFFFFFFFFFFFFFFFFFFFFFFFFFFFFFFD6
:10AA9000FFFFFFFFFFFFFFFFFFFFFFFFFFFFFFFFC6
:10AAA000FFFFFFFFFFFFFFFFFFFFFFFFFFFFFFFFB6
:10AAB000FFFFFFFFFFFFFFFFFFFFFFFFFFFFFFFFA6
:10AAC000FFFFFFFFFFFFFFFFFFFFFFFFFFFFFFFF96
:10AAD000FFFFFFFFFFFFFFFFFFFFFFFFFFFFFFFF86
:10AAE000FFFFFFFFFFFFFFFFFFFFFFFFFFFFFFFF76
:10AAF000FFFFFFFFFFFFFFFFFFFFFFFFFFFFFFFF66
:10AB0000FFFFFFFFFFFFFFFFFFFFFFFFFFFFFFFF55
:10AB1000FFFFFFFFFFFFFFFFFFFFFFFFFFFFFFFF45
:10AB2000FFFFFFFFFFFFFFFFFFFFFFFFFFFFFFFF35
:10AB3000FFFFFFFFFFFFFFFFFFFFFFFFFFFFFFFF25
:10AB4000FFFFFFFFFFFFFFFFFFFFFFFFFFFFFFFF15
:10AB5000FFFFFFFFFFFFFFFFFFFFFFFFFFFFFFFF05
:10AB6000FFFFFFFFFFFFFFFFFFFFFFFFFFFFFFFFF5
:10AB7000FFFFFFFFFFFFFFFFFFFFFFFFFFFFFFFFE5
:10AB8000FFFFFFFFFFFFFFFFFFFFFFFFFFFFFFFFD5
:10AB9000FFFFFFFFFFFFFFFFFFFFFFFFFFFFFFFFC5
:10ABA000FFFFFFFFFFFFFFFFFFFFFFFFFFFFFFFFB5
:10ABB000FFFFFFFFFFFFFFFFFFFFFFFFFFFFFFFFA5
:10ABC000FFFFFFFFFFFFFFFFFFFFFFFFFFFFFFFF95
:10ABD000FFFFFFFFFFFFFFFFFFFFFFFFFFFFFFFF85
:10ABE000FFFFFFFFFFFFFFFFFFFFFFFFFFFFFFFF75
:10ABF000FFFFFFFFFFFFFFFFFFFFFFFFFFFFFFFF65
:10AC0000FFFFFFFFFFFFFFFFFFFFFFFFFFFFFFFF54
:10AC1000FFFFFFFFFFFFFFFFFFFFFFFFFFFFFFFF44
:10AC2000FFFFFFFFFFFFFFFFFFFFFFFFFFFFFFFF34
:10AC3000FFFFFFFFFFFFFFFFFFFFFFFFFFFFFFFF24
:10AC4000FFFFFFFFFFFFFFFFFFFFFFFFFFFFFFFF14
:10AC5000FFFFFFFFFFFFFFFFFFFFFFFFFFFFFFFF04
:10AC6000FFFFFFFFFFFFFFFFFFFFFFFFFFFFFFFFF4
:10AC7000FFFFFFFFFFFFFFFFFFFFFFFFFFFFFFFFE4
:10AC8000FFFFFFFFFFFFFFFFFFFFFFFFFFFFFFFFD4
:10AC9000FFFFFFFFFFFFFFFFFFFFFFFFFFFFFFFFC4
:10ACA000FFFFFFFFFFFFFFFFFFFFFFFFFFFFFFFFB4
:10ACB000FFFFFFFFFFFFFFFFFFFFFFFFFFFFFFFFA4
:10ACC000FFFFFFFFFFFFFFFFFFFFFFFFFFFFFFFF94
:10ACD000FFFFFFFFFFFFFFFFFFFFFFFFFFFFFFFF84
:10ACE000FFFFFFFFFFFFFFFFFFFFFFFFFFFFFFFF74
:10ACF000FFFFFFFFFFFFFFFFFFFFFFFFFFFFFFFF64
:10AD0000FFFFFFFFFFFFFFFFFFFFFFFFFFFFFFFF53
:10AD1000FFFFFFFFFFFFFFFFFFFFFFFFFFFFFFFF43
:10AD2000FFFFFFFFFFFFFFFFFFFFFFFFFFFFFFFF33
:10AD3000FFFFFFFFFFFFFFFFFFFFFFFFFFFFFFFF23
:10AD4000FFFFFFFFFFFFFFFFFFFFFFFFFFFFFFFF13
:10AD5000FFFFFFFFFFFFFFFFFFFFFFFFFFFFFFFF03
:10AD6000FFFFFFFFFFFFFFFFFFFFFFFFFFFFFFFFF3
:10AD7000FFFFFFFFFFFFFFFFFFFFFFFFFFFFFFFFE3
:10AD8000FFFFFFFFFFFFFFFFFFFFFFFFFFFFFFFFD3
:10AD9000FFFFFFFFFFFFFFFFFFFFFFFFFFFFFFFFC3
:10ADA000FFFFFFFFFFFFFFFFFFFFFFFFFFFFFFFFB3
:10ADB000FFFFFFFFFFFFFFFFFFFFFFFFFFFFFFFFA3
:10ADC000FFFFFFFFFFFFFFFFFFFFFFFFFFFFFFFF93
:10ADD000FFFFFFFFFFFFFFFFFFFFFFFFFFFFFFFF83
:10ADE000FFFFFFFFFFFFFFFFFFFFFFFFFFFFFFFF73
:10ADF000FFFFFFFFFFFFFFFFFFFFFFFFFFFFFFFF63
:10AE0000FFFFFFFFFFFFFFFFFFFFFFFFFFFFFFFF52
:10AE1000FFFFFFFFFFFFFFFFFFFFFFFFFFFFFFFF42
:10AE2000FFFFFFFFFFFFFFFFFFFFFFFFFFFFFFFF32
:10AE3000FFFFFFFFFFFFFFFFFFFFFFFFFFFFFFFF22
:10AE4000FFFFFFFFFFFFFFFFFFFFFFFFFFFFFFFF12
:10AE5000FFFFFFFFFFFFFFFFFFFFFFFFFFFFFFFF02
:10AE6000FFFFFFFFFFFFFFFFFFFFFFFFFFFFFFFFF2
:10AE7000FFFFFFFFFFFFFFFFFFFFFFFFFFFFFFFFE2
:10AE8000FFFFFFFFFFFFFFFFFFFFFFFFFFFFFFFFD2
:10AE9000FFFFFFFFFFFFFFFFFFFFFFFFFFFFFFFFC2
:10AEA000FFFFFFFFFFFFFFFFFFFFFFFFFFFFFFFFB2
:10AEB000FFFFFFFFFFFFFFFFFFFFFFFFFFFFFFFFA2
:10AEC000FFFFFFFFFFFFFFFFFFFFFFFFFFFFFFFF92
:10AED000FFFFFFFFFFFFFFFFFFFFFFFFFFFFFFFF82
:10AEE000FFFFFFFFFFFFFFFFFFFFFFFFFFFFFFFF72
:10AEF000FFFFFFFFFFFFFFFFFFFFFFFFFFFFFFFF62
:10AF0000FFFFFFFFFFFFFFFFFFFFFFFFFFFFFFFF51
:10AF1000FFFFFFFFFFFFFFFFFFFFFFFFFFFFFFFF41
:10AF2000FFFFFFFFFFFFFFFFFFFFFFFFFFFFFFFF31
:10AF3000FFFFFFFFFFFFFFFFFFFFFFFFFFFFFFFF21
:10AF4000FFFFFFFFFFFFFFFFFFFFFFFFFFFFFFFF11
:10AF5000FFFFFFFFFFFFFFFFFFFFFFFFFFFFFFFF01
:10AF6000FFFFFFFFFFFFFFFFFFFFFFFFFFFFFFFFF1
:10AF7000FFFFFFFFFFFFFFFFFFFFFFFFFFFFFFFFE1
:10AF8000FFFFFFFFFFFFFFFFFFFFFFFFFFFFFFFFD1
:10AF9000FFFFFFFFFFFFFFFFFFFFFFFFFFFFFFFFC1
:10AFA000FFFFFFFFFFFFFFFFFFFFFFFFFFFFFFFFB1
:10AFB000FFFFFFFFFFFFFFFFFFFFFFFFFFFFFFFFA1
:10AFC000FFFFFFFFFFFFFFFFFFFFFFFFFFFFFFFF91
:10AFD000FFFFFFFFFFFFFFFFFFFFFFFFFFFFFFFF81
:10AFE000FFFFFFFFFFFFFFFFFFFFFFFFFFFFFFFF71
:10AFF000FFFFFFFFFFFFFFFFFFFFFFFFFFFFFFFF61
:10B00000FFFFFFFFFFFFFFFFFFFFFFFFFFFFFFFF50
:10B01000FFFFFFFFFFFFFFFFFFFFFFFFFFFFFFFF40
:10B02000FFFFFFFFFFFFFFFFFFFFFFFFFFFFFFFF30
:10B03000FFFFFFFFFFFFFFFFFFFFFFFFFFFFFFFF20
:10B04000FFFFFFFFFFFFFFFFFFFFFFFFFFFFFFFF10
:10B05000FFFFFFFFFFFFFFFFFFFFFFFFFFFFFFFF00
:10B06000FFFFFFFFFFFFFFFFFFFFFFFFFFFFFFFFF0
:10B07000FFFFFFFFFFFFFFFFFFFFFFFFFFFFFFFFE0
:10B08000FFFFFFFFFFFFFFFFFFFFFFFFFFFFFFFFD0
:10B09000FFFFFFFFFFFFFFFFFFFFFFFFFFFFFFFFC0
:10B0A000FFFFFFFFFFFFFFFFFFFFFFFFFFFFFFFFB0
:10B0B000FFFFFFFFFFFFFFFFFFFFFFFFFFFFFFFFA0
:10B0C000FFFFFFFFFFFFFFFFFFFFFFFFFFFFFFFF90
:10B0D000FFFFFFFFFFFFFFFFFFFFFFFFFFFFFFFF80
:10B0E000FFFFFFFFFFFFFFFFFFFFFFFFFFFFFFFF70
:10B0F000FFFFFFFFFFFFFFFFFFFFFFFFFFFFFFFF60
:10B10000FFFFFFFFFFFFFFFFFFFFFFFFFFFFFFFF4F
:10B11000FFFFFFFFFFFFFFFFFFFFFFFFFFFFFFFF3F
:10B12000FFFFFFFFFFFFFFFFFFFFFFFFFFFFFFFF2F
:10B13000FFFFFFFFFFFFFFFFFFFFFFFFFFFFFFFF1F
:10B14000FFFFFFFFFFFFFFFFFFFFFFFFFFFFFFFF0F
:10B15000FFFFFFFFFFFFFFFFFFFFFFFFFFFFFFFFFF
:10B16000FFFFFFFFFFFFFFFFFFFFFFFFFFFFFFFFEF
:10B17000FFFFFFFFFFFFFFFFFFFFFFFFFFFFFFFFDF
:10B18000FFFFFFFFFFFFFFFFFFFFFFFFFFFFFFFFCF
:10B19000FFFFFFFFFFFFFFFFFFFFFFFFFFFFFFFFBF
:10B1A000FFFFFFFFFFFFFFFFFFFFFFFFFFFFFFFFAF
:10B1B000FFFFFFFFFFFFFFFFFFFFFFFFFFFFFFFF9F
:10B1C000FFFFFFFFFFFFFFFFFFFFFFFFFFFFFFFF8F
:10B1D000FFFFFFFFFFFFFFFFFFFFFFFFFFFFFFFF7F
:10B1E000FFFFFFFFFFFFFFFFFFFFFFFFFFFFFFFF6F
:10B1F000FFFFFFFFFFFFFFFFFFFFFFFFFFFFFFFF5F
:10B20000FFFFFFFFFFFFFFFFFFFFFFFFFFFFFFFF4E
:10B21000FFFFFFFFFFFFFFFFFFFFFFFFFFFFFFFF3E
:10B22000FFFFFFFFFFFFFFFFFFFFFFFFFFFFFFFF2E
:10B23000FFFFFFFFFFFFFFFFFFFFFFFFFFFFFFFF1E
:10B24000FFFFFFFFFFFFFFFFFFFFFFFFFFFFFFFF0E
:10B25000FFFFFFFFFFFFFFFFFFFFFFFFFFFFFFFFFE
:10B26000FFFFFFFFFFFFFFFFFFFFFFFFFFFFFFFFEE
:10B27000FFFFFFFFFFFFFFFFFFFFFFFFFFFFFFFFDE
:10B28000FFFFFFFFFFFFFFFFFFFFFFFFFFFFFFFFCE
:10B29000FFFFFFFFFFFFFFFFFFFFFFFFFFFFFFFFBE
:10B2A000FFFFFFFFFFFFFFFFFFFFFFFFFFFFFFFFAE
:10B2B000FFFFFFFFFFFFFFFFFFFFFFFFFFFFFFFF9E
:10B2C000FFFFFFFFFFFFFFFFFFFFFFFFFFFFFFFF8E
:10B2D000FFFFFFFFFFFFFFFFFFFFFFFFFFFFFFFF7E
:10B2E000FFFFFFFFFFFFFFFFFFFFFFFFFFFFFFFF6E
:10B2F000FFFFFFFFFFFFFFFFFFFFFFFFFFFFFFFF5E
:10B30000FFFFFFFFFFFFFFFFFFFFFFFFFFFFFFFF4D
:10B31000FFFFFFFFFFFFFFFFFFFFFFFFFFFFFFFF3D
:10B32000FFFFFFFFFFFFFFFFFFFFFFFFFFFFFFFF2D
:10B33000FFFFFFFFFFFFFFFFFFFFFFFFFFFFFFFF1D
:10B34000FFFFFFFFFFFFFFFFFFFFFFFFFFFFFFFF0D
:10B35000FFFFFFFFFFFFFFFFFFFFFFFFFFFFFFFFFD
:10B36000FFFFFFFFFFFFFFFFFFFFFFFFFFFFFFFFED
:10B37000FFFFFFFFFFFFFFFFFFFFFFFFFFFFFFFFDD
:10B38000FFFFFFFFFFFFFFFFFFFFFFFFFFFFFFFFCD
:10B39000FFFFFFFFFFFFFFFFFFFFFFFFFFFFFFFFBD
:10B3A000FFFFFFFFFFFFFFFFFFFFFFFFFFFFFFFFAD
:10B3B000FFFFFFFFFFFFFFFFFFFFFFFFFFFFFFFF9D
:10B3C000FFFFFFFFFFFFFFFFFFFFFFFFFFFFFFFF8D
:10B3D000FFFFFFFFFFFFFFFFFFFFFFFFFFFFFFFF7D
:10B3E000FFFFFFFFFFFFFFFFFFFFFFFFFFFFFFFF6D
:10B3F000FFFFFFFFFFFFFFFFFFFFFFFFFFFFFFFF5D
:10B40000FFFFFFFFFFFFFFFFFFFFFFFFFFFFFFFF4C
:10B41000FFFFFFFFFFFFFFFFFFFFFFFFFFFFFFFF3C
:10B42000FFFFFFFFFFFFFFFFFFFFFFFFFFFFFFFF2C
:10B43000FFFFFFFFFFFFFFFFFFFFFFFFFFFFFFFF1C
:10B44000FFFFFFFFFFFFFFFFFFFFFFFFFFFFFFFF0C
:10B45000FFFFFFFFFFFFFFFFFFFFFFFFFFFFFFFFFC
:10B46000FFFFFFFFFFFFFFFFFFFFFFFFFFFFFFFFEC
:10B47000FFFFFFFFFFFFFFFFFFFFFFFFFFFFFFFFDC
:10B48000FFFFFFFFFFFFFFFFFFFFFFFFFFFFFFFFCC
:10B49000FFFFFFFFFFFFFFFFFFFFFFFFFFFFFFFFBC
:10B4A000FFFFFFFFFFFFFFFFFFFFFFFFFFFFFFFFAC
:10B4B000FFFFFFFFFFFFFFFFFFFFFFFFFFFFFFFF9C
:10B4C000FFFFFFFFFFFFFFFFFFFFFFFFFFFFFFFF8C
:10B4D000FFFFFFFFFFFFFFFFFFFFFFFFFFFFFFFF7C
:10B4E000FFFFFFFFFFFFFFFFFFFFFFFFFFFFFFFF6C
:10B4F000FFFFFFFFFFFFFFFFFFFFFFFFFFFFFFFF5C
:10B50000FFFFFFFFFFFFFFFFFFFFFFFFFFFFFFFF4B
:10B51000FFFFFFFFFFFFFFFFFFFFFFFFFFFFFFFF3B
:10B52000FFFFFFFFFFFFFFFFFFFFFFFFFFFFFFFF2B
:10B53000FFFFFFFFFFFFFFFFFFFFFFFFFFFFFFFF1B
:10B54000FFFFFFFFFFFFFFFFFFFFFFFFFFFFFFFF0B
:10B55000FFFFFFFFFFFFFFFFFFFFFFFFFFFFFFFFFB
:10B56000FFFFFFFFFFFFFFFFFFFFFFFFFFFFFFFFEB
:10B57000FFFFFFFFFFFFFFFFFFFFFFFFFFFFFFFFDB
:10B58000FFFFFFFFFFFFFFFFFFFFFFFFFFFFFFFFCB
:10B59000FFFFFFFFFFFFFFFFFFFFFFFFFFFFFFFFBB
:10B5A000FFFFFFFFFFFFFFFFFFFFFFFFFFFFFFFFAB
:10B5B000FFFFFFFFFFFFFFFFFFFFFFFFFFFFFFFF9B
:10B5C000FFFFFFFFFFFFFFFFFFFFFFFFFFFFFFFF8B
:10B5D000FFFFFFFFFFFFFFFFFFFFFFFFFFFFFFFF7B
:10B5E000FFFFFFFFFFFFFFFFFFFFFFFFFFFFFFFF6B
:10B5F000FFFFFFFFFFFFFFFFFFFFFFFFFFFFFFFF5B
:10B60000FFFFFFFFFFFFFFFFFFFFFFFFFFFFFFFF4A
:10B61000FFFFFFFFFFFFFFFFFFFFFFFFFFFFFFFF3A
:10B62000FFFFFFFFFFFFFFFFFFFFFFFFFFFFFFFF2A
:10B63000FFFFFFFFFFFFFFFFFFFFFFFFFFFFFFFF1A
:10B64000FFFFFFFFFFFFFFFFFFFFFFFFFFFFFFFF0A
:10B65000FFFFFFFFFFFFFFFFFFFFFFFFFFFFFFFFFA
:10B66000FFFFFFFFFFFFFFFFFFFFFFFFFFFFFFFFEA
:10B67000FFFFFFFFFFFFFFFFFFFFFFFFFFFFFFFFDA
:10B68000FFFFFFFFFFFFFFFFFFFFFFFFFFFFFFFFCA
:10B69000FFFFFFFFFFFFFFFFFFFFFFFFFFFFFFFFBA
:10B6A000FFFFFFFFFFFFFFFFFFFFFFFFFFFFFFFFAA
:10B6B000FFFFFFFFFFFFFFFFFFFFFFFFFFFFFFFF9A
:10B6C000FFFFFFFFFFFFFFFFFFFFFFFFFFFFFFFF8A
:10B6D000FFFFFFFFFFFFFFFFFFFFFFFFFFFFFFFF7A
:10B6E000FFFFFFFFFFFFFFFFFFFFFFFFFFFFFFFF6A
:10B6F000FFFFFFFFFFFFFFFFFFFFFFFFFFFFFFFF5A
:10B70000FFFFFFFFFFFFFFFFFFFFFFFFFFFFFFFF49
:10B71000FFFFFFFFFFFFFFFFFFFFFFFFFFFFFFFF39
:10B72000FFFFFFFFFFFFFFFFFFFFFFFFFFFFFFFF29
:10B73000FFFFFFFFFFFFFFFFFFFFFFFFFFFFFFFF19
:10B74000FFFFFFFFFFFFFFFFFFFFFFFFFFFFFFFF09
:10B75000FFFFFFFFFFFFFFFFFFFFFFFFFFFFFFFFF9
:10B76000FFFFFFFFFFFFFFFFFFFFFFFFFFFFFFFFE9
:10B77000FFFFFFFFFFFFFFFFFFFFFFFFFFFFFFFFD9
:10B78000FFFFFFFFFFFFFFFFFFFFFFFFFFFFFFFFC9
:10B79000FFFFFFFFFFFFFFFFFFFFFFFFFFFFFFFFB9
:10B7A000FFFFFFFFFFFFFFFFFFFFFFFFFFFFFFFFA9
:10B7B000FFFFFFFFFFFFFFFFFFFFFFFFFFFFFFFF99
:10B7C000FFFFFFFFFFFFFFFFFFFFFFFFFFFFFFFF89
:10B7D000FFFFFFFFFFFFFFFFFFFFFFFFFFFFFFFF79
:10B7E000FFFFFFFFFFFFFFFFFFFFFFFFFFFFFFFF69
:10B7F000FFFFFFFFFFFFFFFFFFFFFFFFFFFFFFFF59
:10B80000FFFFFFFFFFFFFFFFFFFFFFFFFFFFFFFF48
:10B81000FFFFFFFFFFFFFFFFFFFFFFFFFFFFFFFF38
:10B82000FFFFFFFFFFFFFFFFFFFFFFFFFFFFFFFF28
:10B83000FFFFFFFFFFFFFFFFFFFFFFFFFFFFFFFF18
:10B84000FFFFFFFFFFFFFFFFFFFFFFFFFFFFFFFF08
:10B85000FFFFFFFFFFFFFFFFFFFFFFFFFFFFFFFFF8
:10B86000FFFFFFFFFFFFFFFFFFFFFFFFFFFFFFFFE8
:10B87000FFFFFFFFFFFFFFFFFFFFFFFFFFFFFFFFD8
:10B88000FFFFFFFFFFFFFFFFFFFFFFFFFFFFFFFFC8
:10B89000FFFFFFFFFFFFFFFFFFFFFFFFFFFFFFFFB8
:10B8A000FFFFFFFFFFFFFFFFFFFFFFFFFFFFFFFFA8
:10B8B000FFFFFFFFFFFFFFFFFFFFFFFFFFFFFFFF98
:10B8C000FFFFFFFFFFFFFFFFFFFFFFFFFFFFFFFF88
:10B8D000FFFFFFFFFFFFFFFFFFFFFFFFFFFFFFFF78
:10B8E000FFFFFFFFFFFFFFFFFFFFFFFFFFFFFFFF68
:10B8F000FFFFFFFFFFFFFFFFFFFFFFFFFFFFFFFF58
:10B90000FFFFFFFFFFFFFFFFFFFFFFFFFFFFFFFF47
:10B91000FFFFFFFFFFFFFFFFFFFFFFFFFFFFFFFF37
:10B92000FFFFFFFFFFFFFFFFFFFFFFFFFFFFFFFF27
:10B93000FFFFFFFFFFFFFFFFFFFFFFFFFFFFFFFF17
:10B94000FFFFFFFFFFFFFFFFFFFFFFFFFFFFFFFF07
:10B95000FFFFFFFFFFFFFFFFFFFFFFFFFFFFFFFFF7
:10B96000FFFFFFFFFFFFFFFFFFFFFFFFFFFFFFFFE7
:10B97000FFFFFFFFFFFFFFFFFFFFFFFFFFFFFFFFD7
:10B98000FFFFFFFFFFFFFFFFFFFFFFFFFFFFFFFFC7
:10B99000FFFFFFFFFFFFFFFFFFFFFFFFFFFFFFFFB7
:10B9A000FFFFFFFFFFFFFFFFFFFFFFFFFFFFFFFFA7
:10B9B000FFFFFFFFFFFFFFFFFFFFFFFFFFFFFFFF97
:10B9C000FFFFFFFFFFFFFFFFFFFFFFFFFFFFFFFF87
:10B9D000FFFFFFFFFFFFFFFFFFFFFFFFFFFFFFFF77
:10B9E000FFFFFFFFFFFFFFFFFFFFFFFFFFFFFFFF67
:10B9F000FFFFFFFFFFFFFFFFFFFFFFFFFFFFFFFF57
:10BA0000FFFFFFFFFFFFFFFFFFFFFFFFFFFFFFFF46
:10BA1000FFFFFFFFFFFFFFFFFFFFFFFFFFFFFFFF36
:10BA2000FFFFFFFFFFFFFFFFFFFFFFFFFFFFFFFF26
:10BA3000FFFFFFFFFFFFFFFFFFFFFFFFFFFFFFFF16
:10BA4000FFFFFFFFFFFFFFFFFFFFFFFFFFFFFFFF06
:10BA5000FFFFFFFFFFFFFFFFFFFFFFFFFFFFFFFFF6
:10BA6000FFFFFFFFFFFFFFFFFFFFFFFFFFFFFFFFE6
:10BA7000FFFFFFFFFFFFFFFFFFFFFFFFFFFFFFFFD6
:10BA8000FFFFFFFFFFFFFFFFFFFFFFFFFFFFFFFFC6
:10BA9000FFFFFFFFFFFFFFFFFFFFFFFFFFFFFFFFB6
:10BAA000FFFFFFFFFFFFFFFFFFFFFFFFFFFFFFFFA6
:10BAB000FFFFFFFFFFFFFFFFFFFFFFFFFFFFFFFF96
:10BAC000FFFFFFFFFFFFFFFFFFFFFFFFFFFFFFFF86
:10BAD000FFFFFFFFFFFFFFFFFFFFFFFFFFFFFFFF76
:10BAE000FFFFFFFFFFFFFFFFFFFFFFFFFFFFFFFF66
:10BAF000FFFFFFFFFFFFFFFFFFFFFFFFFFFFFFFF56
:10BB0000FFFFFFFFFFFFFFFFFFFFFFFFFFFFFFFF45
:10BB1000FFFFFFFFFFFFFFFFFFFFFFFFFFFFFFFF35
:10BB2000FFFFFFFFFFFFFFFFFFFFFFFFFFFFFFFF25
:10BB3000FFFFFFFFFFFFFFFFFFFFFFFFFFFFFFFF15
:10BB4000FFFFFFFFFFFFFFFFFFFFFFFFFFFFFFFF05
:10BB5000FFFFFFFFFFFFFFFFFFFFFFFFFFFFFFFFF5
:10BB6000FFFFFFFFFFFFFFFFFFFFFFFFFFFFFFFFE5
:10BB7000FFFFFFFFFFFFFFFFFFFFFFFFFFFFFFFFD5
:10BB8000FFFFFFFFFFFFFFFFFFFFFFFFFFFFFFFFC5
:10BB9000FFFFFFFFFFFFFFFFFFFFFFFFFFFFFFFFB5
:10BBA000FFFFFFFFFFFFFFFFFFFFFFFFFFFFFFFFA5
:10BBB000FFFFFFFFFFFFFFFFFFFFFFFFFFFFFFFF95
:10BBC000FFFFFFFFFFFFFFFFFFFFFFFFFFFFFFFF85
:10BBD000FFFFFFFFFFFFFFFFFFFFFFFFFFFFFFFF75
:10BBE000FFFFFFFFFFFFFFFFFFFFFFFFFFFFFFFF65
:10BBF000FFFFFFFFFFFFFFFFFFFFFFFFFFFFFFFF55
:10BC0000FFFFFFFFFFFFFFFFFFFFFFFFFFFFFFFF44
:10BC1000FFFFFFFFFFFFFFFFFFFFFFFFFFFFFFFF34
:10BC2000FFFFFFFFFFFFFFFFFFFFFFFFFFFFFFFF24
:10BC3000FFFFFFFFFFFFFFFFFFFFFFFFFFFFFFFF14
:10BC4000FFFFFFFFFFFFFFFFFFFFFFFFFFFFFFFF04
:10BC5000FFFFFFFFFFFFFFFFFFFFFFFFFFFFFFFFF4
:10BC6000FFFFFFFFFFFFFFFFFFFFFFFFFFFFFFFFE4
:10BC7000FFFFFFFFFFFFFFFFFFFFFFFFFFFFFFFFD4
:10BC8000FFFFFFFFFFFFFFFFFFFFFFFFFFFFFFFFC4
:10BC9000FFFFFFFFFFFFFFFFFFFFFFFFFFFFFFFFB4
:10BCA000FFFFFFFFFFFFFFFFFFFFFFFFFFFFFFFFA4
:10BCB000FFFFFFFFFFFFFFFFFFFFFFFFFFFFFFFF94
:10BCC000FFFFFFFFFFFFFFFFFFFFFFFFFFFFFFFF84
:10BCD000FFFFFFFFFFFFFFFFFFFFFFFFFFFFFFFF74
:10BCE000FFFFFFFFFFFFFFFFFFFFFFFFFFFFFFFF64
:10BCF000FFFFFFFFFFFFFFFFFFFFFFFFFFFFFFFF54
:10BD0000FFFFFFFFFFFFFFFFFFFFFFFFFFFFFFFF43
:10BD1000FFFFFFFFFFFFFFFFFFFFFFFFFFFFFFFF33
:10BD2000FFFFFFFFFFFFFFFFFFFFFFFFFFFFFFFF23
:10BD3000FFFFFFFFFFFFFFFFFFFFFFFFFFFFFFFF13
:10BD4000FFFFFFFFFFFFFFFFFFFFFFFFFFFFFFFF03
:10BD5000FFFFFFFFFFFFFFFFFFFFFFFFFFFFFFFFF3
:10BD6000FFFFFFFFFFFFFFFFFFFFFFFFFFFFFFFFE3
:10BD7000FFFFFFFFFFFFFFFFFFFFFFFFFFFFFFFFD3
:10BD8000FFFFFFFFFFFFFFFFFFFFFFFFFFFFFFFFC3
:10BD9000FFFFFFFFFFFFFFFFFFFFFFFFFFFFFFFFB3
:10BDA000FFFFFFFFFFFFFFFFFFFFFFFFFFFFFFFFA3
:10BDB000FFFFFFFFFFFFFFFFFFFFFFFFFFFFFFFF93
:10BDC000FFFFFFFFFFFFFFFFFFFFFFFFFFFFFFFF83
:10BDD000FFFFFFFFFFFFFFFFFFFFFFFFFFFFFFFF73
:10BDE000FFFFFFFFFFFFFFFFFFFFFFFFFFFFFFFF63
:10BDF000FFFFFFFFFFFFFFFFFFFFFFFFFFFFFFFF53
:10BE0000FFFFFFFFFFFFFFFFFFFFFFFFFFFFFFFF42
:10BE1000FFFFFFFFFFFFFFFFFFFFFFFFFFFFFFFF32
:10BE2000FFFFFFFFFFFFFFFFFFFFFFFFFFFFFFFF22
:10BE3000FFFFFFFFFFFFFFFFFFFFFFFFFFFFFFFF12
:10BE4000FFFFFFFFFFFFFFFFFFFFFFFFFFFFFFFF02
:10BE5000FFFFFFFFFFFFFFFFFFFFFFFFFFFFFFFFF2
:10BE6000FFFFFFFFFFFFFFFFFFFFFFFFFFFFFFFFE2
:10BE7000FFFFFFFFFFFFFFFFFFFFFFFFFFFFFFFFD2
:10BE8000FFFFFFFFFFFFFFFFFFFFFFFFFFFFFFFFC2
:10BE9000FFFFFFFFFFFFFFFFFFFFFFFFFFFFFFFFB2
:10BEA000FFFFFFFFFFFFFFFFFFFFFFFFFFFFFFFFA2
:10BEB000FFFFFFFFFFFFFFFFFFFFFFFFFFFFFFFF92
:10BEC000FFFFFFFFFFFFFFFFFFFFFFFFFFFFFFFF82
:10BED000FFFFFFFFFFFFFFFFFFFFFFFFFFFFFFFF72
:10BEE000FFFFFFFFFFFFFFFFFFFFFFFFFFFFFFFF62
:10BEF000FFFFFFFFFFFFFFFFFFFFFFFFFFFFFFFF52
:10BF0000FFFFFFFFFFFFFFFFFFFFFFFFFFFFFFFF41
:10BF1000FFFFFFFFFFFFFFFFFFFFFFFFFFFFFFFF31
:10BF2000FFFFFFFFFFFFFFFFFFFFFFFFFFFFFFFF21
:10BF3000FFFFFFFFFFFFFFFFFFFFFFFFFFFFFFFF11
:10BF4000FFFFFFFFFFFFFFFFFFFFFFFFFFFFFFFF01
:10BF5000FFFFFFFFFFFFFFFFFFFFFFFFFFFFFFFFF1
:10BF6000FFFFFFFFFFFFFFFFFFFFFFFFFFFFFFFFE1
:10BF7000FFFFFFFFFFFFFFFFFFFFFFFFFFFFFFFFD1
:10BF8000FFFFFFFFFFFFFFFFFFFFFFFFFFFFFFFFC1
:10BF9000FFFFFFFFFFFFFFFFFFFFFFFFFFFFFFFFB1
:10BFA000FFFFFFFFFFFFFFFFFFFFFFFFFFFFFFFFA1
:10BFB000FFFFFFFFFFFFFFFFFFFFFFFFFFFFFFFF91
:10BFC000FFFFFFFFFFFFFFFFFFFFFFFFFFFFFFFF81
:10BFD000FFFFFFFFFFFFFFFFFFFFFFFFFFFFFFFF71
:10BFE000FFFFFFFFFFFFFFFFFFFFFFFFFFFFFFFF61
:10BFF000FFFFFFFFFFFFFFFFFFFFFFFFFFFFFFFF51
:10C00000FFFFFFFFFFFFFFFFFFFFFFFFFFFFFFFF40
:10C01000FFFFFFFFFFFFFFFFFFFFFFFFFFFFFFFF30
:10C02000FFFFFFFFFFFFFFFFFFFFFFFFFFFFFFFF20
:10C03000FFFFFFFFFFFFFFFFFFFFFFFFFFFFFFFF10
:10C04000FFFFFFFFFFFFFFFFFFFFFFFFFFFFFFFF00
:10C05000FFFFFFFFFFFFFFFFFFFFFFFFFFFFFFFFF0
:10C06000FFFFFFFFFFFFFFFFFFFFFFFFFFFFFFFFE0
:10C07000FFFFFFFFFFFFFFFFFFFFFFFFFFFFFFFFD0
:10C08000FFFFFFFFFFFFFFFFFFFFFFFFFFFFFFFFC0
:10C09000FFFFFFFFFFFFFFFFFFFFFFFFFFFFFFFFB0
:10C0A000FFFFFFFFFFFFFFFFFFFFFFFFFFFFFFFFA0
:10C0B000FFFFFFFFFFFFFFFFFFFFFFFFFFFFFFFF90
:10C0C000FFFFFFFFFFFFFFFFFFFFFFFFFFFFFFFF80
:10C0D000FFFFFFFFFFFFFFFFFFFFFFFFFFFFFFFF70
:10C0E000FFFFFFFFFFFFFFFFFFFFFFFFFFFFFFFF60
:10C0F000FFFFFFFFFFFFFFFFFFFFFFFFFFFFFFFF50
:10C10000FFFFFFFFFFFFFFFFFFFFFFFFFFFFFFFF3F
:10C11000FFFFFFFFFFFFFFFFFFFFFFFFFFFFFFFF2F
:10C12000FFFFFFFFFFFFFFFFFFFFFFFFFFFFFFFF1F
:10C13000FFFFFFFFFFFFFFFFFFFFFFFFFFFFFFFF0F
:10C14000FFFFFFFFFFFFFFFFFFFFFFFFFFFFFFFFFF
:10C15000FFFFFFFFFFFFFFFFFFFFFFFFFFFFFFFFEF
:10C16000FFFFFFFFFFFFFFFFFFFFFFFFFFFFFFFFDF
:10C17000FFFFFFFFFFFFFFFFFFFFFFFFFFFFFFFFCF
:10C18000FFFFFFFFFFFFFFFFFFFFFFFFFFFFFFFFBF
:10C19000FFFFFFFFFFFFFFFFFFFFFFFFFFFFFFFFAF
:10C1A000FFFFFFFFFFFFFFFFFFFFFFFFFFFFFFFF9F
:10C1B000FFFFFFFFFFFFFFFFFFFFFFFFFFFFFFFF8F
:10C1C000FFFFFFFFFFFFFFFFFFFFFFFFFFFFFFFF7F
:10C1D000FFFFFFFFFFFFFFFFFFFFFFFFFFFFFFFF6F
:10C1E000FFFFFFFFFFFFFFFFFFFFFFFFFFFFFFFF5F
:10C1F000FFFFFFFFFFFFFFFFFFFFFFFFFFFFFFFF4F
:10C20000FFFFFFFFFFFFFFFFFFFFFFFFFFFFFFFF3E
:10C21000FFFFFFFFFFFFFFFFFFFFFFFFFFFFFFFF2E
:10C22000FFFFFFFFFFFFFFFFFFFFFFFFFFFFFFFF1E
:10C23000FFFFFFFFFFFFFFFFFFFFFFFFFFFFFFFF0E
:10C24000FFFFFFFFFFFFFFFFFFFFFFFFFFFFFFFFFE
:10C25000FFFFFFFFFFFFFFFFFFFFFFFFFFFFFFFFEE
:10C26000FFFFFFFFFFFFFFFFFFFFFFFFFFFFFFFFDE
:10C27000FFFFFFFFFFFFFFFFFFFFFFFFFFFFFFFFCE
:10C28000FFFFFFFFFFFFFFFFFFFFFFFFFFFFFFFFBE
:10C29000FFFFFFFFFFFFFFFFFFFFFFFFFFFFFFFFAE
:10C2A000FFFFFFFFFFFFFFFFFFFFFFFFFFFFFFFF9E
:10C2B000FFFFFFFFFFFFFFFFFFFFFFFFFFFFFFFF8E
:10C2C000FFFFFFFFFFFFFFFFFFFFFFFFFFFFFFFF7E
:10C2D000FFFFFFFFFFFFFFFFFFFFFFFFFFFFFFFF6E
:10C2E000FFFFFFFFFFFFFFFFFFFFFFFFFFFFFFFF5E
:10C2F000FFFFFFFFFFFFFFFFFFFFFFFFFFFFFFFF4E
:10C30000FFFFFFFFFFFFFFFFFFFFFFFFFFFFFFFF3D
:10C31000FFFFFFFFFFFFFFFFFFFFFFFFFFFFFFFF2D
:10C32000FFFFFFFFFFFFFFFFFFFFFFFFFFFFFFFF1D
:10C33000FFFFFFFFFFFFFFFFFFFFFFFFFFFFFFFF0D
:10C34000FFFFFFFFFFFFFFFFFFFFFFFFFFFFFFFFFD
:10C35000FFFFFFFFFFFFFFFFFFFFFFFFFFFFFFFFED
:10C36000FFFFFFFFFFFFFFFFFFFFFFFFFFFFFFFFDD
:10C37000FFFFFFFFFFFFFFFFFFFFFFFFFFFFFFFFCD
:10C38000FFFFFFFFFFFFFFFFFFFFFFFFFFFFFFFFBD
:10C39000FFFFFFFFFFFFFFFFFFFFFFFFFFFFFFFFAD
:10C3A000FFFFFFFFFFFFFFFFFFFFFFFFFFFFFFFF9D
:10C3B000FFFFFFFFFFFFFFFFFFFFFFFFFFFFFFFF8D
:10C3C000FFFFFFFFFFFFFFFFFFFFFFFFFFFFFFFF7D
:10C3D000FFFFFFFFFFFFFFFFFFFFFFFFFFFFFFFF6D
:10C3E000FFFFFFFFFFFFFFFFFFFFFFFFFFFFFFFF5D
:10C3F000FFFFFFFFFFFFFFFFFFFFFFFFFFFFFFFF4D
:10C40000FFFFFFFFFFFFFFFFFFFFFFFFFFFFFFFF3C
:10C41000FFFFFFFFFFFFFFFFFFFFFFFFFFFFFFFF2C
:10C42000FFFFFFFFFFFFFFFFFFFFFFFFFFFFFFFF1C
:10C43000FFFFFFFFFFFFFFFFFFFFFFFFFFFFFFFF0C
:10C44000FFFFFFFFFFFFFFFFFFFFFFFFFFFFFFFFFC
:10C45000FFFFFFFFFFFFFFFFFFFFFFFFFFFFFFFFEC
:10C46000FFFFFFFFFFFFFFFFFFFFFFFFFFFFFFFFDC
:10C47000FFFFFFFFFFFFFFFFFFFFFFFFFFFFFFFFCC
:10C48000FFFFFFFFFFFFFFFFFFFFFFFFFFFFFFFFBC
:10C49000FFFFFFFFFFFFFFFFFFFFFFFFFFFFFFFFAC
:10C4A000FFFFFFFFFFFFFFFFFFFFFFFFFFFFFFFF9C
:10C4B000FFFFFFFFFFFFFFFFFFFFFFFFFFFFFFFF8C
:10C4C000FFFFFFFFFFFFFFFFFFFFFFFFFFFFFFFF7C
:10C4D000FFFFFFFFFFFFFFFFFFFFFFFFFFFFFFFF6C
:10C4E000FFFFFFFFFFFFFFFFFFFFFFFFFFFFFFFF5C
:10C4F000FFFFFFFFFFFFFFFFFFFFFFFFFFFFFFFF4C
:10C50000FFFFFFFFFFFFFFFFFFFFFFFFFFFFFFFF3B
:10C51000FFFFFFFFFFFFFFFFFFFFFFFFFFFFFFFF2B
:10C52000FFFFFFFFFFFFFFFFFFFFFFFFFFFFFFFF1B
:10C53000FFFFFFFFFFFFFFFFFFFFFFFFFFFFFFFF0B
:10C54000FFFFFFFFFFFFFFFFFFFFFFFFFFFFFFFFFB
:10C55000FFFFFFFFFFFFFFFFFFFFFFFFFFFFFFFFEB
:10C56000FFFFFFFFFFFFFFFFFFFFFFFFFFFFFFFFDB
:10C57000FFFFFFFFFFFFFFFFFFFFFFFFFFFFFFFFCB
:10C58000FFFFFFFFFFFFFFFFFFFFFFFFFFFFFFFFBB
:10C59000FFFFFFFFFFFFFFFFFFFFFFFFFFFFFFFFAB
:10C5A000FFFFFFFFFFFFFFFFFFFFFFFFFFFFFFFF9B
:10C5B000FFFFFFFFFFFFFFFFFFFFFFFFFFFFFFFF8B
:10C5C000FFFFFFFFFFFFFFFFFFFFFFFFFFFFFFFF7B
:10C5D000FFFFFFFFFFFFFFFFFFFFFFFFFFFFFFFF6B
:10C5E000FFFFFFFFFFFFFFFFFFFFFFFFFFFFFFFF5B
:10C5F000FFFFFFFFFFFFFFFFFFFFFFFFFFFFFFFF4B
:10C60000FFFFFFFFFFFFFFFFFFFFFFFFFFFFFFFF3A
:10C61000FFFFFFFFFFFFFFFFFFFFFFFFFFFFFFFF2A
:10C62000FFFFFFFFFFFFFFFFFFFFFFFFFFFFFFFF1A
:10C63000FFFFFFFFFFFFFFFFFFFFFFFFFFFFFFFF0A
:10C64000FFFFFFFFFFFFFFFFFFFFFFFFFFFFFFFFFA
:10C65000FFFFFFFFFFFFFFFFFFFFFFFFFFFFFFFFEA
:10C66000FFFFFFFFFFFFFFFFFFFFFFFFFFFFFFFFDA
:10C67000FFFFFFFFFFFFFFFFFFFFFFFFFFFFFFFFCA
:10C68000FFFFFFFFFFFFFFFFFFFFFFFFFFFFFFFFBA
:10C69000FFFFFFFFFFFFFFFFFFFFFFFFFFFFFFFFAA
:10C6A000FFFFFFFFFFFFFFFFFFFFFFFFFFFFFFFF9A
:10C6B000FFFFFFFFFFFFFFFFFFFFFFFFFFFFFFFF8A
:10C6C000FFFFFFFFFFFFFFFFFFFFFFFFFFFFFFFF7A
:10C6D000FFFFFFFFFFFFFFFFFFFFFFFFFFFFFFFF6A
:10C6E000FFFFFFFFFFFFFFFFFFFFFFFFFFFFFFFF5A
:10C6F000FFFFFFFFFFFFFFFFFFFFFFFFFFFFFFFF4A
:10C70000FFFFFFFFFFFFFFFFFFFFFFFFFFFFFFFF39
:10C71000FFFFFFFFFFFFFFFFFFFFFFFFFFFFFFFF29
:10C72000FFFFFFFFFFFFFFFFFFFFFFFFFFFFFFFF19
:10C73000FFFFFFFFFFFFFFFFFFFFFFFFFFFFFFFF09
:10C74000FFFFFFFFFFFFFFFFFFFFFFFFFFFFFFFFF9
:10C75000FFFFFFFFFFFFFFFFFFFFFFFFFFFFFFFFE9
:10C76000FFFFFFFFFFFFFFFFFFFFFFFFFFFFFFFFD9
:10C77000FFFFFFFFFFFFFFFFFFFFFFFFFFFFFFFFC9
:10C78000FFFFFFFFFFFFFFFFFFFFFFFFFFFFFFFFB9
:10C79000FFFFFFFFFFFFFFFFFFFFFFFFFFFFFFFFA9
:10C7A000FFFFFFFFFFFFFFFFFFFFFFFFFFFFFFFF99
:10C7B000FFFFFFFFFFFFFFFFFFFFFFFFFFFFFFFF89
:10C7C000FFFFFFFFFFFFFFFFFFFFFFFFFFFFFFFF79
:10C7D000FFFFFFFFFFFFFFFFFFFFFFFFFFFFFFFF69
:10C7E000FFFFFFFFFFFFFFFFFFFFFFFFFFFFFFFF59
:10C7F000FFFFFFFFFFFFFFFFFFFFFFFFFFFFFFFF49
:10C80000FFFFFFFFFFFFFFFFFFFFFFFFFFFFFFFF38
:10C81000FFFFFFFFFFFFFFFFFFFFFFFFFFFFFFFF28
:10C82000FFFFFFFFFFFFFFFFFFFFFFFFFFFFFFFF18
:10C83000FFFFFFFFFFFFFFFFFFFFFFFFFFFFFFFF08
:10C84000FFFFFFFFFFFFFFFFFFFFFFFFFFFFFFFFF8
:10C85000FFFFFFFFFFFFFFFFFFFFFFFFFFFFFFFFE8
:10C86000FFFFFFFFFFFFFFFFFFFFFFFFFFFFFFFFD8
:10C87000FFFFFFFFFFFFFFFFFFFFFFFFFFFFFFFFC8
:10C88000FFFFFFFFFFFFFFFFFFFFFFFFFFFFFFFFB8
:10C89000FFFFFFFFFFFFFFFFFFFFFFFFFFFFFFFFA8
:10C8A000FFFFFFFFFFFFFFFFFFFFFFFFFFFFFFFF98
:10C8B000FFFFFFFFFFFFFFFFFFFFFFFFFFFFFFFF88
:10C8C000FFFFFFFFFFFFFFFFFFFFFFFFFFFFFFFF78
:10C8D000FFFFFFFFFFFFFFFFFFFFFFFFFFFFFFFF68
:10C8E000FFFFFFFFFFFFFFFFFFFFFFFFFFFFFFFF58
:10C8F000FFFFFFFFFFFFFFFFFFFFFFFFFFFFFFFF48
:10C90000FFFFFFFFFFFFFFFFFFFFFFFFFFFFFFFF37
:10C91000FFFFFFFFFFFFFFFFFFFFFFFFFFFFFFFF27
:10C92000FFFFFFFFFFFFFFFFFFFFFFFFFFFFFFFF17
:10C93000FFFFFFFFFFFFFFFFFFFFFFFFFFFFFFFF07
:10C94000FFFFFFFFFFFFFFFFFFFFFFFFFFFFFFFFF7
:10C95000FFFFFFFFFFFFFFFFFFFFFFFFFFFFFFFFE7
:10C96000FFFFFFFFFFFFFFFFFFFFFFFFFFFFFFFFD7
:10C97000FFFFFFFFFFFFFFFFFFFFFFFFFFFFFFFFC7
:10C98000FFFFFFFFFFFFFFFFFFFFFFFFFFFFFFFFB7
:10C99000FFFFFFFFFFFFFFFFFFFFFFFFFFFFFFFFA7
:10C9A000FFFFFFFFFFFFFFFFFFFFFFFFFFFFFFFF97
:10C9B000FFFFFFFFFFFFFFFFFFFFFFFFFFFFFFFF87
:10C9C000FFFFFFFFFFFFFFFFFFFFFFFFFFFFFFFF77
:10C9D000FFFFFFFFFFFFFFFFFFFFFFFFFFFFFFFF67
:10C9E000FFFFFFFFFFFFFFFFFFFFFFFFFFFFFFFF57
:10C9F000FFFFFFFFFFFFFFFFFFFFFFFFFFFFFFFF47
:10CA0000FFFFFFFFFFFFFFFFFFFFFFFFFFFFFFFF36
:10CA1000FFFFFFFFFFFFFFFFFFFFFFFFFFFFFFFF26
:10CA2000FFFFFFFFFFFFFFFFFFFFFFFFFFFFFFFF16
:10CA3000FFFFFFFFFFFFFFFFFFFFFFFFFFFFFFFF06
:10CA4000FFFFFFFFFFFFFFFFFFFFFFFFFFFFFFFFF6
:10CA5000FFFFFFFFFFFFFFFFFFFFFFFFFFFFFFFFE6
:10CA6000FFFFFFFFFFFFFFFFFFFFFFFFFFFFFFFFD6
:10CA7000FFFFFFFFFFFFFFFFFFFFFFFFFFFFFFFFC6
:10CA8000FFFFFFFFFFFFFFFFFFFFFFFFFFFFFFFFB6
:10CA9000FFFFFFFFFFFFFFFFFFFFFFFFFFFFFFFFA6
:10CAA000FFFFFFFFFFFFFFFFFFFFFFFFFFFFFFFF96
:10CAB000FFFFFFFFFFFFFFFFFFFFFFFFFFFFFFFF86
:10CAC000FFFFFFFFFFFFFFFFFFFFFFFFFFFFFFFF76
:10CAD000FFFFFFFFFFFFFFFFFFFFFFFFFFFFFFFF66
:10CAE000FFFFFFFFFFFFFFFFFFFFFFFFFFFFFFFF56
:10CAF000FFFFFFFFFFFFFFFFFFFFFFFFFFFFFFFF46
:10CB0000FFFFFFFFFFFFFFFFFFFFFFFFFFFFFFFF35
:10CB1000FFFFFFFFFFFFFFFFFFFFFFFFFFFFFFFF25
:10CB2000FFFFFFFFFFFFFFFFFFFFFFFFFFFFFFFF15
:10CB3000FFFFFFFFFFFFFFFFFFFFFFFFFFFFFFFF05
:10CB4000FFFFFFFFFFFFFFFFFFFFFFFFFFFFFFFFF5
:10CB5000FFFFFFFFFFFFFFFFFFFFFFFFFFFFFFFFE5
:10CB6000FFFFFFFFFFFFFFFFFFFFFFFFFFFFFFFFD5
:10CB7000FFFFFFFFFFFFFFFFFFFFFFFFFFFFFFFFC5
:10CB8000FFFFFFFFFFFFFFFFFFFFFFFFFFFFFFFFB5
:10CB9000FFFFFFFFFFFFFFFFFFFFFFFFFFFFFFFFA5
:10CBA000FFFFFFFFFFFFFFFFFFFFFFFFFFFFFFFF95
:10CBB000FFFFFFFFFFFFFFFFFFFFFFFFFFFFFFFF85
:10CBC000FFFFFFFFFFFFFFFFFFFFFFFFFFFFFFFF75
:10CBD000FFFFFFFFFFFFFFFFFFFFFFFFFFFFFFFF65
:10CBE000FFFFFFFFFFFFFFFFFFFFFFFFFFFFFFFF55
:10CBF000FFFFFFFFFFFFFFFFFFFFFFFFFFFFFFFF45
:10CC0000FFFFFFFFFFFFFFFFFFFFFFFFFFFFFFFF34
:10CC1000FFFFFFFFFFFFFFFFFFFFFFFFFFFFFFFF24
:10CC2000FFFFFFFFFFFFFFFFFFFFFFFFFFFFFFFF14
:10CC3000FFFFFFFFFFFFFFFFFFFFFFFFFFFFFFFF04
:10CC4000FFFFFFFFFFFFFFFFFFFFFFFFFFFFFFFFF4
:10CC5000FFFFFFFFFFFFFFFFFFFFFFFFFFFFFFFFE4
:10CC6000FFFFFFFFFFFFFFFFFFFFFFFFFFFFFFFFD4
:10CC7000FFFFFFFFFFFFFFFFFFFFFFFFFFFFFFFFC4
:10CC8000FFFFFFFFFFFFFFFFFFFFFFFFFFFFFFFFB4
:10CC9000FFFFFFFFFFFFFFFFFFFFFFFFFFFFFFFFA4
:10CCA000FFFFFFFFFFFFFFFFFFFFFFFFFFFFFFFF94
:10CCB000FFFFFFFFFFFFFFFFFFFFFFFFFFFFFFFF84
:10CCC000FFFFFFFFFFFFFFFFFFFFFFFFFFFFFFFF74
:10CCD000FFFFFFFFFFFFFFFFFFFFFFFFFFFFFFFF64
:10CCE000FFFFFFFFFFFFFFFFFFFFFFFFFFFFFFFF54
:10CCF000FFFFFFFFFFFFFFFFFFFFFFFFFFFFFFFF44
:10CD0000FFFFFFFFFFFFFFFFFFFFFFFFFFFFFFFF33
:10CD1000FFFFFFFFFFFFFFFFFFFFFFFFFFFFFFFF23
:10CD2000FFFFFFFFFFFFFFFFFFFFFFFFFFFFFFFF13
:10CD3000FFFFFFFFFFFFFFFFFFFFFFFFFFFFFFFF03
:10CD4000FFFFFFFFFFFFFFFFFFFFFFFFFFFFFFFFF3
:10CD5000FFFFFFFFFFFFFFFFFFFFFFFFFFFFFFFFE3
:10CD6000FFFFFFFFFFFFFFFFFFFFFFFFFFFFFFFFD3
:10CD7000FFFFFFFFFFFFFFFFFFFFFFFFFFFFFFFFC3
:10CD8000FFFFFFFFFFFFFFFFFFFFFFFFFFFFFFFFB3
:10CD9000FFFFFFFFFFFFFFFFFFFFFFFFFFFFFFFFA3
:10CDA000FFFFFFFFFFFFFFFFFFFFFFFFFFFFFFFF93
:10CDB000FFFFFFFFFFFFFFFFFFFFFFFFFFFFFFFF83
:10CDC000FFFFFFFFFFFFFFFFFFFFFFFFFFFFFFFF73
:10CDD000FFFFFFFFFFFFFFFFFFFFFFFFFFFFFFFF63
:10CDE000FFFFFFFFFFFFFFFFFFFFFFFFFFFFFFFF53
:10CDF000FFFFFFFFFFFFFFFFFFFFFFFFFFFFFFFF43
:10CE0000FFFFFFFFFFFFFFFFFFFFFFFFFFFFFFFF32
:10CE1000FFFFFFFFFFFFFFFFFFFFFFFFFFFFFFFF22
:10CE2000FFFFFFFFFFFFFFFFFFFFFFFFFFFFFFFF12
:10CE3000FFFFFFFFFFFFFFFFFFFFFFFFFFFFFFFF02
:10CE4000FFFFFFFFFFFFFFFFFFFFFFFFFFFFFFFFF2
:10CE5000FFFFFFFFFFFFFFFFFFFFFFFFFFFFFFFFE2
:10CE6000FFFFFFFFFFFFFFFFFFFFFFFFFFFFFFFFD2
:10CE7000FFFFFFFFFFFFFFFFFFFFFFFFFFFFFFFFC2
:10CE8000FFFFFFFFFFFFFFFFFFFFFFFFFFFFFFFFB2
:10CE9000FFFFFFFFFFFFFFFFFFFFFFFFFFFFFFFFA2
:10CEA000FFFFFFFFFFFFFFFFFFFFFFFFFFFFFFFF92
:10CEB000FFFFFFFFFFFFFFFFFFFFFFFFFFFFFFFF82
:10CEC000FFFFFFFFFFFFFFFFFFFFFFFFFFFFFFFF72
:10CED000FFFFFFFFFFFFFFFFFFFFFFFFFFFFFFFF62
:10CEE000FFFFFFFFFFFFFFFFFFFFFFFFFFFFFFFF52
:10CEF000FFFFFFFFFFFFFFFFFFFFFFFFFFFFFFFF42
:10CF0000FFFFFFFFFFFFFFFFFFFFFFFFFFFFFFFF31
:10CF1000FFFFFFFFFFFFFFFFFFFFFFFFFFFFFFFF21
:10CF2000FFFFFFFFFFFFFFFFFFFFFFFFFFFFFFFF11
:10CF3000FFFFFFFFFFFFFFFFFFFFFFFFFFFFFFFF01
:10CF4000FFFFFFFFFFFFFFFFFFFFFFFFFFFFFFFFF1
:10CF5000FFFFFFFFFFFFFFFFFFFFFFFFFFFFFFFFE1
:10CF6000FFFFFFFFFFFFFFFFFFFFFFFFFFFFFFFFD1
:10CF7000FFFFFFFFFFFFFFFFFFFFFFFFFFFFFFFFC1
:10CF8000FFFFFFFFFFFFFFFFFFFFFFFFFFFFFFFFB1
:10CF9000FFFFFFFFFFFFFFFFFFFFFFFFFFFFFFFFA1
:10CFA000FFFFFFFFFFFFFFFFFFFFFFFFFFFFFFFF91
:10CFB000FFFFFFFFFFFFFFFFFFFFFFFFFFFFFFFF81
:10CFC000FFFFFFFFFFFFFFFFFFFFFFFFFFFFFFFF71
:10CFD000FFFFFFFFFFFFFFFFFFFFFFFFFFFFFFFF61
:10CFE000FFFFFFFFFFFFFFFFFFFFFFFFFFFFFFFF51
:10CFF000FFFFFFFFFFFFFFFFFFFFFFFFFFFFFFFF41
:10D00000FFFFFFFFFFFFFFFFFFFFFFFFFFFFFFFF30
:10D01000FFFFFFFFFFFFFFFFFFFFFFFFFFFFFFFF20
:10D02000FFFFFFFFFFFFFFFFFFFFFFFFFFFFFFFF10
:10D03000FFFFFFFFFFFFFFFFFFFFFFFFFFFFFFFF00
:10D04000FFFFFFFFFFFFFFFFFFFFFFFFFFFFFFFFF0
:10D05000FFFFFFFFFFFFFFFFFFFFFFFFFFFFFFFFE0
:10D06000FFFFFFFFFFFFFFFFFFFFFFFFFFFFFFFFD0
:10D07000FFFFFFFFFFFFFFFFFFFFFFFFFFFFFFFFC0
:10D08000FFFFFFFFFFFFFFFFFFFFFFFFFFFFFFFFB0
:10D09000FFFFFFFFFFFFFFFFFFFFFFFFFFFFFFFFA0
:10D0A000FFFFFFFFFFFFFFFFFFFFFFFFFFFFFFFF90
:10D0B000FFFFFFFFFFFFFFFFFFFFFFFFFFFFFFFF80
:10D0C000FFFFFFFFFFFFFFFFFFFFFFFFFFFFFFFF70
:10D0D000FFFFFFFFFFFFFFFFFFFFFFFFFFFFFFFF60
:10D0E000FFFFFFFFFFFFFFFFFFFFFFFFFFFFFFFF50
:10D0F000FFFFFFFFFFFFFFFFFFFFFFFFFFFFFFFF40
:10D10000FFFFFFFFFFFFFFFFFFFFFFFFFFFFFFFF2F
:10D11000FFFFFFFFFFFFFFFFFFFFFFFFFFFFFFFF1F
:10D12000FFFFFFFFFFFFFFFFFFFFFFFFFFFFFFFF0F
:10D13000FFFFFFFFFFFFFFFFFFFFFFFFFFFFFFFFFF
:10D14000FFFFFFFFFFFFFFFFFFFFFFFFFFFFFFFFEF
:10D15000FFFFFFFFFFFFFFFFFFFFFFFFFFFFFFFFDF
:10D16000FFFFFFFFFFFFFFFFFFFFFFFFFFFFFFFFCF
:10D17000FFFFFFFFFFFFFFFFFFFFFFFFFFFFFFFFBF
:10D18000FFFFFFFFFFFFFFFFFFFFFFFFFFFFFFFFAF
:10D19000FFFFFFFFFFFFFFFFFFFFFFFFFFFFFFFF9F
:10D1A000FFFFFFFFFFFFFFFFFFFFFFFFFFFFFFFF8F
:10D1B000FFFFFFFFFFFFFFFFFFFFFFFFFFFFFFFF7F
:10D1C000FFFFFFFFFFFFFFFFFFFFFFFFFFFFFFFF6F
:10D1D000FFFFFFFFFFFFFFFFFFFFFFFFFFFFFFFF5F
:10D1E000FFFFFFFFFFFFFFFFFFFFFFFFFFFFFFFF4F
:10D1F000FFFFFFFFFFFFFFFFFFFFFFFFFFFFFFFF3F
:10D20000FFFFFFFFFFFFFFFFFFFFFFFFFFFFFFFF2E
:10D21000FFFFFFFFFFFFFFFFFFFFFFFFFFFFFFFF1E
:10D22000FFFFFFFFFFFFFFFFFFFFFFFFFFFFFFFF0E
:10D23000FFFFFFFFFFFFFFFFFFFFFFFFFFFFFFFFFE
:10D24000FFFFFFFFFFFFFFFFFFFFFFFFFFFFFFFFEE
:10D25000FFFFFFFFFFFFFFFFFFFFFFFFFFFFFFFFDE
:10D26000FFFFFFFFFFFFFFFFFFFFFFFFFFFFFFFFCE
:10D27000FFFFFFFFFFFFFFFFFFFFFFFFFFFFFFFFBE
:10D28000FFFFFFFFFFFFFFFFFFFFFFFFFFFFFFFFAE
:10D29000FFFFFFFFFFFFFFFFFFFFFFFFFFFFFFFF9E
:10D2A000FFFFFFFFFFFFFFFFFFFFFFFFFFFFFFFF8E
:10D2B000FFFFFFFFFFFFFFFFFFFFFFFFFFFFFFFF7E
:10D2C000FFFFFFFFFFFFFFFFFFFFFFFFFFFFFFFF6E
:10D2D000FFFFFFFFFFFFFFFFFFFFFFFFFFFFFFFF5E
:10D2E000FFFFFFFFFFFFFFFFFFFFFFFFFFFFFFFF4E
:10D2F000FFFFFFFFFFFFFFFFFFFFFFFFFFFFFFFF3E
:10D30000FFFFFFFFFFFFFFFFFFFFFFFFFFFFFFFF2D
:10D31000FFFFFFFFFFFFFFFFFFFFFFFFFFFFFFFF1D
:10D32000FFFFFFFFFFFFFFFFFFFFFFFFFFFFFFFF0D
:10D33000FFFFFFFFFFFFFFFFFFFFFFFFFFFFFFFFFD
:10D34000FFFFFFFFFFFFFFFFFFFFFFFFFFFFFFFFED
:10D35000FFFFFFFFFFFFFFFFFFFFFFFFFFFFFFFFDD
:10D36000FFFFFFFFFFFFFFFFFFFFFFFFFFFFFFFFCD
:10D37000FFFFFFFFFFFFFFFFFFFFFFFFFFFFFFFFBD
:10D38000FFFFFFFFFFFFFFFFFFFFFFFFFFFFFFFFAD
:10D39000FFFFFFFFFFFFFFFFFFFFFFFFFFFFFFFF9D
:10D3A000FFFFFFFFFFFFFFFFFFFFFFFFFFFFFFFF8D
:10D3B000FFFFFFFFFFFFFFFFFFFFFFFFFFFFFFFF7D
:10D3C000FFFFFFFFFFFFFFFFFFFFFFFFFFFFFFFF6D
:10D3D000FFFFFFFFFFFFFFFFFFFFFFFFFFFFFFFF5D
:10D3E000FFFFFFFFFFFFFFFFFFFFFFFFFFFFFFFF4D
:10D3F000FFFFFFFFFFFFFFFFFFFFFFFFFFFFFFFF3D
:10D40000FFFFFFFFFFFFFFFFFFFFFFFFFFFFFFFF2C
:10D41000FFFFFFFFFFFFFFFFFFFFFFFFFFFFFFFF1C
:10D42000FFFFFFFFFFFFFFFFFFFFFFFFFFFFFFFF0C
:10D43000FFFFFFFFFFFFFFFFFFFFFFFFFFFFFFFFFC
:10D44000FFFFFFFFFFFFFFFFFFFFFFFFFFFFFFFFEC
:10D45000FFFFFFFFFFFFFFFFFFFFFFFFFFFFFFFFDC
:10D46000FFFFFFFFFFFFFFFFFFFFFFFFFFFFFFFFCC
:10D47000FFFFFFFFFFFFFFFFFFFFFFFFFFFFFFFFBC
:10D48000FFFFFFFFFFFFFFFFFFFFFFFFFFFFFFFFAC
:10D49000FFFFFFFFFFFFFFFFFFFFFFFFFFFFFFFF9C
:10D4A000FFFFFFFFFFFFFFFFFFFFFFFFFFFFFFFF8C
:10D4B000FFFFFFFFFFFFFFFFFFFFFFFFFFFFFFFF7C
:10D4C000FFFFFFFFFFFFFFFFFFFFFFFFFFFFFFFF6C
:10D4D000FFFFFFFFFFFFFFFFFFFFFFFFFFFFFFFF5C
:10D4E000FFFFFFFFFFFFFFFFFFFFFFFFFFFFFFFF4C
:10D4F000FFFFFFFFFFFFFFFFFFFFFFFFFFFFFFFF3C
:10D50000FFFFFFFFFFFFFFFFFFFFFFFFFFFFFFFF2B
:10D51000FFFFFFFFFFFFFFFFFFFFFFFFFFFFFFFF1B
:10D52000FFFFFFFFFFFFFFFFFFFFFFFFFFFFFFFF0B
:10D53000FFFFFFFFFFFFFFFFFFFFFFFFFFFFFFFFFB
:10D54000FFFFFFFFFFFFFFFFFFFFFFFFFFFFFFFFEB
:10D55000FFFFFFFFFFFFFFFFFFFFFFFFFFFFFFFFDB
:10D56000FFFFFFFFFFFFFFFFFFFFFFFFFFFFFFFFCB
:10D57000FFFFFFFFFFFFFFFFFFFFFFFFFFFFFFFFBB
:10D58000FFFFFFFFFFFFFFFFFFFFFFFFFFFFFFFFAB
:10D59000FFFFFFFFFFFFFFFFFFFFFFFFFFFFFFFF9B
:10D5A000FFFFFFFFFFFFFFFFFFFFFFFFFFFFFFFF8B
:10D5B000FFFFFFFFFFFFFFFFFFFFFFFFFFFFFFFF7B
:10D5C000FFFFFFFFFFFFFFFFFFFFFFFFFFFFFFFF6B
:10D5D000FFFFFFFFFFFFFFFFFFFFFFFFFFFFFFFF5B
:10D5E000FFFFFFFFFFFFFFFFFFFFFFFFFFFFFFFF4B
:10D5F000FFFFFFFFFFFFFFFFFFFFFFFFFFFFFFFF3B
:10D60000FFFFFFFFFFFFFFFFFFFFFFFFFFFFFFFF2A
:10D61000FFFFFFFFFFFFFFFFFFFFFFFFFFFFFFFF1A
:10D62000FFFFFFFFFFFFFFFFFFFFFFFFFFFFFFFF0A
:10D63000FFFFFFFFFFFFFFFFFFFFFFFFFFFFFFFFFA
:10D64000FFFFFFFFFFFFFFFFFFFFFFFFFFFFFFFFEA
:10D65000FFFFFFFFFFFFFFFFFFFFFFFFFFFFFFFFDA
:10D66000FFFFFFFFFFFFFFFFFFFFFFFFFFFFFFFFCA
:10D67000FFFFFFFFFFFFFFFFFFFFFFFFFFFFFFFFBA
:10D68000FFFFFFFFFFFFFFFFFFFFFFFFFFFFFFFFAA
:10D69000FFFFFFFFFFFFFFFFFFFFFFFFFFFFFFFF9A
:10D6A000FFFFFFFFFFFFFFFFFFFFFFFFFFFFFFFF8A
:10D6B000FFFFFFFFFFFFFFFFFFFFFFFFFFFFFFFF7A
:10D6C000FFFFFFFFFFFFFFFFFFFFFFFFFFFFFFFF6A
:10D6D000FFFFFFFFFFFFFFFFFFFFFFFFFFFFFFFF5A
:10D6E000FFFFFFFFFFFFFFFFFFFFFFFFFFFFFFFF4A
:10D6F000FFFFFFFFFFFFFFFFFFFFFFFFFFFFFFFF3A
:10D70000FFFFFFFFFFFFFFFFFFFFFFFFFFFFFFFF29
:10D71000FFFFFFFFFFFFFFFFFFFFFFFFFFFFFFFF19
:10D72000FFFFFFFFFFFFFFFFFFFFFFFFFFFFFFFF09
:10D73000FFFFFFFFFFFFFFFFFFFFFFFFFFFFFFFFF9
:10D74000FFFFFFFFFFFFFFFFFFFFFFFFFFFFFFFFE9
:10D75000FFFFFFFFFFFFFFFFFFFFFFFFFFFFFFFFD9
:10D76000FFFFFFFFFFFFFFFFFFFFFFFFFFFFFFFFC9
:10D77000FFFFFFFFFFFFFFFFFFFFFFFFFFFFFFFFB9
:10D78000FFFFFFFFFFFFFFFFFFFFFFFFFFFFFFFFA9
:10D79000FFFFFFFFFFFFFFFFFFFFFFFFFFFFFFFF99
:10D7A000FFFFFFFFFFFFFFFFFFFFFFFFFFFFFFFF89
:10D7B000FFFFFFFFFFFFFFFFFFFFFFFFFFFFFFFF79
:10D7C000FFFFFFFFFFFFFFFFFFFFFFFFFFFFFFFF69
:10D7D000FFFFFFFFFFFFFFFFFFFFFFFFFFFFFFFF59
:10D7E000FFFFFFFFFFFFFFFFFFFFFFFFFFFFFFFF49
:10D7F000FFFFFFFFFFFFFFFFFFFFFFFFFFFFFFFF39
:10D80000FFFFFFFFFFFFFFFFFFFFFFFFFFFFFFFF28
:10D81000FFFFFFFFFFFFFFFFFFFFFFFFFFFFFFFF18
:10D82000FFFFFFFFFFFFFFFFFFFFFFFFFFFFFFFF08
:10D83000FFFFFFFFFFFFFFFFFFFFFFFFFFFFFFFFF8
:10D84000FFFFFFFFFFFFFFFFFFFFFFFFFFFFFFFFE8
:10D85000FFFFFFFFFFFFFFFFFFFFFFFFFFFFFFFFD8
:10D86000FFFFFFFFFFFFFFFFFFFFFFFFFFFFFFFFC8
:10D87000FFFFFFFFFFFFFFFFFFFFFFFFFFFFFFFFB8
:10D88000FFFFFFFFFFFFFFFFFFFFFFFFFFFFFFFFA8
:10D89000FFFFFFFFFFFFFFFFFFFFFFFFFFFFFFFF98
:10D8A000FFFFFFFFFFFFFFFFFFFFFFFFFFFFFFFF88
:10D8B000FFFFFFFFFFFFFFFFFFFFFFFFFFFFFFFF78
:10D8C000FFFFFFFFFFFFFFFFFFFFFFFFFFFFFFFF68
:10D8D000FFFFFFFFFFFFFFFFFFFFFFFFFFFFFFFF58
:10D8E000FFFFFFFFFFFFFFFFFFFFFFFFFFFFFFFF48
:10D8F000FFFFFFFFFFFFFFFFFFFFFFFFFFFFFFFF38
:10D90000FFFFFFFFFFFFFFFFFFFFFFFFFFFFFFFF27
:10D91000FFFFFFFFFFFFFFFFFFFFFFFFFFFFFFFF17
:10D92000FFFFFFFFFFFFFFFFFFFFFFFFFFFFFFFF07
:10D93000FFFFFFFFFFFFFFFFFFFFFFFFFFFFFFFFF7
:10D94000FFFFFFFFFFFFFFFFFFFFFFFFFFFFFFFFE7
:10D95000FFFFFFFFFFFFFFFFFFFFFFFFFFFFFFFFD7
:10D96000FFFFFFFFFFFFFFFFFFFFFFFFFFFFFFFFC7
:10D97000FFFFFFFFFFFFFFFFFFFFFFFFFFFFFFFFB7
:10D98000FFFFFFFFFFFFFFFFFFFFFFFFFFFFFFFFA7
:10D99000FFFFFFFFFFFFFFFFFFFFFFFFFFFFFFFF97
:10D9A000FFFFFFFFFFFFFFFFFFFFFFFFFFFFFFFF87
:10D9B000FFFFFFFFFFFFFFFFFFFFFFFFFFFFFFFF77
:10D9C000FFFFFFFFFFFFFFFFFFFFFFFFFFFFFFFF67
:10D9D000FFFFFFFFFFFFFFFFFFFFFFFFFFFFFFFF57
:10D9E000FFFFFFFFFFFFFFFFFFFFFFFFFFFFFFFF47
:10D9F000FFFFFFFFFFFFFFFFFFFFFFFFFFFFFFFF37
:10DA0000FFFFFFFFFFFFFFFFFFFFFFFFFFFFFFFF26
:10DA1000FFFFFFFFFFFFFFFFFFFFFFFFFFFFFFFF16
:10DA2000FFFFFFFFFFFFFFFFFFFFFFFFFFFFFFFF06
:10DA3000FFFFFFFFFFFFFFFFFFFFFFFFFFFFFFFFF6
:10DA4000FFFFFFFFFFFFFFFFFFFFFFFFFFFFFFFFE6
:10DA5000FFFFFFFFFFFFFFFFFFFFFFFFFFFFFFFFD6
:10DA6000FFFFFFFFFFFFFFFFFFFFFFFFFFFFFFFFC6
:10DA7000FFFFFFFFFFFFFFFFFFFFFFFFFFFFFFFFB6
:10DA8000FFFFFFFFFFFFFFFFFFFFFFFFFFFFFFFFA6
:10DA9000FFFFFFFFFFFFFFFFFFFFFFFFFFFFFFFF96
:10DAA000FFFFFFFFFFFFFFFFFFFFFFFFFFFFFFFF86
:10DAB000FFFFFFFFFFFFFFFFFFFFFFFFFFFFFFFF76
:10DAC000FFFFFFFFFFFFFFFFFFFFFFFFFFFFFFFF66
:10DAD000FFFFFFFFFFFFFFFFFFFFFFFFFFFFFFFF56
:10DAE000FFFFFFFFFFFFFFFFFFFFFFFFFFFFFFFF46
:10DAF000FFFFFFFFFFFFFFFFFFFFFFFFFFFFFFFF36
:10DB0000FFFFFFFFFFFFFFFFFFFFFFFFFFFFFFFF25
:10DB1000FFFFFFFFFFFFFFFFFFFFFFFFFFFFFFFF15
:10DB2000FFFFFFFFFFFFFFFFFFFFFFFFFFFFFFFF05
:10DB3000FFFFFFFFFFFFFFFFFFFFFFFFFFFFFFFFF5
:10DB4000FFFFFFFFFFFFFFFFFFFFFFFFFFFFFFFFE5
:10DB5000FFFFFFFFFFFFFFFFFFFFFFFFFFFFFFFFD5
:10DB6000FFFFFFFFFFFFFFFFFFFFFFFFFFFFFFFFC5
:10DB7000FFFFFFFFFFFFFFFFFFFFFFFFFFFFFFFFB5
:10DB8000FFFFFFFFFFFFFFFFFFFFFFFFFFFFFFFFA5
:10DB9000FFFFFFFFFFFFFFFFFFFFFFFFFFFFFFFF95
:10DBA000FFFFFFFFFFFFFFFFFFFFFFFFFFFFFFFF85
:10DBB000FFFFFFFFFFFFFFFFFFFFFFFFFFFFFFFF75
:10DBC000FFFFFFFFFFFFFFFFFFFFFFFFFFFFFFFF65
:10DBD000FFFFFFFFFFFFFFFFFFFFFFFFFFFFFFFF55
:10DBE000FFFFFFFFFFFFFFFFFFFFFFFFFFFFFFFF45
:10DBF000FFFFFFFFFFFFFFFFFFFFFFFFFFFFFFFF35
:10DC0000FFFFFFFFFFFFFFFFFFFFFFFFFFFFFFFF24
:10DC1000FFFFFFFFFFFFFFFFFFFFFFFFFFFFFFFF14
:10DC2000FFFFFFFFFFFFFFFFFFFFFFFFFFFFFFFF04
:10DC3000FFFFFFFFFFFFFFFFFFFFFFFFFFFFFFFFF4
:10DC4000FFFFFFFFFFFFFFFFFFFFFFFFFFFFFFFFE4
:10DC5000FFFFFFFFFFFFFFFFFFFFFFFFFFFFFFFFD4
:10DC6000FFFFFFFFFFFFFFFFFFFFFFFFFFFFFFFFC4
:10DC7000FFFFFFFFFFFFFFFFFFFFFFFFFFFFFFFFB4
:10DC8000FFFFFFFFFFFFFFFFFFFFFFFFFFFFFFFFA4
:10DC9000FFFFFFFFFFFFFFFFFFFFFFFFFFFFFFFF94
:10DCA000FFFFFFFFFFFFFFFFFFFFFFFFFFFFFFFF84
:10DCB000FFFFFFFFFFFFFFFFFFFFFFFFFFFFFFFF74
:10DCC000FFFFFFFFFFFFFFFFFFFFFFFFFFFFFFFF64
:10DCD000FFFFFFFFFFFFFFFFFFFFFFFFFFFFFFFF54
:10DCE000FFFFFFFFFFFFFFFFFFFFFFFFFFFFFFFF44
:10DCF000FFFFFFFFFFFFFFFFFFFFFFFFFFFFFFFF34
:10DD0000FFFFFFFFFFFFFFFFFFFFFFFFFFFFFFFF23
:10DD1000FFFFFFFFFFFFFFFFFFFFFFFFFFFFFFFF13
:10DD2000FFFFFFFFFFFFFFFFFFFFFFFFFFFFFFFF03
:10DD3000FFFFFFFFFFFFFFFFFFFFFFFFFFFFFFFFF3
:10DD4000FFFFFFFFFFFFFFFFFFFFFFFFFFFFFFFFE3
:10DD5000FFFFFFFFFFFFFFFFFFFFFFFFFFFFFFFFD3
:10DD6000FFFFFFFFFFFFFFFFFFFFFFFFFFFFFFFFC3
:10DD7000FFFFFFFFFFFFFFFFFFFFFFFFFFFFFFFFB3
:10DD8000FFFFFFFFFFFFFFFFFFFFFFFFFFFFFFFFA3
:10DD9000FFFFFFFFFFFFFFFFFFFFFFFFFFFFFFFF93
:10DDA000FFFFFFFFFFFFFFFFFFFFFFFFFFFFFFFF83
:10DDB000FFFFFFFFFFFFFFFFFFFFFFFFFFFFFFFF73
:10DDC000FFFFFFFFFFFFFFFFFFFFFFFFFFFFFFFF63
:10DDD000FFFFFFFFFFFFFFFFFFFFFFFFFFFFFFFF53
:10DDE000FFFFFFFFFFFFFFFFFFFFFFFFFFFFFFFF43
:10DDF000FFFFFFFFFFFFFFFFFFFFFFFFFFFFFFFF33
:10DE0000FFFFFFFFFFFFFFFFFFFFFFFFFFFFFFFF22
:10DE1000FFFFFFFFFFFFFFFFFFFFFFFFFFFFFFFF12
:10DE2000FFFFFFFFFFFFFFFFFFFFFFFFFFFFFFFF02
:10DE3000FFFFFFFFFFFFFFFFFFFFFFFFFFFFFFFFF2
:10DE4000FFFFFFFFFFFFFFFFFFFFFFFFFFFFFFFFE2
:10DE5000FFFFFFFFFFFFFFFFFFFFFFFFFFFFFFFFD2
:10DE6000FFFFFFFFFFFFFFFFFFFFFFFFFFFFFFFFC2
:10DE7000FFFFFFFFFFFFFFFFFFFFFFFFFFFFFFFFB2
:10DE8000FFFFFFFFFFFFFFFFFFFFFFFFFFFFFFFFA2
:10DE9000FFFFFFFFFFFFFFFFFFFFFFFFFFFFFFFF92
:10DEA000FFFFFFFFFFFFFFFFFFFFFFFFFFFFFFFF82
:10DEB000FFFFFFFFFFFFFFFFFFFFFFFFFFFFFFFF72
:10DEC000FFFFFFFFFFFFFFFFFFFFFFFFFFFFFFFF62
:10DED000FFFFFFFFFFFFFFFFFFFFFFFFFFFFFFFF52
:10DEE000FFFFFFFFFFFFFFFFFFFFFFFFFFFFFFFF42
:10DEF000FFFFFFFFFFFFFFFFFFFFFFFFFFFFFFFF32
:10DF0000FFFFFFFFFFFFFFFFFFFFFFFFFFFFFFFF21
:10DF1000FFFFFFFFFFFFFFFFFFFFFFFFFFFFFFFF11
:10DF2000FFFFFFFFFFFFFFFFFFFFFFFFFFFFFFFF01
:10DF3000FFFFFFFFFFFFFFFFFFFFFFFFFFFFFFFFF1
:10DF4000FFFFFFFFFFFFFFFFFFFFFFFFFFFFFFFFE1
:10DF5000FFFFFFFFFFFFFFFFFFFFFFFFFFFFFFFFD1
:10DF6000FFFFFFFFFFFFFFFFFFFFFFFFFFFFFFFFC1
:10DF7000FFFFFFFFFFFFFFFFFFFFFFFFFFFFFFFFB1
:10DF8000FFFFFFFFFFFFFFFFFFFFFFFFFFFFFFFFA1
:10DF9000FFFFFFFFFFFFFFFFFFFFFFFFFFFFFFFF91
:10DFA000FFFFFFFFFFFFFFFFFFFFFFFFFFFFFFFF81
:10DFB000FFFFFFFFFFFFFFFFFFFFFFFFFFFFFFFF71
:10DFC000FFFFFFFFFFFFFFFFFFFFFFFFFFFFFFFF61
:10DFD000FFFFFFFFFFFFFFFFFFFFFFFFFFFFFFFF51
:10DFE000FFFFFFFFFFFFFFFFFFFFFFFFFFFFFFFF41
:10DFF000FFFFFFFFFFFFFFFFFFFFFFFFFFFFFFFF31
:10E00000FFFFFFFFFFFFFFFFFFFFFFFFFFFFFFFF20
:10E01000FFFFFFFFFFFFFFFFFFFFFFFFFFFFFFFF10
:10E02000FFFFFFFFFFFFFFFFFFFFFFFFFFFFFFFF00
:10E03000FFFFFFFFFFFFFFFFFFFFFFFFFFFFFFFFF0
:10E04000FFFFFFFFFFFFFFFFFFFFFFFFFFFFFFFFE0
:10E05000FFFFFFFFFFFFFFFFFFFFFFFFFFFFFFFFD0
:10E06000FFFFFFFFFFFFFFFFFFFFFFFFFFFFFFFFC0
:10E07000FFFFFFFFFFFFFFFFFFFFFFFFFFFFFFFFB0
:10E08000FFFFFFFFFFFFFFFFFFFFFFFFFFFFFFFFA0
:10E09000FFFFFFFFFFFFFFFFFFFFFFFFFFFFFFFF90
:10E0A000FFFFFFFFFFFFFFFFFFFFFFFFFFFFFFFF80
:10E0B000FFFFFFFFFFFFFFFFFFFFFFFFFFFFFFFF70
:10E0C000FFFFFFFFFFFFFFFFFFFFFFFFFFFFFFFF60
:10E0D000FFFFFFFFFFFFFFFFFFFFFFFFFFFFFFFF50
:10E0E000FFFFFFFFFFFFFFFFFFFFFFFFFFFFFFFF40
:10E0F000FFFFFFFFFFFFFFFFFFFFFFFFFFFFFFFF30
:10E10000FFFFFFFFFFFFFFFFFFFFFFFFFFFFFFFF1F
:10E11000FFFFFFFFFFFFFFFFFFFFFFFFFFFFFFFF0F
:10E12000FFFFFFFFFFFFFFFFFFFFFFFFFFFFFFFFFF
:10E13000FFFFFFFFFFFFFFFFFFFFFFFFFFFFFFFFEF
:10E14000FFFFFFFFFFFFFFFFFFFFFFFFFFFFFFFFDF
:10E15000FFFFFFFFFFFFFFFFFFFFFFFFFFFFFFFFCF
:10E16000FFFFFFFFFFFFFFFFFFFFFFFFFFFFFFFFBF
:10E17000FFFFFFFFFFFFFFFFFFFFFFFFFFFFFFFFAF
:10E18000FFFFFFFFFFFFFFFFFFFFFFFFFFFFFFFF9F
:10E19000FFFFFFFFFFFFFFFFFFFFFFFFFFFFFFFF8F
:10E1A000FFFFFFFFFFFFFFFFFFFFFFFFFFFFFFFF7F
:10E1B000FFFFFFFFFFFFFFFFFFFFFFFFFFFFFFFF6F
:10E1C000FFFFFFFFFFFFFFFFFFFFFFFFFFFFFFFF5F
:10E1D000FFFFFFFFFFFFFFFFFFFFFFFFFFFFFFFF4F
:10E1E000FFFFFFFFFFFFFFFFFFFFFFFFFFFFFFFF3F
:10E1F000FFFFFFFFFFFFFFFFFFFFFFFFFFFFFFFF2F
:10E20000FFFFFFFFFFFFFFFFFFFFFFFFFFFFFFFF1E
:10E21000FFFFFFFFFFFFFFFFFFFFFFFFFFFFFFFF0E
:10E22000FFFFFFFFFFFFFFFFFFFFFFFFFFFFFFFFFE
:10E23000FFFFFFFFFFFFFFFFFFFFFFFFFFFFFFFFEE
:10E24000FFFFFFFFFFFFFFFFFFFFFFFFFFFFFFFFDE
:10E25000FFFFFFFFFFFFFFFFFFFFFFFFFFFFFFFFCE
:10E26000FFFFFFFFFFFFFFFFFFFFFFFFFFFFFFFFBE
:10E27000FFFFFFFFFFFFFFFFFFFFFFFFFFFFFFFFAE
:10E28000FFFFFFFFFFFFFFFFFFFFFFFFFFFFFFFF9E
:10E29000FFFFFFFFFFFFFFFFFFFFFFFFFFFFFFFF8E
:10E2A000FFFFFFFFFFFFFFFFFFFFFFFFFFFFFFFF7E
:10E2B000FFFFFFFFFFFFFFFFFFFFFFFFFFFFFFFF6E
:10E2C000FFFFFFFFFFFFFFFFFFFFFFFFFFFFFFFF5E
:10E2D000FFFFFFFFFFFFFFFFFFFFFFFFFFFFFFFF4E
:10E2E000FFFFFFFFFFFFFFFFFFFFFFFFFFFFFFFF3E
:10E2F000FFFFFFFFFFFFFFFFFFFFFFFFFFFFFFFF2E
:10E30000FFFFFFFFFFFFFFFFFFFFFFFFFFFFFFFF1D
:10E31000FFFFFFFFFFFFFFFFFFFFFFFFFFFFFFFF0D
:10E32000FFFFFFFFFFFFFFFFFFFFFFFFFFFFFFFFFD
:10E33000FFFFFFFFFFFFFFFFFFFFFFFFFFFFFFFFED
:10E34000FFFFFFFFFFFFFFFFFFFFFFFFFFFFFFFFDD
:10E35000FFFFFFFFFFFFFFFFFFFFFFFFFFFFFFFFCD
:10E36000FFFFFFFFFFFFFFFFFFFFFFFFFFFFFFFFBD
:10E37000FFFFFFFFFFFFFFFFFFFFFFFFFFFFFFFFAD
:10E38000FFFFFFFFFFFFFFFFFFFFFFFFFFFFFFFF9D
:10E39000FFFFFFFFFFFFFFFFFFFFFFFFFFFFFFFF8D
:10E3A000FFFFFFFFFFFFFFFFFFFFFFFFFFFFFFFF7D
:10E3B000FFFFFFFFFFFFFFFFFFFFFFFFFFFFFFFF6D
:10E3C000FFFFFFFFFFFFFFFFFFFFFFFFFFFFFFFF5D
:10E3D000FFFFFFFFFFFFFFFFFFFFFFFFFFFFFFFF4D
:10E3E000FFFFFFFFFFFFFFFFFFFFFFFFFFFFFFFF3D
:10E3F000FFFFFFFFFFFFFFFFFFFFFFFFFFFFFFFF2D
:10E40000FFFFFFFFFFFFFFFFFFFFFFFFFFFFFFFF1C
:10E41000FFFFFFFFFFFFFFFFFFFFFFFFFFFFFFFF0C
:10E42000FFFFFFFFFFFFFFFFFFFFFFFFFFFFFFFFFC
:10E43000FFFFFFFFFFFFFFFFFFFFFFFFFFFFFFFFEC
:10E44000FFFFFFFFFFFFFFFFFFFFFFFFFFFFFFFFDC
:10E45000FFFFFFFFFFFFFFFFFFFFFFFFFFFFFFFFCC
:10E46000FFFFFFFFFFFFFFFFFFFFFFFFFFFFFFFFBC
:10E47000FFFFFFFFFFFFFFFFFFFFFFFFFFFFFFFFAC
:10E48000FFFFFFFFFFFFFFFFFFFFFFFFFFFFFFFF9C
:10E49000FFFFFFFFFFFFFFFFFFFFFFFFFFFFFFFF8C
:10E4A000FFFFFFFFFFFFFFFFFFFFFFFFFFFFFFFF7C
:10E4B000FFFFFFFFFFFFFFFFFFFFFFFFFFFFFFFF6C
:10E4C000FFFFFFFFFFFFFFFFFFFFFFFFFFFFFFFF5C
:10E4D000FFFFFFFFFFFFFFFFFFFFFFFFFFFFFFFF4C
:10E4E000FFFFFFFFFFFFFFFFFFFFFFFFFFFFFFFF3C
:10E4F000FFFFFFFFFFFFFFFFFFFFFFFFFFFFFFFF2C
:10E50000FFFFFFFFFFFFFFFFFFFFFFFFFFFFFFFF1B
:10E51000FFFFFFFFFFFFFFFFFFFFFFFFFFFFFFFF0B
:10E52000FFFFFFFFFFFFFFFFFFFFFFFFFFFFFFFFFB
:10E53000FFFFFFFFFFFFFFFFFFFFFFFFFFFFFFFFEB
:10E54000FFFFFFFFFFFFFFFFFFFFFFFFFFFFFFFFDB
:10E55000FFFFFFFFFFFFFFFFFFFFFFFFFFFFFFFFCB
:10E56000FFFFFFFFFFFFFFFFFFFFFFFFFFFFFFFFBB
:10E57000FFFFFFFFFFFFFFFFFFFFFFFFFFFFFFFFAB
:10E58000FFFFFFFFFFFFFFFFFFFFFFFFFFFFFFFF9B
:10E59000FFFFFFFFFFFFFFFFFFFFFFFFFFFFFFFF8B
:10E5A000FFFFFFFFFFFFFFFFFFFFFFFFFFFFFFFF7B
:10E5B000FFFFFFFFFFFFFFFFFFFFFFFFFFFFFFFF6B
:10E5C000FFFFFFFFFFFFFFFFFFFFFFFFFFFFFFFF5B
:10E5D000FFFFFFFFFFFFFFFFFFFFFFFFFFFFFFFF4B
:10E5E000FFFFFFFFFFFFFFFFFFFFFFFFFFFFFFFF3B
:10E5F000FFFFFFFFFFFFFFFFFFFFFFFFFFFFFFFF2B
:10E60000FFFFFFFFFFFFFFFFFFFFFFFFFFFFFFFF1A
:10E61000FFFFFFFFFFFFFFFFFFFFFFFFFFFFFFFF0A
:10E62000FFFFFFFFFFFFFFFFFFFFFFFFFFFFFFFFFA
:10E63000FFFFFFFFFFFFFFFFFFFFFFFFFFFFFFFFEA
:10E64000FFFFFFFFFFFFFFFFFFFFFFFFFFFFFFFFDA
:10E65000FFFFFFFFFFFFFFFFFFFFFFFFFFFFFFFFCA
:10E66000FFFFFFFFFFFFFFFFFFFFFFFFFFFFFFFFBA
:10E67000FFFFFFFFFFFFFFFFFFFFFFFFFFFFFFFFAA
:10E68000FFFFFFFFFFFFFFFFFFFFFFFFFFFFFFFF9A
:10E69000FFFFFFFFFFFFFFFFFFFFFFFFFFFFFFFF8A
:10E6A000FFFFFFFFFFFFFFFFFFFFFFFFFFFFFFFF7A
:10E6B000FFFFFFFFFFFFFFFFFFFFFFFFFFFFFFFF6A
:10E6C000FFFFFFFFFFFFFFFFFFFFFFFFFFFFFFFF5A
:10E6D000FFFFFFFFFFFFFFFFFFFFFFFFFFFFFFFF4A
:10E6E000FFFFFFFFFFFFFFFFFFFFFFFFFFFFFFFF3A
:10E6F000FFFFFFFFFFFFFFFFFFFFFFFFFFFFFFFF2A
:10E70000FFFFFFFFFFFFFFFFFFFFFFFFFFFFFFFF19
:10E71000FFFFFFFFFFFFFFFFFFFFFFFFFFFFFFFF09
:10E72000FFFFFFFFFFFFFFFFFFFFFFFFFFFFFFFFF9
:10E73000FFFFFFFFFFFFFFFFFFFFFFFFFFFFFFFFE9
:10E74000FFFFFFFFFFFFFFFFFFFFFFFFFFFFFFFFD9
:10E75000FFFFFFFFFFFFFFFFFFFFFFFFFFFFFFFFC9
:10E76000FFFFFFFFFFFFFFFFFFFFFFFFFFFFFFFFB9
:10E77000FFFFFFFFFFFFFFFFFFFFFFFFFFFFFFFFA9
:10E78000FFFFFFFFFFFFFFFFFFFFFFFFFFFFFFFF99
:10E79000FFFFFFFFFFFFFFFFFFFFFFFFFFFFFFFF89
:10E7A000FFFFFFFFFFFFFFFFFFFFFFFFFFFFFFFF79
:10E7B000FFFFFFFFFFFFFFFFFFFFFFFFFFFFFFFF69
:10E7C000FFFFFFFFFFFFFFFFFFFFFFFFFFFFFFFF59
:10E7D000FFFFFFFFFFFFFFFFFFFFFFFFFFFFFFFF49
:10E7E000FFFFFFFFFFFFFFFFFFFFFFFFFFFFFFFF39
:10E7F000FFFFFFFFFFFFFFFFFFFFFFFFFFFFFFFF29
:10E80000FFFFFFFFFFFFFFFFFFFFFFFFFFFFFFFF18
:10E81000FFFFFFFFFFFFFFFFFFFFFFFFFFFFFFFF08
:10E82000FFFFFFFFFFFFFFFFFFFFFFFFFFFFFFFFF8
:10E83000FFFFFFFFFFFFFFFFFFFFFFFFFFFFFFFFE8
:10E84000FFFFFFFFFFFFFFFFFFFFFFFFFFFFFFFFD8
:10E85000FFFFFFFFFFFFFFFFFFFFFFFFFFFFFFFFC8
:10E86000FFFFFFFFFFFFFFFFFFFFFFFFFFFFFFFFB8
:10E87000FFFFFFFFFFFFFFFFFFFFFFFFFFFFFFFFA8
:10E88000FFFFFFFFFFFFFFFFFFFFFFFFFFFFFFFF98
:10E89000FFFFFFFFFFFFFFFFFFFFFFFFFFFFFFFF88
:10E8A000FFFFFFFFFFFFFFFFFFFFFFFFFFFFFFFF78
:10E8B000FFFFFFFFFFFFFFFFFFFFFFFFFFFFFFFF68
:10E8C000FFFFFFFFFFFFFFFFFFFFFFFFFFFFFFFF58
:10E8D000FFFFFFFFFFFFFFFFFFFFFFFFFFFFFFFF48
:10E8E000FFFFFFFFFFFFFFFFFFFFFFFFFFFFFFFF38
:10E8F000FFFFFFFFFFFFFFFFFFFFFFFFFFFFFFFF28
:10E90000FFFFFFFFFFFFFFFFFFFFFFFFFFFFFFFF17
:10E91000FFFFFFFFFFFFFFFFFFFFFFFFFFFFFFFF07
:10E92000FFFFFFFFFFFFFFFFFFFFFFFFFFFFFFFFF7
:10E93000FFFFFFFFFFFFFFFFFFFFFFFFFFFFFFFFE7
:10E94000FFFFFFFFFFFFFFFFFFFFFFFFFFFFFFFFD7
:10E95000FFFFFFFFFFFFFFFFFFFFFFFFFFFFFFFFC7
:10E96000FFFFFFFFFFFFFFFFFFFFFFFFFFFFFFFFB7
:10E97000FFFFFFFFFFFFFFFFFFFFFFFFFFFFFFFFA7
:10E98000FFFFFFFFFFFFFFFFFFFFFFFFFFFFFFFF97
:10E99000FFFFFFFFFFFFFFFFFFFFFFFFFFFFFFFF87
:10E9A000FFFFFFFFFFFFFFFFFFFFFFFFFFFFFFFF77
:10E9B000FFFFFFFFFFFFFFFFFFFFFFFFFFFFFFFF67
:10E9C000FFFFFFFFFFFFFFFFFFFFFFFFFFFFFFFF57
:10E9D000FFFFFFFFFFFFFFFFFFFFFFFFFFFFFFFF47
:10E9E000FFFFFFFFFFFFFFFFFFFFFFFFFFFFFFFF37
:10E9F000FFFFFFFFFFFFFFFFFFFFFFFFFFFFFFFF27
:10EA0000FFFFFFFFFFFFFFFFFFFFFFFFFFFFFFFF16
:10EA1000FFFFFFFFFFFFFFFFFFFFFFFFFFFFFFFF06
:10EA2000FFFFFFFFFFFFFFFFFFFFFFFFFFFFFFFFF6
:10EA3000FFFFFFFFFFFFFFFFFFFFFFFFFFFFFFFFE6
:10EA4000FFFFFFFFFFFFFFFFFFFFFFFFFFFFFFFFD6
:10EA5000FFFFFFFFFFFFFFFFFFFFFFFFFFFFFFFFC6
:10EA6000FFFFFFFFFFFFFFFFFFFFFFFFFFFFFFFFB6
:10EA7000FFFFFFFFFFFFFFFFFFFFFFFFFFFFFFFFA6
:10EA8000FFFFFFFFFFFFFFFFFFFFFFFFFFFFFFFF96
:10EA9000FFFFFFFFFFFFFFFFFFFFFFFFFFFFFFFF86
:10EAA000FFFFFFFFFFFFFFFFFFFFFFFFFFFFFFFF76
:10EAB000FFFFFFFFFFFFFFFFFFFFFFFFFFFFFFFF66
:10EAC000FFFFFFFFFFFFFFFFFFFFFFFFFFFFFFFF56
:10EAD000FFFFFFFFFFFFFFFFFFFFFFFFFFFFFFFF46
:10EAE000FFFFFFFFFFFFFFFFFFFFFFFFFFFFFFFF36
:10EAF000FFFFFFFFFFFFFFFFFFFFFFFFFFFFFFFF26
:10EB0000FFFFFFFFFFFFFFFFFFFFFFFFFFFFFFFF15
:10EB1000FFFFFFFFFFFFFFFFFFFFFFFFFFFFFFFF05
:10EB2000FFFFFFFFFFFFFFFFFFFFFFFFFFFFFFFFF5
:10EB3000FFFFFFFFFFFFFFFFFFFFFFFFFFFFFFFFE5
:10EB4000FFFFFFFFFFFFFFFFFFFFFFFFFFFFFFFFD5
:10EB5000FFFFFFFFFFFFFFFFFFFFFFFFFFFFFFFFC5
:10EB6000FFFFFFFFFFFFFFFFFFFFFFFFFFFFFFFFB5
:10EB7000FFFFFFFFFFFFFFFFFFFFFFFFFFFFFFFFA5
:10EB8000FFFFFFFFFFFFFFFFFFFFFFFFFFFFFFFF95
:10EB9000FFFFFFFFFFFFFFFFFFFFFFFFFFFFFFFF85
:10EBA000FFFFFFFFFFFFFFFFFFFFFFFFFFFFFFFF75
:10EBB000FFFFFFFFFFFFFFFFFFFFFFFFFFFFFFFF65
:10EBC000FFFFFFFFFFFFFFFFFFFFFFFFFFFFFFFF55
:10EBD000FFFFFFFFFFFFFFFFFFFFFFFFFFFFFFFF45
:10EBE000FFFFFFFFFFFFFFFFFFFFFFFFFFFFFFFF35
:10EBF000FFFFFFFFFFFFFFFFFFFFFFFFFFFFFFFF25
:10EC0000FFFFFFFFFFFFFFFFFFFFFFFFFFFFFFFF14
:10EC1000FFFFFFFFFFFFFFFFFFFFFFFFFFFFFFFF04
:10EC2000FFFFFFFFFFFFFFFFFFFFFFFFFFFFFFFFF4
:10EC3000FFFFFFFFFFFFFFFFFFFFFFFFFFFFFFFFE4
:10EC4000FFFFFFFFFFFFFFFFFFFFFFFFFFFFFFFFD4
:10EC5000FFFFFFFFFFFFFFFFFFFFFFFFFFFFFFFFC4
:10EC6000FFFFFFFFFFFFFFFFFFFFFFFFFFFFFFFFB4
:10EC7000FFFFFFFFFFFFFFFFFFFFFFFFFFFFFFFFA4
:10EC8000FFFFFFFFFFFFFFFFFFFFFFFFFFFFFFFF94
:10EC9000FFFFFFFFFFFFFFFFFFFFFFFFFFFFFFFF84
:10ECA000FFFFFFFFFFFFFFFFFFFFFFFFFFFFFFFF74
:10ECB000FFFFFFFFFFFFFFFFFFFFFFFFFFFFFFFF64
:10ECC000FFFFFFFFFFFFFFFFFFFFFFFFFFFFFFFF54
:10ECD000FFFFFFFFFFFFFFFFFFFFFFFFFFFFFFFF44
:10ECE000FFFFFFFFFFFFFFFFFFFFFFFFFFFFFFFF34
:10ECF000FFFFFFFFFFFFFFFFFFFFFFFFFFFFFFFF24
:10ED0000FFFFFFFFFFFFFFFFFFFFFFFFFFFFFFFF13
:10ED1000FFFFFFFFFFFFFFFFFFFFFFFFFFFFFFFF03
:10ED2000FFFFFFFFFFFFFFFFFFFFFFFFFFFFFFFFF3
:10ED3000FFFFFFFFFFFFFFFFFFFFFFFFFFFFFFFFE3
:10ED4000FFFFFFFFFFFFFFFFFFFFFFFFFFFFFFFFD3
:10ED5000FFFFFFFFFFFFFFFFFFFFFFFFFFFFFFFFC3
:10ED6000FFFFFFFFFFFFFFFFFFFFFFFFFFFFFFFFB3
:10ED7000FFFFFFFFFFFFFFFFFFFFFFFFFFFFFFFFA3
:10ED8000FFFFFFFFFFFFFFFFFFFFFFFFFFFFFFFF93
:10ED9000FFFFFFFFFFFFFFFFFFFFFFFFFFFFFFFF83
:10EDA000FFFFFFFFFFFFFFFFFFFFFFFFFFFFFFFF73
:10EDB000FFFFFFFFFFFFFFFFFFFFFFFFFFFFFFFF63
:10EDC000FFFFFFFFFFFFFFFFFFFFFFFFFFFFFFFF53
:10EDD000FFFFFFFFFFFFFFFFFFFFFFFFFFFFFFFF43
:10EDE000FFFFFFFFFFFFFFFFFFFFFFFFFFFFFFFF33
:10EDF000FFFFFFFFFFFFFFFFFFFFFFFFFFFFFFFF23
:10EE0000FFFFFFFFFFFFFFFFFFFFFFFFFFFFFFFF12
:10EE1000FFFFFFFFFFFFFFFFFFFFFFFFFFFFFFFF02
:10EE2000FFFFFFFFFFFFFFFFFFFFFFFFFFFFFFFFF2
:10EE3000FFFFFFFFFFFFFFFFFFFFFFFFFFFFFFFFE2
:10EE4000FFFFFFFFFFFFFFFFFFFFFFFFFFFFFFFFD2
:10EE5000FFFFFFFFFFFFFFFFFFFFFFFFFFFFFFFFC2
:10EE6000FFFFFFFFFFFFFFFFFFFFFFFFFFFFFFFFB2
:10EE7000FFFFFFFFFFFFFFFFFFFFFFFFFFFFFFFFA2
:10EE8000FFFFFFFFFFFFFFFFFFFFFFFFFFFFFFFF92
:10EE9000FFFFFFFFFFFFFFFFFFFFFFFFFFFFFFFF82
:10EEA000FFFFFFFFFFFFFFFFFFFFFFFFFFFFFFFF72
:10EEB000FFFFFFFFFFFFFFFFFFFFFFFFFFFFFFFF62
:10EEC000FFFFFFFFFFFFFFFFFFFFFFFFFFFFFFFF52
:10EED000FFFFFFFFFFFFFFFFFFFFFFFFFFFFFFFF42
:10EEE000FFFFFFFFFFFFFFFFFFFFFFFFFFFFFFFF32
:10EEF000FFFFFFFFFFFFFFFFFFFFFFFFFFFFFFFF22
:10EF0000FFFFFFFFFFFFFFFFFFFFFFFFFFFFFFFF11
:10EF1000FFFFFFFFFFFFFFFFFFFFFFFFFFFFFFFF01
:10EF2000FFFFFFFFFFFFFFFFFFFFFFFFFFFFFFFFF1
:10EF3000FFFFFFFFFFFFFFFFFFFFFFFFFFFFFFFFE1
:10EF4000FFFFFFFFFFFFFFFFFFFFFFFFFFFFFFFFD1
:10EF5000FFFFFFFFFFFFFFFFFFFFFFFFFFFFFFFFC1
:10EF6000FFFFFFFFFFFFFFFFFFFFFFFFFFFFFFFFB1
:10EF7000FFFFFFFFFFFFFFFFFFFFFFFFFFFFFFFFA1
:10EF8000FFFFFFFFFFFFFFFFFFFFFFFFFFFFFFFF91
:10EF9000FFFFFFFFFFFFFFFFFFFFFFFFFFFFFFFF81
:10EFA000FFFFFFFFFFFFFFFFFFFFFFFFFFFFFFFF71
:10EFB000FFFFFFFFFFFFFFFFFFFFFFFFFFFFFFFF61
:10EFC000FFFFFFFFFFFFFFFFFFFFFFFFFFFFFFFF51
:10EFD000FFFFFFFFFFFFFFFFFFFFFFFFFFFFFFFF41
:10EFE000FFFFFFFFFFFFFFFFFFFFFFFFFFFFFFFF31
:10EFF000FFFFFFFF5057422D4438383858000000BB
:10F0000000000000560101FFFFFFFFFFFFFFFFFFB1
:10F0100000FF0540FFFFFFFFFFFFFFFFFFFFFFFFB8
:10F02000FFFFFFFFFFFFFFFFFFFFFFFFFFFFFFFFF0
:10F03000FFFFFFFFFFFFFFFFFFFFFFFFFFFFFFFFE0
:10F04000FFFFFFFFFFFFFFFFFFFFFFFFFFFFFFFFD0
:10F05000FFFFFFFFFFFFFFFFFFFFFFFFFFFFFFFFC0
:10F06000FFFFFFFFFFFFFFFFFFFFFFFFFFFFFFFFB0
:10F07000FFFFFFFFFFFFFFFFFFFFFFFFFFFFFFFFA0
:10F08000FFFFFFFFFFFFFFFFFFFFFFFFFFFFFFFF90
:10F09000FFFFFFFFFFFFFFFFFFFFFFFFFFFFFFFF80
:10F0A000FFFFFFFFFFFFFFFFFFFFFFFFFFFFFFFF70
:10F0B000FFFFFFFFFFFFFFFFFFFFFFFFFFFFFFFF60
:10F0C000FFFFFFFFFFFFFFFFFFFFFFFFFFFFFFFF50
:10F0D000FFFFFFFFFFFFFFFFFFFFFFFFFFFFFFFF40
:10F0E000FFFFFFFFFFFFFFFFFFFFFFFFFFFFFFFF30
:10F0F000FFFFFFFFFFFFFFFFFFFFFFFFFFFFFFFF20
:10F10000FFFFFFFFFFFFFFFFFFFFFFFFFFFFFFFF0F
:10F11000FFFFFFFFFFFFFFFFFFFFFFFFFFFFFFFFFF
:10F12000FFFFFFFFFFFFFFFFFFFFFFFFFFFFFFFFEF
:10F13000FFFFFFFFFFFFFFFFFFFFFFFFFFFFFFFFDF
:10F14000FFFFFFFFFFFFFFFFFFFFFFFFFFFFFFFFCF
:10F15000FFFFFFFFFFFFFFFFFFFFFFFFFFFFFFFFBF
:10F16000FFFFFFFFFFFFFFFFFFFFFFFFFFFFFFFFAF
:10F17000FFFFFFFFFFFFFFFFFFFFFFFFFFFFFFFF9F
:10F18000FFFFFFFFFFFFFFFFFFFFFFFFFFFFFFFF8F
:10F19000FFFFFFFFFFFFFFFFFFFFFFFFFFFFFFFF7F
:10F1A000FFFFFFFFFFFFFFFFFFFFFFFFFFFFFFFF6F
:10F1B000FFFFFFFFFFFFFFFFFFFFFFFFFFFFFFFF5F
:10F1C000FFFFFFFFFFFFFFFFFFFFFFFFFFFFFFFF4F
:10F1D000FFFFFFFFFFFFFFFFFFFFFFFFFFFFFFFF3F
:10F1E000FFFFFFFFFFFFFFFFFFFFFFFFFFFFFFFF2F
:10F1F000FFFFFFFFFFFFFFFFFFFFFFFFFFFFFFFF1F
:10F20000FFFFFFFFFFFFFFFFFFFFFFFFFFFFFFFF0E
:10F21000FFFFFFFFFFFFFFFFFFFFFFFFFFFFFFFFFE
:10F22000FFFFFFFFFFFFFFFFFFFFFFFFFFFFFFFFEE
:10F23000FFFFFFFFFFFFFFFFFFFFFFFFFFFFFFFFDE
:10F24000FFFFFFFFFFFFFFFFFFFFFFFFFFFFFFFFCE
:10F25000FFFFFFFFFFFFFFFFFFFFFFFFFFFFFFFFBE
:10F26000FFFFFFFFFFFFFFFFFFFFFFFFFFFFFFFFAE
:10F27000FFFFFFFFFFFFFFFFFFFFFFFFFFFFFFFF9E
:10F28000FFFFFFFFFFFFFFFFFFFFFFFFFFFFFFFF8E
:10F29000FFFFFFFFFFFFFFFFFFFFFFFFFFFFFFFF7E
:10F2A000FFFFFFFFFFFFFFFFFFFFFFFFFFFFFFFF6E
:10F2B000FFFFFFFFFFFFFFFFFFFFFFFFFFFFFFFF5E
:10F2C000FFFFFFFFFFFFFFFFFFFFFFFFFFFFFFFF4E
:10F2D000FFFFFFFFFFFFFFFFFFFFFFFFFFFFFFFF3E
:10F2E000FFFFFFFFFFFFFFFFFFFFFFFFFFFFFFFF2E
:10F2F000FFFFFFFFFFFFFFFFFFFFFFFFFFFFFFFF1E
:10F30000FFFFFFFFFFFFFFFFFFFFFFFFFFFFFFFF0D
:10F31000FFFFFFFFFFFFFFFFFFFFFFFFFFFFFFFFFD
:10F32000FFFFFFFFFFFFFFFFFFFFFFFFFFFFFFFFED
:10F33000FFFFFFFFFFFFFFFFFFFFFFFFFFFFFFFFDD
:10F34000FFFFFFFFFFFFFFFFFFFFFFFFFFFFFFFFCD
:10F35000FFFFFFFFFFFFFFFFFFFFFFFFFFFFFFFFBD
:10F36000FFFFFFFFFFFFFFFFFFFFFFFFFFFFFFFFAD
:10F37000FFFFFFFFFFFFFFFFFFFFFFFFFFFFFFFF9D
:10F38000FFFFFFFFFFFFFFFFFFFFFFFFFFFFFFFF8D
:10F39000FFFFFFFFFFFFFFFFFFFFFFFFFFFFFFFF7D
:10F3A000FFFFFFFFFFFFFFFFFFFFFFFFFFFFFFFF6D
:10F3B000FFFFFFFFFFFFFFFFFFFFFFFFFFFFFFFF5D
:10F3C000FFFFFFFFFFFFFFFFFFFFFFFFFFFFFFFF4D
:10F3D000FFFFFFFFFFFFFFFFFFFFFFFFFFFFFFFF3D
:10F3E000FFFFFFFFFFFFFFFFFFFFFFFFFFFFFFFF2D
:10F3F000FFFFFFFFFFFFFFFFFFFFFFFFFFFFFFFF1D
:10F40000FFFFFFFFFFFFFFFFFFFFFFFFFFFFFFFF0C
:10F41000FFFFFFFFFFFFFFFFFFFFFFFFFFFFFFFFFC
:10F42000FFFFFFFFFFFFFFFFFFFFFFFFFFFFFFFFEC
:10F43000FFFFFFFFFFFFFFFFFFFFFFFFFFFFFFFFDC
:10F44000FFFFFFFFFFFFFFFFFFFFFFFFFFFFFFFFCC
:10F45000FFFFFFFFFFFFFFFFFFFFFFFFFFFFFFFFBC
:10F46000FFFFFFFFFFFFFFFFFFFFFFFFFFFFFFFFAC
:10F47000FFFFFFFFFFFFFFFFFFFFFFFFFFFFFFFF9C
:10F48000FFFFFFFFFFFFFFFFFFFFFFFFFFFFFFFF8C
:10F49000FFFFFFFFFFFFFFFFFFFFFFFFFFFFFFFF7C
:10F4A000FFFFFFFFFFFFFFFFFFFFFFFFFFFFFFFF6C
:10F4B000FFFFFFFFFFFFFFFFFFFFFFFFFFFFFFFF5C
:10F4C000FFFFFFFFFFFFFFFFFFFFFFFFFFFFFFFF4C
:10F4D000FFFFFFFFFFFFFFFFFFFFFFFFFFFFFFFF3C
:10F4E000FFFFFFFFFFFFFFFFFFFFFFFFFFFFFFFF2C
:10F4F000FFFFFFFFFFFFFFFFFFFFFFFFFFFFFFFF1C
:10F50000FFFFFFFFFFFFFFFFFFFFFFFFFFFFFFFF0B
:10F51000FFFFFFFFFFFFFFFFFFFFFFFFFFFFFFFFFB
:10F52000FFFFFFFFFFFFFFFFFFFFFFFFFFFFFFFFEB
:10F53000FFFFFFFFFFFFFFFFFFFFFFFFFFFFFFFFDB
:10F54000FFFFFFFFFFFFFFFFFFFFFFFFFFFFFFFFCB
:10F55000FFFFFFFFFFFFFFFFFFFFFFFFFFFFFFFFBB
:10F56000FFFFFFFFFFFFFFFFFFFFFFFFFFFFFFFFAB
:10F57000FFFFFFFFFFFFFFFFFFFFFFFFFFFFFFFF9B
:10F58000FFFFFFFFFFFFFFFFFFFFFFFFFFFFFFFF8B
:10F59000FFFFFFFFFFFFFFFFFFFFFFFFFFFFFFFF7B
:10F5A000FFFFFFFFFFFFFFFFFFFFFFFFFFFFFFFF6B
:10F5B000FFFFFFFFFFFFFFFFFFFFFFFFFFFFFFFF5B
:10F5C000FFFFFFFFFFFFFFFFFFFFFFFFFFFFFFFF4B
:10F5D000FFFFFFFFFFFFFFFFFFFFFFFFFFFFFFFF3B
:10F5E000FFFFFFFFFFFFFFFFFFFFFFFFFFFFFFFF2B
:10F5F000FFFFFFFFFFFFFFFFFFFFFFFFFFFFFFFF1B
:10F60000FFFFFFFFFFFFFFFFFFFFFFFFFFFFFFFF0A
:10F61000FFFFFFFFFFFFFFFFFFFFFFFFFFFFFFFFFA
:10F62000FFFFFFFFFFFFFFFFFFFFFFFFFFFFFFFFEA
:10F63000FFFFFFFFFFFFFFFFFFFFFFFFFFFFFFFFDA
:10F64000FFFFFFFFFFFFFFFFFFFFFFFFFFFFFFFFCA
:10F65000FFFFFFFFFFFFFFFFFFFFFFFFFFFFFFFFBA
:10F66000FFFFFFFFFFFFFFFFFFFFFFFFFFFFFFFFAA
:10F67000FFFFFFFFFFFFFFFFFFFFFFFFFFFFFFFF9A
:10F68000FFFFFFFFFFFFFFFFFFFFFFFFFFFFFFFF8A
:10F69000FFFFFFFFFFFFFFFFFFFFFFFFFFFFFFFF7A
:10F6A000FFFFFFFFFFFFFFFFFFFFFFFFFFFFFFFF6A
:10F6B000FFFFFFFFFFFFFFFFFFFFFFFFFFFFFFFF5A
:10F6C000FFFFFFFFFFFFFFFFFFFFFFFFFFFFFFFF4A
:10F6D000FFFFFFFFFFFFFFFFFFFFFFFFFFFFFFFF3A
:10F6E000FFFFFFFFFFFFFFFFFFFFFFFFFFFFFFFF2A
:10F6F000FFFFFFFFFFFFFFFFFFFFFFFFFFFFFFFF1A
:10F70000FFFFFFFFFFFFFFFFFFFFFFFFFFFFFFFF09
:10F71000FFFFFFFFFFFFFFFFFFFFFFFFFFFFFFFFF9
:10F72000FFFFFFFFFFFFFFFFFFFFFFFFFFFFFFFFE9
:10F73000FFFFFFFFFFFFFFFFFFFFFFFFFFFFFFFFD9
:10F74000FFFFFFFFFFFFFFFFFFFFFFFFFFFFFFFFC9
:10F75000FFFFFFFFFFFFFFFFFFFFFFFFFFFFFFFFB9
:10F76000FFFFFFFFFFFFFFFFFFFFFFFFFFFFFFFFA9
:10F77000FFFFFFFFFFFFFFFFFFFFFFFFFFFFFFFF99
:10F78000FFFFFFFFFFFFFFFFFFFFFFFFFFFFFFFF89
:10F79000FFFFFFFFFFFFFFFFFFFFFFFFFFFFFFFF79
:10F7A000FFFFFFFFFFFFFFFFFFFFFFFFFFFFFFFF69
:10F7B000FFFFFFFFFFFFFFFFFFFFFFFFFFFFFFFF59
:10F7C000FFFFFFFFFFFFFFFFFFFFFFFFFFFFFFFF49
:10F7D000FFFFFFFFFFFFFFFFFFFFFFFFFFFFFFFF39
:10F7E000FFFFFFFFFFFFFFFFFFFFFFFFFFFFFFFF29
:10F7F000FFFFFFFFFFFFFFFFFFFFFFFFFFFFFFFF19
:10F80000FFFFFFFFFFFFFFFFFFFFFFFFFFFFFFFF08
:10F81000FFFFFFFFFFFFFFFFFFFFFFFFFFFFFFFFF8
:10F82000FFFFFFFFFFFFFFFFFFFFFFFFFFFFFFFFE8
:10F83000FFFFFFFFFFFFFFFFFFFFFFFFFFFFFFFFD8
:10F84000FFFFFFFFFFFFFFFFFFFFFFFFFFFFFFFFC8
:10F85000FFFFFFFFFFFFFFFFFFFFFFFFFFFFFFFFB8
:10F86000FFFFFFFFFFFFFFFFFFFFFFFFFFFFFFFFA8
:10F87000FFFFFFFFFFFFFFFFFFFFFFFFFFFFFFFF98
:10F88000FFFFFFFFFFFFFFFFFFFFFFFFFFFFFFFF88
:10F89000FFFFFFFFFFFFFFFFFFFFFFFFFFFFFFFF78
:10F8A000FFFFFFFFFFFFFFFFFFFFFFFFFFFFFFFF68
:10F8B000FFFFFFFFFFFFFFFFFFFFFFFFFFFFFFFF58
:10F8C000FFFFFFFFFFFFFFFFFFFFFFFFFFFFFFFF48
:10F8D000FFFFFFFFFFFFFFFFFFFFFFFFFFFFFFFF38
:10F8E000FFFFFFFFFFFFFFFFFFFFFFFFFFFFFFFF28
:10F8F000FFFFFFFFFFFFFFFFFFFFFFFFFFFFFFFF18
:10F90000FFFFFFFFFFFFFFFFFFFFFFFFFFFFFFFF07
:10F91000FFFFFFFFFFFFFFFFFFFFFFFFFFFFFFFFF7
:10F92000FFFFFFFFFFFFFFFFFFFFFFFFFFFFFFFFE7
:10F93000FFFFFFFFFFFFFFFFFFFFFFFFFFFFFFFFD7
:10F94000FFFFFFFFFFFFFFFFFFFFFFFFFFFFFFFFC7
:10F95000FFFFFFFFFFFFFFFFFFFFFFFFFFFFFFFFB7
:10F96000FFFFFFFFFFFFFFFFFFFFFFFFFFFFFFFFA7
:10F97000FFFFFFFFFFFFFFFFFFFFFFFFFFFFFFFF97
:10F98000FFFFFFFFFFFFFFFFFFFFFFFFFFFFFFFF87
:10F99000FFFFFFFFFFFFFFFFFFFFFFFFFFFFFFFF77
:10F9A000FFFFFFFFFFFFFFFFFFFFFFFFFFFFFFFF67
:10F9B000FFFFFFFFFFFFFFFFFFFFFFFFFFFFFFFF57
:10F9C000FFFFFFFFFFFFFFFFFFFFFFFFFFFFFFFF47
:10F9D000FFFFFFFFFFFFFFFFFFFFFFFFFFFFFFFF37
:10F9E000FFFFFFFFFFFFFFFFFFFFFFFFFFFFFFFF27
:10F9F000FFFFFFFFFFFFFFFFFFFFFFFFFFFFFFFF17
:10FA0000FFFFFFFFFFFFFFFFFFFFFFFFFFFFFFFF06
:10FA1000FFFFFFFFFFFFFFFFFFFFFFFFFFFFFFFFF6
:10FA2000FFFFFFFFFFFFFFFFFFFFFFFFFFFFFFFFE6
:10FA3000FFFFFFFFFFFFFFFFFFFFFFFFFFFFFFFFD6
:10FA4000FFFFFFFFFFFFFFFFFFFFFFFFFFFFFFFFC6
:10FA5000FFFFFFFFFFFFFFFFFFFFFFFFFFFFFFFFB6
:10FA6000FFFFFFFFFFFFFFFFFFFFFFFFFFFFFFFFA6
:10FA7000FFFFFFFFFFFFFFFFFFFFFFFFFFFFFFFF96
:10FA8000FFFFFFFFFFFFFFFFFFFFFFFFFFFFFFFF86
:10FA9000FFFFFFFFFFFFFFFFFFFFFFFFFFFFFFFF76
:10FAA000FFFFFFFFFFFFFFFFFFFFFFFFFFFFFFFF66
:10FAB000FFFFFFFFFFFFFFFFFFFFFFFFFFFFFFFF56
:10FAC000FFFFFFFFFFFFFFFFFFFFFFFFFFFFFFFF46
:10FAD000FFFFFFFFFFFFFFFFFFFFFFFFFFFFFFFF36
:10FAE000FFFFFFFFFFFFFFFFFFFFFFFFFFFFFFFF26
:10FAF000FFFFFFFFFFFFFFFFFFFFFFFFFFFFFFFF16
:10FB0000FFFFFFFFFFFFFFFFFFFFFFFFFFFFFFFF05
:10FB1000FFFFFFFFFFFFFFFFFFFFFFFFFFFFFFFFF5
:10FB2000FFFFFFFFFFFFFFFFFFFFFFFFFFFFFFFFE5
:10FB3000FFFFFFFFFFFFFFFFFFFFFFFFFFFFFFFFD5
:10FB4000FFFFFFFFFFFFFFFFFFFFFFFFFFFFFFFFC5
:10FB5000FFFFFFFFFFFFFFFFFFFFFFFFFFFFFFFFB5
:10FB6000FFFFFFFFFFFFFFFFFFFFFFFFFFFFFFFFA5
:10FB7000FFFFFFFFFFFFFFFFFFFFFFFFFFFFFFFF95
:10FB8000FFFFFFFFFFFFFFFFFFFFFFFFFFFFFFFF85
:10FB9000FFFFFFFFFFFFFFFFFFFFFFFFFFFFFFFF75
:10FBA000FFFFFFFFFFFFFFFFFFFFFFFFFFFFFFFF65
:10FBB000FFFFFFFFFFFFFFFFFFFFFFFFFFFFFFFF55
:10FBC000FFFFFFFFFFFFFFFFFFFFFFFFFFFFFFFF45
:10FBD000FFFFFFFFFFFFFFFFFFFFFFFFFFFFFFFF35
:10FBE000FFFFFFFFFFFFFFFFFFFFFFFFFFFFFFFF25
:10FBF000FFFFFFFFFFFFFFFFFFFFFFFFFFFFFFFF15
:10FC0000FFFFFFFFFFFFFFFFFFFFFFFFFFFFFFFF04
:10FC1000FFFFFFFFFFFFFFFFFFFFFFFFFFFFFFFFF4
:10FC2000FFFFFFFFFFFFFFFFFFFFFFFFFFFFFFFFE4
:10FC3000FFFFFFFFFFFFFFFFFFFFFFFFFFFFFFFFD4
:10FC4000FFFFFFFFFFFFFFFFFFFFFFFFFFFFFFFFC4
:10FC5000FFFFFFFFFFFFFFFFFFFFFFFFFFFFFFFFB4
:10FC6000FFFFFFFFFFFFFFFFFFFFFFFFFFFFFFFFA4
:10FC7000FFFFFFFFFFFFFFFFFFFFFFFFFFFFFFFF94
:10FC8000FFFFFFFFFFFFFFFFFFFFFFFFFFFFFFFF84
:10FC9000FFFFFFFFFFFFFFFFFFFFFFFFFFFFFFFF74
:10FCA000FFFFFFFFFFFFFFFFFFFFFFFFFFFFFFFF64
:10FCB000FFFFFFFFFFFFFFFFFFFFFFFFFFFFFFFF54
:10FCC000FFFFFFFFFFFFFFFFFFFFFFFFFFFFFFFF44
:10FCD000FFFFFFFFFFFFFFFFFFFFFFFFFFFFFFFF34
:10FCE000FFFFFFFFFFFFFFFFFFFFFFFFFFFFFFFF24
:10FCF000FFFFFFFFFFFFFFFFFFFFFFFFFFFFFFFF14
:10FD0000FFFFFFFFFFFFFFFFFFFFFFFFFFFFFFFF03
:10FD1000FFFFFFFFFFFFFFFFFFFFFFFFFFFFFFFFF3
:10FD2000FFFFFFFFFFFFFFFFFFFFFFFFFFFFFFFFE3
:10FD3000FFFFFFFFFFFFFFFFFFFFFFFFFFFFFFFFD3
:10FD4000FFFFFFFFFFFFFFFFFFFFFFFFFFFFFFFFC3
:10FD5000FFFFFFFFFFFFFFFFFFFFFFFFFFFFFFFFB3
:10FD6000FFFFFFFFFFFFFFFFFFFFFFFFFFFFFFFFA3
:10FD7000FFFFFFFFFFFFFFFFFFFFFFFFFFFFFFFF93
:10FD8000FFFFFFFFFFFFFFFFFFFFFFFFFFFFFFFF83
:10FD9000FFFFFFFFFFFFFFFFFFFFFFFFFFFFFFFF73
:10FDA000FFFFFFFFFFFFFFFFFFFFFFFFFFFFFFFF63
:10FDB000FFFFFFFFFFFFFFFFFFFFFFFFFFFFFFFF53
:10FDC000FFFFFFFFFFFFFFFFFFFFFFFFFFFFFFFF43
:10FDD000FFFFFFFFFFFFFFFFFFFFFFFFFFFFFFFF33
:10FDE000FFFFFFFFFFFFFFFFFFFFFFFFFFFFFFFF23
:10FDF000FFFFFFFFFFFFFFFFFFFFFFFFFFFFFFFF13
:10FE0000FFFFFFFFFFFFFFFFFFFFFFFFFFFFFFFF02
:10FE1000FFFFFFFFFFFFFFFFFFFFFFFFFFFFFFFFF2
:10FE2000FFFFFFFFFFFFFFFFFFFFFFFFFFFFFFFFE2
:10FE3000FFFFFFFFFFFFFFFFFFFFFFFFFFFFFFFFD2
:10FE4000FFFFFFFFFFFFFFFFFFFFFFFFFFFFFFFFC2
:10FE5000FFFFFFFFFFFFFFFFFFFFFFFFFFFFFFFFB2
:10FE6000FFFFFFFFFFFFFFFFFFFFFFFFFFFFFFFFA2
:10FE7000FFFFFFFFFFFFFFFFFFFFFFFFFFFFFFFF92
:10FE8000FFFFFFFFFFFFFFFFFFFFFFFFFFFFFFFF82
:10FE9000FFFFFFFFFFFFFFFFFFFFFFFFFFFFFFFF72
:10FEA000FFFFFFFFFFFFFFFFFFFFFFFFFFFFFFFF62
:10FEB000FFFFFFFFFFFFFFFFFFFFFFFFFFFFFFFF52
:10FEC000FFFFFFFFFFFFFFFFFFFFFFFFFFFFFFFF42
:10FED000FFFFFFFFFFFFFFFFFFFFFFFFFFFFFFFF32
:10FEE000FFFFFFFFFFFFFFFFFFFFFFFFFFFFFFFF22
:10FEF000FFFFFFFFFFFFFFFFFFFFFFFFFFFFFFFF12
:10FF0000FFFFFFFFFFFFFFFFFFFFFFFFFFFFFFFF01
:10FF1000FFFFFFFFFFFFFFFFFFFFFFFFFFFFFFFFF1
:10FF2000FFFFFFFFFFFFFFFFFFFFFFFFFFFFFFFFE1
:10FF3000FFFFFFFFFFFFFFFFFFFFFFFFFFFFFFFFD1
:10FF4000FFFFFFFFFFFFFFFFFFFFFFFFFFFFFFFFC1
:10FF5000FFFFFFFFFFFFFFFFFFFFFFFFFFFFFFFFB1
:10FF6000FFFFFFFFFFFFFFFFFFFFFFFFFFFFFFFFA1
:10FF7000FFFFFFFFFFFFFFFFFFFFFFFFFFFFFFFF91
:10FF8000FFFFFFFFFFFFFFFFFFFFFFFFFFFFFFFF81
:10FF9000FFFFFFFFFFFFFFFFFFFFFFFFFFFFFFFF71
:10FFA000FFFFFFFFFFFFFFFFFFFFFFFFFFFFFFFF61
:10FFB000FFFFFFFFFFFFFFFFFFFFFFFFFFFFFFFF51
:10FFC000FFFFFFFFFFFFFFFFFFFFFFFFFFFFFFFF41
:10FFD000FFFFFFFFFFFFFFFFFFFFFFFFFFFFFFFF31
:10FFE000FFFFFFFFFFFFFFFFFFFFFFFFFFFFFFFF21
:10FFF000FFFFFFFFFFFFFFFFFFFFFFFFFFFFFFFF11
:020000024000BC
:10000000FFFFFFFFFFFFFFFFFFFFFFFFFFFFFFFF00
:04001000FFFFFFFFF0
:00000001FF
